{"Fundraising Managers_21246_21247": {"llm_label": "TASK_2", "label_logprob": -5e-06, "p_task_1": 4.999987500031722e-06, "uncertainty": 6.603019815215604e-05}, "Fundraising Managers_21246_21248": {"llm_label": "TASK_2", "label_logprob": -0.035983, "p_task_1": 0.03534330749249648, "uncertainty": 0.15285141516535827}, "Fundraising Managers_21246_21249": {"llm_label": "TASK_1", "label_logprob": -0.270374, "p_task_1": 0.7630940437885511, "uncertainty": 0.5474871674072652}, "Fundraising Managers_21246_21250": {"llm_label": "TASK_2", "label_logprob": -0.048662, "p_task_1": 0.04749697868303804, "uncertainty": 0.19107823169138924}, "Fundraising Managers_21246_21251": {"llm_label": "TASK_2", "label_logprob": -3e-06, "p_task_1": 2.9999955000192813e-06, "uncertainty": 4.1150633082097105e-05}, "Fundraising Managers_21246_21252": {"llm_label": "TASK_2", "label_logprob": -6.9e-05, "p_task_1": 6.89976195547004e-05, "uncertainty": 0.0007300916912425196}, "Fundraising Managers_21246_21253": {"llm_label": "TASK_2", "label_logprob": -0.148727, "p_task_1": 0.13819564462381018, "uncertainty": 0.40167448755671}, "Fundraising Managers_21246_21254": {"llm_label": "TASK_2", "label_logprob": -0.003611, "p_task_1": 0.0036044881799187634, "uncertainty": 0.0238753045643178}, "Fundraising Managers_21246_21255": {"llm_label": "TASK_2", "label_logprob": -1.6e-05, "p_task_1": 1.5999872000738158e-05, "uncertainty": 0.00019268520788660168}, "Fundraising Managers_21246_21256": {"llm_label": "TASK_2", "label_logprob": -0.110222, "p_task_1": 0.10436471780799628, "uncertainty": 0.33456874029598127}, "Fundraising Managers_21246_21257": {"llm_label": "TASK_2", "label_logprob": -1e-06, "p_task_1": 9.999994999843054e-07, "uncertainty": 1.4815503149992376e-05}, "Fundraising Managers_21246_21258": {"llm_label": "TASK_2", "label_logprob": -0.528514, "p_task_1": 0.41051971313710733, "uncertainty": 0.6770471461026293}, "Fundraising Managers_21246_21259": {"llm_label": "TASK_2", "label_logprob": -7.7e-05, "p_task_1": 7.699703557606519e-05, "uncertainty": 0.0008062902529262152}, "Fundraising Managers_21246_21260": {"llm_label": "TASK_2", "label_logprob": -0.474091, "p_task_1": 0.37754939301488377, "uncertainty": 0.6628516805256113}, "Fundraising Managers_21246_21261": {"llm_label": "TASK_2", "label_logprob": -0.001106, "p_task_1": 0.0011053886074208208, "uncertainty": 0.008629774856912706}, "Fundraising Managers_21247_21248": {"llm_label": "TASK_2", "label_logprob": -0.071158, "p_task_1": 0.06868526722546897, "uncertainty": 0.25022478816878263}, "Fundraising Managers_21247_21249": {"llm_label": "TASK_1", "label_logprob": -0.000278, "p_task_1": 0.9997220386384195, "uncertainty": 0.0025538782608768612}, "Fundraising Managers_21247_21250": {"llm_label": "EQUAL_TIME", "label_logprob": -0.412079, "p_task_1": 0.5, "uncertainty": 0.6931471805599453}, "Fundraising Managers_21247_21251": {"llm_label": "TASK_2", "label_logprob": -0.000169, "p_task_1": 0.0001689857203044376, "uncertainty": 0.0016367300940866053}, "Fundraising Managers_21247_21252": {"llm_label": "TASK_2", "label_logprob": -0.001717, "p_task_1": 0.0017155267987828404, "uncertainty": 0.012638589265916718}, "Fundraising Managers_21247_21253": {"llm_label": "TASK_2", "label_logprob": -0.000524, "p_task_1": 0.000523862735976488, "uncertainty": 0.004481131736734607}, "Fundraising Managers_21247_21254": {"llm_label": "TASK_2", "label_logprob": -0.281627, "p_task_1": 0.245444918905384, "uncertainty": 0.5572753200802811}, "Fundraising Managers_21247_21255": {"llm_label": "TASK_2", "label_logprob": -1.5e-05, "p_task_1": 1.4999887500533049e-05, "uncertainty": 0.00018161054327026476}, "Fundraising Managers_21247_21256": {"llm_label": "TASK_1", "label_logprob": -0.047622, "p_task_1": 0.9534941397513846, "uncertainty": 0.18809550626065702}, "Fundraising Managers_21247_21257": {"llm_label": "TASK_2", "label_logprob": -6.7e-05, "p_task_1": 6.699775555008003e-05, "uncertainty": 0.0007109009864475162}, "Fundraising Managers_21247_21258": {"llm_label": "TASK_1", "label_logprob": -0.083733, "p_task_1": 0.9196767770160864, "uncertainty": 0.27955808560035145}, "Fundraising Managers_21247_21259": {"llm_label": "TASK_2", "label_logprob": -0.000439, "p_task_1": 0.0004389036535992208, "uncertainty": 0.0038320726946317425}, "Fundraising Managers_21247_21260": {"llm_label": "TASK_2", "label_logprob": -0.127418, "p_task_1": 0.11963439714605317, "uncertainty": 0.3661959196766157}, "Fundraising Managers_21247_21261": {"llm_label": "TASK_2", "label_logprob": -0.026938, "p_task_1": 0.026578408207849735, "uncertainty": 0.12263935588401342}, "Fundraising Managers_21248_21249": {"llm_label": "TASK_1", "label_logprob": -0.021207, "p_task_1": 0.9790162872216229, "uncertainty": 0.10184324764402701}, "Fundraising Managers_21248_21250": {"llm_label": "TASK_2", "label_logprob": -0.146741, "p_task_1": 0.13648240048571814, "uncertainty": 0.3985262719222975}, "Fundraising Managers_21248_21251": {"llm_label": "TASK_2", "label_logprob": -4.9e-05, "p_task_1": 4.899879951958397e-05, "uncertainty": 0.0005352477090615269}, "Fundraising Managers_21248_21252": {"llm_label": "TASK_2", "label_logprob": -0.018371, "p_task_1": 0.018203281800249105, "uncertainty": 0.0909617264659853}, "Fundraising Managers_21248_21253": {"llm_label": "TASK_2", "label_logprob": -0.000598, "p_task_1": 0.0005978212336358313, "uncertainty": 0.00503480249572515}, "Fundraising Managers_21248_21254": {"llm_label": "TASK_2", "label_logprob": -0.107703, "p_task_1": 0.10210576858008935, "uncertainty": 0.3296853371685076}, "Fundraising Managers_21248_21255": {"llm_label": "TASK_2", "label_logprob": -0.000362, "p_task_1": 0.00036193448590560173, "uncertainty": 0.0032298549802561665}, "Fundraising Managers_21248_21256": {"llm_label": "TASK_1", "label_logprob": -0.002714, "p_task_1": 0.9972896795684644, "uncertainty": 0.01872650375420502}, "Fundraising Managers_21248_21257": {"llm_label": "TASK_2", "label_logprob": -2.6e-05, "p_task_1": 2.5999662002895718e-05, "uncertainty": 0.0003004888581468068}, "Fundraising Managers_21248_21258": {"llm_label": "TASK_2", "label_logprob": -0.499145, "p_task_1": 0.39295053481557807, "uncertainty": 0.6700496167514832}, "Fundraising Managers_21248_21259": {"llm_label": "TASK_2", "label_logprob": -2e-05, "p_task_1": 1.999980000133572e-05, "uncertainty": 0.00023639320174866763}, "Fundraising Managers_21248_21260": {"llm_label": "TASK_2", "label_logprob": -0.029759, "p_task_1": 0.029320560893419056, "uncertainty": 0.1323723801802987}, "Fundraising Managers_21248_21261": {"llm_label": "TASK_2", "label_logprob": -0.096864, "p_task_1": 0.09232055785643478, "uncertainty": 0.3078741227603956}, "Fundraising Managers_21249_21250": {"llm_label": "TASK_2", "label_logprob": -5e-06, "p_task_1": 4.999987500031722e-06, "uncertainty": 6.603019815215604e-05}, "Fundraising Managers_21249_21251": {"llm_label": "TASK_2", "label_logprob": 0.0, "p_task_1": 0.0, "uncertainty": 0.0}, "Fundraising Managers_21249_21252": {"llm_label": "TASK_2", "label_logprob": -3e-06, "p_task_1": 2.9999955000192813e-06, "uncertainty": 4.1150633082097105e-05}, "Fundraising Managers_21249_21253": {"llm_label": "TASK_2", "label_logprob": -1e-05, "p_task_1": 9.999950000172397e-06, "uncertainty": 0.00012512862900562218}, "Fundraising Managers_21249_21254": {"llm_label": "TASK_2", "label_logprob": -0.00093, "p_task_1": 0.0009295676840282985, "uncertainty": 0.007418253164912117}, "Fundraising Managers_21249_21255": {"llm_label": "TASK_2", "label_logprob": -3e-06, "p_task_1": 2.9999955000192813e-06, "uncertainty": 4.1150633082097105e-05}, "Fundraising Managers_21249_21256": {"llm_label": "TASK_2", "label_logprob": -0.013392, "p_task_1": 0.013302726130900888, "uncertainty": 0.07067878388493769}, "Fundraising Managers_21249_21257": {"llm_label": "TASK_2", "label_logprob": -5.2e-05, "p_task_1": 5.1998648023410254e-05, "uncertainty": 0.000564927187419359}, "Fundraising Managers_21249_21258": {"llm_label": "TASK_2", "label_logprob": -0.002839,