{"Sales Managers_1_2": {"llm_label": "TASK_2", "label_logprob": -0.391461, "p_task_1": 0.32393158335119454, "uncertainty": 0.6297975327800358}, "Sales Managers_1_3": {"llm_label": "TASK_2", "label_logprob": -0.000712, "p_task_1": 0.0007117465881466556, "uncertainty": 0.005870082062186919}, "Sales Managers_1_4": {"llm_label": "TASK_1", "label_logprob": -0.257161, "p_task_1": 0.7732437115057337, "uncertainty": 0.5353271243844442}, "Sales Managers_1_5": {"llm_label": "TASK_2", "label_logprob": -2e-06, "p_task_1": 1.9999979999907325e-06, "uncertainty": 2.8244698509961958e-05}, "Sales Managers_1_6": {"llm_label": "TASK_2", "label_logprob": -0.000106, "p_task_1": 0.00010599438219849322, "uncertainty": 0.0010760625428955946}, "Sales Managers_1_7": {"llm_label": "TASK_2", "label_logprob": -0.001006, "p_task_1": 0.0010054941516420834, "uncertainty": 0.007945186789946669}, "Sales Managers_1_8": {"llm_label": "TASK_2", "label_logprob": -0.001627, "p_task_1": 0.0016256771530213099, "uncertainty": 0.012064178701156305}, "Sales Managers_1_9": {"llm_label": "TASK_2", "label_logprob": -1.5e-05, "p_task_1": 1.4999887500533049e-05, "uncertainty": 0.00018161054327026476}, "Sales Managers_1_10": {"llm_label": "TASK_2", "label_logprob": -2.2e-05, "p_task_1": 2.1999758001767233e-05, "uncertainty": 0.0002579354610012207}, "Sales Managers_1_11": {"llm_label": "TASK_2", "label_logprob": -1e-06, "p_task_1": 9.999994999843054e-07, "uncertainty": 1.4815503149992376e-05}, "Sales Managers_1_12": {"llm_label": "TASK_2", "label_logprob": -1e-06, "p_task_1": 9.999994999843054e-07, "uncertainty": 1.4815503149992376e-05}, "Sales Managers_1_13": {"llm_label": "TASK_2", "label_logprob": -0.181987, "p_task_1": 0.16638782269639962, "uncertainty": 0.4501121467696545}, "Sales Managers_1_14": {"llm_label": "TASK_2", "label_logprob": -0.002081, "p_task_1": 0.0020788362207018185, "uncertainty": 0.014915456368851608}, "Sales Managers_1_15": {"llm_label": "TASK_2", "label_logprob": -0.01424, "p_task_1": 0.014139090750423744, "uncertainty": 0.07425438762937205}, "Sales Managers_1_16": {"llm_label": "TASK_2", "label_logprob": -3e-05, "p_task_1": 2.9999550004489173e-05, "uncertainty": 0.00034242425890051087}, "Sales Managers_1_17": {"llm_label": "TASK_2", "label_logprob": 0.0, "p_task_1": 0.0, "uncertainty": 0.0}, "Sales Managers_2_3": {"llm_label": "TASK_2", "label_logprob": -0.002673, "p_task_1": 0.00266943071643988, "uncertainty": 0.018484617517714155}, "Sales Managers_2_4": {"llm_label": "TASK_2", "label_logprob": -0.110856, "p_task_1": 0.10493237061195282, "uncertainty": 0.33578726948188886}, "Sales Managers_2_5": {"llm_label": "TASK_2", "label_logprob": -1.4e-05, "p_task_1": 1.3999902000461084e-05, "uncertainty": 0.0001704691519101948}, "Sales Managers_2_6": {"llm_label": "TASK_2", "label_logprob": -0.000476, "p_task_1": 0.0004758867299728964, "uncertainty": 0.00411646433523452}, "Sales Managers_2_7": {"llm_label": "TASK_2", "label_logprob": -7e-05, "p_task_1": 6.999755005721031e-05, "uncertainty": 0.0007396651835453089}, "Sales Managers_2_8": {"llm_label": "TASK_2", "label_logprob": -0.002641, "p_task_1": 0.002637515627584186, "uncertainty": 0.018295385459225492}, "Sales Managers_2_9": {"llm_label": "TASK_2", "label_logprob": -2.1e-05, "p_task_1": 2.0999779501540417e-05, "uncertainty": 0.0002471881550406985}, "Sales Managers_2_10": {"llm_label": "TASK_2", "label_logprob": -4.5e-05, "p_task_1": 4.499898751519904e-05, "uncertainty": 0.0004953870167811679}, "Sales Managers_2_11": {"llm_label": "TASK_2", "label_logprob": -8e-06, "p_task_1": 7.999968000049762e-06, "uncertainty": 0.00010188814457675767}, "Sales Managers_2_12": {"llm_label": "TASK_2", "label_logprob": -1e-05, "p_task_1": 9.999950000172397e-06, "uncertainty": 0.00012512862900562218}, "Sales Managers_2_13": {"llm_label": "TASK_2", "label_logprob": -0.009778, "p_task_1": 0.009730350789126208, "uncertainty": 0.05475875853416874}, "Sales Managers_2_14": {"llm_label": "TASK_2", "label_logprob": -0.000888, "p_task_1": 0.0008876058446786184, "uncertainty": 0.007124402793872198}, "Sales Managers_2_15": {"llm_label": "TASK_2", "label_logprob": -0.066363, "p_task_1": 0.06420888954306725, "uncertainty": 0.2383947065700015}, "Sales Managers_2_16": {"llm_label": "TASK_2", "label_logprob": -6.6e-05, "p_task_1": 6.599782204796956e-05, "uncertainty": 0.0007012833412595727}, "Sales Managers_2_17": {"llm_label": "TASK_2", "label_logprob": -1e-06, "p_task_1": 9.999994999843054e-07, "uncertainty": 1.4815503149992376e-05}, "Sales Managers_3_4": {"llm_label": "TASK_1", "label_logprob": -0.000494, "p_task_1": 0.9995061219979102, "uncertainty": 0.0042537589102096054}, "Sales Managers_3_5": {"llm_label": "TASK_2", "label_logprob": -0.174514, "p_task_1": 0.1601349039644412, "uncertainty": 0.4398935132533124}, "Sales Managers_3_6": {"llm_label": "CANNOT_DECIDE", "label_logprob": -0.197483, "p_task_1": 0.5, "uncertainty": 0.6931471805599453}, "Sales Managers_3_7": {"llm_label": "TASK_1", "label_logprob": -0.017412, "p_task_1": 0.9827387128667527, "uncertainty": 0.08717999984986224}, "Sales Managers_3_8": {"llm_label": "TASK_1", "label_logprob": -0.083604, "p_task_1": 0.9197954229728212, "uncertainty": 0.2792687357663956}, "Sales Managers_3_9": {"llm_label": "TASK_2", "label_logprob": -0.162352, "p_task_1": 0.149858098083413, "uncertainty": 0.42246286560589136}, "Sales Managers_3_10": {"llm_label": "TASK_2", "label_logprob": -0.220476, "p_task_1": 0.19786311008402568, "uncertainty": 0.49742575707656944}, "Sales Managers_3_11": {"llm_label": "TASK_2", "label_logprob": -0.087249, "p_task_1": 0.0835511285485705, "uncertainty": 0.2873579229367508}, "Sales Managers_3_12": {"llm_label": "TASK_2", "label_logprob": -0.100401, "p_task_1": 0.09552534902901522, "uncertainty": 0.3151384150124434}, "Sales Managers_3_13": {"llm_label": "TASK_1", "label_logprob": -0.003644, "p_task_1": 0.9963626313107226, "uncertainty": 0.02406000756219304}, "Sales Managers_3_14": {"llm_label": "CANNOT_DECIDE", "label_logprob": -0.023535, "p_task_1": 0.5, "uncertainty": 0.6931471805599453}, "Sales Managers_3_15": {"llm_label": "TASK_1", "label_logprob": -0.000712, "p_task_1": 0.9992882534118533, "uncertainty": 0.005870082062186919}, "Sales Managers_3_16": {"llm_label": "CANNOT_DECIDE", "label_logprob": -0.793268, "p_task_1": 0.5, "uncertainty": 0.6931471805599453}, "Sales Managers_3_17": {"llm_label": "TASK_2", "label_logprob": -0.024715, "p_task_1": 0.024412085033202247, "uncertainty": 0.11474584148065173}, "Sales Managers_4_5": {"llm_label": "TASK_2", "label_logprob": 0.0, "p_task_1": 0.0, "uncertainty": 0.0}, "Sales Managers_4_6": {"llm_label": "TASK_2", "label_logprob": -1.2e-05, "p_task_1": 1.1999928000272497e-05, "uncertainty": 0.00014796635909808146}, "Sales Managers_4_7": {"llm_label": "TASK_2", "label_logprob": -4.5e-05, "p_task_1": 4.499898751519904e-05, "uncertainty": 0.0004953870167811679}, "Sales Managers_4_8": {"llm_label": "TASK_2", "label_logprob": -0.000307, "p_task_1": 0.00030695288032200896, "uncertainty": 0.0027897912291262135}, "Sales Managers_4_9": {"llm_label": "TASK_2", "label_logprob": 0.0, "p_task_1": 0.0, "uncertainty": 0.0}, "Sales Managers_4_10": {"llm_label": "TASK_2", "label_logprob": -0.000163, "p_task_1": 0.00016298671622172467, "uncertainty": 0.0015845177966881145}, "Sales Managers_4_11": {"llm_label": "TASK_2", "label_logprob": -8e-06, "p_task_1": 7.999968000049762e-06, "uncertainty": 0.00010188814457675767}, "Sales Managers_4_12": {"llm_label": "TASK_2", "label_logprob": 0.0, "p_task_1": 0.0, "uncertainty": 0.0}, "Sales Managers_4_13": {"llm_label": "TASK_2", "label_logprob": -0.001464, "p_task_1": 0.0014629288747728397, "uncertainty": 0.01101085552994666}, "Sales Managers_4_14": {"llm_label": "TASK_2", "label_logprob": -7e-05, "p_task_1": 6.999755005721031e-05, "uncertainty": 0.0007396651835453089}, "Sales Managers_4_15": {"llm_label": "TASK_2", "label_logprob": -0.021305, "p_task_1": 0.021079651673442168, "uncertainty": 0.10221169810852995},