{"Industrial Production Managers_32_33": {"llm_label": "TASK_2", "label_logprob": -0.012663, "p_task_1": 0.012583161568834544, "uncertainty": 0.06755997097683802}, "Industrial Production Managers_32_34": {"llm_label": "TASK_1", "label_logprob": -0.07031, "p_task_1": 0.9321048226186713, "uncertainty": 0.24816007773142057}, "Industrial Production Managers_32_35": {"llm_label": "TASK_1", "label_logprob": -0.289132, "p_task_1": 0.7489133423166634, "uncertainty": 0.563525814270696}, "Industrial Production Managers_32_36": {"llm_label": "CANNOT_DECIDE", "label_logprob": -0.106422, "p_task_1": 0.5, "uncertainty": 0.6931471805599453}, "Industrial Production Managers_32_37": {"llm_label": "TASK_1", "label_logprob": -0.288631, "p_task_1": 0.7492886419058611, "uncertainty": 0.5631153028002833}, "Industrial Production Managers_32_38": {"llm_label": "TASK_1", "label_logprob": -0.000496, "p_task_1": 0.9995041229876652, "uncertainty": 0.004268972789407462}, "Industrial Production Managers_32_39": {"llm_label": "TASK_1", "label_logprob": -0.066752, "p_task_1": 0.9354271585082085, "uncertainty": 0.23936872472543844}, "Industrial Production Managers_32_40": {"llm_label": "TASK_2", "label_logprob": -0.00022, "p_task_1": 0.00021997580177457454, "uncertainty": 0.002072586270149186}, "Industrial Production Managers_32_41": {"llm_label": "TASK_2", "label_logprob": -0.003003, "p_task_1": 0.00299849550562703, "uncertainty": 0.020414188783057327}, "Industrial Production Managers_32_43": {"llm_label": "TASK_2", "label_logprob": -0.358949, "p_task_1": 0.3015900306482562, "uncertainty": 0.6122055181590869}, "Industrial Production Managers_32_44": {"llm_label": "TASK_1", "label_logprob": -0.152013, "p_task_1": 0.858977113966058, "uncertainty": 0.40681598356225385}, "Industrial Production Managers_32_45": {"llm_label": "TASK_1", "label_logprob": -0.216281, "p_task_1": 0.8055089220615064, "uncertainty": 0.4926699347788536}, "Industrial Production Managers_33_34": {"llm_label": "TASK_1", "label_logprob": -0.009535, "p_task_1": 0.9905103139752167, "uncertainty": 0.053643200632730995}, "Industrial Production Managers_33_35": {"llm_label": "TASK_1", "label_logprob": -0.007666, "p_task_1": 0.9923633088363334, "uncertainty": 0.04483472943661171}, "Industrial Production Managers_33_36": {"llm_label": "CANNOT_DECIDE", "label_logprob": -0.313784, "p_task_1": 0.5, "uncertainty": 0.6931471805599453}, "Industrial Production Managers_33_37": {"llm_label": "TASK_1", "label_logprob": -0.015274, "p_task_1": 0.9848420559073662, "uncertainty": 0.07854259960414572}, "Industrial Production Managers_33_38": {"llm_label": "TASK_1", "label_logprob": -1.7e-05, "p_task_1": 0.9999830001444991, "uncertainty": 0.000203697321204896}, "Industrial Production Managers_33_39": {"llm_label": "TASK_1", "label_logprob": -0.001562, "p_task_1": 0.9984392192870752, "uncertainty": 0.011646215308181138}, "Industrial Production Managers_33_40": {"llm_label": "TASK_2", "label_logprob": -0.000246, "p_task_1": 0.0002459697444809894, "uncertainty": 0.0022900223557416836}, "Industrial Production Managers_33_41": {"llm_label": "TASK_2", "label_logprob": -0.005044, "p_task_1": 0.005031300393244176, "uncertainty": 0.031644650209754974}, "Industrial Production Managers_33_43": {"llm_label": "TASK_1", "label_logprob": -0.066698, "p_task_1": 0.9354776729386453, "uncertainty": 0.2392336679494072}, "Industrial Production Managers_33_44": {"llm_label": "TASK_1", "label_logprob": -0.001661, "p_task_1": 0.9983403786970557, "uncertainty": 0.012281754549798794}, "Industrial Production Managers_33_45": {"llm_label": "TASK_1", "label_logprob": -0.005357, "p_task_1": 0.9946573231367385, "uncertainty": 0.033281416715172284}, "Industrial Production Managers_34_35": {"llm_label": "CANNOT_DECIDE", "label_logprob": -0.175789, "p_task_1": 0.5, "uncertainty": 0.6931471805599453}, "Industrial Production Managers_34_36": {"llm_label": "TASK_2", "label_logprob": -0.005669, "p_task_1": 0.005652961541153356, "uncertainty": 0.03489428377231499}, "Industrial Production Managers_34_37": {"llm_label": "TASK_2", "label_logprob": -0.000889, "p_task_1": 0.0008886049565731691, "uncertainty": 0.007131422086139578}, "Industrial Production Managers_34_38": {"llm_label": "TASK_1", "label_logprob": -0.027557, "p_task_1": 0.9728192302769534, "uncertainty": 0.12480132865082708}, "Industrial Production Managers_34_39": {"llm_label": "TASK_2", "label_logprob": -0.207073, "p_task_1": 0.18703969828063993, "uncertainty": 0.481901911871391}, "Industrial Production Managers_34_40": {"llm_label": "TASK_2", "label_logprob": -5e-06, "p_task_1": 4.999987500031722e-06, "uncertainty": 6.603019815215604e-05}, "Industrial Production Managers_34_41": {"llm_label": "TASK_2", "label_logprob": -0.000239, "p_task_1": 0.00023897144177520424, "uncertainty": 0.002231765528406796}, "Industrial Production Managers_34_43": {"llm_label": "TASK_2", "label_logprob": -0.009004, "p_task_1": 0.008963585380703076, "uncertainty": 0.05118287686157089}, "Industrial Production Managers_34_44": {"llm_label": "TASK_2", "label_logprob": -0.038118, "p_task_1": 0.037400652533681744, "uncertainty": 0.15959341675681857}, "Industrial Production Managers_34_45": {"llm_label": "TASK_2", "label_logprob": -0.007886, "p_task_1": 0.007854987078179554, "uncertainty": 0.045894088198893186}, "Industrial Production Managers_35_36": {"llm_label": "TASK_2", "label_logprob": -0.062011, "p_task_1": 0.06012745186380308, "uncertainty": 0.22731806689303427}, "Industrial Production Managers_35_37": {"llm_label": "TASK_2", "label_logprob": -6.2e-05, "p_task_1": 6.199807803974888e-05, "uncertainty": 0.0006626587800967377}, "Industrial Production Managers_35_38": {"llm_label": "TASK_2", "label_logprob": -0.006427, "p_task_1": 0.006406391010461809, "uncertainty": 0.03874104248808341}, "Industrial Production Managers_35_39": {"llm_label": "TASK_2", "label_logprob": -0.082326, "p_task_1": 0.07902832701295626, "uncertainty": 0.2763897712214285}, "Industrial Production Managers_35_40": {"llm_label": "TASK_2", "label_logprob": 0.0, "p_task_1": 0.0, "uncertainty": 0.0}, "Industrial Production Managers_35_41": {"llm_label": "TASK_2", "label_logprob": -0.014898, "p_task_1": 0.014787573854371239, "uncertainty": 0.07699205856259984}, "Industrial Production Managers_35_43": {"llm_label": "TASK_2", "label_logprob": -0.001016, "p_task_1": 0.001015484046751003, "uncertainty": 0.008014080242257266}, "Industrial Production Managers_35_44": {"llm_label": "TASK_2", "label_logprob": -0.007421, "p_task_1": 0.007393532367265476, "uncertainty": 0.043647302478158755}, "Industrial Production Managers_35_45": {"llm_label": "TASK_2", "label_logprob": -0.001613, "p_task_1": 0.0016116998146602501, "uncertainty": 0.011974380981365013}, "Industrial Production Managers_36_37": {"llm_label": "TASK_2", "label_logprob": -0.022156, "p_task_1": 0.021912358522849673, "uncertainty": 0.1053911562744429}, "Industrial Production Managers_36_38": {"llm_label": "TASK_2", "label_logprob": -0.564693, "p_task_1": 0.43146533989097613, "uncertainty": 0.6837235422301216}, "Industrial Production Managers_36_39": {"llm_label": "TASK_2", "label_logprob": -0.156429, "p_task_1": 0.1448077658039233, "uncertainty": 0.41359588714398543}, "Industrial Production Managers_36_40": {"llm_label": "TASK_2", "label_logprob": -4e-06, "p_task_1": 3.9999919999589295e-06, "uncertainty": 5.371675735315082e-05}, "Industrial Production Managers_36_41": {"llm_label": "TASK_2", "label_logprob": -0.001008, "p_task_1": 0.0010074921386556968, "uncertainty": 0.007958973452359804}, "Industrial Production Managers_36_43": {"llm_label": "TASK_2", "label_logprob": -0.603546, "p_task_1": 0.4531310036317482, "uncertainty": 0.6887473181936488}, "Industrial Production Managers_36_44": {"llm_label": "TASK_2", "label_logprob": -0.032838, "p_task_1": 0.032304686467587995, "uncertainty": 0.1426644030542407}, "Industrial Production Managers_36_45": {"llm_label": "TASK_1", "label_logprob": -0.107742,