{"Training and Development Managers_1008_1009": {"llm_label": "TASK_2", "label_logprob": -9.9e-05, "p_task_1": 9.899509966171394e-05, "uncertainty": 0.0010117685967436802}, "Training and Development Managers_1008_1010": {"llm_label": "TASK_2", "label_logprob": -0.31336, "p_task_1": 0.26901329002033414, "uncertainty": 0.5822749644040233}, "Training and Development Managers_1008_1011": {"llm_label": "TASK_2", "label_logprob": -0.051723, "p_task_1": 0.05040813263710453, "uncertainty": 0.19971521610040674}, "Training and Development Managers_1008_1012": {"llm_label": "TASK_2", "label_logprob": -0.000601, "p_task_1": 0.0006008194356749152, "uncertainty": 0.005057046504034336}, "Training and Development Managers_1008_1013": {"llm_label": "TASK_2", "label_logprob": -1e-05, "p_task_1": 9.999950000172397e-06, "uncertainty": 0.00012512862900562218}, "Training and Development Managers_1008_1014": {"llm_label": "TASK_2", "label_logprob": -1e-05, "p_task_1": 9.999950000172397e-06, "uncertainty": 0.00012512862900562218}, "Training and Development Managers_1008_1015": {"llm_label": "TASK_2", "label_logprob": -1.1e-05, "p_task_1": 1.0999939500266898e-05, "uncertainty": 0.0001365930168744248}, "Training and Development Managers_1008_1016": {"llm_label": "TASK_2", "label_logprob": -7.2e-05, "p_task_1": 7.199740806218546e-05, "uncertainty": 0.0007587694835904218}, "Training and Development Managers_1008_1017": {"llm_label": "TASK_2", "label_logprob": -0.126742, "p_task_1": 0.11903906880021387, "uncertainty": 0.36500602073786037}, "Training and Development Managers_1008_1018": {"llm_label": "TASK_2", "label_logprob": -0.072981, "p_task_1": 0.07038150739064275, "uncertainty": 0.2546246720172903}, "Training and Development Managers_1008_1019": {"llm_label": "TASK_2", "label_logprob": -0.048679, "p_task_1": 0.04751317109676456, "uncertainty": 0.19112678056732552}, "Training and Development Managers_1009_1010": {"llm_label": "TASK_1", "label_logprob": -0.131549, "p_task_1": 0.8767363140058714, "uncertainty": 0.37337761324153385}, "Training and Development Managers_1009_1011": {"llm_label": "TASK_2", "label_logprob": -0.000262, "p_task_1": 0.0002619656809972337, "uncertainty": 0.0024224401534331287}, "Training and Development Managers_1009_1012": {"llm_label": "EQUAL_TIME", "label_logprob": -0.506092, "p_task_1": 0.5, "uncertainty": 0.6931471805599453}, "Training and Development Managers_1009_1013": {"llm_label": "TASK_2", "label_logprob": -2e-06, "p_task_1": 1.9999979999907325e-06, "uncertainty": 2.8244698509961958e-05}, "Training and Development Managers_1009_1014": {"llm_label": "TASK_2", "label_logprob": -2e-06, "p_task_1": 1.9999979999907325e-06, "uncertainty": 2.8244698509961958e-05}, "Training and Development Managers_1009_1015": {"llm_label": "TASK_2", "label_logprob": -8.9e-05, "p_task_1": 8.899603961753932e-05, "uncertainty": 0.0009190509044105765}, "Training and Development Managers_1009_1016": {"llm_label": "TASK_2", "label_logprob": -0.510122, "p_task_1": 0.39957767717964277, "uncertainty": 0.6728400582214236}, "Training and Development Managers_1009_1017": {"llm_label": "TASK_1", "label_logprob": -0.57974, "p_task_1": 0.5600439590669141, "uncertainty": 0.6859191950720869}, "Training and Development Managers_1009_1018": {"llm_label": "TASK_1", "label_logprob": -0.017691, "p_task_1": 0.9824645670109882, "uncertainty": 0.08828585986928521}, "Training and Development Managers_1009_1019": {"llm_label": "TASK_2", "label_logprob": -0.201996, "p_task_1": 0.18290180367151487, "uncertainty": 0.4757652235344445}, "Training and Development Managers_1010_1011": {"llm_label": "TASK_2", "label_logprob": -0.023447, "p_task_1": 0.023174254938595484, "uncertainty": 0.11014805943275711}, "Training and Development Managers_1010_1012": {"llm_label": "TASK_2", "label_logprob": -0.397919, "p_task_1": 0.3282835655103028, "uncertainty": 0.632956414092229}, "Training and Development Managers_1010_1013": {"llm_label": "TASK_2", "label_logprob": -0.000322, "p_task_1": 0.000321948163563901, "uncertainty": 0.0029107201522959713}, "Training and Development Managers_1010_1014": {"llm_label": "TASK_2", "label_logprob": -0.000208, "p_task_1": 0.00020797836949970616, "uncertainty": 0.001971213262567169}, "Training and Development Managers_1010_1015": {"llm_label": "TASK_2", "label_logprob": -1e-06, "p_task_1": 9.999994999843054e-07, "uncertainty": 1.4815503149992376e-05}, "Training and Development Managers_1010_1016": {"llm_label": "TASK_1", "label_logprob": -0.213031, "p_task_1": 0.8081310847645496, "uncertainty": 0.4889215913287698}, "Training and Development Managers_1010_1017": {"llm_label": "TASK_2", "label_logprob": -0.018487, "p_task_1": 0.01831716361428737, "uncertainty": 0.09141550026439617}, "Training and Development Managers_1010_1018": {"llm_label": "TASK_1", "label_logprob": -0.42019, "p_task_1": 0.6569219927782359, "uncertainty": 0.6430560230312525}, "Training and Development Managers_1010_1019": {"llm_label": "TASK_1", "label_logprob": -0.134896, "p_task_1": 0.8738067828680695, "uncertainty": 0.37908556359891565}, "Training and Development Managers_1011_1012": {"llm_label": "TASK_1", "label_logprob": -0.161513, "p_task_1": 0.8508554702723623, "uncertainty": 0.42122231374314234}, "Training and Development Managers_1011_1013": {"llm_label": "TASK_2", "label_logprob": -0.018151, "p_task_1": 0.017987262761022138, "uncertainty": 0.09009897893052246}, "Training and Development Managers_1011_1014": {"llm_label": "TASK_2", "label_logprob": -3.2e-05, "p_task_1": 3.199948800547414e-05, "uncertainty": 0.0003631869779441248}, "Training and Development Managers_1011_1015": {"llm_label": "TASK_2", "label_logprob": -0.038114, "p_task_1": 0.03739680212859109, "uncertainty": 0.15958091063105703}, "Training and Development Managers_1011_1016": {"llm_label": "TASK_2", "label_logprob": -0.086477, "p_task_1": 0.08284335685508804, "uncertainty": 0.2856594965542625}, "Training and Development Managers_1011_1017": {"llm_label": "TASK_1", "label_logprob": -0.22933, "p_task_1": 0.7950661183899127, "uncertainty": 0.5071666263169017}, "Training and Development Managers_1011_1018": {"llm_label": "TASK_1", "label_logprob": -0.260786, "p_task_1": 0.7704457773710275, "uncertainty": 0.5387371424180191}, "Training and Development Managers_1011_1019": {"llm_label": "TASK_1", "label_logprob": -0.387904, "p_task_1": 0.6784774739752816, "uncertainty": 0.62801177273224}, "Training and Development Managers_1012_1013": {"llm_label": "TASK_2", "label_logprob": -0.00479, "p_task_1": 0.004778546245126192, "uncertainty": 0.030301840848683873}, "Training and Development Managers_1012_1014": {"llm_label": "TASK_2", "label_logprob": -6e-06, "p_task_1": 5.9999820000156134e-06, "uncertainty": 7.814227210513045e-05}, "Training and Development Managers_1012_1015": {"llm_label": "TASK_2", "label_logprob": -0.002789, "p_task_1": 0.0027851143526962385, "uncertainty": 0.019167358880565713}, "Training and Development Managers_1012_1016": {"llm_label": "TASK_1", "label_logprob": -0.421114, "p_task_1": 0.6563152772026714, "uncertainty": 0.6434493335619628}, "Training and Development Managers_1012_1017": {"llm_label": "TASK_1", "label_logprob": -0.389935, "p_task_1": 0.6771008846253207, "uncertainty": 0.6290354470121359}, "Training and Development Managers_1012_1018": {"llm_label": "TASK_1", "label_logprob": -0.001664, "p_task_1": 0.9983373836804121, "uncertainty": 0.012300918467955856}, "Training and Development Managers_1012_1019": {"llm_label": "TASK_1", "label_logprob": -0.02326, "p_task_1": 0.9770084285561055, "uncertainty": 0.10946385279597605}, "Training and Development Managers_1013_1014": {"llm_label": "TASK_2", "label_logprob": -6e-06, "p_task_1": 5.9999820000156134e-06, "uncertainty": 7.814227210513045e-05}, "Training and Development Managers_1013_1015": {"llm_label": "TASK_2", "label_logprob": -0.00057, "p_task_1": 0.0005698375808611544, "uncertainty": 0.004826452630408231},