{"Facilities Managers_21272_21273": {"llm_label": "TASK_2", "label_logprob": -1e-06, "p_task_1": 9.999994999843054e-07, "uncertainty": 1.4815503149992376e-05}, "Facilities Managers_21272_21274": {"llm_label": "TASK_2", "label_logprob": -0.477904, "p_task_1": 0.37991827802994205, "uncertainty": 0.6640241055449577}, "Facilities Managers_21272_21275": {"llm_label": "TASK_2", "label_logprob": 0.0, "p_task_1": 0.0, "uncertainty": 0.0}, "Facilities Managers_21272_21276": {"llm_label": "TASK_2", "label_logprob": -0.131605, "p_task_1": 0.12331278185301608, "uncertainty": 0.37347392229546306}, "Facilities Managers_21272_21277": {"llm_label": "TASK_2", "label_logprob": 0.0, "p_task_1": 0.0, "uncertainty": 0.0}, "Facilities Managers_21272_21278": {"llm_label": "TASK_2", "label_logprob": -3.6e-05, "p_task_1": 3.599935200782056e-05, "uncertainty": 0.0004043444200614643}, "Facilities Managers_21272_21279": {"llm_label": "TASK_2", "label_logprob": 0.0, "p_task_1": 0.0, "uncertainty": 0.0}, "Facilities Managers_21272_21280": {"llm_label": "TASK_2", "label_logprob": -1e-06, "p_task_1": 9.999994999843054e-07, "uncertainty": 1.4815503149992376e-05}, "Facilities Managers_21272_21281": {"llm_label": "TASK_2", "label_logprob": -1e-06, "p_task_1": 9.999994999843054e-07, "uncertainty": 1.4815503149992376e-05}, "Facilities Managers_21272_21282": {"llm_label": "TASK_2", "label_logprob": -0.064185, "p_task_1": 0.062168515343562936, "uncertainty": 0.23289304240420963}, "Facilities Managers_21273_21274": {"llm_label": "TASK_1", "label_logprob": -0.062085, "p_task_1": 0.9398030001409424, "uncertainty": 0.227509230870469}, "Facilities Managers_21273_21275": {"llm_label": "TASK_2", "label_logprob": -0.030636, "p_task_1": 0.030171473581763197, "uncertainty": 0.13533772299336524}, "Facilities Managers_21273_21276": {"llm_label": "TASK_1", "label_logprob": -0.043085, "p_task_1": 0.9578299710592318, "uncertainty": 0.17478033571742035}, "Facilities Managers_21273_21277": {"llm_label": "TASK_2", "label_logprob": -1e-06, "p_task_1": 9.999994999843054e-07, "uncertainty": 1.4815503149992376e-05}, "Facilities Managers_21273_21278": {"llm_label": "TASK_2", "label_logprob": -0.001621, "p_task_1": 0.001619686889113403, "uncertainty": 0.012025708917853426}, "Facilities Managers_21273_21279": {"llm_label": "TASK_2", "label_logprob": -2e-06, "p_task_1": 1.9999979999907325e-06, "uncertainty": 2.8244698509961958e-05}, "Facilities Managers_21273_21280": {"llm_label": "TASK_2", "label_logprob": -0.001229, "p_task_1": 0.0012282450887936003, "uncertainty": 0.009459396504621322}, "Facilities Managers_21273_21281": {"llm_label": "TASK_1", "label_logprob": -0.316249, "p_task_1": 0.7288779369638637, "uncertainty": 0.5843716782611617}, "Facilities Managers_21273_21282": {"llm_label": "TASK_1", "label_logprob": -0.000133, "p_task_1": 0.999867008844108, "uncertainty": 0.001319958691054697}, "Facilities Managers_21274_21275": {"llm_label": "TASK_2", "label_logprob": -1e-06, "p_task_1": 9.999994999843054e-07, "uncertainty": 1.4815503149992376e-05}, "Facilities Managers_21274_21276": {"llm_label": "TASK_2", "label_logprob": -0.136314, "p_task_1": 0.12743139707298945, "uncertainty": 0.3814745653325766}, "Facilities Managers_21274_21277": {"llm_label": "TASK_2", "label_logprob": 0.0, "p_task_1": 0.0, "uncertainty": 0.0}, "Facilities Managers_21274_21278": {"llm_label": "TASK_2", "label_logprob": -7.7e-05, "p_task_1": 7.699703557606519e-05, "uncertainty": 0.0008062902529262152}, "Facilities Managers_21274_21279": {"llm_label": "TASK_2", "label_logprob": -1e-06, "p_task_1": 9.999994999843054e-07, "uncertainty": 1.4815503149992376e-05}, "Facilities Managers_21274_21280": {"llm_label": "TASK_2", "label_logprob": -4e-05, "p_task_1": 3.999920001063195e-05, "uncertainty": 0.00044505634297012944}, "Facilities Managers_21274_21281": {"llm_label": "TASK_2", "label_logprob": -5e-06, "p_task_1": 4.999987500031722e-06, "uncertainty": 6.603019815215604e-05}, "Facilities Managers_21274_21282": {"llm_label": "TASK_1", "label_logprob": -0.257355, "p_task_1": 0.7730937167756609, "uncertainty": 0.5355110615409747}, "Facilities Managers_21275_21276": {"llm_label": "TASK_1", "label_logprob": -0.000868, "p_task_1": 0.9991323766030283, "uncertainty": 0.006983777385372399}, "Facilities Managers_21275_21277": {"llm_label": "TASK_2", "label_logprob": -9.7e-05, "p_task_1": 9.699529565210252e-05, "uncertainty": 0.0009933093829617684}, "Facilities Managers_21275_21278": {"llm_label": "TASK_2", "label_logprob": -0.129735, "p_task_1": 0.12167184295539524, "uncertainty": 0.37024284013161235}, "Facilities Managers_21275_21279": {"llm_label": "TASK_2", "label_logprob": -1e-06, "p_task_1": 9.999994999843054e-07, "uncertainty": 1.4815503149992376e-05}, "Facilities Managers_21275_21280": {"llm_label": "TASK_2", "label_logprob": -0.000566, "p_task_1": 0.0005658398522159214, "uncertainty": 0.004796577175707702}, "Facilities Managers_21275_21281": {"llm_label": "TASK_1", "label_logprob": -0.01908, "p_task_1": 0.9811008710335168, "uncertainty": 0.09372323330065863}, "Facilities Managers_21275_21282": {"llm_label": "TASK_1", "label_logprob": -0.000283, "p_task_1": 0.9997170400407227, "uncertainty": 0.002594760840838868}, "Facilities Managers_21276_21277": {"llm_label": "TASK_2", "label_logprob": -1e-05, "p_task_1": 9.999950000172397e-06, "uncertainty": 0.00012512862900562218}, "Facilities Managers_21276_21278": {"llm_label": "TASK_2", "label_logprob": -0.014615, "p_task_1": 0.014508719281711158, "uncertainty": 0.07581844330234377}, "Facilities Managers_21276_21279": {"llm_label": "TASK_2", "label_logprob": -4.7e-05, "p_task_1": 4.699889551729175e-05, "uncertainty": 0.0005153599478945111}, "Facilities Managers_21276_21280": {"llm_label": "TASK_2", "label_logprob": -3.9e-05, "p_task_1": 3.899923950989592e-05, "uncertainty": 0.0004349175266172239}, "Facilities Managers_21276_21281": {"llm_label": "TASK_2", "label_logprob": -0.000132, "p_task_1": 0.0001319912883833707, "uncertainty": 0.0013110310100159317}, "Facilities Managers_21276_21282": {"llm_label": "TASK_1", "label_logprob": -0.487066, "p_task_1": 0.6144264794587362, "uncertainty": 0.666726831052855}, "Facilities Managers_21277_21278": {"llm_label": "TASK_1", "label_logprob": -0.680288, "p_task_1": 0.5064711076801913, "uncertainty": 0.6930634277525244}, "Facilities Managers_21277_21279": {"llm_label": "TASK_1", "label_logprob": -0.604367, "p_task_1": 0.546420201177868, "uncertainty": 0.6888312978752205}, "Facilities Managers_21277_21280": {"llm_label": "TASK_1", "label_logprob": -0.020582, "p_task_1": 0.9796283636550975, "uncertainty": 0.09948195302616306}, "Facilities Managers_21277_21281": {"llm_label": "TASK_1", "label_logprob": -0.000207, "p_task_1": 0.9997930214230217, "uncertainty": 0.0019627347456080925}, "Facilities Managers_21277_21282": {"llm_label": "TASK_1", "label_logprob": -2.8e-05, "p_task_1": 0.9999720003919963, "uncertainty": 0.0003215280679255237}, "Facilities Managers_21278_21279": {"llm_label": "TASK_2", "label_logprob": -3.6e-05, "p_task_1": 3.599935200782056e-05, "uncertainty": 0.0004043444200614643}, "Facilities Managers_21278_21280": {"llm_label": "TASK_2", "label_logprob": -0.000461, "p_task_1": 0.0004608937558268078, "uncertainty": 0.004001531449615602}, "Facilities Managers_21278_21281": {"llm_label": "TASK_2", "label_logprob": -0.794529, "p_task_1": 0.5482060202182779, "uncertainty": 0.6884923126959347}, "Facilities Managers_21278_21282": {"llm_label": "TASK_1", "label_logprob": -0.000498, "p_task_1": 0.9995021239814182, "uncertainty": 0.004284178575647453}, "Facilities Managers_21279_21280": {"llm_label": "CANNOT_DECIDE", "label_logprob": -0.796746, "p_task_1": 0.5, "uncertainty": 0.6931471805599453}, "Facilities Managers_21279_21281": {"llm_label": "TASK_1", "label_logprob": -0.000131, "p_task_1": 0.9998690085801253, "uncertainty": 0.0013020957447146641}, "Facilities Managers_21279_21282": {"llm_label": "TASK_1", "label_logprob": -1e-06, "p_task_1": 0.9999990000005,