{"Wind Energy Development Managers_15824_15825": {"llm_label": "TASK_2", "label_logprob": -1.3e-05, "p_task_1": 1.2999915500411241e-05, "uncertainty": 0.00015925626043919854}, "Wind Energy Development Managers_15824_15826": {"llm_label": "TASK_2", "label_logprob": -3.5e-05, "p_task_1": 3.499938750717302e-05, "uncertainty": 0.00039409879060961955}, "Wind Energy Development Managers_15824_15827": {"llm_label": "TASK_2", "label_logprob": -3.2e-05, "p_task_1": 3.199948800547414e-05, "uncertainty": 0.0003631869779441248}, "Wind Energy Development Managers_15824_15828": {"llm_label": "TASK_2", "label_logprob": -0.005106, "p_task_1": 0.005092986540329525, "uncertainty": 0.0319704083657108}, "Wind Energy Development Managers_15824_15829": {"llm_label": "TASK_2", "label_logprob": -0.001799, "p_task_1": 0.0017973827694446332, "uncertainty": 0.013157784525659735}, "Wind Energy Development Managers_15824_15830": {"llm_label": "TASK_1", "label_logprob": -0.059205, "p_task_1": 0.942513534076695, "uncertainty": 0.21999468739006942}, "Wind Energy Development Managers_15824_15831": {"llm_label": "TASK_2", "label_logprob": -0.201509, "p_task_1": 0.18250377993899058, "uncertainty": 0.4751689273632872}, "Wind Energy Development Managers_15824_15832": {"llm_label": "TASK_2", "label_logprob": -0.002607, "p_task_1": 0.002603604726633457, "uncertainty": 0.018093895358301013}, "Wind Energy Development Managers_15824_15833": {"llm_label": "TASK_2", "label_logprob": -0.008689, "p_task_1": 0.008651359737140929, "uncertainty": 0.04970812254613927}, "Wind Energy Development Managers_15824_15834": {"llm_label": "TASK_2", "label_logprob": -0.048725, "p_task_1": 0.047556984483178466, "uncertainty": 0.1912581149346009}, "Wind Energy Development Managers_15824_15835": {"llm_label": "TASK_2", "label_logprob": 0.0, "p_task_1": 0.0, "uncertainty": 0.0}, "Wind Energy Development Managers_15824_15836": {"llm_label": "TASK_2", "label_logprob": -0.004128, "p_task_1": 0.004119491519695262, "uncertainty": 0.02673534738022843}, "Wind Energy Development Managers_15824_15837": {"llm_label": "TASK_2", "label_logprob": -0.000432, "p_task_1": 0.0004319067014354472, "uncertainty": 0.0037779246198059507}, "Wind Energy Development Managers_15824_15838": {"llm_label": "TASK_2", "label_logprob": 0.0, "p_task_1": 0.0, "uncertainty": 0.0}, "Wind Energy Development Managers_15825_15826": {"llm_label": "TASK_2", "label_logprob": -0.000267, "p_task_1": 0.0002669643586721282, "uncertainty": 0.00246361702046855}, "Wind Energy Development Managers_15825_15827": {"llm_label": "TASK_2", "label_logprob": -0.001187, "p_task_1": 0.0011862957941582986, "uncertainty": 0.009177571259468328}, "Wind Energy Development Managers_15825_15828": {"llm_label": "TASK_1", "label_logprob": -0.018272, "p_task_1": 0.9818939208863063, "uncertainty": 0.09057383850662838}, "Wind Energy Development Managers_15825_15829": {"llm_label": "TASK_2", "label_logprob": -0.682119, "p_task_1": 0.49445539244825776, "uncertainty": 0.6930856939539285}, "Wind Energy Development Managers_15825_15830": {"llm_label": "TASK_1", "label_logprob": -2e-06, "p_task_1": 0.999998000002, "uncertainty": 2.8244698509961958e-05}, "Wind Energy Development Managers_15825_15831": {"llm_label": "TASK_1", "label_logprob": -0.19294, "p_task_1": 0.8245314445416537, "uncertainty": 0.4644522209082828}, "Wind Energy Development Managers_15825_15832": {"llm_label": "TASK_1", "label_logprob": -0.776467, "p_task_1": 0.4600284240476831, "uncertainty": 0.6899483144192748}, "Wind Energy Development Managers_15825_15833": {"llm_label": "TASK_1", "label_logprob": -0.053982, "p_task_1": 0.9474491604332003, "uncertainty": 0.20595861840673724}, "Wind Energy Development Managers_15825_15834": {"llm_label": "CANNOT_DECIDE", "label_logprob": -0.527982, "p_task_1": 0.5, "uncertainty": 0.6931471805599453}, "Wind Energy Development Managers_15825_15835": {"llm_label": "CANNOT_DECIDE", "label_logprob": -0.452255, "p_task_1": 0.5, "uncertainty": 0.6931471805599453}, "Wind Energy Development Managers_15825_15836": {"llm_label": "TASK_2", "label_logprob": -0.002052, "p_task_1": 0.0020498960873223115, "uncertainty": 0.014736581058535266}, "Wind Energy Development Managers_15825_15837": {"llm_label": "CANNOT_DECIDE", "label_logprob": -0.204013, "p_task_1": 0.5, "uncertainty": 0.6931471805599453}, "Wind Energy Development Managers_15825_15838": {"llm_label": "TASK_2", "label_logprob": -6.5e-05, "p_task_1": 6.499788754577018e-05, "uncertainty": 0.0006916505348500037}, "Wind Energy Development Managers_15826_15827": {"llm_label": "TASK_2", "label_logprob": -0.479477, "p_task_1": 0.380892899837588, "uncertainty": 0.6644995526073948}, "Wind Energy Development Managers_15826_15828": {"llm_label": "TASK_1", "label_logprob": -0.010199, "p_task_1": 0.9898528334344334, "uncertainty": 0.056676693796207246}, "Wind Energy Development Managers_15826_15829": {"llm_label": "TASK_1", "label_logprob": -0.005662, "p_task_1": 0.9943539989124774, "uncertainty": 0.034858294565120816}, "Wind Energy Development Managers_15826_15830": {"llm_label": "TASK_1", "label_logprob": -2.5e-05, "p_task_1": 0.9999750003124974, "uncertainty": 0.0002899122444096467}, "Wind Energy Development Managers_15826_15831": {"llm_label": "TASK_1", "label_logprob": -0.006738, "p_task_1": 0.9932846494228453, "uncertainty": 0.040292063343336085}, "Wind Energy Development Managers_15826_15832": {"llm_label": "TASK_1", "label_logprob": -0.037205, "p_task_1": 0.963478601989168, "uncertainty": 0.15672682417207792}, "Wind Energy Development Managers_15826_15833": {"llm_label": "TASK_1", "label_logprob": -0.001215, "p_task_1": 0.9987857378136552, "uncertainty": 0.00936561792036116}, "Wind Energy Development Managers_15826_15834": {"llm_label": "TASK_1", "label_logprob": -0.696519, "p_task_1": 0.49831692937968314, "uncertainty": 0.6931415150958202}, "Wind Energy Development Managers_15826_15835": {"llm_label": "TASK_2", "label_logprob": -0.591851, "p_task_1": 0.4466978260368314, "uncertainty": 0.6874541252064624}, "Wind Energy Development Managers_15826_15836": {"llm_label": "TASK_2", "label_logprob": -0.002374, "p_task_1": 0.0023711842906054548, "uncertainty": 0.01670067591674597}, "Wind Energy Development Managers_15826_15837": {"llm_label": "TASK_2", "label_logprob": -0.033718, "p_task_1": 0.03315588376175649, "uncertainty": 0.1455467313544449}, "Wind Energy Development Managers_15826_15838": {"llm_label": "TASK_2", "label_logprob": -0.065805, "p_task_1": 0.06368657239049935, "uncertainty": 0.23699301206063508}, "Wind Energy Development Managers_15827_15828": {"llm_label": "TASK_1", "label_logprob": -8.6e-05, "p_task_1": 0.999914003697894, "uncertainty": 0.0008910217260505452}, "Wind Energy Development Managers_15827_15829": {"llm_label": "TASK_1", "label_logprob": -0.000266, "p_task_1": 0.9997340353748634, "uncertainty": 0.002455389209823878}, "Wind Energy Development Managers_15827_15830": {"llm_label": "TASK_1", "label_logprob": -4.1e-05, "p_task_1": 0.9999590008404885, "uncertainty": 0.00045517014709289875}, "Wind Energy Development Managers_15827_15831": {"llm_label": "TASK_1", "label_logprob": -0.021886, "p_task_1": 0.9783517607948525, "uncertainty": 0.10438625237499513}, "Wind Energy Development Managers_15827_15832": {"llm_label": "TASK_1", "label_logprob": -0.317117, "p_task_1": 0.7282455454122174, "uncertainty": 0.5849960623837785}, "Wind Energy Development Managers_15827_15833": {"llm_label": "TASK_1", "label_logprob": -5.5e-05, "p_task_1": 0.9999450015124722, "uncertainty": 0.0005944334084389942}, "Wind Energy Development Managers_15827_15834": {"llm_label": "TASK_1", "label_logprob": -0.107707, "p_task_1": 0.8978906398501681, "uncertainty": 0.32969314532541766}, "Wind Energy Development Managers_15827_15835": {"llm_label": "TASK_2", "label_logprob": -1.022048, "p_task_1": 0.6401428025579798, "uncertainty": 0.6533359870647684}, "Wind Energy Development Managers_15827_15836": {"llm_label": "TASK_2", "label_logprob": -0.029808,