{"Postmasters and Mail Superintendents_5260_5261": {"llm_label": "TASK_2", "label_logprob": -0.014622, "p_task_1": 0.014515617696531646, "uncertainty": 0.07584754184588482}, "Postmasters and Mail Superintendents_5260_5262": {"llm_label": "TASK_1", "label_logprob": -0.196748, "p_task_1": 0.8213975994288881, "uncertainty": 0.4692676101872536}, "Postmasters and Mail Superintendents_5260_5263": {"llm_label": "TASK_2", "label_logprob": -0.018407, "p_task_1": 0.01823862584590763, "uncertainty": 0.09110263590204704}, "Postmasters and Mail Superintendents_5260_5264": {"llm_label": "TASK_1", "label_logprob": -0.2025, "p_task_1": 0.8166864825981108, "uncertainty": 0.4763809139248012}, "Postmasters and Mail Superintendents_5260_5265": {"llm_label": "TASK_2", "label_logprob": -0.078915, "p_task_1": 0.07588152882314658, "uncertainty": 0.26859355246249655}, "Postmasters and Mail Superintendents_5260_5266": {"llm_label": "TASK_2", "label_logprob": -8e-06, "p_task_1": 7.999968000049762e-06, "uncertainty": 0.00010188814457675767}, "Postmasters and Mail Superintendents_5260_5267": {"llm_label": "TASK_1", "label_logprob": -7e-06, "p_task_1": 0.9999930000245, "uncertainty": 9.008688755748087e-05}, "Postmasters and Mail Superintendents_5260_5268": {"llm_label": "TASK_1", "label_logprob": -4.6e-05, "p_task_1": 0.9999540010579838, "uncertainty": 0.0005053843575021392}, "Postmasters and Mail Superintendents_5260_5269": {"llm_label": "TASK_1", "label_logprob": -0.000868, "p_task_1": 0.9991323766030283, "uncertainty": 0.006983777385372399}, "Postmasters and Mail Superintendents_5260_5270": {"llm_label": "TASK_2", "label_logprob": -0.004349, "p_task_1": 0.004339556793960919, "uncertainty": 0.027937242702805634}, "Postmasters and Mail Superintendents_5260_5271": {"llm_label": "TASK_2", "label_logprob": -0.387093, "p_task_1": 0.32097205760855296, "uncertainty": 0.6275999971729616}, "Postmasters and Mail Superintendents_5260_20842": {"llm_label": "TASK_1", "label_logprob": -0.000501, "p_task_1": 0.999499125479544, "uncertainty": 0.004306972151524698}, "Postmasters and Mail Superintendents_5261_5262": {"llm_label": "TASK_1", "label_logprob": -3.8e-05, "p_task_1": 0.9999620007219908, "uncertainty": 0.0004247530567765096}, "Postmasters and Mail Superintendents_5261_5263": {"llm_label": "TASK_2", "label_logprob": -0.232626, "p_task_1": 0.2075501056306439, "uncertainty": 0.5106926021691894}, "Postmasters and Mail Superintendents_5261_5264": {"llm_label": "TASK_1", "label_logprob": -0.005273, "p_task_1": 0.9947408778611313, "uncertainty": 0.032844043318214555}, "Postmasters and Mail Superintendents_5261_5265": {"llm_label": "TASK_1", "label_logprob": -8.1e-05, "p_task_1": 0.9999190032804114, "uncertainty": 0.0008440717883202269}, "Postmasters and Mail Superintendents_5261_5266": {"llm_label": "TASK_2", "label_logprob": -0.0135, "p_task_1": 0.013409283682267348, "uncertainty": 0.07113723132306778}, "Postmasters and Mail Superintendents_5261_5267": {"llm_label": "TASK_1", "label_logprob": 0.0, "p_task_1": 1.0, "uncertainty": 0.0}, "Postmasters and Mail Superintendents_5261_5268": {"llm_label": "TASK_1", "label_logprob": -2e-05, "p_task_1": 0.9999800001999987, "uncertainty": 0.00023639320174866763}, "Postmasters and Mail Superintendents_5261_5269": {"llm_label": "TASK_1", "label_logprob": -0.000432, "p_task_1": 0.9995680932985646, "uncertainty": 0.0037779246198059507}, "Postmasters and Mail Superintendents_5261_5270": {"llm_label": "TASK_2", "label_logprob": -0.254406, "p_task_1": 0.224623064902839, "uncertainty": 0.532697253936623}, "Postmasters and Mail Superintendents_5261_5271": {"llm_label": "TASK_1", "label_logprob": -0.008817, "p_task_1": 0.991221755757687, "uncertainty": 0.050308792290683135}, "Postmasters and Mail Superintendents_5261_20842": {"llm_label": "TASK_1", "label_logprob": -1.2e-05, "p_task_1": 0.9999880000719997, "uncertainty": 0.00014796635909808146}, "Postmasters and Mail Superintendents_5262_5263": {"llm_label": "TASK_2", "label_logprob": -4e-06, "p_task_1": 3.9999919999589295e-06, "uncertainty": 5.371675735315082e-05}, "Postmasters and Mail Superintendents_5262_5264": {"llm_label": "TASK_2", "label_logprob": -0.001342, "p_task_1": 0.001341099920680544, "uncertainty": 0.01021059073257439}, "Postmasters and Mail Superintendents_5262_5265": {"llm_label": "TASK_2", "label_logprob": -0.000125, "p_task_1": 0.00012499218782546784, "uncertainty": 0.0012483215809395145}, "Postmasters and Mail Superintendents_5262_5266": {"llm_label": "TASK_2", "label_logprob": 0.0, "p_task_1": 0.0, "uncertainty": 0.0}, "Postmasters and Mail Superintendents_5262_5267": {"llm_label": "TASK_1", "label_logprob": -3.7e-05, "p_task_1": 0.9999630006844915, "uncertainty": 0.00041456225843036797}, "Postmasters and Mail Superintendents_5262_5268": {"llm_label": "TASK_1", "label_logprob": -3e-06, "p_task_1": 0.9999970000045, "uncertainty": 4.1150633082097105e-05}, "Postmasters and Mail Superintendents_5262_5269": {"llm_label": "TASK_1", "label_logprob": -0.015399, "p_task_1": 0.9847189583441358, "uncertainty": 0.07905589729792895}, "Postmasters and Mail Superintendents_5262_5270": {"llm_label": "TASK_2", "label_logprob": -1e-06, "p_task_1": 9.999994999843054e-07, "uncertainty": 1.4815503149992376e-05}, "Postmasters and Mail Superintendents_5262_5271": {"llm_label": "TASK_2", "label_logprob": -9.7e-05, "p_task_1": 9.699529565210252e-05, "uncertainty": 0.0009933093829617684}, "Postmasters and Mail Superintendents_5262_20842": {"llm_label": "TASK_1", "label_logprob": -0.487078, "p_task_1": 0.6144191063852212, "uncertainty": 0.6667302664762087}, "Postmasters and Mail Superintendents_5263_5264": {"llm_label": "TASK_1", "label_logprob": -0.000769, "p_task_1": 0.9992312956047218, "uncertainty": 0.006280637467856216}, "Postmasters and Mail Superintendents_5263_5265": {"llm_label": "TASK_1", "label_logprob": -0.009176, "p_task_1": 0.9908659710145525, "uncertainty": 0.051983288060575734}, "Postmasters and Mail Superintendents_5263_5266": {"llm_label": "TASK_2", "label_logprob": -0.012535, "p_task_1": 0.012456764124251563, "uncertainty": 0.06700788765177317}, "Postmasters and Mail Superintendents_5263_5267": {"llm_label": "TASK_1", "label_logprob": -1.1e-05, "p_task_1": 0.9999890000604997, "uncertainty": 0.0001365930168744248}, "Postmasters and Mail Superintendents_5263_5268": {"llm_label": "TASK_1", "label_logprob": -9e-06, "p_task_1": 0.9999910000404999, "uncertainty": 0.0001135640627863842}, "Postmasters and Mail Superintendents_5263_5269": {"llm_label": "TASK_1", "label_logprob": -0.000169, "p_task_1": 0.9998310142796956, "uncertainty": 0.0016367300940866053}, "Postmasters and Mail Superintendents_5263_5270": {"llm_label": "TASK_2", "label_logprob": -0.745422, "p_task_1": 0.5254659956693162, "uncertainty": 0.6918495853407899}, "Postmasters and Mail Superintendents_5263_5271": {"llm_label": "TASK_1", "label_logprob": -0.007154, "p_task_1": 0.9928715289437028, "uncertainty": 0.042343729487864225}, "Postmasters and Mail Superintendents_5263_20842": {"llm_label": "TASK_1", "label_logprob": -1.8e-05, "p_task_1": 0.999982000161999, "uncertainty": 0.0002146505665408007}, "Postmasters and Mail Superintendents_5264_5265": {"llm_label": "TASK_2", "label_logprob": -2.9e-05, "p_task_1": 2.8999579504085382e-05, "uncertainty": 0.000331993413184829}, "Postmasters and Mail Superintendents_5264_5266": {"llm_label": "TASK_2", "label_logprob": -2e-06, "p_task_1": 1.9999979999907325e-06, "uncertainty": 2.8244698509961958e-05}, "Postmasters and Mail Superintendents_5264_5267": {"llm_label": "TASK_1", "label_logprob": -7.5e-05, "p_task_1": 0.9999250028124297, "uncertainty": 0.0007873221583997021}, "Postmasters and Mail Superintendents_5264_5268": {"llm_label": "TASK_1", "label_logprob": -7e-06, "p_task_1": 0.9999930000245, "uncertainty": 9.008688755748087e-05}, "Postmasters and Mail Superintendents_5264_5269": {"llm_label": "TASK_1", "label_logprob": -0.000101, "p_task_1": 0.9998990051003283,