{"Natural Sciences Managers_7203_7204": {"llm_label": "EQUAL_TIME", "label_logprob": -0.134707, "p_task_1": 0.5, "uncertainty": 0.6931471805599453}, "Natural Sciences Managers_7203_7205": {"llm_label": "TASK_2", "label_logprob": -1.3e-05, "p_task_1": 1.2999915500411241e-05, "uncertainty": 0.00015925626043919854}, "Natural Sciences Managers_7203_7206": {"llm_label": "TASK_2", "label_logprob": -4e-06, "p_task_1": 3.9999919999589295e-06, "uncertainty": 5.371675735315082e-05}, "Natural Sciences Managers_7203_7207": {"llm_label": "TASK_2", "label_logprob": -0.000207, "p_task_1": 0.00020697857697826727, "uncertainty": 0.0019627347456080925}, "Natural Sciences Managers_7203_7208": {"llm_label": "TASK_2", "label_logprob": 0.0, "p_task_1": 0.0, "uncertainty": 0.0}, "Natural Sciences Managers_7203_7209": {"llm_label": "TASK_2", "label_logprob": -0.001294, "p_task_1": 0.0012931631430032065, "uncertainty": 0.009892720225177268}, "Natural Sciences Managers_7203_7210": {"llm_label": "TASK_2", "label_logprob": -4e-06, "p_task_1": 3.9999919999589295e-06, "uncertainty": 5.371675735315082e-05}, "Natural Sciences Managers_7203_7211": {"llm_label": "TASK_2", "label_logprob": -4e-06, "p_task_1": 3.9999919999589295e-06, "uncertainty": 5.371675735315082e-05}, "Natural Sciences Managers_7203_7212": {"llm_label": "TASK_2", "label_logprob": -0.201415, "p_task_1": 0.18242693168249335, "uncertainty": 0.47505367549984756}, "Natural Sciences Managers_7203_7213": {"llm_label": "TASK_2", "label_logprob": -0.066889, "p_task_1": 0.0647009862343918, "uncertainty": 0.23971114660643378}, "Natural Sciences Managers_7203_7214": {"llm_label": "TASK_2", "label_logprob": -3.2e-05, "p_task_1": 3.199948800547414e-05, "uncertainty": 0.0003631869779441248}, "Natural Sciences Managers_7203_7215": {"llm_label": "TASK_2", "label_logprob": -0.005585, "p_task_1": 0.005569432881768255, "uncertainty": 0.03446182471229136}, "Natural Sciences Managers_7203_7216": {"llm_label": "TASK_1", "label_logprob": -0.387502, "p_task_1": 0.6787502767495034, "uncertainty": 0.6278078774721774}, "Natural Sciences Managers_7203_7217": {"llm_label": "TASK_2", "label_logprob": -7e-05, "p_task_1": 6.999755005721031e-05, "uncertainty": 0.0007396651835453089}, "Natural Sciences Managers_7203_7218": {"llm_label": "TASK_1", "label_logprob": -0.751822, "p_task_1": 0.471506684459799, "uncertainty": 0.6915225625136376}, "Natural Sciences Managers_7204_7205": {"llm_label": "TASK_2", "label_logprob": -0.000204, "p_task_1": 0.00020397919341486048, "uncertainty": 0.0019372700671688274}, "Natural Sciences Managers_7204_7206": {"llm_label": "TASK_2", "label_logprob": -1e-06, "p_task_1": 9.999994999843054e-07, "uncertainty": 1.4815503149992376e-05}, "Natural Sciences Managers_7204_7207": {"llm_label": "TASK_2", "label_logprob": -0.000159, "p_task_1": 0.00015898736016994874, "uncertainty": 0.0015495872152828344}, "Natural Sciences Managers_7204_7208": {"llm_label": "TASK_2", "label_logprob": -2.3e-05, "p_task_1": 2.2999735502016172e-05, "uncertainty": 0.00026863728652655293}, "Natural Sciences Managers_7204_7209": {"llm_label": "TASK_2", "label_logprob": -0.005261, "p_task_1": 0.005247185176712743, "uncertainty": 0.032781449948415683}, "Natural Sciences Managers_7204_7210": {"llm_label": "TASK_2", "label_logprob": -4.6e-05, "p_task_1": 4.599894201617882e-05, "uncertainty": 0.0005053843575021392}, "Natural Sciences Managers_7204_7211": {"llm_label": "TASK_2", "label_logprob": -2.9e-05, "p_task_1": 2.8999579504085382e-05, "uncertainty": 0.000331993413184829}, "Natural Sciences Managers_7204_7212": {"llm_label": "TASK_2", "label_logprob": -0.01815, "p_task_1": 0.017986280747793848, "uncertainty": 0.09009505090884329}, "Natural Sciences Managers_7204_7213": {"llm_label": "TASK_2", "label_logprob": -0.038085, "p_task_1": 0.03736888623107426, "uncertainty": 0.1594902274036402}, "Natural Sciences Managers_7204_7214": {"llm_label": "TASK_2", "label_logprob": -0.000103, "p_task_1": 0.00010299469568209041, "uncertainty": 0.001048566499626208}, "Natural Sciences Managers_7204_7215": {"llm_label": "TASK_2", "label_logprob": -0.011952, "p_task_1": 0.011880858557575258, "uncertainty": 0.06447578699367447}, "Natural Sciences Managers_7204_7216": {"llm_label": "TASK_1", "label_logprob": -0.441153, "p_task_1": 0.6432942750190564, "uncertainty": 0.6514992045019077}, "Natural Sciences Managers_7204_7217": {"llm_label": "TASK_2", "label_logprob": -7.7e-05, "p_task_1": 7.699703557606519e-05, "uncertainty": 0.0008062902529262152}, "Natural Sciences Managers_7204_7218": {"llm_label": "TASK_1", "label_logprob": -0.041318, "p_task_1": 0.9595239528102121, "uncertainty": 0.1694541116876085}, "Natural Sciences Managers_7205_7206": {"llm_label": "TASK_1", "label_logprob": -0.144267, "p_task_1": 0.8656565868918623, "uncertainty": 0.3945607315534808}, "Natural Sciences Managers_7205_7207": {"llm_label": "CANNOT_DECIDE", "label_logprob": -0.181674, "p_task_1": 0.5, "uncertainty": 0.6931471805599453}, "Natural Sciences Managers_7205_7208": {"llm_label": "TASK_1", "label_logprob": -0.071833, "p_task_1": 0.9306863074473166, "uncertainty": 0.2518600541245528}, "Natural Sciences Managers_7205_7209": {"llm_label": "CANNOT_DECIDE", "label_logprob": -0.131322, "p_task_1": 0.5, "uncertainty": 0.6931471805599453}, "Natural Sciences Managers_7205_7210": {"llm_label": "EQUAL_TIME", "label_logprob": -0.330341, "p_task_1": 0.5, "uncertainty": 0.6931471805599453}, "Natural Sciences Managers_7205_7211": {"llm_label": "CANNOT_DECIDE", "label_logprob": -0.06507, "p_task_1": 0.5, "uncertainty": 0.6931471805599453}, "Natural Sciences Managers_7205_7212": {"llm_label": "CANNOT_DECIDE", "label_logprob": -0.019334, "p_task_1": 0.5, "uncertainty": 0.6931471805599453}, "Natural Sciences Managers_7205_7213": {"llm_label": "CANNOT_DECIDE", "label_logprob": -0.316265, "p_task_1": 0.5, "uncertainty": 0.6931471805599453}, "Natural Sciences Managers_7205_7214": {"llm_label": "TASK_1", "label_logprob": -0.652781, "p_task_1": 0.5205959843266101, "uncertainty": 0.6922985513348178}, "Natural Sciences Managers_7205_7215": {"llm_label": "CANNOT_DECIDE", "label_logprob": -0.163927, "p_task_1": 0.5, "uncertainty": 0.6931471805599453}, "Natural Sciences Managers_7205_7216": {"llm_label": "TASK_1", "label_logprob": -0.000155, "p_task_1": 0.9998450120118794, "uncertainty": 0.0015145558624056635}, "Natural Sciences Managers_7205_7217": {"llm_label": "TASK_1", "label_logprob": -0.181713, "p_task_1": 0.8338406183351736, "uncertainty": 0.4497438379817349}, "Natural Sciences Managers_7205_7218": {"llm_label": "TASK_1", "label_logprob": -0.00032, "p_task_1": 0.9996800511945391, "uncertainty": 0.0028946374945601643}, "Natural Sciences Managers_7206_7207": {"llm_label": "TASK_2", "label_logprob": -0.001141, "p_task_1": 0.0011403493070037962, "uncertainty": 0.00886718545803293}, "Natural Sciences Managers_7206_7208": {"llm_label": "TASK_2", "label_logprob": -0.000465, "p_task_1": 0.0004648919042554711, "uncertainty": 0.004032227454505613}, "Natural Sciences Managers_7206_7209": {"llm_label": "TASK_1", "label_logprob": -0.576217, "p_task_1": 0.5620204735206202, "uncertainty": 0.6854342520461723}, "Natural Sciences Managers_7206_7210": {"llm_label": "TASK_2", "label_logprob": -0.001766, "p_task_1": 0.001764441539548689, "uncertainty": 0.012949304048766198}, "Natural Sciences Managers_7206_7211": {"llm_label": "TASK_2", "label_logprob": -0.000962, "p_task_1": 0.0009615374263438614, "uncertainty": 0.007640853452540401}, "Natural Sciences Managers_7206_7212": {"llm_label": "TASK_2", "label_logprob": -0.003886, "p_task_1": 0.0038784592729174117, "uncertainty": 0.02540536482104898}, "Natural Sciences Managers_7206_7213": {"llm_label": "TASK_2", "label_logprob": -0.136291, "p_task_1": 0.12741132776432595, "uncertainty": 0.3814359529185182}, "Natural Sciences Managers_7206_7214": {"llm_label": "TASK_2", "label_logprob": -0.000234, "p_task_1": 0.00023397262413538122, "uncertainty": 0.002190028086824737},