{"Compliance Officers_21446_21447": {"llm_label": "TASK_2", "label_logprob": 0.0, "p_task_1": 0.0, "uncertainty": 0.0}, "Compliance Officers_21446_21448": {"llm_label": "TASK_2", "label_logprob": -0.00034, "p_task_1": 0.00033994220655009233, "uncertainty": 0.003054912716767066}, "Compliance Officers_21446_21449": {"llm_label": "TASK_2", "label_logprob": 0.0, "p_task_1": 0.0, "uncertainty": 0.0}, "Compliance Officers_21446_21450": {"llm_label": "TASK_2", "label_logprob": -1e-06, "p_task_1": 9.999994999843054e-07, "uncertainty": 1.4815503149992376e-05}, "Compliance Officers_21446_21451": {"llm_label": "TASK_2", "label_logprob": 0.0, "p_task_1": 0.0, "uncertainty": 0.0}, "Compliance Officers_21446_21452": {"llm_label": "TASK_2", "label_logprob": -0.003381, "p_task_1": 0.0033752908555182426, "uncertainty": 0.022579292483985377}, "Compliance Officers_21446_21453": {"llm_label": "CANNOT_DECIDE", "label_logprob": -0.392407, "p_task_1": 0.5, "uncertainty": 0.6931471805599453}, "Compliance Officers_21446_21454": {"llm_label": "TASK_2", "label_logprob": -0.00071, "p_task_1": 0.0007097480096412978, "uncertainty": 0.0058555953999920585}, "Compliance Officers_21446_21455": {"llm_label": "TASK_2", "label_logprob": 0.0, "p_task_1": 0.0, "uncertainty": 0.0}, "Compliance Officers_21446_21456": {"llm_label": "TASK_2", "label_logprob": -7.9e-05, "p_task_1": 7.89968795821272e-05, "uncertainty": 0.000825206357674103}, "Compliance Officers_21446_21457": {"llm_label": "TASK_2", "label_logprob": 0.0, "p_task_1": 0.0, "uncertainty": 0.0}, "Compliance Officers_21447_21448": {"llm_label": "CANNOT_DECIDE", "label_logprob": -0.253547, "p_task_1": 0.5, "uncertainty": 0.6931471805599453}, "Compliance Officers_21447_21449": {"llm_label": "TASK_2", "label_logprob": -0.131546, "p_task_1": 0.12326105578124136, "uncertainty": 0.37337245304633704}, "Compliance Officers_21447_21450": {"llm_label": "TASK_1", "label_logprob": -0.038115, "p_task_1": 0.9626022352686924, "uncertainty": 0.1595840372057958}, "Compliance Officers_21447_21451": {"llm_label": "TASK_2", "label_logprob": -0.160733, "p_task_1": 0.1484806035632822, "uncertainty": 0.42006446263874764}, "Compliance Officers_21447_21452": {"llm_label": "TASK_1", "label_logprob": -9e-06, "p_task_1": 0.9999910000404999, "uncertainty": 0.0001135640627863842}, "Compliance Officers_21447_21453": {"llm_label": "TASK_1", "label_logprob": 0.0, "p_task_1": 1.0, "uncertainty": 0.0}, "Compliance Officers_21447_21454": {"llm_label": "TASK_2", "label_logprob": -0.005279, "p_task_1": 0.00526509056623059, "uncertainty": 0.03287532950372176}, "Compliance Officers_21447_21455": {"llm_label": "TASK_2", "label_logprob": -4.7e-05, "p_task_1": 4.699889551729175e-05, "uncertainty": 0.0005153599478945111}, "Compliance Officers_21447_21456": {"llm_label": "TASK_1", "label_logprob": -0.034049, "p_task_1": 0.9665241437941295, "uncertainty": 0.1466243479176058}, "Compliance Officers_21447_21457": {"llm_label": "TASK_1", "label_logprob": -0.000314, "p_task_1": 0.9996860492928406, "uncertainty": 0.002846314024227463}, "Compliance Officers_21448_21449": {"llm_label": "TASK_2", "label_logprob": -3.5e-05, "p_task_1": 3.499938750717302e-05, "uncertainty": 0.00039409879060961955}, "Compliance Officers_21448_21450": {"llm_label": "CANNOT_DECIDE", "label_logprob": -0.005365, "p_task_1": 0.5, "uncertainty": 0.6931471805599453}, "Compliance Officers_21448_21451": {"llm_label": "TASK_2", "label_logprob": -0.000306, "p_task_1": 0.00030595318677506533, "uncertainty": 0.0027817035683818593}, "Compliance Officers_21448_21452": {"llm_label": "TASK_1", "label_logprob": -0.017391, "p_task_1": 0.9827593505964184, "uncertainty": 0.08709657212558937}, "Compliance Officers_21448_21453": {"llm_label": "TASK_1", "label_logprob": -1e-06, "p_task_1": 0.9999990000005, "uncertainty": 1.4815503149992376e-05}, "Compliance Officers_21448_21454": {"llm_label": "TASK_2", "label_logprob": -0.001171, "p_task_1": 0.0011703146470422032, "uncertainty": 0.009069818266504437}, "Compliance Officers_21448_21455": {"llm_label": "TASK_2", "label_logprob": 0.0, "p_task_1": 0.0, "uncertainty": 0.0}, "Compliance Officers_21448_21456": {"llm_label": "TASK_2", "label_logprob": -0.052779, "p_task_1": 0.05141037237332291, "uncertainty": 0.20264724423057345}, "Compliance Officers_21448_21457": {"llm_label": "TASK_2", "label_logprob": -0.007508, "p_task_1": 0.0074798853735392745, "uncertainty": 0.04406990269251}, "Compliance Officers_21449_21450": {"llm_label": "TASK_1", "label_logprob": -0.0016, "p_task_1": 0.9984012793176064, "uncertainty": 0.011890887563471241}, "Compliance Officers_21449_21451": {"llm_label": "TASK_1", "label_logprob": -0.083977, "p_task_1": 0.9194524032572063, "uncertainty": 0.2801047601718557}, "Compliance Officers_21449_21452": {"llm_label": "TASK_1", "label_logprob": -5e-06, "p_task_1": 0.9999950000125, "uncertainty": 6.603019815215604e-05}, "Compliance Officers_21449_21453": {"llm_label": "TASK_1", "label_logprob": 0.0, "p_task_1": 1.0, "uncertainty": 0.0}, "Compliance Officers_21449_21454": {"llm_label": "TASK_2", "label_logprob": -0.669154, "p_task_1": 0.4878583335859914, "uncertainty": 0.6928523114495901}, "Compliance Officers_21449_21455": {"llm_label": "TASK_2", "label_logprob": -0.003913, "p_task_1": 0.0039053541914340073, "uncertainty": 0.02555449602993405}, "Compliance Officers_21449_21456": {"llm_label": "TASK_1", "label_logprob": -0.000204, "p_task_1": 0.9997960208065851, "uncertainty": 0.0019372700671688274}, "Compliance Officers_21449_21457": {"llm_label": "TASK_1", "label_logprob": -5e-06, "p_task_1": 0.9999950000125, "uncertainty": 6.603019815215604e-05}, "Compliance Officers_21450_21451": {"llm_label": "TASK_2", "label_logprob": -0.000628, "p_task_1": 0.0006278028492723298, "uncertainty": 0.005256574678970615}, "Compliance Officers_21450_21452": {"llm_label": "TASK_1", "label_logprob": -0.384536, "p_task_1": 0.6807664385602672, "uncertainty": 0.6262903874372037}, "Compliance Officers_21450_21453": {"llm_label": "TASK_1", "label_logprob": -3.9e-05, "p_task_1": 0.9999610007604901, "uncertainty": 0.0004349175266172239}, "Compliance Officers_21450_21454": {"llm_label": "TASK_2", "label_logprob": -0.369007, "p_task_1": 0.3085794295106248, "uncertainty": 0.6179593173736568}, "Compliance Officers_21450_21455": {"llm_label": "TASK_2", "label_logprob": -9e-06, "p_task_1": 8.999959500100019e-06, "uncertainty": 0.0001135640627863842}, "Compliance Officers_21450_21456": {"llm_label": "TASK_1", "label_logprob": -0.299156, "p_task_1": 0.7414437351899643, "uncertainty": 0.5715413922303871}, "Compliance Officers_21450_21457": {"llm_label": "EQUAL_TIME", "label_logprob": -0.521716, "p_task_1": 0.5, "uncertainty": 0.6931471805599453}, "Compliance Officers_21451_21452": {"llm_label": "TASK_1", "label_logprob": 0.0, "p_task_1": 1.0, "uncertainty": 0.0}, "Compliance Officers_21451_21453": {"llm_label": "TASK_1", "label_logprob": 0.0, "p_task_1": 1.0, "uncertainty": 0.0}, "Compliance Officers_21451_21454": {"llm_label": "TASK_2", "label_logprob": -0.018868, "p_task_1": 0.018691113532967263, "uncertainty": 0.09290049293404605}, "Compliance Officers_21451_21455": {"llm_label": "TASK_2", "label_logprob": -0.00057, "p_task_1": 0.0005698375808611544, "uncertainty": 0.004826452630408231}, "Compliance Officers_21451_21456": {"llm_label": "TASK_1", "label_logprob": -0.036734, "p_task_1": 0.9639325072970137, "uncertainty": 0.15523841074691855}, "Compliance Officers_21451_21457": {"llm_label": "TASK_1", "label_logprob": -9.9e-05, "p_task_1": 0.9999010049003383, "uncertainty": 0.0010117685967436802}, "Compliance Officers_21452_21453": {"llm_label": "TASK_1", "label_logprob": -4.6e-05, "p_task_1": 0.9999540010579838, "uncertainty": 0.0005053843575021392}, "Compliance Officers_21452_21454": {"llm_label": "TASK_2", "label_logprob": -6.8e-05, "p_task_1": 6.799768805243467e-05, "uncertainty": 0.0007205036965996683}, "Compliance Officers_21452_21455": {"llm_label": "TASK_2", "label_logprob": 0.0, "p_task_1": 0.0,