{"Buyers and Purchasing Agents, Farm Products_12878_12879": {"llm_label": "TASK_2", "label_logprob": -1e-06, "p_task_1": 9.999994999843054e-07, "uncertainty": 1.4815503149992376e-05}, "Buyers and Purchasing Agents, Farm Products_12878_12880": {"llm_label": "CANNOT_DECIDE", "label_logprob": -0.508657, "p_task_1": 0.5, "uncertainty": 0.6931471805599453}, "Buyers and Purchasing Agents, Farm Products_12878_12881": {"llm_label": "TASK_1", "label_logprob": -0.018306, "p_task_1": 0.9818605370605245, "uncertainty": 0.09070711666099399}, "Buyers and Purchasing Agents, Farm Products_12878_12882": {"llm_label": "TASK_1", "label_logprob": -0.001671, "p_task_1": 0.9983303953431857, "uncertainty": 0.012345613054117674}, "Buyers and Purchasing Agents, Farm Products_12878_12883": {"llm_label": "TASK_1", "label_logprob": -0.106781, "p_task_1": 0.8987224716613583, "uncertainty": 0.3278809570525473}, "Buyers and Purchasing Agents, Farm Products_12878_12884": {"llm_label": "TASK_2", "label_logprob": -0.128806, "p_task_1": 0.12085549696349918, "uncertainty": 0.3686260509972762}, "Buyers and Purchasing Agents, Farm Products_12878_12885": {"llm_label": "TASK_2", "label_logprob": -0.003097, "p_task_1": 0.003092209242434807, "uncertainty": 0.02095689703975156}, "Buyers and Purchasing Agents, Farm Products_12878_12886": {"llm_label": "TASK_1", "label_logprob": -0.000745, "p_task_1": 0.9992552774435972, "uncertainty": 0.0061083085127766395}, "Buyers and Purchasing Agents, Farm Products_12878_12887": {"llm_label": "CANNOT_DECIDE", "label_logprob": -0.504931, "p_task_1": 0.5, "uncertainty": 0.6931471805599453}, "Buyers and Purchasing Agents, Farm Products_12878_12888": {"llm_label": "TASK_2", "label_logprob": -1.8e-05, "p_task_1": 1.7999838000992696e-05, "uncertainty": 0.0002146505665408007}, "Buyers and Purchasing Agents, Farm Products_12878_12889": {"llm_label": "CANNOT_DECIDE", "label_logprob": -0.255104, "p_task_1": 0.5, "uncertainty": 0.6931471805599453}, "Buyers and Purchasing Agents, Farm Products_12879_12880": {"llm_label": "TASK_1", "label_logprob": -0.114098, "p_task_1": 0.8921705188872145, "uncertainty": 0.34195314272997007}, "Buyers and Purchasing Agents, Farm Products_12879_12881": {"llm_label": "TASK_1", "label_logprob": -7.1e-05, "p_task_1": 0.9999290025204404, "uncertainty": 0.0007492243805800099}, "Buyers and Purchasing Agents, Farm Products_12879_12882": {"llm_label": "TASK_1", "label_logprob": -5e-06, "p_task_1": 0.9999950000125, "uncertainty": 6.603019815215604e-05}, "Buyers and Purchasing Agents, Farm Products_12879_12883": {"llm_label": "TASK_1", "label_logprob": -0.001474, "p_task_1": 0.9985270858044426, "uncertainty": 0.011075984192917923}, "Buyers and Purchasing Agents, Farm Products_12879_12884": {"llm_label": "TASK_1", "label_logprob": -8.9e-05, "p_task_1": 0.9999110039603825, "uncertainty": 0.0009190509044105765}, "Buyers and Purchasing Agents, Farm Products_12879_12885": {"llm_label": "TASK_2", "label_logprob": -0.171861, "p_task_1": 0.157903783592113, "uncertainty": 0.436177469123896}, "Buyers and Purchasing Agents, Farm Products_12879_12886": {"llm_label": "TASK_1", "label_logprob": -9e-06, "p_task_1": 0.9999910000404999, "uncertainty": 0.0001135640627863842}, "Buyers and Purchasing Agents, Farm Products_12879_12887": {"llm_label": "TASK_1", "label_logprob": -0.117704, "p_task_1": 0.8889591455820295, "uncertainty": 0.34868597616360947}, "Buyers and Purchasing Agents, Farm Products_12879_12888": {"llm_label": "TASK_2", "label_logprob": -4.1e-05, "p_task_1": 4.0999159511501126e-05, "uncertainty": 0.00045517014709289875}, "Buyers and Purchasing Agents, Farm Products_12879_12889": {"llm_label": "TASK_1", "label_logprob": -0.592827, "p_task_1": 0.5527624144868518, "uncertainty": 0.6875690562315406}, "Buyers and Purchasing Agents, Farm Products_12880_12881": {"llm_label": "CANNOT_DECIDE", "label_logprob": -0.20142, "p_task_1": 0.5, "uncertainty": 0.6931471805599453}, "Buyers and Purchasing Agents, Farm Products_12880_12882": {"llm_label": "TASK_1", "label_logprob": -0.041016, "p_task_1": 0.9598137728045772, "uncertainty": 0.16853553688602824}, "Buyers and Purchasing Agents, Farm Products_12880_12883": {"llm_label": "TASK_2", "label_logprob": -0.216441, "p_task_1": 0.19461994905605906, "uncertainty": 0.49285301898069445}, "Buyers and Purchasing Agents, Farm Products_12880_12884": {"llm_label": "TASK_1", "label_logprob": -0.420131, "p_task_1": 0.656960752319205, "uncertainty": 0.6430308412124555}, "Buyers and Purchasing Agents, Farm Products_12880_12885": {"llm_label": "TASK_2", "label_logprob": -9.7e-05, "p_task_1": 9.699529565210252e-05, "uncertainty": 0.0009933093829617684}, "Buyers and Purchasing Agents, Farm Products_12880_12886": {"llm_label": "TASK_1", "label_logprob": -0.007913, "p_task_1": 0.9921182253681051, "uncertainty": 0.046023659702213796}, "Buyers and Purchasing Agents, Farm Products_12880_12887": {"llm_label": "TASK_2", "label_logprob": -6.4e-05, "p_task_1": 6.399795204370395e-05, "uncertainty": 0.0006820023340782717}, "Buyers and Purchasing Agents, Farm Products_12880_12888": {"llm_label": "TASK_2", "label_logprob": 0.0, "p_task_1": 0.0, "uncertainty": 0.0}, "Buyers and Purchasing Agents, Farm Products_12880_12889": {"llm_label": "TASK_2", "label_logprob": -0.160511, "p_task_1": 0.14829154527257948, "uncertainty": 0.41973411808845595}, "Buyers and Purchasing Agents, Farm Products_12881_12882": {"llm_label": "TASK_1", "label_logprob": -0.191448, "p_task_1": 0.8257625636433806, "uncertainty": 0.4625419944329283}, "Buyers and Purchasing Agents, Farm Products_12881_12883": {"llm_label": "TASK_2", "label_logprob": -0.004345, "p_task_1": 0.004335574144222809, "uncertainty": 0.027915592640177997}, "Buyers and Purchasing Agents, Farm Products_12881_12884": {"llm_label": "TASK_2", "label_logprob": -0.004401, "p_task_1": 0.004391329790898069, "uncertainty": 0.028218352804680626}, "Buyers and Purchasing Agents, Farm Products_12881_12885": {"llm_label": "TASK_2", "label_logprob": -8.8e-05, "p_task_1": 8.79961281136099e-05, "uncertainty": 0.0009097192612209179}, "Buyers and Purchasing Agents, Farm Products_12881_12886": {"llm_label": "TASK_1", "label_logprob": -0.06295, "p_task_1": 0.9389904220365166, "uncertainty": 0.2297364230832057}, "Buyers and Purchasing Agents, Farm Products_12881_12887": {"llm_label": "TASK_2", "label_logprob": -3.9e-05, "p_task_1": 3.899923950989592e-05, "uncertainty": 0.0004349175266172239}, "Buyers and Purchasing Agents, Farm Products_12881_12888": {"llm_label": "TASK_2", "label_logprob": 0.0, "p_task_1": 0.0, "uncertainty": 0.0}, "Buyers and Purchasing Agents, Farm Products_12881_12889": {"llm_label": "TASK_2", "label_logprob": -0.004508, "p_task_1": 0.004497854219451813, "uncertainty": 0.028794824305086498}, "Buyers and Purchasing Agents, Farm Products_12882_12883": {"llm_label": "TASK_2", "label_logprob": -0.0002, "p_task_1": 0.00019998000133325533, "uncertainty": 0.0019032483074415793}, "Buyers and Purchasing Agents, Farm Products_12882_12884": {"llm_label": "TASK_2", "label_logprob": -0.043654, "p_task_1": 0.04271487916971062, "uncertainty": 0.17647822172170527}, "Buyers and Purchasing Agents, Farm Products_12882_12885": {"llm_label": "TASK_2", "label_logprob": -0.00097, "p_task_1": 0.0009695297020753113, "uncertainty": 0.0076963347640837}, "Buyers and Purchasing Agents, Farm Products_12882_12886": {"llm_label": "TASK_1", "label_logprob": -0.000164, "p_task_1": 0.9998360134472649, "uncertainty": 0.0015932349886863492}, "Buyers and Purchasing Agents, Farm Products_12882_12887": {"llm_label": "TASK_2", "label_logprob": -2.6e-05, "p_task_1": 2.5999662002895718e-05, "uncertainty": 0.0003004888581468068}, "Buyers and Purchasing Agents, Farm Products_12882_12888": {"llm_label": "TASK_2", "label_logprob": 0.0, "p_task_1": 0.0, "uncertainty": 0.0}, "Buyers and Purchasing Agents, Farm Products_12882_12889": {"llm_label": "TASK_2", "label_logprob": -0.008874, "p_task_1": 0.008834742272182061,