{"Government Property Inspectors and Investigators_12890_12891": {"llm_label": "CANNOT_DECIDE", "label_logprob": -0.05729, "p_task_1": 0.5, "uncertainty": 0.6931471805599453}, "Government Property Inspectors and Investigators_12890_12892": {"llm_label": "CANNOT_DECIDE", "label_logprob": -0.597529, "p_task_1": 0.5, "uncertainty": 0.6931471805599453}, "Government Property Inspectors and Investigators_12890_12893": {"llm_label": "CANNOT_DECIDE", "label_logprob": -0.007622, "p_task_1": 0.5, "uncertainty": 0.6931471805599453}, "Government Property Inspectors and Investigators_12890_12894": {"llm_label": "CANNOT_DECIDE", "label_logprob": -0.101051, "p_task_1": 0.5, "uncertainty": 0.6931471805599453}, "Government Property Inspectors and Investigators_12890_12895": {"llm_label": "CANNOT_DECIDE", "label_logprob": -0.314118, "p_task_1": 0.5, "uncertainty": 0.6931471805599453}, "Government Property Inspectors and Investigators_12890_12896": {"llm_label": "TASK_2", "label_logprob": -0.012956, "p_task_1": 0.012872432322260097, "uncertainty": 0.06881863979631744}, "Government Property Inspectors and Investigators_12890_12898": {"llm_label": "TASK_2", "label_logprob": -9.3e-05, "p_task_1": 9.299567563403333e-05, "uncertainty": 0.0009562662619903141}, "Government Property Inspectors and Investigators_12890_12899": {"llm_label": "TASK_1", "label_logprob": -0.000757, "p_task_1": 0.999243286452214, "uncertainty": 0.006194568587575001}, "Government Property Inspectors and Investigators_12890_12900": {"llm_label": "TASK_1", "label_logprob": -1e-06, "p_task_1": 0.9999990000005, "uncertainty": 1.4815503149992376e-05}, "Government Property Inspectors and Investigators_12890_20843": {"llm_label": "TASK_2", "label_logprob": -0.001247, "p_task_1": 0.001246222818581999, "uncertainty": 0.00957973309734717}, "Government Property Inspectors and Investigators_12890_20844": {"llm_label": "TASK_2", "label_logprob": -2e-06, "p_task_1": 1.9999979999907325e-06, "uncertainty": 2.8244698509961958e-05}, "Government Property Inspectors and Investigators_12890_20845": {"llm_label": "TASK_2", "label_logprob": -9.8e-05, "p_task_1": 9.799519815689717e-05, "uncertainty": 0.0010025440963472379}, "Government Property Inspectors and Investigators_12891_12892": {"llm_label": "TASK_2", "label_logprob": -0.012963, "p_task_1": 0.012879342191049248, "uncertainty": 0.06884862475342259}, "Government Property Inspectors and Investigators_12891_12893": {"llm_label": "TASK_2", "label_logprob": -0.038652, "p_task_1": 0.03791454336416544, "uncertainty": 0.16125885642383236}, "Government Property Inspectors and Investigators_12891_12894": {"llm_label": "CANNOT_DECIDE", "label_logprob": -0.202446, "p_task_1": 0.5, "uncertainty": 0.6931471805599453}, "Government Property Inspectors and Investigators_12891_12895": {"llm_label": "CANNOT_DECIDE", "label_logprob": -0.576792, "p_task_1": 0.5, "uncertainty": 0.6931471805599453}, "Government Property Inspectors and Investigators_12891_12896": {"llm_label": "TASK_2", "label_logprob": -0.006141, "p_task_1": 0.006122182598425119, "uncertainty": 0.03730104590894656}, "Government Property Inspectors and Investigators_12891_12898": {"llm_label": "TASK_2", "label_logprob": -0.000373, "p_task_1": 0.0003729304441484338, "uncertainty": 0.0033168180647317174}, "Government Property Inspectors and Investigators_12891_12899": {"llm_label": "TASK_1", "label_logprob": -0.025057, "p_task_1": 0.9752543209477079, "uncertainty": 0.11597379750998543}, "Government Property Inspectors and Investigators_12891_12900": {"llm_label": "TASK_1", "label_logprob": -1.7e-05, "p_task_1": 0.9999830001444991, "uncertainty": 0.000203697321204896}, "Government Property Inspectors and Investigators_12891_20843": {"llm_label": "TASK_2", "label_logprob": 0.0, "p_task_1": 0.0, "uncertainty": 0.0}, "Government Property Inspectors and Investigators_12891_20844": {"llm_label": "TASK_2", "label_logprob": 0.0, "p_task_1": 0.0, "uncertainty": 0.0}, "Government Property Inspectors and Investigators_12891_20845": {"llm_label": "TASK_2", "label_logprob": -1.3e-05, "p_task_1": 1.2999915500411241e-05, "uncertainty": 0.00015925626043919854}, "Government Property Inspectors and Investigators_12892_12893": {"llm_label": "TASK_2", "label_logprob": -0.704843, "p_task_1": 0.5058138446077403, "uncertainty": 0.6930795774582925}, "Government Property Inspectors and Investigators_12892_12894": {"llm_label": "CANNOT_DECIDE", "label_logprob": -0.077017, "p_task_1": 0.5, "uncertainty": 0.6931471805599453}, "Government Property Inspectors and Investigators_12892_12895": {"llm_label": "CANNOT_DECIDE", "label_logprob": -0.051735, "p_task_1": 0.5, "uncertainty": 0.6931471805599453}, "Government Property Inspectors and Investigators_12892_12896": {"llm_label": "TASK_2", "label_logprob": -0.407646, "p_task_1": 0.3347856769833314, "uncertainty": 0.6375161137064613}, "Government Property Inspectors and Investigators_12892_12898": {"llm_label": "CANNOT_DECIDE", "label_logprob": -0.104952, "p_task_1": 0.5, "uncertainty": 0.6931471805599453}, "Government Property Inspectors and Investigators_12892_12899": {"llm_label": "TASK_1", "label_logprob": -0.160512, "p_task_1": 0.8517076030193916, "uncertainty": 0.41973560692576417}, "Government Property Inspectors and Investigators_12892_12900": {"llm_label": "TASK_1", "label_logprob": -2.9e-05, "p_task_1": 0.9999710004204959, "uncertainty": 0.000331993413184829}, "Government Property Inspectors and Investigators_12892_20843": {"llm_label": "CANNOT_DECIDE", "label_logprob": -0.252641, "p_task_1": 0.5, "uncertainty": 0.6931471805599453}, "Government Property Inspectors and Investigators_12892_20844": {"llm_label": "TASK_2", "label_logprob": -0.000693, "p_task_1": 0.0006927599309591859, "uncertainty": 0.005732228594482009}, "Government Property Inspectors and Investigators_12892_20845": {"llm_label": "TASK_2", "label_logprob": -0.127317, "p_task_1": 0.11954547572970897, "uncertainty": 0.36601840415402276}, "Government Property Inspectors and Investigators_12893_12894": {"llm_label": "TASK_2", "label_logprob": -0.232682, "p_task_1": 0.2075944815821903, "uncertainty": 0.5107520491523676}, "Government Property Inspectors and Investigators_12893_12895": {"llm_label": "CANNOT_DECIDE", "label_logprob": -0.260555, "p_task_1": 0.5, "uncertainty": 0.6931471805599453}, "Government Property Inspectors and Investigators_12893_12896": {"llm_label": "TASK_2", "label_logprob": -0.006401, "p_task_1": 0.006380557240790563, "uncertainty": 0.038610683628904}, "Government Property Inspectors and Investigators_12893_12898": {"llm_label": "TASK_2", "label_logprob": -7.6e-05, "p_task_1": 7.599711207317839e-05, "uncertainty": 0.0007968127892924509}, "Government Property Inspectors and Investigators_12893_12899": {"llm_label": "TASK_1", "label_logprob": -0.014866, "p_task_1": 0.9852439534476995, "uncertainty": 0.0768596390758887}, "Government Property Inspectors and Investigators_12893_12900": {"llm_label": "TASK_1", "label_logprob": -2.5e-05, "p_task_1": 0.9999750003124974, "uncertainty": 0.0002899122444096467}, "Government Property Inspectors and Investigators_12893_20843": {"llm_label": "TASK_2", "label_logprob": -0.000556, "p_task_1": 0.0005558454606425789, "uncertainty": 0.004721763933773623}, "Government Property Inspectors and Investigators_12893_20844": {"llm_label": "TASK_2", "label_logprob": -0.000204, "p_task_1": 0.00020397919341486048, "uncertainty": 0.0019372700671688274}, "Government Property Inspectors and Investigators_12893_20845": {"llm_label": "TASK_2", "label_logprob": -0.00032, "p_task_1": 0.0003199488054609345, "uncertainty": 0.0028946374945601643}, "Government Property Inspectors and Investigators_12894_12895": {"llm_label": "CANNOT_DECIDE", "label_logprob": -0.26935, "p_task_1": 0.5, "uncertainty": 0.6931471805599453}, "Government Property Inspectors and Investigators_12894_12896": {"llm_label": "TASK_2", "label_logprob": -0.003101, "p_task_1": 0.00309619686562268, "uncertainty": 0.020979926065981886},