{"Insurance Appraisers, Auto Damage_7246_7247": {"llm_label": "TASK_1", "label_logprob": -2.2e-05, "p_task_1": 0.9999780002419982, "uncertainty": 0.0002579354610012207}, "Insurance Appraisers, Auto Damage_7246_7248": {"llm_label": "TASK_2", "label_logprob": -0.257158, "p_task_1": 0.22675396875965215, "uncertainty": 0.5353242787078318}, "Insurance Appraisers, Auto Damage_7246_7249": {"llm_label": "TASK_1", "label_logprob": -0.011638, "p_task_1": 0.9884294595702341, "uncertainty": 0.0630997723340963}, "Insurance Appraisers, Auto Damage_7246_7250": {"llm_label": "TASK_1", "label_logprob": -0.000272, "p_task_1": 0.9997280369886463, "uncertainty": 0.0025047000559220833}, "Insurance Appraisers, Auto Damage_7246_7251": {"llm_label": "TASK_1", "label_logprob": -0.004344, "p_task_1": 0.9956654215207009, "uncertainty": 0.027910179536996423}, "Insurance Appraisers, Auto Damage_7246_7252": {"llm_label": "TASK_1", "label_logprob": -0.011478, "p_task_1": 0.9885876209363371, "uncertainty": 0.0623952265473099}, "Insurance Appraisers, Auto Damage_7247_7248": {"llm_label": "TASK_2", "label_logprob": 0.0, "p_task_1": 0.0, "uncertainty": 0.0}, "Insurance Appraisers, Auto Damage_7247_7249": {"llm_label": "TASK_2", "label_logprob": -0.002606, "p_task_1": 0.0026026073297394925, "uncertainty": 0.018087962399303152}, "Insurance Appraisers, Auto Damage_7247_7250": {"llm_label": "TASK_2", "label_logprob": -0.495402, "p_task_1": 0.3906740909604748, "uncertainty": 0.6690486611523561}, "Insurance Appraisers, Auto Damage_7247_7251": {"llm_label": "TASK_1", "label_logprob": -0.879149, "p_task_1": 0.41513604217513594, "uncertainty": 0.6786734321530589}, "Insurance Appraisers, Auto Damage_7247_7252": {"llm_label": "TASK_2", "label_logprob": -0.006281, "p_task_1": 0.006261315753313235, "uncertainty": 0.03800761244504126}, "Insurance Appraisers, Auto Damage_7248_7249": {"llm_label": "TASK_1", "label_logprob": -0.00674, "p_task_1": 0.993282662855533, "uncertainty": 0.04030198917197254}, "Insurance Appraisers, Auto Damage_7248_7250": {"llm_label": "TASK_1", "label_logprob": -1.7e-05, "p_task_1": 0.9999830001444991, "uncertainty": 0.000203697321204896}, "Insurance Appraisers, Auto Damage_7248_7251": {"llm_label": "TASK_2", "label_logprob": -0.233185, "p_task_1": 0.20799296133189582, "uncertainty": 0.5112853250735244}, "Insurance Appraisers, Auto Damage_7248_7252": {"llm_label": "TASK_1", "label_logprob": -5.9e-05, "p_task_1": 0.9999410017404657, "uncertainty": 0.0006335217246636567}, "Insurance Appraisers, Auto Damage_7249_7250": {"llm_label": "EQUAL_TIME", "label_logprob": -0.084036, "p_task_1": 0.5, "uncertainty": 0.6931471805599453}, "Insurance Appraisers, Auto Damage_7249_7251": {"llm_label": "TASK_2", "label_logprob": -0.006503, "p_task_1": 0.006481901255319333, "uncertainty": 0.03912147245422945}, "Insurance Appraisers, Auto Damage_7249_7252": {"llm_label": "TASK_1", "label_logprob": -0.039496, "p_task_1": 0.9612737990781044, "uncertainty": 0.16387460014307698}, "Insurance Appraisers, Auto Damage_7250_7251": {"llm_label": "TASK_2", "label_logprob": -0.000327, "p_task_1": 0.0003269465413271444, "uncertainty": 0.0029508724840821114}, "Insurance Appraisers, Auto Damage_7250_7252": {"llm_label": "TASK_2", "label_logprob": -0.009058, "p_task_1": 0.009017099902187464, "uncertainty": 0.05143453290142537}, "Insurance Appraisers, Auto Damage_7251_7252": {"llm_label": "TASK_2", "label_logprob": -0.079441, "p_task_1": 0.07636748732069631, "uncertainty": 0.2698066063094844}}