{"Management Analysts_7276_7277": {"llm_label": "TASK_2", "label_logprob": -0.000162, "p_task_1": 0.00016198687870860873, "uncertainty": 0.0015757944614625038}, "Management Analysts_7276_7278": {"llm_label": "TASK_1", "label_logprob": -0.047567, "p_task_1": 0.9535465833712573, "uncertainty": 0.1879370664021035}, "Management Analysts_7276_7279": {"llm_label": "TASK_2", "label_logprob": -0.000206, "p_task_1": 0.0002059787834568505, "uncertainty": 0.0019542513897298306}, "Management Analysts_7276_7280": {"llm_label": "TASK_2", "label_logprob": -0.001864, "p_task_1": 0.0018622638309072626, "uncertainty": 0.013566649193606251}, "Management Analysts_7276_7281": {"llm_label": "TASK_2", "label_logprob": -3e-06, "p_task_1": 2.9999955000192813e-06, "uncertainty": 4.1150633082097105e-05}, "Management Analysts_7276_7282": {"llm_label": "TASK_2", "label_logprob": -0.000137, "p_task_1": 0.0001369906159285339, "uncertainty": 0.0013555946993525322}, "Management Analysts_7276_7283": {"llm_label": "TASK_2", "label_logprob": -5.6e-05, "p_task_1": 5.599843202930277e-05, "uncertainty": 0.000604231977919192}, "Management Analysts_7276_7284": {"llm_label": "TASK_2", "label_logprob": -0.000767, "p_task_1": 0.0007667059306885049, "uncertainty": 0.0062663058046345255}, "Management Analysts_7276_7285": {"llm_label": "TASK_2", "label_logprob": -1.5e-05, "p_task_1": 1.4999887500533049e-05, "uncertainty": 0.00018161054327026476}, "Management Analysts_7276_7286": {"llm_label": "TASK_2", "label_logprob": -0.00263, "p_task_1": 0.002626544579915402, "uncertainty": 0.018230246344213663}, "Management Analysts_7277_7278": {"llm_label": "TASK_1", "label_logprob": -0.000186, "p_task_1": 0.9998140172969275, "uncertainty": 0.00178353020928775}, "Management Analysts_7277_7279": {"llm_label": "TASK_2", "label_logprob": -0.000652, "p_task_1": 0.0006517874941871504, "uncertainty": 0.005432952505984411}, "Management Analysts_7277_7280": {"llm_label": "TASK_1", "label_logprob": -0.008654, "p_task_1": 0.9913833380724765, "uncertainty": 0.04954353781302677}, "Management Analysts_7277_7281": {"llm_label": "TASK_2", "label_logprob": -0.000322, "p_task_1": 0.000321948163563901, "uncertainty": 0.0029107201522959713}, "Management Analysts_7277_7282": {"llm_label": "TASK_2", "label_logprob": -0.151949, "p_task_1": 0.14096790973942552, "uncertainty": 0.4067166388122574}, "Management Analysts_7277_7283": {"llm_label": "TASK_2", "label_logprob": -0.004508, "p_task_1": 0.004497854219451813, "uncertainty": 0.028794824305086498}, "Management Analysts_7277_7284": {"llm_label": "TASK_1", "label_logprob": -0.000409, "p_task_1": 0.9995910836290982, "uncertainty": 0.003599198236023992}, "Management Analysts_7277_7285": {"llm_label": "TASK_2", "label_logprob": -0.001773, "p_task_1": 0.0017714291640011925, "uncertainty": 0.012993578853368075}, "Management Analysts_7277_7286": {"llm_label": "TASK_1", "label_logprob": -7.9e-05, "p_task_1": 0.9999210031204179, "uncertainty": 0.000825206357674103}, "Management Analysts_7278_7279": {"llm_label": "TASK_2", "label_logprob": -3.6e-05, "p_task_1": 3.599935200782056e-05, "uncertainty": 0.0004043444200614643}, "Management Analysts_7278_7280": {"llm_label": "TASK_2", "label_logprob": -0.052791, "p_task_1": 0.05142175538055627, "uncertainty": 0.2026804259201141}, "Management Analysts_7278_7281": {"llm_label": "TASK_2", "label_logprob": 0.0, "p_task_1": 0.0, "uncertainty": 0.0}, "Management Analysts_7278_7282": {"llm_label": "TASK_2", "label_logprob": 0.0, "p_task_1": 0.0, "uncertainty": 0.0}, "Management Analysts_7278_7283": {"llm_label": "TASK_2", "label_logprob": -1.5e-05, "p_task_1": 1.4999887500533049e-05, "uncertainty": 0.00018161054327026476}, "Management Analysts_7278_7284": {"llm_label": "TASK_2", "label_logprob": -0.000634, "p_task_1": 0.0006337990644665892, "uncertainty": 0.0053007541506326855}, "Management Analysts_7278_7285": {"llm_label": "TASK_2", "label_logprob": 0.0, "p_task_1": 0.0, "uncertainty": 0.0}, "Management Analysts_7278_7286": {"llm_label": "TASK_2", "label_logprob": -0.064609, "p_task_1": 0.06256607160517391, "uncertainty": 0.23397054669048312}, "Management Analysts_7279_7280": {"llm_label": "TASK_1", "label_logprob": -1.4e-05, "p_task_1": 0.9999860000979995, "uncertainty": 0.0001704691519101948}, "Management Analysts_7279_7281": {"llm_label": "TASK_1", "label_logprob": -0.000527, "p_task_1": 0.9994731388401094, "uncertainty": 0.004503772532766237}, "Management Analysts_7279_7282": {"llm_label": "TASK_2", "label_logprob": -0.215868, "p_task_1": 0.19415833404679828, "uncertainty": 0.4921967229157843}, "Management Analysts_7279_7283": {"llm_label": "TASK_1", "label_logprob": -0.05259, "p_task_1": 0.948768928009651, "uncertainty": 0.20212422919494485}, "Management Analysts_7279_7284": {"llm_label": "TASK_1", "label_logprob": -0.000433, "p_task_1": 0.999567093730971, "uncertainty": 0.003785666982707047}, "Management Analysts_7279_7285": {"llm_label": "TASK_2", "label_logprob": -0.136843, "p_task_1": 0.12789286379522835, "uncertainty": 0.38236140754717374}, "Management Analysts_7279_7286": {"llm_label": "TASK_1", "label_logprob": -5e-05, "p_task_1": 0.9999500012499791, "uncertainty": 0.0005451607485001352}, "Management Analysts_7280_7281": {"llm_label": "TASK_2", "label_logprob": 0.0, "p_task_1": 0.0, "uncertainty": 0.0}, "Management Analysts_7280_7282": {"llm_label": "TASK_2", "label_logprob": -6.4e-05, "p_task_1": 6.399795204370395e-05, "uncertainty": 0.0006820023340782717}, "Management Analysts_7280_7283": {"llm_label": "TASK_2", "label_logprob": -0.000297, "p_task_1": 0.0002969558998660027, "uncertainty": 0.0027087659199318517}, "Management Analysts_7280_7284": {"llm_label": "TASK_2", "label_logprob": -0.005214, "p_task_1": 0.005200430695694314, "uncertainty": 0.03253602190875972}, "Management Analysts_7280_7285": {"llm_label": "TASK_2", "label_logprob": -3.2e-05, "p_task_1": 3.199948800547414e-05, "uncertainty": 0.0003631869779441248}, "Management Analysts_7280_7286": {"llm_label": "TASK_1", "label_logprob": -0.016609, "p_task_1": 0.9835281689773925, "uncertainty": 0.0839704634882061}, "Management Analysts_7281_7282": {"llm_label": "TASK_2", "label_logprob": -7.6e-05, "p_task_1": 7.599711207317839e-05, "uncertainty": 0.0007968127892924509}, "Management Analysts_7281_7283": {"llm_label": "TASK_2", "label_logprob": -0.000466, "p_task_1": 0.0004658914388637747, "uncertainty": 0.004039896049837997}, "Management Analysts_7281_7284": {"llm_label": "TASK_1", "label_logprob": -0.004986, "p_task_1": 0.9950264094649027, "uncertainty": 0.031339202379593596}, "Management Analysts_7281_7285": {"llm_label": "TASK_2", "label_logprob": -0.000142, "p_task_1": 0.00014198991847724773, "uncertainty": 0.001399975656547254}, "Management Analysts_7281_7286": {"llm_label": "TASK_1", "label_logprob": -0.000589, "p_task_1": 0.9994111734264489, "uncertainty": 0.004967979491399412}, "Management Analysts_7282_7283": {"llm_label": "CANNOT_DECIDE", "label_logprob": -0.609967, "p_task_1": 0.5, "uncertainty": 0.6931471805599453}, "Management Analysts_7282_7284": {"llm_label": "TASK_1", "label_logprob": -7e-06, "p_task_1": 0.9999930000245, "uncertainty": 9.008688755748087e-05}, "Management Analysts_7282_7285": {"llm_label": "TASK_1", "label_logprob": -0.352341, "p_task_1": 0.7030403443391576, "uncertainty": 0.6082661732356389}, "Management Analysts_7282_7286": {"llm_label": "TASK_1", "label_logprob": -5e-06, "p_task_1": 0.9999950000125, "uncertainty": 6.603019815215604e-05}, "Management Analysts_7283_7284": {"llm_label": "TASK_1", "label_logprob": -0.068371, "p_task_1": 0.9339139272298388, "uncertainty": 0.2433950901295569}, "Management Analysts_7283_7285": {"llm_label": "TASK_2", "label_logprob": -1e-06, "p_task_1": 9.999994999843054e-07, "uncertainty": 1.4815503149992376e-05}, "Management Analysts_7283_7286": {"llm_label": "TASK_1", "label_logprob": -0.029809, "p_task_1": 0.9706309063479548, "uncertainty": 0.13254218927059006},