{"Farm Labor Contractors_14838_14839": {"llm_label": "TASK_1", "label_logprob": -0.313787, "p_task_1": 0.7306746452850584, "uncertainty": 0.5825866674834987}, "Farm Labor Contractors_14838_14840": {"llm_label": "TASK_2", "label_logprob": -3.5e-05, "p_task_1": 3.499938750717302e-05, "uncertainty": 0.00039409879060961955}, "Farm Labor Contractors_14838_14841": {"llm_label": "TASK_2", "label_logprob": -0.003648, "p_task_1": 0.0036413541318318643, "uncertainty": 0.024082375065822635}, "Farm Labor Contractors_14838_14842": {"llm_label": "TASK_2", "label_logprob": -0.076952, "p_task_1": 0.07406570261388934, "uncertainty": 0.26403090727793477}, "Farm Labor Contractors_14838_14843": {"llm_label": "TASK_1", "label_logprob": -0.087361, "p_task_1": 0.9163462349255797, "uncertainty": 0.2876036735305775}, "Farm Labor Contractors_14838_14844": {"llm_label": "TASK_2", "label_logprob": -0.047379, "p_task_1": 0.04627413301893757, "uncertainty": 0.18739495499350117}, "Farm Labor Contractors_14839_14840": {"llm_label": "TASK_2", "label_logprob": -0.000476, "p_task_1": 0.0004758867299728964, "uncertainty": 0.00411646433523452}, "Farm Labor Contractors_14839_14841": {"llm_label": "TASK_2", "label_logprob": -0.000974, "p_task_1": 0.0009735258159642157, "uncertainty": 0.007724050488986366}, "Farm Labor Contractors_14839_14842": {"llm_label": "TASK_2", "label_logprob": -0.011205, "p_task_1": 0.011142457800571215, "uncertainty": 0.06118769725699321}, "Farm Labor Contractors_14839_14843": {"llm_label": "TASK_1", "label_logprob": -0.004515, "p_task_1": 0.9954951772899174, "uncertainty": 0.028832446273754593}, "Farm Labor Contractors_14839_14844": {"llm_label": "TASK_2", "label_logprob": -0.005312, "p_task_1": 0.005297916276614689, "uncertainty": 0.03304727880059131}, "Farm Labor Contractors_14840_14841": {"llm_label": "TASK_2", "label_logprob": -0.369365, "p_task_1": 0.3088269137725339, "uncertainty": 0.6181588364907021}, "Farm Labor Contractors_14840_14842": {"llm_label": "TASK_2", "label_logprob": -0.040984, "p_task_1": 0.040155512663263115, "uncertainty": 0.16843806084136237}, "Farm Labor Contractors_14840_14843": {"llm_label": "TASK_1", "label_logprob": -0.0003, "p_task_1": 0.9997000449955004, "uncertainty": 0.0027331084393530337}, "Farm Labor Contractors_14840_14844": {"llm_label": "TASK_2", "label_logprob": -0.121271, "p_task_1": 0.11420612307750289, "uncertainty": 0.35521988660158155}, "Farm Labor Contractors_14841_14842": {"llm_label": "CANNOT_DECIDE", "label_logprob": -0.649306, "p_task_1": 0.5, "uncertainty": 0.6931471805599453}, "Farm Labor Contractors_14841_14843": {"llm_label": "TASK_1", "label_logprob": -0.000988, "p_task_1": 0.9990124879113013, "uncertainty": 0.00782092579254146}, "Farm Labor Contractors_14841_14844": {"llm_label": "CANNOT_DECIDE", "label_logprob": -0.215707, "p_task_1": 0.5, "uncertainty": 0.6931471805599453}, "Farm Labor Contractors_14842_14843": {"llm_label": "TASK_1", "label_logprob": -0.00042, "p_task_1": 0.9995800881876533, "uncertainty": 0.003684833589474493}, "Farm Labor Contractors_14842_14844": {"llm_label": "TASK_2", "label_logprob": -0.04929, "p_task_1": 0.04809496279376135, "uncertainty": 0.19286730715949518}, "Farm Labor Contractors_14843_14844": {"llm_label": "TASK_2", "label_logprob": -6.6e-05, "p_task_1": 6.599782204796956e-05, "uncertainty": 0.0007012833412595727}}