{"Cost Estimators_80_81": {"llm_label": "TASK_2", "label_logprob": -0.040045, "p_task_1": 0.0392537953996539, "uncertainty": 0.16556537545370625}, "Cost Estimators_80_82": {"llm_label": "TASK_1", "label_logprob": -1e-05, "p_task_1": 0.9999900000499998, "uncertainty": 0.00012512862900562218}, "Cost Estimators_80_83": {"llm_label": "TASK_1", "label_logprob": -6.1e-05, "p_task_1": 0.9999390018604621, "uncertainty": 0.0006529629227593847}, "Cost Estimators_80_84": {"llm_label": "TASK_1", "label_logprob": -0.3011, "p_task_1": 0.7400037686696985, "uncertainty": 0.573052975184511}, "Cost Estimators_80_85": {"llm_label": "TASK_1", "label_logprob": -0.003346, "p_task_1": 0.9966595916197416, "uncertainty": 0.022380703221010375}, "Cost Estimators_80_86": {"llm_label": "TASK_1", "label_logprob": -6e-06, "p_task_1": 0.999994000018, "uncertainty": 7.814227210513045e-05}, "Cost Estimators_80_87": {"llm_label": "TASK_1", "label_logprob": -0.001115, "p_task_1": 0.9988856213815317, "uncertainty": 0.00869092843934336}, "Cost Estimators_80_88": {"llm_label": "TASK_1", "label_logprob": -2e-06, "p_task_1": 0.999998000002, "uncertainty": 2.8244698509961958e-05}, "Cost Estimators_80_89": {"llm_label": "TASK_1", "label_logprob": -0.577342, "p_task_1": 0.5613885560081578, "uncertainty": 0.6855910198262924}, "Cost Estimators_80_90": {"llm_label": "TASK_2", "label_logprob": -0.456021, "p_task_1": 0.36619947285227505, "uncertainty": 0.6569019496148318}, "Cost Estimators_80_91": {"llm_label": "TASK_2", "label_logprob": -0.000651, "p_task_1": 0.0006507881454749231, "uncertainty": 0.0054256213762792545}, "Cost Estimators_80_92": {"llm_label": "TASK_1", "label_logprob": -0.002478, "p_task_1": 0.9975250677075503, "uncertainty": 0.017325277811862192}, "Cost Estimators_80_20846": {"llm_label": "TASK_1", "label_logprob": -0.039911, "p_task_1": 0.9608749532177272, "uncertainty": 0.16515346087513633}, "Cost Estimators_81_82": {"llm_label": "TASK_1", "label_logprob": -0.000815, "p_task_1": 0.9991853320222945, "uncertainty": 0.006608849343084299}, "Cost Estimators_81_83": {"llm_label": "TASK_1", "label_logprob": -0.000424, "p_task_1": 0.9995760898752972, "uncertainty": 0.0037159016679114082}, "Cost Estimators_81_84": {"llm_label": "TASK_2", "label_logprob": -0.95847, "p_task_1": 0.6165208395237202, "uncertainty": 0.6657416846868363}, "Cost Estimators_81_85": {"llm_label": "TASK_2", "label_logprob": -0.493416, "p_task_1": 0.3894627672588281, "uncertainty": 0.6685071693847997}, "Cost Estimators_81_86": {"llm_label": "TASK_1", "label_logprob": -0.000182, "p_task_1": 0.9998180165609953, "uncertainty": 0.001749134528681951}, "Cost Estimators_81_87": {"llm_label": "TASK_2", "label_logprob": -0.036282, "p_task_1": 0.03563169672721711, "uncertainty": 0.1538038047391744}, "Cost Estimators_81_88": {"llm_label": "TASK_1", "label_logprob": -0.000476, "p_task_1": 0.9995241132700271, "uncertainty": 0.00411646433523452}, "Cost Estimators_81_89": {"llm_label": "TASK_2", "label_logprob": -0.003382, "p_task_1": 0.0033762874797290676, "uncertainty": 0.02258496102801671}, "Cost Estimators_81_90": {"llm_label": "TASK_2", "label_logprob": -0.16596, "p_task_1": 0.15291988328358674, "uncertainty": 0.4277406631157702}, "Cost Estimators_81_91": {"llm_label": "TASK_2", "label_logprob": -0.000358, "p_task_1": 0.0003579359256464798, "uncertainty": 0.003198149469619536}, "Cost Estimators_81_92": {"llm_label": "TASK_1", "label_logprob": -0.00097, "p_task_1": 0.9990304702979247, "uncertainty": 0.0076963347640837}, "Cost Estimators_81_20846": {"llm_label": "TASK_1", "label_logprob": -0.401325, "p_task_1": 0.6694324601301601, "uncertainty": 0.6345798307725994}, "Cost Estimators_82_83": {"llm_label": "EQUAL_TIME", "label_logprob": -0.000712, "p_task_1": 0.5, "uncertainty": 0.6931471805599453}, "Cost Estimators_82_84": {"llm_label": "TASK_2", "label_logprob": -5.9e-05, "p_task_1": 5.8998259534259745e-05, "uncertainty": 0.0006335217246636567}, "Cost Estimators_82_85": {"llm_label": "TASK_2", "label_logprob": -3.7e-05, "p_task_1": 3.699931550849023e-05, "uncertainty": 0.00041456225843036797}, "Cost Estimators_82_86": {"llm_label": "TASK_2", "label_logprob": -0.598896, "p_task_1": 0.4505821412864126, "uncertainty": 0.6882549478407176}, "Cost Estimators_82_87": {"llm_label": "TASK_2", "label_logprob": -0.006774, "p_task_1": 0.006751108180893195, "uncertainty": 0.04047063487038247}, "Cost Estimators_82_88": {"llm_label": "TASK_1", "label_logprob": -0.694001, "p_task_1": 0.4995732724800227, "uncertainty": 0.6931468163671485}, "Cost Estimators_82_89": {"llm_label": "TASK_2", "label_logprob": -1e-06, "p_task_1": 9.999994999843054e-07, "uncertainty": 1.4815503149992376e-05}, "Cost Estimators_82_90": {"llm_label": "TASK_2", "label_logprob": -0.001931, "p_task_1": 0.001929136818960453, "uncertainty": 0.013985696823010124}, "Cost Estimators_82_91": {"llm_label": "TASK_2", "label_logprob": 0.0, "p_task_1": 0.0, "uncertainty": 0.0}, "Cost Estimators_82_92": {"llm_label": "TASK_2", "label_logprob": -0.000771, "p_task_1": 0.0007707028558709972, "uncertainty": 0.0062949639028533014}, "Cost Estimators_82_20846": {"llm_label": "TASK_2", "label_logprob": -0.000127, "p_task_1": 0.0001269919358414251, "uncertainty": 0.001266277670632851}, "Cost Estimators_83_84": {"llm_label": "TASK_2", "label_logprob": -1e-05, "p_task_1": 9.999950000172397e-06, "uncertainty": 0.00012512862900562218}, "Cost Estimators_83_85": {"llm_label": "TASK_2", "label_logprob": -2.2e-05, "p_task_1": 2.1999758001767233e-05, "uncertainty": 0.0002579354610012207}, "Cost Estimators_83_86": {"llm_label": "TASK_2", "label_logprob": -0.044579, "p_task_1": 0.04359995849418308, "uncertainty": 0.17922090733903362}, "Cost Estimators_83_87": {"llm_label": "TASK_2", "label_logprob": -0.000589, "p_task_1": 0.0005888265735510823, "uncertainty": 0.004967979491399412}, "Cost Estimators_83_88": {"llm_label": "TASK_2", "label_logprob": -0.208523, "p_task_1": 0.18821763650653467, "uncertainty": 0.48362817358038823}, "Cost Estimators_83_89": {"llm_label": "TASK_2", "label_logprob": -0.0001, "p_task_1": 9.999500016666385e-05, "uncertainty": 0.0010209829872391161}, "Cost Estimators_83_90": {"llm_label": "TASK_2", "label_logprob": -0.002476, "p_task_1": 0.002472937240319162, "uncertainty": 0.01731330855964866}, "Cost Estimators_83_91": {"llm_label": "TASK_2", "label_logprob": 0.0, "p_task_1": 0.0, "uncertainty": 0.0}, "Cost Estimators_83_92": {"llm_label": "TASK_2", "label_logprob": -4.4e-05, "p_task_1": 4.399903201424138e-05, "uncertainty": 0.0004853674424999764}, "Cost Estimators_83_20846": {"llm_label": "TASK_2", "label_logprob": -0.000222, "p_task_1": 0.00022197535982337868, "uncertainty": 0.0020894170316763114}, "Cost Estimators_84_85": {"llm_label": "EQUAL_TIME", "label_logprob": -0.100228, "p_task_1": 0.5, "uncertainty": 0.6931471805599453}, "Cost Estimators_84_86": {"llm_label": "TASK_1", "label_logprob": -0.002918, "p_task_1": 0.997086253224025, "uncertainty": 0.019920870576695626}, "Cost Estimators_84_87": {"llm_label": "TASK_2", "label_logprob": -0.531943, "p_task_1": 0.4125375794318188, "uncertainty": 0.677768836242448}, "Cost Estimators_84_88": {"llm_label": "TASK_1", "label_logprob": -3.8e-05, "p_task_1": 0.9999620007219908, "uncertainty": 0.0004247530567765096}, "Cost Estimators_84_89": {"llm_label": "TASK_2", "label_logprob": -0.000814, "p_task_1": 0.0008136687918739449, "uncertainty": 0.006601742604965977}, "Cost Estimators_84_90": {"llm_label": "TASK_2", "label_logprob": -0.001335, "p_task_1": 0.0013341092839127544, "uncertainty": 0.010164343912797334}, "Cost Estimators_84_91": {"llm_label": "TASK_2", "label_logprob": -2.2e-05, "p_task_1": 2.1999758001767233e-05, "uncertainty": 0.0002579354610012207}, "Cost Estimators_84_92": {"llm_label": "TASK_1", "label_logprob": -0.001538, "p_task_1": 0.9984631821158909, "uncertainty": 0.011491206112283126}, "Cost Estimators_84_20846": {"llm_label": "CANNOT_DECIDE", "label_logprob": -0.701366, "p_task_1": 0.5,