{"Tax Preparers_7358_7359": {"llm_label": "TASK_2", "label_logprob": -6.1e-05, "p_task_1": 6.099813953786004e-05, "uncertainty": 0.0006529629227593847}, "Tax Preparers_7358_7360": {"llm_label": "TASK_2", "label_logprob": -0.040203, "p_task_1": 0.039405581308578186, "uncertainty": 0.16605043043342715}, "Tax Preparers_7358_7361": {"llm_label": "TASK_1", "label_logprob": -0.001318, "p_task_1": 0.9986828681805374, "uncertainty": 0.01005187576709857}, "Tax Preparers_7358_7362": {"llm_label": "TASK_2", "label_logprob": -0.002851, "p_task_1": 0.0028469397589989676, "uncertainty": 0.01953025103616129}, "Tax Preparers_7358_7363": {"llm_label": "TASK_1", "label_logprob": -0.001861, "p_task_1": 0.9981407305867929, "uncertainty": 0.013547829564861787}, "Tax Preparers_7358_7364": {"llm_label": "TASK_1", "label_logprob": -0.049272, "p_task_1": 0.9519221716511178, "uncertainty": 0.19281615270295147}, "Tax Preparers_7358_7365": {"llm_label": "TASK_1", "label_logprob": 0.0, "p_task_1": 1.0, "uncertainty": 0.0}, "Tax Preparers_7358_7366": {"llm_label": "TASK_1", "label_logprob": -2.2e-05, "p_task_1": 0.9999780002419982, "uncertainty": 0.0002579354610012207}, "Tax Preparers_7358_20363": {"llm_label": "TASK_1", "label_logprob": -0.009191, "p_task_1": 0.9908511081364593, "uncertainty": 0.05205293181735243}, "Tax Preparers_7358_20364": {"llm_label": "TASK_1", "label_logprob": -0.004445, "p_task_1": 0.9955648643913478, "uncertainty": 0.028455724656428014}, "Tax Preparers_7358_21165": {"llm_label": "TASK_1", "label_logprob": -1e-06, "p_task_1": 0.9999990000005, "uncertainty": 1.4815503149992376e-05}, "Tax Preparers_7359_7360": {"llm_label": "EQUAL_TIME", "label_logprob": -0.001214, "p_task_1": 0.5, "uncertainty": 0.6931471805599453}, "Tax Preparers_7359_7361": {"llm_label": "TASK_1", "label_logprob": -2.9e-05, "p_task_1": 0.9999710004204959, "uncertainty": 0.000331993413184829}, "Tax Preparers_7359_7362": {"llm_label": "TASK_1", "label_logprob": -0.314594, "p_task_1": 0.7300852287078903, "uncertainty": 0.5831740513034335}, "Tax Preparers_7359_7363": {"llm_label": "TASK_1", "label_logprob": -4.8e-05, "p_task_1": 0.9999520011519816, "uncertainty": 0.0005253142506203896}, "Tax Preparers_7359_7364": {"llm_label": "TASK_1", "label_logprob": -8.8e-05, "p_task_1": 0.9999120038718864, "uncertainty": 0.0009097192612209179}, "Tax Preparers_7359_7365": {"llm_label": "TASK_1", "label_logprob": 0.0, "p_task_1": 1.0, "uncertainty": 0.0}, "Tax Preparers_7359_7366": {"llm_label": "TASK_1", "label_logprob": 0.0, "p_task_1": 1.0, "uncertainty": 0.0}, "Tax Preparers_7359_20363": {"llm_label": "TASK_1", "label_logprob": -0.002489, "p_task_1": 0.9975140949921557, "uncertainty": 0.01739107948792346}, "Tax Preparers_7359_20364": {"llm_label": "TASK_1", "label_logprob": -0.000263, "p_task_1": 0.9997370345814683, "uncertainty": 0.002430683118198707}, "Tax Preparers_7359_21165": {"llm_label": "TASK_1", "label_logprob": -5e-06, "p_task_1": 0.9999950000125, "uncertainty": 6.603019815215604e-05}, "Tax Preparers_7360_7361": {"llm_label": "TASK_1", "label_logprob": -0.0008, "p_task_1": 0.9992003199146837, "uncertainty": 0.006502117891634207}, "Tax Preparers_7360_7362": {"llm_label": "TASK_2", "label_logprob": -0.009393, "p_task_1": 0.009349023573401172, "uncertainty": 0.052988341810737506}, "Tax Preparers_7360_7363": {"llm_label": "EQUAL_TIME", "label_logprob": -0.583942, "p_task_1": 0.5, "uncertainty": 0.6931471805599453}, "Tax Preparers_7360_7364": {"llm_label": "TASK_2", "label_logprob": -0.063313, "p_task_1": 0.06135036962925311, "uncertainty": 0.23066705872679943}, "Tax Preparers_7360_7365": {"llm_label": "TASK_1", "label_logprob": 0.0, "p_task_1": 1.0, "uncertainty": 0.0}, "Tax Preparers_7360_7366": {"llm_label": "TASK_1", "label_logprob": -6.8e-05, "p_task_1": 0.9999320023119476, "uncertainty": 0.0007205036965996683}, "Tax Preparers_7360_20363": {"llm_label": "TASK_1", "label_logprob": -0.59503, "p_task_1": 0.5515460192390544, "uncertainty": 0.6878237433068395}, "Tax Preparers_7360_20364": {"llm_label": "TASK_1", "label_logprob": -0.11321, "p_task_1": 0.8929631181699847, "uncertainty": 0.34027502416322797}, "Tax Preparers_7360_21165": {"llm_label": "TASK_1", "label_logprob": -1e-06, "p_task_1": 0.9999990000005, "uncertainty": 1.4815503149992376e-05}, "Tax Preparers_7361_7362": {"llm_label": "TASK_2", "label_logprob": 0.0, "p_task_1": 0.0, "uncertainty": 0.0}, "Tax Preparers_7361_7363": {"llm_label": "EQUAL_TIME", "label_logprob": -0.671833, "p_task_1": 0.5, "uncertainty": 0.6931471805599453}, "Tax Preparers_7361_7364": {"llm_label": "TASK_2", "label_logprob": -0.04212, "p_task_1": 0.04124527689759783, "uncertainty": 0.1718817108824326}, "Tax Preparers_7361_7365": {"llm_label": "TASK_1", "label_logprob": 0.0, "p_task_1": 1.0, "uncertainty": 0.0}, "Tax Preparers_7361_7366": {"llm_label": "TASK_1", "label_logprob": -0.000338, "p_task_1": 0.9996620571155648, "uncertainty": 0.0030389394478294064}, "Tax Preparers_7361_20363": {"llm_label": "TASK_2", "label_logprob": -0.580801, "p_task_1": 0.4405499324584887, "uncertainty": 0.6860618094612938}, "Tax Preparers_7361_20364": {"llm_label": "TASK_1", "label_logprob": -0.20442, "p_task_1": 0.8151199489051069, "uncertainty": 0.4787132272213302}, "Tax Preparers_7361_21165": {"llm_label": "TASK_1", "label_logprob": 0.0, "p_task_1": 1.0, "uncertainty": 0.0}, "Tax Preparers_7362_7363": {"llm_label": "TASK_1", "label_logprob": -0.006864, "p_task_1": 0.9931595034413804, "uncertainty": 0.040916203607440624}, "Tax Preparers_7362_7364": {"llm_label": "TASK_1", "label_logprob": -0.694905, "p_task_1": 0.49912186230983935, "uncertainty": 0.6931456383075467}, "Tax Preparers_7362_7365": {"llm_label": "TASK_1", "label_logprob": 0.0, "p_task_1": 1.0, "uncertainty": 0.0}, "Tax Preparers_7362_7366": {"llm_label": "TASK_1", "label_logprob": -1.7e-05, "p_task_1": 0.9999830001444991, "uncertainty": 0.000203697321204896}, "Tax Preparers_7362_20363": {"llm_label": "TASK_1", "label_logprob": -0.038437, "p_task_1": 0.962292327246805, "uncertainty": 0.1605892971204717}, "Tax Preparers_7362_20364": {"llm_label": "TASK_1", "label_logprob": -8.9e-05, "p_task_1": 0.9999110039603825, "uncertainty": 0.0009190509044105765}, "Tax Preparers_7362_21165": {"llm_label": "TASK_1", "label_logprob": 0.0, "p_task_1": 1.0, "uncertainty": 0.0}, "Tax Preparers_7363_7364": {"llm_label": "TASK_2", "label_logprob": -0.003254, "p_task_1": 0.003248711479836741, "uncertainty": 0.021856910814895898}, "Tax Preparers_7363_7365": {"llm_label": "TASK_1", "label_logprob": -1e-06, "p_task_1": 0.9999990000005, "uncertainty": 1.4815503149992376e-05}, "Tax Preparers_7363_7366": {"llm_label": "TASK_1", "label_logprob": -0.001634, "p_task_1": 0.998367334251179, "uncertainty": 0.01210903188619052}, "Tax Preparers_7363_20363": {"llm_label": "EQUAL_TIME", "label_logprob": -0.633612, "p_task_1": 0.5, "uncertainty": 0.6931471805599453}, "Tax Preparers_7363_20364": {"llm_label": "EQUAL_TIME", "label_logprob": -0.067291, "p_task_1": 0.5, "uncertainty": 0.6931471805599453}, "Tax Preparers_7363_21165": {"llm_label": "TASK_1", "label_logprob": 0.0, "p_task_1": 1.0, "uncertainty": 0.0}, "Tax Preparers_7364_7365": {"llm_label": "TASK_1", "label_logprob": 0.0, "p_task_1": 1.0, "uncertainty": 0.0}, "Tax Preparers_7364_7366": {"llm_label": "TASK_1", "label_logprob": -4.7e-05, "p_task_1": 0.9999530011044827, "uncertainty": 0.0005153599478945111}, "Tax Preparers_7364_20363": {"llm_label": "TASK_1", "label_logprob": -0.906829, "p_task_1": 0.40380265422787615, "uncertainty": 0.674523416713095}, "Tax Preparers_7364_20364": {"llm_label": "CANNOT_DECIDE", "label_logprob": -0.912577, "p_task_1": 0.5, "uncertainty": 0.6931471805599453}, "Tax Preparers_7364_21165": {"llm_label": "TASK_1", "label_logprob": -1e-06, "p_task_1": 0.9999990000005, "uncertainty": 1.4815503149992376e-05}, "Tax Preparers_7365_7366": {"llm_label": "TASK_2", "label_logprob": -0.005803, "p_task_1": 0.005786195117457815, "uncertainty": 0.03558152211847887},