{"Appraisers of Personal and Business Property_21535_21536": {"llm_label": "TASK_1", "label_logprob": -1.3e-05, "p_task_1": 0.9999870000844996, "uncertainty": 0.00015925626043919854}, "Appraisers of Personal and Business Property_21535_21537": {"llm_label": "TASK_1", "label_logprob": -2e-06, "p_task_1": 0.999998000002, "uncertainty": 2.8244698509961958e-05}, "Appraisers of Personal and Business Property_21535_21538": {"llm_label": "TASK_1", "label_logprob": -7e-05, "p_task_1": 0.9999300024499428, "uncertainty": 0.0007396651835453089}, "Appraisers of Personal and Business Property_21535_21539": {"llm_label": "CANNOT_DECIDE", "label_logprob": -0.284759, "p_task_1": 0.5, "uncertainty": 0.6931471805599453}, "Appraisers of Personal and Business Property_21535_21540": {"llm_label": "TASK_1", "label_logprob": -0.086754, "p_task_1": 0.9169026259377682, "uncertainty": 0.2862698126924557}, "Appraisers of Personal and Business Property_21535_21541": {"llm_label": "TASK_1", "label_logprob": -0.000179, "p_task_1": 0.9998210160195442, "uncertainty": 0.0017232800926990227}, "Appraisers of Personal and Business Property_21535_21542": {"llm_label": "TASK_1", "label_logprob": -1e-06, "p_task_1": 0.9999990000005, "uncertainty": 1.4815503149992376e-05}, "Appraisers of Personal and Business Property_21535_21543": {"llm_label": "TASK_1", "label_logprob": -3e-06, "p_task_1": 0.9999970000045, "uncertainty": 4.1150633082097105e-05}, "Appraisers of Personal and Business Property_21535_21544": {"llm_label": "TASK_2", "label_logprob": -0.391441, "p_task_1": 0.32391806184764693, "uncertainty": 0.6297875837548201}, "Appraisers of Personal and Business Property_21535_21545": {"llm_label": "CANNOT_DECIDE", "label_logprob": -0.07615, "p_task_1": 0.5, "uncertainty": 0.6931471805599453}, "Appraisers of Personal and Business Property_21535_21546": {"llm_label": "TASK_1", "label_logprob": -1e-06, "p_task_1": 0.9999990000005, "uncertainty": 1.4815503149992376e-05}, "Appraisers of Personal and Business Property_21535_21547": {"llm_label": "TASK_2", "label_logprob": -0.03859, "p_task_1": 0.037854892216687586, "uncertainty": 0.16106590962293613}, "Appraisers of Personal and Business Property_21535_21548": {"llm_label": "TASK_1", "label_logprob": -0.000153, "p_task_1": 0.9998470117039031, "uncertainty": 0.0014970015900026645}, "Appraisers of Personal and Business Property_21536_21537": {"llm_label": "TASK_1", "label_logprob": -0.005244, "p_task_1": 0.9947697257648819, "uncertainty": 0.03269272797575067}, "Appraisers of Personal and Business Property_21536_21538": {"llm_label": "TASK_2", "label_logprob": -0.016613, "p_task_1": 0.01647576512741522, "uncertainty": 0.08398655151080789}, "Appraisers of Personal and Business Property_21536_21539": {"llm_label": "TASK_2", "label_logprob": -0.00118, "p_task_1": 0.0011793040737578808, "uncertainty": 0.009130456231640983}, "Appraisers of Personal and Business Property_21536_21540": {"llm_label": "TASK_2", "label_logprob": 0.0, "p_task_1": 0.0, "uncertainty": 0.0}, "Appraisers of Personal and Business Property_21536_21541": {"llm_label": "TASK_2", "label_logprob": -0.000389, "p_task_1": 0.000388924349309705, "uncertainty": 0.003442731590125888}, "Appraisers of Personal and Business Property_21536_21542": {"llm_label": "TASK_1", "label_logprob": -0.003305, "p_task_1": 0.9967004555007017, "uncertainty": 0.022147596094520865}, "Appraisers of Personal and Business Property_21536_21543": {"llm_label": "TASK_1", "label_logprob": -0.005246, "p_task_1": 0.9947677362274199, "uncertainty": 0.0327031687826477}, "Appraisers of Personal and Business Property_21536_21544": {"llm_label": "TASK_2", "label_logprob": -0.000603, "p_task_1": 0.0006028182320372277, "uncertainty": 0.00507186748423399}, "Appraisers of Personal and Business Property_21536_21545": {"llm_label": "TASK_2", "label_logprob": -6.3e-05, "p_task_1": 6.299801554165985e-05, "uncertainty": 0.0006723384985142869}, "Appraisers of Personal and Business Property_21536_21546": {"llm_label": "TASK_1", "label_logprob": -0.011767, "p_task_1": 0.9883019603938232, "uncertainty": 0.06366613655451064}, "Appraisers of Personal and Business Property_21536_21547": {"llm_label": "TASK_2", "label_logprob": 0.0, "p_task_1": 0.0, "uncertainty": 0.0}, "Appraisers of Personal and Business Property_21536_21548": {"llm_label": "TASK_2", "label_logprob": -0.387327, "p_task_1": 0.32113093155809547, "uncertainty": 0.6277189848267686}, "Appraisers of Personal and Business Property_21537_21538": {"llm_label": "TASK_2", "label_logprob": -8e-05, "p_task_1": 7.999680008530241e-05, "uncertainty": 0.0008346453276260399}, "Appraisers of Personal and Business Property_21537_21539": {"llm_label": "TASK_2", "label_logprob": -0.00889, "p_task_1": 0.008850600789437224, "uncertainty": 0.05065049719044742}, "Appraisers of Personal and Business Property_21537_21540": {"llm_label": "TASK_2", "label_logprob": 0.0, "p_task_1": 0.0, "uncertainty": 0.0}, "Appraisers of Personal and Business Property_21537_21541": {"llm_label": "TASK_2", "label_logprob": -4.5e-05, "p_task_1": 4.499898751519904e-05, "uncertainty": 0.0004953870167811679}, "Appraisers of Personal and Business Property_21537_21542": {"llm_label": "TASK_1", "label_logprob": -0.177785, "p_task_1": 0.8371223854550363, "uncertainty": 0.4444109627019145}, "Appraisers of Personal and Business Property_21537_21543": {"llm_label": "TASK_1", "label_logprob": -0.00016, "p_task_1": 0.9998400127993173, "uncertainty": 0.0015583292093465813}, "Appraisers of Personal and Business Property_21537_21544": {"llm_label": "TASK_2", "label_logprob": -0.001519, "p_task_1": 0.0015178469034251574, "uncertainty": 0.011368222736090849}, "Appraisers of Personal and Business Property_21537_21545": {"llm_label": "TASK_2", "label_logprob": -0.000366, "p_task_1": 0.0003659330301705177, "uncertainty": 0.0032615161723646047}, "Appraisers of Personal and Business Property_21537_21546": {"llm_label": "TASK_1", "label_logprob": -0.063929, "p_task_1": 0.9380716002499937, "uncertainty": 0.23224094049589}, "Appraisers of Personal and Business Property_21537_21547": {"llm_label": "TASK_2", "label_logprob": 0.0, "p_task_1": 0.0, "uncertainty": 0.0}, "Appraisers of Personal and Business Property_21537_21548": {"llm_label": "TASK_2", "label_logprob": -4e-06, "p_task_1": 3.9999919999589295e-06, "uncertainty": 5.371675735315082e-05}, "Appraisers of Personal and Business Property_21538_21539": {"llm_label": "TASK_2", "label_logprob": -0.000634, "p_task_1": 0.0006337990644665892, "uncertainty": 0.0053007541506326855}, "Appraisers of Personal and Business Property_21538_21540": {"llm_label": "TASK_2", "label_logprob": -0.006886, "p_task_1": 0.006862345827352456, "uncertainty": 0.0410249348458237}, "Appraisers of Personal and Business Property_21538_21541": {"llm_label": "TASK_2", "label_logprob": -0.043275, "p_task_1": 0.04235199934753331, "uncertainty": 0.17534821277565385}, "Appraisers of Personal and Business Property_21538_21542": {"llm_label": "TASK_1", "label_logprob": -6.2e-05, "p_task_1": 0.9999380019219603, "uncertainty": 0.0006626587800967377}, "Appraisers of Personal and Business Property_21538_21543": {"llm_label": "TASK_1", "label_logprob": -9e-06, "p_task_1": 0.9999910000404999, "uncertainty": 0.0001135640627863842}, "Appraisers of Personal and Business Property_21538_21544": {"llm_label": "TASK_2", "label_logprob": -0.016228, "p_task_1": 0.016097035396194115, "uncertainty": 0.08243337069359935}, "Appraisers of Personal and Business Property_21538_21545": {"llm_label": "TASK_2", "label_logprob": -0.00345, "p_task_1": 0.0034440555880386192, "uncertainty": 0.022969720774948587}, "Appraisers of Personal and Business Property_21538_21546": {"llm_label": "TASK_1", "label_logprob": -0.002135, "p_task_1": 0.9978672774913969, "uncertainty": 0.0152474491916691}, "Appraisers of Personal and Business Property_21538_21547": {"llm_label": "TASK_2", "label_logprob": 0.0, "p_task_1": 0.0, "uncertainty": 0.0},