{"Insurance Underwriters_1261_1262": {"llm_label": "TASK_2", "label_logprob": -0.000591, "p_task_1": 0.000590825393899097, "uncertainty": 0.00498284090754845}, "Insurance Underwriters_1261_1263": {"llm_label": "TASK_2", "label_logprob": -6e-06, "p_task_1": 5.9999820000156134e-06, "uncertainty": 7.814227210513045e-05}, "Insurance Underwriters_1261_1264": {"llm_label": "TASK_2", "label_logprob": 0.0, "p_task_1": 0.0, "uncertainty": 0.0}, "Insurance Underwriters_1261_1265": {"llm_label": "TASK_2", "label_logprob": 0.0, "p_task_1": 0.0, "uncertainty": 0.0}, "Insurance Underwriters_1261_1266": {"llm_label": "TASK_2", "label_logprob": -0.001027, "p_task_1": 0.001026472815988111, "uncertainty": 0.008089748656590146}, "Insurance Underwriters_1261_21045": {"llm_label": "TASK_2", "label_logprob": 0.0, "p_task_1": 0.0, "uncertainty": 0.0}, "Insurance Underwriters_1262_1263": {"llm_label": "TASK_2", "label_logprob": -7.7e-05, "p_task_1": 7.699703557606519e-05, "uncertainty": 0.0008062902529262152}, "Insurance Underwriters_1262_1264": {"llm_label": "TASK_2", "label_logprob": -0.003322, "p_task_1": 0.003316488263019335, "uncertainty": 0.02224431269297769}, "Insurance Underwriters_1262_1265": {"llm_label": "TASK_2", "label_logprob": -0.00108, "p_task_1": 0.0010794170098953337, "uncertainty": 0.008452692553781005}, "Insurance Underwriters_1262_1266": {"llm_label": "TASK_1", "label_logprob": -0.074931, "p_task_1": 0.9278075028376537, "uncertainty": 0.2592736864490525}, "Insurance Underwriters_1262_21045": {"llm_label": "TASK_2", "label_logprob": 0.0, "p_task_1": 0.0, "uncertainty": 0.0}, "Insurance Underwriters_1263_1264": {"llm_label": "TASK_2", "label_logprob": -0.571376, "p_task_1": 0.43525218917344166, "uncertainty": 0.6847390303306256}, "Insurance Underwriters_1263_1265": {"llm_label": "TASK_2", "label_logprob": -0.097832, "p_task_1": 0.09319876643490255, "uncertainty": 0.30987678891925896}, "Insurance Underwriters_1263_1266": {"llm_label": "TASK_1", "label_logprob": -0.000494, "p_task_1": 0.9995061219979102, "uncertainty": 0.0042537589102096054}, "Insurance Underwriters_1263_21045": {"llm_label": "TASK_2", "label_logprob": -0.004551, "p_task_1": 0.004540659891391852, "uncertainty": 0.029025755850077953}, "Insurance Underwriters_1264_1265": {"llm_label": "EQUAL_TIME", "label_logprob": -0.277471, "p_task_1": 0.5, "uncertainty": 0.6931471805599453}, "Insurance Underwriters_1264_1266": {"llm_label": "TASK_1", "label_logprob": -0.001008, "p_task_1": 0.9989925078613443, "uncertainty": 0.007958973452359804}, "Insurance Underwriters_1264_21045": {"llm_label": "TASK_2", "label_logprob": -0.00042, "p_task_1": 0.00041991181234668495, "uncertainty": 0.003684833589474493}, "Insurance Underwriters_1265_1266": {"llm_label": "TASK_1", "label_logprob": -0.001009, "p_task_1": 0.9989915088693359, "uncertainty": 0.007965865285390093}, "Insurance Underwriters_1265_21045": {"llm_label": "TASK_2", "label_logprob": -0.04928, "p_task_1": 0.04808544369579393, "uncertainty": 0.19283888892248935}, "Insurance Underwriters_1266_21045": {"llm_label": "TASK_2", "label_logprob": 0.0, "p_task_1": 0.0, "uncertainty": 0.0}}