{"Computer User Support Specialists_1282_1283": {"llm_label": "TASK_1", "label_logprob": -0.025634, "p_task_1": 0.9746917615185241, "uncertainty": 0.11803415863001082}, "Computer User Support Specialists_1282_1284": {"llm_label": "TASK_2", "label_logprob": -0.000527, "p_task_1": 0.0005268611598906459, "uncertainty": 0.004503772532766237}, "Computer User Support Specialists_1282_1285": {"llm_label": "TASK_2", "label_logprob": -0.043085, "p_task_1": 0.042170028940768156, "uncertainty": 0.17478033571742035}, "Computer User Support Specialists_1282_1286": {"llm_label": "TASK_2", "label_logprob": -0.000132, "p_task_1": 0.0001319912883833707, "uncertainty": 0.0013110310100159317}, "Computer User Support Specialists_1282_1287": {"llm_label": "TASK_1", "label_logprob": -0.003252, "p_task_1": 0.9967532820247339, "uncertainty": 0.021845494909888633}, "Computer User Support Specialists_1282_1288": {"llm_label": "TASK_2", "label_logprob": -0.000141, "p_task_1": 0.00014099005996714986, "uncertainty": 0.0013911137684207108}, "Computer User Support Specialists_1282_1289": {"llm_label": "TASK_2", "label_logprob": -3.6e-05, "p_task_1": 3.599935200782056e-05, "uncertainty": 0.0004043444200614643}, "Computer User Support Specialists_1282_1290": {"llm_label": "TASK_2", "label_logprob": -4e-06, "p_task_1": 3.9999919999589295e-06, "uncertainty": 5.371675735315082e-05}, "Computer User Support Specialists_1282_1291": {"llm_label": "TASK_1", "label_logprob": -0.000912, "p_task_1": 0.9990884157456037, "uncertainty": 0.007292556078488708}, "Computer User Support Specialists_1282_1292": {"llm_label": "TASK_2", "label_logprob": -2e-06, "p_task_1": 1.9999979999907325e-06, "uncertainty": 2.8244698509961958e-05}, "Computer User Support Specialists_1282_1293": {"llm_label": "TASK_2", "label_logprob": -1.3e-05, "p_task_1": 1.2999915500411241e-05, "uncertainty": 0.00015925626043919854}, "Computer User Support Specialists_1282_1295": {"llm_label": "TASK_1", "label_logprob": -0.002561, "p_task_1": 0.9974422765628107, "uncertainty": 0.017820574199783314}, "Computer User Support Specialists_1282_1296": {"llm_label": "TASK_2", "label_logprob": -2e-06, "p_task_1": 1.9999979999907325e-06, "uncertainty": 2.8244698509961958e-05}, "Computer User Support Specialists_1282_1297": {"llm_label": "TASK_2", "label_logprob": 0.0, "p_task_1": 0.0, "uncertainty": 0.0}, "Computer User Support Specialists_1282_15204": {"llm_label": "TASK_2", "label_logprob": -0.000806, "p_task_1": 0.0008056752692502389, "uncertainty": 0.0065448441085865505}, "Computer User Support Specialists_1283_1284": {"llm_label": "TASK_2", "label_logprob": -4e-06, "p_task_1": 3.9999919999589295e-06, "uncertainty": 5.371675735315082e-05}, "Computer User Support Specialists_1283_1285": {"llm_label": "TASK_2", "label_logprob": -0.010537, "p_task_1": 0.010481680287263817, "uncertainty": 0.058203376912708174}, "Computer User Support Specialists_1283_1286": {"llm_label": "TASK_2", "label_logprob": 0.0, "p_task_1": 0.0, "uncertainty": 0.0}, "Computer User Support Specialists_1283_1287": {"llm_label": "TASK_2", "label_logprob": -0.038693, "p_task_1": 0.03795398805926575, "uncertainty": 0.16138639011695768}, "Computer User Support Specialists_1283_1288": {"llm_label": "TASK_2", "label_logprob": -4e-06, "p_task_1": 3.9999919999589295e-06, "uncertainty": 5.371675735315082e-05}, "Computer User Support Specialists_1283_1289": {"llm_label": "TASK_2", "label_logprob": -3e-06, "p_task_1": 2.9999955000192813e-06, "uncertainty": 4.1150633082097105e-05}, "Computer User Support Specialists_1283_1290": {"llm_label": "TASK_2", "label_logprob": 0.0, "p_task_1": 0.0, "uncertainty": 0.0}, "Computer User Support Specialists_1283_1291": {"llm_label": "TASK_2", "label_logprob": -0.474134, "p_task_1": 0.3775761578155369, "uncertainty": 0.6628650604082263}, "Computer User Support Specialists_1283_1292": {"llm_label": "TASK_2", "label_logprob": 0.0, "p_task_1": 0.0, "uncertainty": 0.0}, "Computer User Support Specialists_1283_1293": {"llm_label": "TASK_2", "label_logprob": -4.2e-05, "p_task_1": 4.199911801239242e-05, "uncertainty": 0.0004652595489512129}, "Computer User Support Specialists_1283_1295": {"llm_label": "EQUAL_TIME", "label_logprob": -0.495402, "p_task_1": 0.5, "uncertainty": 0.6931471805599453}, "Computer User Support Specialists_1283_1296": {"llm_label": "TASK_2", "label_logprob": 0.0, "p_task_1": 0.0, "uncertainty": 0.0}, "Computer User Support Specialists_1283_1297": {"llm_label": "TASK_2", "label_logprob": 0.0, "p_task_1": 0.0, "uncertainty": 0.0}, "Computer User Support Specialists_1283_15204": {"llm_label": "TASK_2", "label_logprob": -5.2e-05, "p_task_1": 5.1998648023410254e-05, "uncertainty": 0.000564927187419359}, "Computer User Support Specialists_1284_1285": {"llm_label": "TASK_2", "label_logprob": -0.213261, "p_task_1": 0.19205476401151766, "uncertainty": 0.4891887141390041}, "Computer User Support Specialists_1284_1286": {"llm_label": "TASK_2", "label_logprob": -0.040481, "p_task_1": 0.039672589441124395, "uncertainty": 0.1669022198856986}, "Computer User Support Specialists_1284_1287": {"llm_label": "TASK_1", "label_logprob": -0.000507, "p_task_1": 0.9994931285027822, "uncertainty": 0.004352505326162863}, "Computer User Support Specialists_1284_1288": {"llm_label": "TASK_2", "label_logprob": -0.000499, "p_task_1": 0.0004988755202059991, "uncertainty": 0.0042917784440447545}, "Computer User Support Specialists_1284_1289": {"llm_label": "TASK_2", "label_logprob": -0.000862, "p_task_1": 0.0008616285847276028, "uncertainty": 0.006941499868077282}, "Computer User Support Specialists_1284_1290": {"llm_label": "TASK_2", "label_logprob": -6.2e-05, "p_task_1": 6.199807803974888e-05, "uncertainty": 0.0006626587800967377}, "Computer User Support Specialists_1284_1291": {"llm_label": "TASK_1", "label_logprob": -4e-06, "p_task_1": 0.999996000008, "uncertainty": 5.371675735315082e-05}, "Computer User Support Specialists_1284_1292": {"llm_label": "TASK_2", "label_logprob": -0.001508, "p_task_1": 0.0015068635393327146, "uncertainty": 0.011296912412273064}, "Computer User Support Specialists_1284_1293": {"llm_label": "TASK_2", "label_logprob": -0.164694, "p_task_1": 0.15184680073789647, "uncertainty": 0.42589922004524144}, "Computer User Support Specialists_1284_1295": {"llm_label": "TASK_1", "label_logprob": -2e-06, "p_task_1": 0.999998000002, "uncertainty": 2.8244698509961958e-05}, "Computer User Support Specialists_1284_1296": {"llm_label": "TASK_2", "label_logprob": -1.8e-05, "p_task_1": 1.7999838000992696e-05, "uncertainty": 0.0002146505665408007}, "Computer User Support Specialists_1284_1297": {"llm_label": "TASK_2", "label_logprob": 0.0, "p_task_1": 0.0, "uncertainty": 0.0}, "Computer User Support Specialists_1284_15204": {"llm_label": "TASK_2", "label_logprob": -0.001008, "p_task_1": 0.0010074921386556968, "uncertainty": 0.007958973452359804}, "Computer User Support Specialists_1285_1286": {"llm_label": "TASK_2", "label_logprob": -0.013805, "p_task_1": 0.013710147966608632, "uncertainty": 0.07242704251982805}, "Computer User Support Specialists_1285_1287": {"llm_label": "TASK_2", "label_logprob": -0.903173, "p_task_1": 0.5947183412954891, "uncertainty": 0.6750951627868265}, "Computer User Support Specialists_1285_1288": {"llm_label": "TASK_2", "label_logprob": -0.114137, "p_task_1": 0.10786427508453511, "uncertainty": 0.342026659795176}, "Computer User Support Specialists_1285_1289": {"llm_label": "TASK_2", "label_logprob": -0.002345, "p_task_1": 0.002342252635442854, "uncertainty": 0.01652569345055846}, "Computer User Support Specialists_1285_1290": {"llm_label": "TASK_2", "label_logprob": -0.001433, "p_task_1": 0.0014319737457659798, "uncertainty": 0.010808516662309496}, "Computer User Support Specialists_1285_1291": {"llm_label": "TASK_1", "label_logprob": -0.004346, "p_task_1": 0.9956634301918492, "uncertainty": 0.027921005508296105}, "Computer User Support Specialists_1285_1292": {"llm_label": "TASK_2", "label_logprob": -0.000159,