{"Computer and Information Research Scientists_14623_14624": {"llm_label": "TASK_1", "label_logprob": -1.6e-05, "p_task_1": 0.9999840001279993, "uncertainty": 0.00019268520788660168}, "Computer and Information Research Scientists_14623_14625": {"llm_label": "TASK_1", "label_logprob": -0.018949, "p_task_1": 0.9812294036663258, "uncertainty": 0.0932151395394841}, "Computer and Information Research Scientists_14623_14626": {"llm_label": "TASK_2", "label_logprob": -0.016122, "p_task_1": 0.01599273615418395, "uncertainty": 0.08200405500001656}, "Computer and Information Research Scientists_14623_14627": {"llm_label": "TASK_1", "label_logprob": -0.005521, "p_task_1": 0.9944942127111646, "uncertainty": 0.03413146304831128}, "Computer and Information Research Scientists_14623_14628": {"llm_label": "TASK_1", "label_logprob": -7.2e-05, "p_task_1": 0.9999280025919378, "uncertainty": 0.0007587694835904218}, "Computer and Information Research Scientists_14623_14629": {"llm_label": "EQUAL_TIME", "label_logprob": -0.034832, "p_task_1": 0.5, "uncertainty": 0.6931471805599453}, "Computer and Information Research Scientists_14623_14630": {"llm_label": "TASK_1", "label_logprob": -0.621119, "p_task_1": 0.5373428144399386, "uncertainty": 0.6903556103895463}, "Computer and Information Research Scientists_14623_14631": {"llm_label": "TASK_1", "label_logprob": -0.0044, "p_task_1": 0.99560966581827, "uncertainty": 0.02821295278377947}, "Computer and Information Research Scientists_14623_14632": {"llm_label": "TASK_1", "label_logprob": -0.00042, "p_task_1": 0.9995800881876533, "uncertainty": 0.003684833589474493}, "Computer and Information Research Scientists_14623_14633": {"llm_label": "TASK_2", "label_logprob": -0.127733, "p_task_1": 0.11991166863839942, "uncertainty": 0.3667489602522158}, "Computer and Information Research Scientists_14623_14634": {"llm_label": "TASK_1", "label_logprob": -0.095684, "p_task_1": 0.9087511360603533, "uncertainty": 0.3054177559994954}, "Computer and Information Research Scientists_14623_14635": {"llm_label": "TASK_2", "label_logprob": -0.420208, "p_task_1": 0.3430898317112133, "uncertainty": 0.6430637039972823}, "Computer and Information Research Scientists_14623_14636": {"llm_label": "TASK_1", "label_logprob": -0.023344, "p_task_1": 0.9769263632948959, "uncertainty": 0.10977139589345848}, "Computer and Information Research Scientists_14623_14637": {"llm_label": "TASK_2", "label_logprob": -0.108018, "p_task_1": 0.10238856072088609, "uncertainty": 0.3302997036715732}, "Computer and Information Research Scientists_14624_14625": {"llm_label": "TASK_2", "label_logprob": -1e-06, "p_task_1": 9.999994999843054e-07, "uncertainty": 1.4815503149992376e-05}, "Computer and Information Research Scientists_14624_14626": {"llm_label": "TASK_2", "label_logprob": -1e-06, "p_task_1": 9.999994999843054e-07, "uncertainty": 1.4815503149992376e-05}, "Computer and Information Research Scientists_14624_14627": {"llm_label": "TASK_2", "label_logprob": -4.3e-05, "p_task_1": 4.299907551330584e-05, "uncertainty": 0.0004753251294579815}, "Computer and Information Research Scientists_14624_14628": {"llm_label": "TASK_2", "label_logprob": -0.001523, "p_task_1": 0.0015218408240497139, "uncertainty": 0.011394133803204271}, "Computer and Information Research Scientists_14624_14629": {"llm_label": "TASK_2", "label_logprob": 0.0, "p_task_1": 0.0, "uncertainty": 0.0}, "Computer and Information Research Scientists_14624_14630": {"llm_label": "TASK_2", "label_logprob": -1e-06, "p_task_1": 9.999994999843054e-07, "uncertainty": 1.4815503149992376e-05}, "Computer and Information Research Scientists_14624_14631": {"llm_label": "TASK_2", "label_logprob": -0.022168, "p_task_1": 0.02192409550412544, "uncertainty": 0.10543573655367133}, "Computer and Information Research Scientists_14624_14632": {"llm_label": "TASK_2", "label_logprob": -5.9e-05, "p_task_1": 5.8998259534259745e-05, "uncertainty": 0.0006335217246636567}, "Computer and Information Research Scientists_14624_14633": {"llm_label": "TASK_2", "label_logprob": -1.8e-05, "p_task_1": 1.7999838000992696e-05, "uncertainty": 0.0002146505665408007}, "Computer and Information Research Scientists_14624_14634": {"llm_label": "TASK_2", "label_logprob": -0.000264, "p_task_1": 0.0002639651550664368, "uncertainty": 0.0024389222729334346}, "Computer and Information Research Scientists_14624_14635": {"llm_label": "TASK_2", "label_logprob": -0.000268, "p_task_1": 0.000267964091207884, "uncertainty": 0.002471841078059971}, "Computer and Information Research Scientists_14624_14636": {"llm_label": "TASK_2", "label_logprob": -1.4e-05, "p_task_1": 1.3999902000461084e-05, "uncertainty": 0.0001704691519101948}, "Computer and Information Research Scientists_14624_14637": {"llm_label": "TASK_2", "label_logprob": -0.000233, "p_task_1": 0.00023297285760814912, "uncertainty": 0.0021816678266804784}, "Computer and Information Research Scientists_14625_14626": {"llm_label": "TASK_2", "label_logprob": -9.9e-05, "p_task_1": 9.899509966171394e-05, "uncertainty": 0.0010117685967436802}, "Computer and Information Research Scientists_14625_14627": {"llm_label": "TASK_1", "label_logprob": -0.097814, "p_task_1": 0.9068175561342043, "uncertainty": 0.3098396504166217}, "Computer and Information Research Scientists_14625_14628": {"llm_label": "TASK_1", "label_logprob": -0.492859, "p_task_1": 0.6108773967066785, "uncertainty": 0.6683539981870101}, "Computer and Information Research Scientists_14625_14629": {"llm_label": "TASK_2", "label_logprob": -4e-06, "p_task_1": 3.9999919999589295e-06, "uncertainty": 5.371675735315082e-05}, "Computer and Information Research Scientists_14625_14630": {"llm_label": "TASK_2", "label_logprob": -0.326565, "p_task_1": 0.27860251731174723, "uncertainty": 0.5916286001140592}, "Computer and Information Research Scientists_14625_14631": {"llm_label": "CANNOT_DECIDE", "label_logprob": -0.513106, "p_task_1": 0.5, "uncertainty": 0.6931471805599453}, "Computer and Information Research Scientists_14625_14632": {"llm_label": "CANNOT_DECIDE", "label_logprob": -0.025073, "p_task_1": 0.5, "uncertainty": 0.6931471805599453}, "Computer and Information Research Scientists_14625_14633": {"llm_label": "TASK_2", "label_logprob": -0.000162, "p_task_1": 0.00016198687870860873, "uncertainty": 0.0015757944614625038}, "Computer and Information Research Scientists_14625_14634": {"llm_label": "TASK_2", "label_logprob": -0.387495, "p_task_1": 0.3212449719819299, "uncertainty": 0.6278043233075854}, "Computer and Information Research Scientists_14625_14635": {"llm_label": "TASK_2", "label_logprob": -0.020582, "p_task_1": 0.020371636344902466, "uncertainty": 0.09948195302616306}, "Computer and Information Research Scientists_14625_14636": {"llm_label": "TASK_2", "label_logprob": -0.051688, "p_task_1": 0.05037489634011505, "uncertainty": 0.19961762678781855}, "Computer and Information Research Scientists_14625_14637": {"llm_label": "TASK_2", "label_logprob": -0.492796, "p_task_1": 0.3890841168050173, "uncertainty": 0.6683366375954767}, "Computer and Information Research Scientists_14626_14627": {"llm_label": "TASK_1", "label_logprob": -0.000163, "p_task_1": 0.9998370132837783, "uncertainty": 0.0015845177966881145}, "Computer and Information Research Scientists_14626_14628": {"llm_label": "TASK_1", "label_logprob": -0.000282, "p_task_1": 0.9997180397582627, "uncertainty": 0.002586591457738557}, "Computer and Information Research Scientists_14626_14629": {"llm_label": "EQUAL_TIME", "label_logprob": -0.341452, "p_task_1": 0.5, "uncertainty": 0.6931471805599453}, "Computer and Information Research Scientists_14626_14630": {"llm_label": "TASK_1", "label_logprob": -0.254762, "p_task_1": 0.775100950036522, "uncertainty": 0.5330389602805696}, "Computer and Information Research Scientists_14626_14631": {"llm_label": "TASK_1", "label_logprob": -0.000199, "p_task_1": 0.9998010197991867, "uncertainty": 0.0018947304093142206},