{"Actuaries_3500_3501": {"llm_label": "EQUAL_TIME", "label_logprob": -0.44158, "p_task_1": 0.5, "uncertainty": 0.6931471805599453}, "Actuaries_3500_3502": {"llm_label": "TASK_2", "label_logprob": -8.1e-05, "p_task_1": 8.099671958861077e-05, "uncertainty": 0.0008440717883202269}, "Actuaries_3500_3503": {"llm_label": "TASK_2", "label_logprob": -0.040426, "p_task_1": 0.03961976998102179, "uncertainty": 0.1667338680370422}, "Actuaries_3500_3504": {"llm_label": "TASK_1", "label_logprob": -0.002233, "p_task_1": 0.997769491289805, "uncertainty": 0.015846447301515507}, "Actuaries_3500_3505": {"llm_label": "TASK_1", "label_logprob": -0.004111, "p_task_1": 0.9958974385928545, "uncertainty": 0.026642401676206816}, "Actuaries_3500_3506": {"llm_label": "CANNOT_DECIDE", "label_logprob": -0.604139, "p_task_1": 0.5, "uncertainty": 0.6931471805599453}, "Actuaries_3500_3507": {"llm_label": "TASK_1", "label_logprob": -0.039492, "p_task_1": 0.9612776441809908, "uncertainty": 0.1638622504626668}, "Actuaries_3500_3508": {"llm_label": "EQUAL_TIME", "label_logprob": -0.204364, "p_task_1": 0.5, "uncertainty": 0.6931471805599453}, "Actuaries_3500_3509": {"llm_label": "TASK_1", "label_logprob": -0.000913, "p_task_1": 0.9990874166576875, "uncertainty": 0.007299548561173971}, "Actuaries_3500_3510": {"llm_label": "TASK_1", "label_logprob": -0.580861, "p_task_1": 0.5594165015444488, "uncertainty": 0.6860698271156314}, "Actuaries_3500_3511": {"llm_label": "TASK_1", "label_logprob": -0.517124, "p_task_1": 0.5962328501764714, "uncertainty": 0.6745095799654153}, "Actuaries_3500_3512": {"llm_label": "EQUAL_TIME", "label_logprob": -0.206145, "p_task_1": 0.5, "uncertainty": 0.6931471805599453}, "Actuaries_3500_3513": {"llm_label": "TASK_1", "label_logprob": 0.0, "p_task_1": 1.0, "uncertainty": 0.0}, "Actuaries_3500_20951": {"llm_label": "TASK_2", "label_logprob": -0.038457, "p_task_1": 0.037726918407282706, "uncertainty": 0.16065163744172734}, "Actuaries_3501_3502": {"llm_label": "TASK_2", "label_logprob": -1.2e-05, "p_task_1": 1.1999928000272497e-05, "uncertainty": 0.00014796635909808146}, "Actuaries_3501_3503": {"llm_label": "TASK_1", "label_logprob": -0.137041, "p_task_1": 0.871934476085719, "uncertainty": 0.38269273293248923}, "Actuaries_3501_3504": {"llm_label": "TASK_1", "label_logprob": -0.018219, "p_task_1": 0.9819459626432077, "uncertainty": 0.09036594727178979}, "Actuaries_3501_3505": {"llm_label": "TASK_1", "label_logprob": -0.062121, "p_task_1": 0.9397691678419223, "uncertainty": 0.22760219352962827}, "Actuaries_3501_3506": {"llm_label": "TASK_1", "label_logprob": -0.246217, "p_task_1": 0.7817525662113047, "uncertainty": 0.5246808306149708}, "Actuaries_3501_3507": {"llm_label": "TASK_2", "label_logprob": -0.009519, "p_task_1": 0.009473837732973722, "uncertainty": 0.053569524170695486}, "Actuaries_3501_3508": {"llm_label": "EQUAL_TIME", "label_logprob": -0.001972, "p_task_1": 0.5, "uncertainty": 0.6931471805599453}, "Actuaries_3501_3509": {"llm_label": "TASK_1", "label_logprob": -0.000212, "p_task_1": 0.9997880224704121, "uncertainty": 0.00200507940252832}, "Actuaries_3501_3510": {"llm_label": "TASK_1", "label_logprob": -0.192754, "p_task_1": 0.8246848216539677, "uncertainty": 0.4642148106841912}, "Actuaries_3501_3511": {"llm_label": "TASK_1", "label_logprob": -0.028327, "p_task_1": 0.9720704477878944, "uncertainty": 0.1274697305493407}, "Actuaries_3501_3512": {"llm_label": "TASK_1", "label_logprob": -0.015121, "p_task_1": 0.9849927482695918, "uncertainty": 0.07791285316075644}, "Actuaries_3501_3513": {"llm_label": "TASK_1", "label_logprob": -7e-06, "p_task_1": 0.9999930000245, "uncertainty": 9.008688755748087e-05}, "Actuaries_3501_20951": {"llm_label": "TASK_1", "label_logprob": -0.474646, "p_task_1": 0.6221052427456809, "uncertainty": 0.6630240960812115}, "Actuaries_3502_3503": {"llm_label": "TASK_1", "label_logprob": -0.143722, "p_task_1": 0.8661284983159007, "uncertainty": 0.3936805601559231}, "Actuaries_3502_3504": {"llm_label": "TASK_1", "label_logprob": -0.000336, "p_task_1": 0.9996640564416783, "uncertainty": 0.003022954314544321}, "Actuaries_3502_3505": {"llm_label": "TASK_1", "label_logprob": -0.005436, "p_task_1": 0.9945787483119571, "uncertainty": 0.03369152341755843}, "Actuaries_3502_3506": {"llm_label": "TASK_1", "label_logprob": -0.70817, "p_task_1": 0.4925447300783475, "uncertainty": 0.6930360143413654}, "Actuaries_3502_3507": {"llm_label": "TASK_1", "label_logprob": -0.161303, "p_task_1": 0.851034168683796, "uncertainty": 0.4209110156125744}, "Actuaries_3502_3508": {"llm_label": "TASK_1", "label_logprob": -0.000284, "p_task_1": 0.9997160403241826, "uncertainty": 0.002602926682694061}, "Actuaries_3502_3509": {"llm_label": "TASK_1", "label_logprob": -5e-06, "p_task_1": 0.9999950000125, "uncertainty": 6.603019815215604e-05}, "Actuaries_3502_3510": {"llm_label": "CANNOT_DECIDE", "label_logprob": -0.474124, "p_task_1": 0.5, "uncertainty": 0.6931471805599453}, "Actuaries_3502_3511": {"llm_label": "TASK_1", "label_logprob": -0.476621, "p_task_1": 0.6208777973925281, "uncertainty": 0.6636327666731519}, "Actuaries_3502_3512": {"llm_label": "TASK_1", "label_logprob": -0.001695, "p_task_1": 0.9983064357012142, "uncertainty": 0.012498627575795047}, "Actuaries_3502_3513": {"llm_label": "TASK_1", "label_logprob": 0.0, "p_task_1": 1.0, "uncertainty": 0.0}, "Actuaries_3502_20951": {"llm_label": "TASK_1", "label_logprob": -0.007145, "p_task_1": 0.9928804648276747, "uncertainty": 0.042299611813039865}, "Actuaries_3503_3504": {"llm_label": "CANNOT_DECIDE", "label_logprob": -0.338017, "p_task_1": 0.5, "uncertainty": 0.6931471805599453}, "Actuaries_3503_3505": {"llm_label": "TASK_1", "label_logprob": -0.05358, "p_task_1": 0.947830111561741, "uncertainty": 0.20485544999346755}, "Actuaries_3503_3506": {"llm_label": "CANNOT_DECIDE", "label_logprob": -0.004083, "p_task_1": 0.5, "uncertainty": 0.6931471805599453}, "Actuaries_3503_3507": {"llm_label": "TASK_2", "label_logprob": -0.00865, "p_task_1": 0.008612696386240182, "uncertainty": 0.04952471879889773}, "Actuaries_3503_3508": {"llm_label": "TASK_2", "label_logprob": -9.4e-05, "p_task_1": 9.399558213840642e-05, "uncertainty": 0.000965542901722332}, "Actuaries_3503_3509": {"llm_label": "TASK_1", "label_logprob": -0.008829, "p_task_1": 0.9912098611679856, "uncertainty": 0.05036500586784842}, "Actuaries_3503_3510": {"llm_label": "TASK_1", "label_logprob": -0.482945, "p_task_1": 0.6169637554469565, "uncertainty": 0.6655309702332919}, "Actuaries_3503_3511": {"llm_label": "CANNOT_DECIDE", "label_logprob": -0.014191, "p_task_1": 0.5, "uncertainty": 0.6931471805599453}, "Actuaries_3503_3512": {"llm_label": "TASK_2", "label_logprob": -0.478271, "p_task_1": 0.3801458062679196, "uncertainty": 0.6641354606483254}, "Actuaries_3503_3513": {"llm_label": "TASK_1", "label_logprob": -1.6e-05, "p_task_1": 0.9999840001279993, "uncertainty": 0.00019268520788660168}, "Actuaries_3503_20951": {"llm_label": "TASK_2", "label_logprob": -0.036274, "p_task_1": 0.03562398174993098, "uncertainty": 0.1537783580442469}, "Actuaries_3504_3505": {"llm_label": "TASK_1", "label_logprob": -0.538154, "p_task_1": 0.5838249991794029, "uncertainty": 0.679027336744597}, "Actuaries_3504_3506": {"llm_label": "CANNOT_DECIDE", "label_logprob": -0.019722, "p_task_1": 0.5, "uncertainty": 0.6931471805599453}, "Actuaries_3504_3507": {"llm_label": "TASK_2", "label_logprob": -0.016621, "p_task_1": 0.016483633289821498, "uncertainty": 0.08401872449782712}, "Actuaries_3504_3508": {"llm_label": "TASK_2", "label_logprob": -0.000151, "p_task_1": 0.000150988600073787, "uncertainty": 0.0014794211399297749}, "Actuaries_3504_3509": {"llm_label": "TASK_1", "label_logprob": -0.063075, "p_task_1": 0.9388730555693191, "uncertainty": 0.23005715637386043}, "Actuaries_3504_3510": {"llm_label": "TASK_2", "label_logprob": -0.227829, "p_task_1": 0.20373959127571617, "uncertainty": 0.5055430983766108}, "Actuaries_3504_3511": {"llm_label": "CANNOT_DECIDE", "label_logprob": -0.002673, "p_task_1": 0.5,