{"Mathematicians_7367_7368": {"llm_label": "TASK_2", "label_logprob": -0.576788, "p_task_1": 0.4383003485663375, "uncertainty": 0.6855140451437662}, "Mathematicians_7367_7369": {"llm_label": "TASK_1", "label_logprob": -0.014286, "p_task_1": 0.9858155606907756, "uncertainty": 0.07444679915984265}, "Mathematicians_7367_7370": {"llm_label": "TASK_1", "label_logprob": -0.121278, "p_task_1": 0.8857876763870606, "uncertainty": 0.35523258808046176}, "Mathematicians_7367_7371": {"llm_label": "TASK_2", "label_logprob": -0.003003, "p_task_1": 0.00299849550562703, "uncertainty": 0.020414188783057327}, "Mathematicians_7367_7372": {"llm_label": "EQUAL_TIME", "label_logprob": -0.1207, "p_task_1": 0.5, "uncertainty": 0.6931471805599453}, "Mathematicians_7367_7373": {"llm_label": "CANNOT_DECIDE", "label_logprob": -0.004232, "p_task_1": 0.5, "uncertainty": 0.6931471805599453}, "Mathematicians_7367_7374": {"llm_label": "TASK_2", "label_logprob": -0.000773, "p_task_1": 0.0007727013124667614, "uncertainty": 0.006309285123128443}, "Mathematicians_7367_7375": {"llm_label": "EQUAL_TIME", "label_logprob": -0.769578, "p_task_1": 0.5, "uncertainty": 0.6931471805599453}, "Mathematicians_7367_7376": {"llm_label": "TASK_2", "label_logprob": -0.001274, "p_task_1": 0.0012731888065233843, "uncertainty": 0.009759748208096079}, "Mathematicians_7367_20191": {"llm_label": "TASK_2", "label_logprob": -1.062307, "p_task_1": 0.654342541970909, "uncertainty": 0.6447169099449455}, "Mathematicians_7367_24002": {"llm_label": "TASK_1", "label_logprob": -0.004081, "p_task_1": 0.9959273159641706, "uncertainty": 0.026478204668041336}, "Mathematicians_7368_7369": {"llm_label": "TASK_1", "label_logprob": -0.0014, "p_task_1": 0.9986009795428267, "uncertainty": 0.010592379977565758}, "Mathematicians_7368_7370": {"llm_label": "TASK_1", "label_logprob": -1.1e-05, "p_task_1": 0.9999890000604997, "uncertainty": 0.0001365930168744248}, "Mathematicians_7368_7371": {"llm_label": "EQUAL_TIME", "label_logprob": -0.000159, "p_task_1": 0.5, "uncertainty": 0.6931471805599453}, "Mathematicians_7368_7372": {"llm_label": "EQUAL_TIME", "label_logprob": -0.147656, "p_task_1": 0.5, "uncertainty": 0.6931471805599453}, "Mathematicians_7368_7373": {"llm_label": "CANNOT_DECIDE", "label_logprob": -0.005105, "p_task_1": 0.5, "uncertainty": 0.6931471805599453}, "Mathematicians_7368_7374": {"llm_label": "CANNOT_DECIDE", "label_logprob": -0.485415, "p_task_1": 0.5, "uncertainty": 0.6931471805599453}, "Mathematicians_7368_7375": {"llm_label": "EQUAL_TIME", "label_logprob": -0.029878, "p_task_1": 0.5, "uncertainty": 0.6931471805599453}, "Mathematicians_7368_7376": {"llm_label": "EQUAL_TIME", "label_logprob": -0.008874, "p_task_1": 0.5, "uncertainty": 0.6931471805599453}, "Mathematicians_7368_20191": {"llm_label": "CANNOT_DECIDE", "label_logprob": -0.633612, "p_task_1": 0.5, "uncertainty": 0.6931471805599453}, "Mathematicians_7368_24002": {"llm_label": "TASK_1", "label_logprob": -5.2e-05, "p_task_1": 0.9999480013519766, "uncertainty": 0.000564927187419359}, "Mathematicians_7369_7370": {"llm_label": "TASK_2", "label_logprob": -0.043152, "p_task_1": 0.04223420139902778, "uncertainty": 0.1749806928189648}, "Mathematicians_7369_7371": {"llm_label": "TASK_2", "label_logprob": 0.0, "p_task_1": 0.0, "uncertainty": 0.0}, "Mathematicians_7369_7372": {"llm_label": "TASK_2", "label_logprob": -0.001516, "p_task_1": 0.0015148514524726542, "uncertainty": 0.011348782462044113}, "Mathematicians_7369_7373": {"llm_label": "CANNOT_DECIDE", "label_logprob": -0.04912, "p_task_1": 0.5, "uncertainty": 0.6931471805599453}, "Mathematicians_7369_7374": {"llm_label": "TASK_2", "label_logprob": -0.001175, "p_task_1": 0.001174309957792996, "uncertainty": 0.009096777043855295}, "Mathematicians_7369_7375": {"llm_label": "TASK_2", "label_logprob": -0.00219, "p_task_1": 0.0021876036996184567, "uncertainty": 0.01558416922372828}, "Mathematicians_7369_7376": {"llm_label": "TASK_2", "label_logprob": -4e-06, "p_task_1": 3.9999919999589295e-06, "uncertainty": 5.371675735315082e-05}, "Mathematicians_7369_20191": {"llm_label": "TASK_2", "label_logprob": -0.000933, "p_task_1": 0.0009325648908294903, "uncertainty": 0.007439168420319553}, "Mathematicians_7369_24002": {"llm_label": "CANNOT_DECIDE", "label_logprob": -0.22169, "p_task_1": 0.5, "uncertainty": 0.6931471805599453}, "Mathematicians_7370_7371": {"llm_label": "TASK_2", "label_logprob": -7e-06, "p_task_1": 6.999975500021627e-06, "uncertainty": 9.008688755748087e-05}, "Mathematicians_7370_7372": {"llm_label": "TASK_2", "label_logprob": -0.000561, "p_task_1": 0.0005608426689223123, "uncertainty": 0.00475919292394319}, "Mathematicians_7370_7373": {"llm_label": "CANNOT_DECIDE", "label_logprob": -0.016769, "p_task_1": 0.5, "uncertainty": 0.6931471805599453}, "Mathematicians_7370_7374": {"llm_label": "TASK_2", "label_logprob": -1.3e-05, "p_task_1": 1.2999915500411241e-05, "uncertainty": 0.00015925626043919854}, "Mathematicians_7370_7375": {"llm_label": "TASK_2", "label_logprob": -0.000124, "p_task_1": 0.00012399231231774444, "uncertainty": 0.0012393315549874347}, "Mathematicians_7370_7376": {"llm_label": "TASK_2", "label_logprob": -1.2e-05, "p_task_1": 1.1999928000272497e-05, "uncertainty": 0.00014796635909808146}, "Mathematicians_7370_20191": {"llm_label": "TASK_2", "label_logprob": -0.000222, "p_task_1": 0.00022197535982337868, "uncertainty": 0.0020894170316763114}, "Mathematicians_7370_24002": {"llm_label": "CANNOT_DECIDE", "label_logprob": -0.6803, "p_task_1": 0.5, "uncertainty": 0.6931471805599453}, "Mathematicians_7371_7372": {"llm_label": "EQUAL_TIME", "label_logprob": -0.034839, "p_task_1": 0.5, "uncertainty": 0.6931471805599453}, "Mathematicians_7371_7373": {"llm_label": "TASK_1", "label_logprob": -0.712698, "p_task_1": 0.49031952919724725, "uncertainty": 0.6929597458191328}, "Mathematicians_7371_7374": {"llm_label": "TASK_2", "label_logprob": -0.011279, "p_task_1": 0.01121563055126884, "uncertainty": 0.06151569221642887}, "Mathematicians_7371_7375": {"llm_label": "EQUAL_TIME", "label_logprob": -0.048734, "p_task_1": 0.5, "uncertainty": 0.6931471805599453}, "Mathematicians_7371_7376": {"llm_label": "TASK_2", "label_logprob": -0.180125, "p_task_1": 0.16483419083987771, "uncertainty": 0.4475998284640006}, "Mathematicians_7371_20191": {"llm_label": "TASK_2", "label_logprob": -0.84384, "p_task_1": 0.5699440661357643, "uncertainty": 0.6833306722160253}, "Mathematicians_7371_24002": {"llm_label": "TASK_1", "label_logprob": -3e-06, "p_task_1": 0.9999970000045, "uncertainty": 4.1150633082097105e-05}, "Mathematicians_7372_7373": {"llm_label": "CANNOT_DECIDE", "label_logprob": -0.023618, "p_task_1": 0.5, "uncertainty": 0.6931471805599453}, "Mathematicians_7372_7374": {"llm_label": "TASK_2", "label_logprob": -0.000556, "p_task_1": 0.0005558454606425789, "uncertainty": 0.004721763933773623}, "Mathematicians_7372_7375": {"llm_label": "TASK_2", "label_logprob": -0.01111, "p_task_1": 0.011048511871701305, "uncertainty": 0.06076587416354224}, "Mathematicians_7372_7376": {"llm_label": "TASK_2", "label_logprob": -0.000289, "p_task_1": 0.0002889582435225968, "uncertainty": 0.0026437032058789383}, "Mathematicians_7372_20191": {"llm_label": "TASK_2", "label_logprob": -0.002055, "p_task_1": 0.0020528899331433426, "uncertainty": 0.014755104529869549}, "Mathematicians_7372_24002": {"llm_label": "TASK_1", "label_logprob": -0.012959, "p_task_1": 0.987124606299479, "uncertainty": 0.06883149097791436}, "Mathematicians_7373_7374": {"llm_label": "TASK_2", "label_logprob": -3.7e-05, "p_task_1": 3.699931550849023e-05, "uncertainty": 0.00041456225843036797}, "Mathematicians_7373_7375": {"llm_label": "TASK_2", "label_logprob": -0.001548, "p_task_1": 0.0015468024660072466, "uncertainty": 0.01155583887556844}, "Mathematicians_7373_7376": {"llm_label": "TASK_2", "label_logprob": -7.5e-05, "p_task_1": 7.49971875703137e-05, "uncertainty": 0.0007873221583997021}, "Mathematicians_7373_20191": {"llm_label": "TASK_2", "label_logprob": -0.006976,