{"Chemical Engineers_3552_3553": {"llm_label": "EQUAL_TIME", "label_logprob": -0.871878, "p_task_1": 0.5, "uncertainty": 0.6931471805599453}, "Chemical Engineers_3552_3554": {"llm_label": "TASK_1", "label_logprob": -0.07922, "p_task_1": 0.9238366580218353, "uncertainty": 0.2692974258677885}, "Chemical Engineers_3552_3555": {"llm_label": "TASK_1", "label_logprob": -0.004174, "p_task_1": 0.9958346990305401, "uncertainty": 0.02698649012777629}, "Chemical Engineers_3552_3556": {"llm_label": "TASK_2", "label_logprob": -1e-05, "p_task_1": 9.999950000172397e-06, "uncertainty": 0.00012512862900562218}, "Chemical Engineers_3552_3557": {"llm_label": "TASK_2", "label_logprob": -4e-06, "p_task_1": 3.9999919999589295e-06, "uncertainty": 5.371675735315082e-05}, "Chemical Engineers_3552_3558": {"llm_label": "TASK_2", "label_logprob": -3.8e-05, "p_task_1": 3.7999278009182014e-05, "uncertainty": 0.0004247530567765096}, "Chemical Engineers_3552_3559": {"llm_label": "TASK_2", "label_logprob": -4e-06, "p_task_1": 3.9999919999589295e-06, "uncertainty": 5.371675735315082e-05}, "Chemical Engineers_3552_3560": {"llm_label": "TASK_2", "label_logprob": -9.7e-05, "p_task_1": 9.699529565210252e-05, "uncertainty": 0.0009933093829617684}, "Chemical Engineers_3552_18471": {"llm_label": "TASK_2", "label_logprob": -0.018191, "p_task_1": 0.018026542484911978, "uncertainty": 0.09025605184185664}, "Chemical Engineers_3552_18472": {"llm_label": "TASK_2", "label_logprob": -0.000177, "p_task_1": 0.00017698433642421296, "uncertainty": 0.0017060158794662643}, "Chemical Engineers_3552_18473": {"llm_label": "TASK_1", "label_logprob": -0.003254, "p_task_1": 0.9967512885201633, "uncertainty": 0.021856910814895898}, "Chemical Engineers_3552_20955": {"llm_label": "TASK_1", "label_logprob": -0.001506, "p_task_1": 0.9984951334489373, "uncertainty": 0.011283938217447548}, "Chemical Engineers_3552_24003": {"llm_label": "TASK_2", "label_logprob": -2e-06, "p_task_1": 1.9999979999907325e-06, "uncertainty": 2.8244698509961958e-05}, "Chemical Engineers_3553_3554": {"llm_label": "TASK_1", "label_logprob": -0.006778, "p_task_1": 0.9932449188314855, "uncertainty": 0.04049046396587644}, "Chemical Engineers_3553_3555": {"llm_label": "TASK_1", "label_logprob": -0.161873, "p_task_1": 0.850549217431883, "uncertainty": 0.4217552305766793}, "Chemical Engineers_3553_3556": {"llm_label": "TASK_2", "label_logprob": -2e-06, "p_task_1": 1.9999979999907325e-06, "uncertainty": 2.8244698509961958e-05}, "Chemical Engineers_3553_3557": {"llm_label": "TASK_2", "label_logprob": -0.000259, "p_task_1": 0.00025896646239542687, "uncertainty": 0.0023976882532240097}, "Chemical Engineers_3553_3558": {"llm_label": "TASK_2", "label_logprob": -7.8e-05, "p_task_1": 7.799695807908513e-05, "uncertainty": 0.000815754720211472}, "Chemical Engineers_3553_3559": {"llm_label": "TASK_2", "label_logprob": -0.000336, "p_task_1": 0.0003359435583216719, "uncertainty": 0.003022954314544321}, "Chemical Engineers_3553_3560": {"llm_label": "TASK_2", "label_logprob": -0.031719, "p_task_1": 0.031221229330532285, "uncertainty": 0.13896198666861317}, "Chemical Engineers_3553_18471": {"llm_label": "TASK_2", "label_logprob": -0.710313, "p_task_1": 0.5085096630924074, "uncertainty": 0.6930023448354554}, "Chemical Engineers_3553_18472": {"llm_label": "TASK_2", "label_logprob": -0.100362, "p_task_1": 0.09549007382976549, "uncertainty": 0.31505911048088725}, "Chemical Engineers_3553_18473": {"llm_label": "TASK_2", "label_logprob": -0.012207, "p_task_1": 0.012132796815150004, "uncertainty": 0.0655868898004832}, "Chemical Engineers_3553_20955": {"llm_label": "TASK_1", "label_logprob": -0.011786, "p_task_1": 0.9882831828349631, "uncertainty": 0.06374942921151756}, "Chemical Engineers_3553_24003": {"llm_label": "TASK_2", "label_logprob": -0.000266, "p_task_1": 0.00026596462513661656, "uncertainty": 0.002455389209823878}, "Chemical Engineers_3554_3555": {"llm_label": "TASK_1", "label_logprob": -0.578889, "p_task_1": 0.5605207593258152, "uncertainty": 0.6858036625106816}, "Chemical Engineers_3554_3556": {"llm_label": "TASK_2", "label_logprob": 0.0, "p_task_1": 0.0, "uncertainty": 0.0}, "Chemical Engineers_3554_3557": {"llm_label": "TASK_2", "label_logprob": 0.0, "p_task_1": 0.0, "uncertainty": 0.0}, "Chemical Engineers_3554_3558": {"llm_label": "TASK_2", "label_logprob": -2e-05, "p_task_1": 1.999980000133572e-05, "uncertainty": 0.00023639320174866763}, "Chemical Engineers_3554_3559": {"llm_label": "TASK_2", "label_logprob": 0.0, "p_task_1": 0.0, "uncertainty": 0.0}, "Chemical Engineers_3554_3560": {"llm_label": "TASK_2", "label_logprob": -5e-06, "p_task_1": 4.999987500031722e-06, "uncertainty": 6.603019815215604e-05}, "Chemical Engineers_3554_18471": {"llm_label": "TASK_2", "label_logprob": -0.005244, "p_task_1": 0.005230274235118126, "uncertainty": 0.03269272797575067}, "Chemical Engineers_3554_18472": {"llm_label": "TASK_2", "label_logprob": -2.8e-05, "p_task_1": 2.7999608003703713e-05, "uncertainty": 0.0003215280679255237}, "Chemical Engineers_3554_18473": {"llm_label": "TASK_2", "label_logprob": -0.005458, "p_task_1": 0.005443132179819399, "uncertainty": 0.03380552004084208}, "Chemical Engineers_3554_20955": {"llm_label": "TASK_1", "label_logprob": -0.204049, "p_task_1": 0.815422414510051, "uncertainty": 0.4782641771054663}, "Chemical Engineers_3554_24003": {"llm_label": "TASK_2", "label_logprob": -4e-06, "p_task_1": 3.9999919999589295e-06, "uncertainty": 5.371675735315082e-05}, "Chemical Engineers_3555_3556": {"llm_label": "TASK_2", "label_logprob": -8e-06, "p_task_1": 7.999968000049762e-06, "uncertainty": 0.00010188814457675767}, "Chemical Engineers_3555_3557": {"llm_label": "TASK_2", "label_logprob": -7.5e-05, "p_task_1": 7.49971875703137e-05, "uncertainty": 0.0007873221583997021}, "Chemical Engineers_3555_3558": {"llm_label": "TASK_2", "label_logprob": -2.8e-05, "p_task_1": 2.7999608003703713e-05, "uncertainty": 0.0003215280679255237}, "Chemical Engineers_3555_3559": {"llm_label": "TASK_2", "label_logprob": 0.0, "p_task_1": 0.0, "uncertainty": 0.0}, "Chemical Engineers_3555_3560": {"llm_label": "TASK_2", "label_logprob": -3e-06, "p_task_1": 2.9999955000192813e-06, "uncertainty": 4.1150633082097105e-05}, "Chemical Engineers_3555_18471": {"llm_label": "TASK_2", "label_logprob": -0.001942, "p_task_1": 0.0019401155380723845, "uncertainty": 0.014054268870610067}, "Chemical Engineers_3555_18472": {"llm_label": "TASK_2", "label_logprob": -0.000431, "p_task_1": 0.00043090713284243964, "uncertainty": 0.003770179934845539}, "Chemical Engineers_3555_18473": {"llm_label": "TASK_2", "label_logprob": -0.002493, "p_task_1": 0.0024898950562441957, "uncertainty": 0.017414995141338645}, "Chemical Engineers_3555_20955": {"llm_label": "TASK_2", "label_logprob": -0.03712, "p_task_1": 0.036439498848997776, "uncertainty": 0.15645870134211054}, "Chemical Engineers_3555_24003": {"llm_label": "TASK_2", "label_logprob": -5.2e-05, "p_task_1": 5.1998648023410254e-05, "uncertainty": 0.000564927187419359}, "Chemical Engineers_3556_3557": {"llm_label": "TASK_2", "label_logprob": -0.107705, "p_task_1": 0.10210756436675639, "uncertainty": 0.3296892412684539}, "Chemical Engineers_3556_3558": {"llm_label": "TASK_2", "label_logprob": -0.025264, "p_task_1": 0.024947535803833687, "uncertainty": 0.11671458682076548}, "Chemical Engineers_3556_3559": {"llm_label": "TASK_2", "label_logprob": -0.160621, "p_task_1": 0.14838522804995224, "uncertainty": 0.4198978468448293}, "Chemical Engineers_3556_3560": {"llm_label": "TASK_1", "label_logprob": -0.114206, "p_task_1": 0.8920741696741259, "uncertainty": 0.3421566906118557}, "Chemical Engineers_3556_18471": {"llm_label": "CANNOT_DECIDE", "label_logprob": -0.313338, "p_task_1": 0.5, "uncertainty": 0.6931471805599453}, "Chemical Engineers_3556_18472": {"llm_label": "TASK_1", "label_logprob": -0.023281, "p_task_1": 0.9769879115945346, "uncertainty": 0.10954076905966442}, "Chemical Engineers_3556_18473": {"llm_label": "TASK_1", "label_logprob": -0.022684,