{"Aerospace Engineers_1335_1337": {"llm_label": "TASK_2", "label_logprob": -8.8e-05, "p_task_1": 8.79961281136099e-05, "uncertainty": 0.0009097192612209179}, "Aerospace Engineers_1335_1339": {"llm_label": "TASK_2", "label_logprob": -5.2e-05, "p_task_1": 5.1998648023410254e-05, "uncertainty": 0.000564927187419359}, "Aerospace Engineers_1335_1340": {"llm_label": "TASK_2", "label_logprob": -0.020589, "p_task_1": 0.02037849371944722, "uncertainty": 0.09950851066356704}, "Aerospace Engineers_1335_1341": {"llm_label": "TASK_2", "label_logprob": -0.001925, "p_task_1": 0.0019231483758160861, "uncertainty": 0.013948267206923192}, "Aerospace Engineers_1335_1344": {"llm_label": "TASK_1", "label_logprob": -0.000386, "p_task_1": 0.9996140744884155, "uncertainty": 0.0034191739101386127}, "Aerospace Engineers_1335_1345": {"llm_label": "TASK_2", "label_logprob": -0.31805, "p_task_1": 0.2724335908153369, "uncertainty": 0.5856643490249166}, "Aerospace Engineers_1335_1346": {"llm_label": "TASK_1", "label_logprob": -1e-06, "p_task_1": 0.9999990000005, "uncertainty": 1.4815503149992376e-05}, "Aerospace Engineers_1335_19601": {"llm_label": "TASK_2", "label_logprob": -1.8e-05, "p_task_1": 1.7999838000992696e-05, "uncertainty": 0.0002146505665408007}, "Aerospace Engineers_1335_20724": {"llm_label": "TASK_2", "label_logprob": -3.6e-05, "p_task_1": 3.599935200782056e-05, "uncertainty": 0.0004043444200614643}, "Aerospace Engineers_1335_20725": {"llm_label": "TASK_1", "label_logprob": -0.944632, "p_task_1": 0.3888226313053446, "uncertainty": 0.6682185209860051}, "Aerospace Engineers_1335_20726": {"llm_label": "TASK_2", "label_logprob": -8.9e-05, "p_task_1": 8.899603961753932e-05, "uncertainty": 0.0009190509044105765}, "Aerospace Engineers_1335_20727": {"llm_label": "TASK_2", "label_logprob": -0.266568, "p_task_1": 0.233996086310978, "uncertainty": 0.5440599548330252}, "Aerospace Engineers_1335_20728": {"llm_label": "TASK_2", "label_logprob": -0.000474, "p_task_1": 0.00047388767974732016, "uncertainty": 0.004101167684901614}, "Aerospace Engineers_1337_1339": {"llm_label": "TASK_2", "label_logprob": -0.277471, "p_task_1": 0.24230246248704645, "uncertainty": 0.5537194288767479}, "Aerospace Engineers_1337_1340": {"llm_label": "TASK_1", "label_logprob": -0.147793, "p_task_1": 0.8626096566612689, "uncertainty": 0.4001977709480423}, "Aerospace Engineers_1337_1341": {"llm_label": "TASK_1", "label_logprob": -0.000633, "p_task_1": 0.999367200302234, "uncertainty": 0.00529339488031205}, "Aerospace Engineers_1337_1344": {"llm_label": "TASK_1", "label_logprob": -8e-06, "p_task_1": 0.999992000032, "uncertainty": 0.00010188814457675767}, "Aerospace Engineers_1337_1345": {"llm_label": "TASK_1", "label_logprob": -0.010334, "p_task_1": 0.9897192123215478, "uncertainty": 0.057287841867813334}, "Aerospace Engineers_1337_1346": {"llm_label": "TASK_1", "label_logprob": -2e-06, "p_task_1": 0.999998000002, "uncertainty": 2.8244698509961958e-05}, "Aerospace Engineers_1337_19601": {"llm_label": "TASK_2", "label_logprob": -0.003028, "p_task_1": 0.003023420231679008, "uncertainty": 0.020558814116583606}, "Aerospace Engineers_1337_20724": {"llm_label": "TASK_2", "label_logprob": -0.050035, "p_task_1": 0.04880386794652225, "uncertainty": 0.19497813000935743}, "Aerospace Engineers_1337_20725": {"llm_label": "TASK_1", "label_logprob": -0.001881, "p_task_1": 0.9981207679718079, "uncertainty": 0.013673201801126111}, "Aerospace Engineers_1337_20726": {"llm_label": "TASK_1", "label_logprob": -0.064338, "p_task_1": 0.9376880074155735, "uncertainty": 0.23328222327827325}, "Aerospace Engineers_1337_20727": {"llm_label": "TASK_1", "label_logprob": -0.023367, "p_task_1": 0.9769038942469352, "uncertainty": 0.10985554747385448}, "Aerospace Engineers_1337_20728": {"llm_label": "TASK_2", "label_logprob": -0.001838, "p_task_1": 0.001836311912393418, "uncertainty": 0.013403382771405199}, "Aerospace Engineers_1339_1340": {"llm_label": "TASK_1", "label_logprob": -0.029497, "p_task_1": 0.9709337904381964, "uncertainty": 0.13148108522064225}, "Aerospace Engineers_1339_1341": {"llm_label": "EQUAL_TIME", "label_logprob": -0.102323, "p_task_1": 0.5, "uncertainty": 0.6931471805599453}, "Aerospace Engineers_1339_1344": {"llm_label": "TASK_1", "label_logprob": 0.0, "p_task_1": 1.0, "uncertainty": 0.0}, "Aerospace Engineers_1339_1345": {"llm_label": "TASK_1", "label_logprob": -0.224716, "p_task_1": 0.7987430295711155, "uncertainty": 0.5021400248664627}, "Aerospace Engineers_1339_1346": {"llm_label": "TASK_1", "label_logprob": 0.0, "p_task_1": 1.0, "uncertainty": 0.0}, "Aerospace Engineers_1339_19601": {"llm_label": "EQUAL_TIME", "label_logprob": -0.647811, "p_task_1": 0.5, "uncertainty": 0.6931471805599453}, "Aerospace Engineers_1339_20724": {"llm_label": "TASK_2", "label_logprob": -0.725547, "p_task_1": 0.5159402841399308, "uncertainty": 0.6926389091239}, "Aerospace Engineers_1339_20725": {"llm_label": "TASK_1", "label_logprob": -0.000238, "p_task_1": 0.9997620283197532, "uncertainty": 0.002223426494775266}, "Aerospace Engineers_1339_20726": {"llm_label": "TASK_1", "label_logprob": -0.225186, "p_task_1": 0.798367708554565, "uncertainty": 0.5026569507053725}, "Aerospace Engineers_1339_20727": {"llm_label": "TASK_1", "label_logprob": -0.000317, "p_task_1": 0.9996830502391912, "uncertainty": 0.0028704899891819585}, "Aerospace Engineers_1339_20728": {"llm_label": "TASK_2", "label_logprob": -4.9e-05, "p_task_1": 4.899879951958397e-05, "uncertainty": 0.0005352477090615269}, "Aerospace Engineers_1340_1341": {"llm_label": "TASK_2", "label_logprob": -0.181673, "p_task_1": 0.16612602737301152, "uncertainty": 0.4496900303313286}, "Aerospace Engineers_1340_1344": {"llm_label": "TASK_1", "label_logprob": -1e-06, "p_task_1": 0.9999990000005, "uncertainty": 1.4815503149992376e-05}, "Aerospace Engineers_1340_1345": {"llm_label": "TASK_2", "label_logprob": -0.000103, "p_task_1": 0.00010299469568209041, "uncertainty": 0.001048566499626208}, "Aerospace Engineers_1340_1346": {"llm_label": "TASK_1", "label_logprob": 0.0, "p_task_1": 1.0, "uncertainty": 0.0}, "Aerospace Engineers_1340_19601": {"llm_label": "TASK_2", "label_logprob": -0.000159, "p_task_1": 0.00015898736016994874, "uncertainty": 0.0015495872152828344}, "Aerospace Engineers_1340_20724": {"llm_label": "TASK_2", "label_logprob": -8.8e-05, "p_task_1": 8.79961281136099e-05, "uncertainty": 0.0009097192612209179}, "Aerospace Engineers_1340_20725": {"llm_label": "TASK_1", "label_logprob": -0.035524, "p_task_1": 0.9650995715623321, "uncertainty": 0.1513840751603766}, "Aerospace Engineers_1340_20726": {"llm_label": "TASK_2", "label_logprob": -0.003742, "p_task_1": 0.0037350074427688895, "uncertainty": 0.02460673562909062}, "Aerospace Engineers_1340_20727": {"llm_label": "TASK_2", "label_logprob": -0.180092, "p_task_1": 0.16480662991342265, "uncertainty": 0.44755510285930994}, "Aerospace Engineers_1340_20728": {"llm_label": "TASK_2", "label_logprob": -0.000205, "p_task_1": 0.00020497898893578892, "uncertainty": 0.0019457631714790353}, "Aerospace Engineers_1341_1344": {"llm_label": "TASK_1", "label_logprob": -1e-06, "p_task_1": 0.9999990000005, "uncertainty": 1.4815503149992376e-05}, "Aerospace Engineers_1341_1345": {"llm_label": "TASK_2", "label_logprob": -0.089136, "p_task_1": 0.08527883696344585, "uncertainty": 0.29147649580303403}, "Aerospace Engineers_1341_1346": {"llm_label": "TASK_1", "label_logprob": 0.0, "p_task_1": 1.0, "uncertainty": 0.0}, "Aerospace Engineers_1341_19601": {"llm_label": "TASK_2", "label_logprob": -0.00042, "p_task_1": 0.00041991181234668495, "uncertainty": 0.003684833589474493}, "Aerospace Engineers_1341_20724": {"llm_label": "TASK_2", "label_logprob": -0.00328, "p_task_1": 0.003274626676439185, "uncertainty": 0.022005204096802365}, "Aerospace Engineers_1341_20725": {"llm_label": "EQUAL_TIME", "label_logprob": -0.062093, "p_task_1": 0.5, "uncertainty": 0.6931471805599453}, "Aerospace Engineers_1341_20726": {"llm_label": "TASK_2", "label_logprob": -0.005021,