{"Civil Engineers_147_148": {"llm_label": "TASK_2", "label_logprob": -0.003206, "p_task_1": 0.003200866269711833, "uncertainty": 0.02158258231400716}, "Civil Engineers_147_150": {"llm_label": "TASK_2", "label_logprob": -0.003731, "p_task_1": 0.0037240484675764574, "uncertainty": 0.0245454997528114}, "Civil Engineers_147_151": {"llm_label": "EQUAL_TIME", "label_logprob": -0.028327, "p_task_1": 0.5, "uncertainty": 0.6931471805599453}, "Civil Engineers_147_152": {"llm_label": "TASK_2", "label_logprob": -3.5e-05, "p_task_1": 3.499938750717302e-05, "uncertainty": 0.00039409879060961955}, "Civil Engineers_147_153": {"llm_label": "TASK_2", "label_logprob": -0.019781, "p_task_1": 0.01958663967642027, "uncertainty": 0.09642600061148304}, "Civil Engineers_147_155": {"llm_label": "TASK_2", "label_logprob": -2.8e-05, "p_task_1": 2.7999608003703713e-05, "uncertainty": 0.0003215280679255237}, "Civil Engineers_147_19607": {"llm_label": "TASK_2", "label_logprob": -0.000558, "p_task_1": 0.0005578443469528294, "uncertainty": 0.00473674092395263}, "Civil Engineers_147_19608": {"llm_label": "TASK_2", "label_logprob": -9.8e-05, "p_task_1": 9.799519815689717e-05, "uncertainty": 0.0010025440963472379}, "Civil Engineers_147_19609": {"llm_label": "TASK_2", "label_logprob": -3.1e-05, "p_task_1": 3.0999519504915085e-05, "uncertainty": 0.0003528217551931141}, "Civil Engineers_147_19610": {"llm_label": "TASK_2", "label_logprob": -0.076973, "p_task_1": 0.07408514702996738, "uncertainty": 0.2640800182137171}, "Civil Engineers_147_19611": {"llm_label": "TASK_2", "label_logprob": -0.000476, "p_task_1": 0.0004758867299728964, "uncertainty": 0.00411646433523452}, "Civil Engineers_147_20489": {"llm_label": "CANNOT_DECIDE", "label_logprob": -0.456139, "p_task_1": 0.5, "uncertainty": 0.6931471805599453}, "Civil Engineers_147_20490": {"llm_label": "TASK_2", "label_logprob": -0.001549, "p_task_1": 0.0015478009187055441, "uncertainty": 0.01156229855922562}, "Civil Engineers_147_20491": {"llm_label": "TASK_2", "label_logprob": -7e-06, "p_task_1": 6.999975500021627e-06, "uncertainty": 9.008688755748087e-05}, "Civil Engineers_147_20492": {"llm_label": "TASK_2", "label_logprob": -0.130606, "p_task_1": 0.12243653370901408, "uncertainty": 0.37175166779515445}, "Civil Engineers_148_150": {"llm_label": "TASK_2", "label_logprob": -0.025863, "p_task_1": 0.025531417339909046, "uncertainty": 0.11884797598513885}, "Civil Engineers_148_151": {"llm_label": "TASK_2", "label_logprob": -2.4e-05, "p_task_1": 2.3999712002287232e-05, "uncertainty": 0.0002792956099024647}, "Civil Engineers_148_152": {"llm_label": "TASK_2", "label_logprob": -2.8e-05, "p_task_1": 2.7999608003703713e-05, "uncertainty": 0.0003215280679255237}, "Civil Engineers_148_153": {"llm_label": "TASK_2", "label_logprob": -0.004798, "p_task_1": 0.004786507984909205, "uncertainty": 0.03034434055436022}, "Civil Engineers_148_155": {"llm_label": "TASK_2", "label_logprob": -1e-06, "p_task_1": 9.999994999843054e-07, "uncertainty": 1.4815503149992376e-05}, "Civil Engineers_148_19607": {"llm_label": "TASK_2", "label_logprob": -7.6e-05, "p_task_1": 7.599711207317839e-05, "uncertainty": 0.0007968127892924509}, "Civil Engineers_148_19608": {"llm_label": "TASK_2", "label_logprob": -0.000103, "p_task_1": 0.00010299469568209041, "uncertainty": 0.001048566499626208}, "Civil Engineers_148_19609": {"llm_label": "TASK_2", "label_logprob": -7e-06, "p_task_1": 6.999975500021627e-06, "uncertainty": 9.008688755748087e-05}, "Civil Engineers_148_19610": {"llm_label": "TASK_2", "label_logprob": -0.05023, "p_task_1": 0.04898933310883169, "uncertainty": 0.19552857494047318}, "Civil Engineers_148_19611": {"llm_label": "TASK_2", "label_logprob": -1.2e-05, "p_task_1": 1.1999928000272497e-05, "uncertainty": 0.00014796635909808146}, "Civil Engineers_148_20489": {"llm_label": "TASK_1", "label_logprob": -0.031948, "p_task_1": 0.9685569457309093, "uncertainty": 0.13972313001216374}, "Civil Engineers_148_20490": {"llm_label": "TASK_2", "label_logprob": -0.000925, "p_task_1": 0.0009245723193783695, "uncertainty": 0.0073833727555459765}, "Civil Engineers_148_20491": {"llm_label": "TASK_2", "label_logprob": -7e-06, "p_task_1": 6.999975500021627e-06, "uncertainty": 9.008688755748087e-05}, "Civil Engineers_148_20492": {"llm_label": "TASK_2", "label_logprob": -0.006117, "p_task_1": 0.0060983292445684345, "uncertainty": 0.037179592782847964}, "Civil Engineers_150_151": {"llm_label": "TASK_2", "label_logprob": -0.206912, "p_task_1": 0.18690880113512565, "uncertainty": 0.4817095203076669}, "Civil Engineers_150_152": {"llm_label": "TASK_2", "label_logprob": -1.4e-05, "p_task_1": 1.3999902000461084e-05, "uncertainty": 0.0001704691519101948}, "Civil Engineers_150_153": {"llm_label": "CANNOT_DECIDE", "label_logprob": -0.045872, "p_task_1": 0.5, "uncertainty": 0.6931471805599453}, "Civil Engineers_150_155": {"llm_label": "TASK_2", "label_logprob": -1.6e-05, "p_task_1": 1.5999872000738158e-05, "uncertainty": 0.00019268520788660168}, "Civil Engineers_150_19607": {"llm_label": "TASK_2", "label_logprob": -6e-06, "p_task_1": 5.9999820000156134e-06, "uncertainty": 7.814227210513045e-05}, "Civil Engineers_150_19608": {"llm_label": "TASK_2", "label_logprob": -9e-06, "p_task_1": 8.999959500100019e-06, "uncertainty": 0.0001135640627863842}, "Civil Engineers_150_19609": {"llm_label": "TASK_2", "label_logprob": -0.000336, "p_task_1": 0.0003359435583216719, "uncertainty": 0.003022954314544321}, "Civil Engineers_150_19610": {"llm_label": "TASK_2", "label_logprob": -0.053584, "p_task_1": 0.05217367975112264, "uncertainty": 0.2048664434035408}, "Civil Engineers_150_19611": {"llm_label": "TASK_2", "label_logprob": -0.000555, "p_task_1": 0.0005548460159883195, "uncertainty": 0.004714272731971069}, "Civil Engineers_150_20489": {"llm_label": "TASK_1", "label_logprob": -0.114103, "p_task_1": 0.8921660580457723, "uncertainty": 0.34196256885815957}, "Civil Engineers_150_20490": {"llm_label": "TASK_2", "label_logprob": -0.001172, "p_task_1": 0.0011713134762281197, "uncertainty": 0.009076559249338652}, "Civil Engineers_150_20491": {"llm_label": "TASK_2", "label_logprob": -0.000207, "p_task_1": 0.00020697857697826727, "uncertainty": 0.0019627347456080925}, "Civil Engineers_150_20492": {"llm_label": "TASK_2", "label_logprob": -0.129115, "p_task_1": 0.12112711064846204, "uncertainty": 0.3691646816650048}, "Civil Engineers_151_152": {"llm_label": "TASK_2", "label_logprob": -0.012071, "p_task_1": 0.011998437739306866, "uncertainty": 0.06499500292480803}, "Civil Engineers_151_153": {"llm_label": "TASK_1", "label_logprob": -0.192728, "p_task_1": 0.8247062637380767, "uncertainty": 0.46418160783005413}, "Civil Engineers_151_155": {"llm_label": "TASK_2", "label_logprob": -0.000124, "p_task_1": 0.00012399231231774444, "uncertainty": 0.0012393315549874347}, "Civil Engineers_151_19607": {"llm_label": "TASK_2", "label_logprob": -1e-05, "p_task_1": 9.999950000172397e-06, "uncertainty": 0.00012512862900562218}, "Civil Engineers_151_19608": {"llm_label": "TASK_2", "label_logprob": -2.9e-05, "p_task_1": 2.8999579504085382e-05, "uncertainty": 0.000331993413184829}, "Civil Engineers_151_19609": {"llm_label": "TASK_2", "label_logprob": -9.7e-05, "p_task_1": 9.699529565210252e-05, "uncertainty": 0.0009933093829617684}, "Civil Engineers_151_19610": {"llm_label": "TASK_2", "label_logprob": -0.065804, "p_task_1": 0.06368563607660349, "uncertainty": 0.2369904952635044}, "Civil Engineers_151_19611": {"llm_label": "TASK_2", "label_logprob": -0.00053, "p_task_1": 0.0005298595748095547, "uncertainty": 0.004526396187509791}, "Civil Engineers_151_20489": {"llm_label": "CANNOT_DECIDE", "label_logprob": -0.39277, "p_task_1": 0.5, "uncertainty": 0.6931471805599453}, "Civil Engineers_151_20490": {"llm_label": "TASK_2", "label_logprob": -1.2e-05, "p_task_1": 1.1999928000272497e-05, "uncertainty": 0.00014796635909808146}, "Civil Engineers_151_20491": {"llm_label": "TASK_2", "label_logprob": 0.0, "p_task_1": 0.0, "uncertainty": 0.0},