{"Wind Energy Engineers_16547_16548": {"llm_label": "TASK_2", "label_logprob": -0.072357, "p_task_1": 0.06980124442803859, "uncertainty": 0.25312452432726223}, "Wind Energy Engineers_16547_16549": {"llm_label": "TASK_2", "label_logprob": -0.000381, "p_task_1": 0.0003809274287168707, "uncertainty": 0.0033798590589297077}, "Wind Energy Engineers_16547_16550": {"llm_label": "TASK_2", "label_logprob": -1e-06, "p_task_1": 9.999994999843054e-07, "uncertainty": 1.4815503149992376e-05}, "Wind Energy Engineers_16547_16551": {"llm_label": "TASK_2", "label_logprob": -1e-06, "p_task_1": 9.999994999843054e-07, "uncertainty": 1.4815503149992376e-05}, "Wind Energy Engineers_16547_16552": {"llm_label": "TASK_2", "label_logprob": -0.011915, "p_task_1": 0.011844297472966003, "uncertainty": 0.06431409803070255}, "Wind Energy Engineers_16547_16553": {"llm_label": "TASK_2", "label_logprob": -0.000215, "p_task_1": 0.000214976889156282, "uncertainty": 0.002030429315355977}, "Wind Energy Engineers_16547_16554": {"llm_label": "TASK_2", "label_logprob": 0.0, "p_task_1": 0.0, "uncertainty": 0.0}, "Wind Energy Engineers_16547_16555": {"llm_label": "TASK_2", "label_logprob": -0.002672, "p_task_1": 0.0026684333853719266, "uncertainty": 0.018478709922504572}, "Wind Energy Engineers_16547_16556": {"llm_label": "TASK_2", "label_logprob": -0.000712, "p_task_1": 0.0007117465881466556, "uncertainty": 0.005870082062186919}, "Wind Energy Engineers_16547_16557": {"llm_label": "TASK_2", "label_logprob": -1.3e-05, "p_task_1": 1.2999915500411241e-05, "uncertainty": 0.00015925626043919854}, "Wind Energy Engineers_16547_16558": {"llm_label": "TASK_2", "label_logprob": -7.5e-05, "p_task_1": 7.49971875703137e-05, "uncertainty": 0.0007873221583997021}, "Wind Energy Engineers_16547_16559": {"llm_label": "TASK_2", "label_logprob": -0.00118, "p_task_1": 0.0011793040737578808, "uncertainty": 0.009130456231640983}, "Wind Energy Engineers_16547_16560": {"llm_label": "TASK_2", "label_logprob": -6e-06, "p_task_1": 5.9999820000156134e-06, "uncertainty": 7.814227210513045e-05}, "Wind Energy Engineers_16547_16561": {"llm_label": "TASK_2", "label_logprob": 0.0, "p_task_1": 0.0, "uncertainty": 0.0}, "Wind Energy Engineers_16547_16562": {"llm_label": "TASK_2", "label_logprob": -0.000337, "p_task_1": 0.00033694322187827197, "uncertainty": 0.0030309483686147905}, "Wind Energy Engineers_16548_16549": {"llm_label": "TASK_2", "label_logprob": -0.000912, "p_task_1": 0.0009115842543963026, "uncertainty": 0.007292556078488708}, "Wind Energy Engineers_16548_16550": {"llm_label": "TASK_2", "label_logprob": -2.8e-05, "p_task_1": 2.7999608003703713e-05, "uncertainty": 0.0003215280679255237}, "Wind Energy Engineers_16548_16551": {"llm_label": "TASK_2", "label_logprob": -3.2e-05, "p_task_1": 3.199948800547414e-05, "uncertainty": 0.0003631869779441248}, "Wind Energy Engineers_16548_16552": {"llm_label": "TASK_2", "label_logprob": -0.000933, "p_task_1": 0.0009325648908294903, "uncertainty": 0.007439168420319553}, "Wind Energy Engineers_16548_16553": {"llm_label": "TASK_2", "label_logprob": -0.029768, "p_task_1": 0.029329296969058616, "uncertainty": 0.13240295254710188}, "Wind Energy Engineers_16548_16554": {"llm_label": "TASK_2", "label_logprob": 0.0, "p_task_1": 0.0, "uncertainty": 0.0}, "Wind Energy Engineers_16548_16555": {"llm_label": "TASK_2", "label_logprob": -0.007174, "p_task_1": 0.007148328288303141, "uncertainty": 0.042441726972825215}, "Wind Energy Engineers_16548_16556": {"llm_label": "TASK_2", "label_logprob": -3.6e-05, "p_task_1": 3.599935200782056e-05, "uncertainty": 0.0004043444200614643}, "Wind Energy Engineers_16548_16557": {"llm_label": "TASK_2", "label_logprob": -1.3e-05, "p_task_1": 1.2999915500411241e-05, "uncertainty": 0.00015925626043919854}, "Wind Energy Engineers_16548_16558": {"llm_label": "TASK_2", "label_logprob": -8e-06, "p_task_1": 7.999968000049762e-06, "uncertainty": 0.00010188814457675767}, "Wind Energy Engineers_16548_16559": {"llm_label": "TASK_2", "label_logprob": -4.6e-05, "p_task_1": 4.599894201617882e-05, "uncertainty": 0.0005053843575021392}, "Wind Energy Engineers_16548_16560": {"llm_label": "TASK_2", "label_logprob": -1.2e-05, "p_task_1": 1.1999928000272497e-05, "uncertainty": 0.00014796635909808146}, "Wind Energy Engineers_16548_16561": {"llm_label": "TASK_2", "label_logprob": 0.0, "p_task_1": 0.0, "uncertainty": 0.0}, "Wind Energy Engineers_16548_16562": {"llm_label": "TASK_2", "label_logprob": -5e-06, "p_task_1": 4.999987500031722e-06, "uncertainty": 6.603019815215604e-05}, "Wind Energy Engineers_16549_16550": {"llm_label": "TASK_2", "label_logprob": -0.000268, "p_task_1": 0.000267964091207884, "uncertainty": 0.002471841078059971}, "Wind Energy Engineers_16549_16551": {"llm_label": "TASK_2", "label_logprob": -0.000559, "p_task_1": 0.0005588437886087094, "uncertainty": 0.0047442267187783075}, "Wind Energy Engineers_16549_16552": {"llm_label": "TASK_2", "label_logprob": -0.191282, "p_task_1": 0.17410034839306843, "uncertainty": 0.4623286355474551}, "Wind Energy Engineers_16549_16553": {"llm_label": "CANNOT_DECIDE", "label_logprob": -0.001642, "p_task_1": 0.5, "uncertainty": 0.6931471805599453}, "Wind Energy Engineers_16549_16554": {"llm_label": "TASK_2", "label_logprob": -7.6e-05, "p_task_1": 7.599711207317839e-05, "uncertainty": 0.0007968127892924509}, "Wind Energy Engineers_16549_16555": {"llm_label": "TASK_2", "label_logprob": -0.068282, "p_task_1": 0.06600295073176199, "uncertainty": 0.24317489154507577}, "Wind Energy Engineers_16549_16556": {"llm_label": "TASK_2", "label_logprob": -5.9e-05, "p_task_1": 5.8998259534259745e-05, "uncertainty": 0.0006335217246636567}, "Wind Energy Engineers_16549_16557": {"llm_label": "TASK_2", "label_logprob": -0.000566, "p_task_1": 0.0005658398522159214, "uncertainty": 0.004796577175707702}, "Wind Energy Engineers_16549_16558": {"llm_label": "TASK_2", "label_logprob": -4.2e-05, "p_task_1": 4.199911801239242e-05, "uncertainty": 0.0004652595489512129}, "Wind Energy Engineers_16549_16559": {"llm_label": "TASK_1", "label_logprob": -0.115867, "p_task_1": 0.8905936643783284, "uncertainty": 0.3452723355726763}, "Wind Energy Engineers_16549_16560": {"llm_label": "TASK_2", "label_logprob": -7e-06, "p_task_1": 6.999975500021627e-06, "uncertainty": 9.008688755748087e-05}, "Wind Energy Engineers_16549_16561": {"llm_label": "TASK_2", "label_logprob": -4e-06, "p_task_1": 3.9999919999589295e-06, "uncertainty": 5.371675735315082e-05}, "Wind Energy Engineers_16549_16562": {"llm_label": "TASK_2", "label_logprob": -2.1e-05, "p_task_1": 2.0999779501540417e-05, "uncertainty": 0.0002471881550406985}, "Wind Energy Engineers_16550_16551": {"llm_label": "CANNOT_DECIDE", "label_logprob": -0.030234, "p_task_1": 0.5, "uncertainty": 0.6931471805599453}, "Wind Energy Engineers_16550_16552": {"llm_label": "CANNOT_DECIDE", "label_logprob": -0.051772, "p_task_1": 0.5, "uncertainty": 0.6931471805599453}, "Wind Energy Engineers_16550_16553": {"llm_label": "TASK_1", "label_logprob": -0.002642, "p_task_1": 0.9973614870104301, "uncertainty": 0.01830130488968674}, "Wind Energy Engineers_16550_16554": {"llm_label": "CANNOT_DECIDE", "label_logprob": -0.257564, "p_task_1": 0.5, "uncertainty": 0.6931471805599453}, "Wind Energy Engineers_16550_16555": {"llm_label": "TASK_1", "label_logprob": -0.108055, "p_task_1": 0.897578228270268, "uncertainty": 0.33037179751918166}, "Wind Energy Engineers_16550_16556": {"llm_label": "TASK_2", "label_logprob": -0.000756, "p_task_1": 0.0007557143039998993, "uncertainty": 0.006187387592229689}, "Wind Energy Engineers_16550_16557": {"llm_label": "TASK_2", "label_logprob": -0.048695, "p_task_1": 0.0475284107641093, "uncertainty": 0.19117246758075257}, "Wind Energy Engineers_16550_16558": {"llm_label": "TASK_2", "label_logprob": -0.000554, "p_task_1": 0.0005538465703346374, "uncertainty": 0.004706779721373754}, "Wind Energy Engineers_16550_16559": {"llm_label": "TASK_1", "label_logprob": -0.02231, "p_task_1": 0.9779370275779307,