{"Agricultural Engineers_5325_5326": {"llm_label": "TASK_2", "label_logprob": -0.001974, "p_task_1": 0.001972052943373992, "uncertainty": 0.014253394241135437}, "Agricultural Engineers_5325_5327": {"llm_label": "TASK_2", "label_logprob": -0.000677, "p_task_1": 0.0006767708872060796, "uncertainty": 0.005615736067762382}, "Agricultural Engineers_5325_5328": {"llm_label": "TASK_2", "label_logprob": 0.0, "p_task_1": 0.0, "uncertainty": 0.0}, "Agricultural Engineers_5325_5329": {"llm_label": "TASK_1", "label_logprob": -0.000971, "p_task_1": 0.9990294712679539, "uncertainty": 0.007703265248693724}, "Agricultural Engineers_5325_5330": {"llm_label": "TASK_2", "label_logprob": -6e-06, "p_task_1": 5.9999820000156134e-06, "uncertainty": 7.814227210513045e-05}, "Agricultural Engineers_5325_5331": {"llm_label": "TASK_1", "label_logprob": -0.008169, "p_task_1": 0.9918642756093669, "uncertainty": 0.047247499851877955}, "Agricultural Engineers_5325_5332": {"llm_label": "TASK_2", "label_logprob": -0.001626, "p_task_1": 0.0016246787781992733, "uncertainty": 0.012057768624162434}, "Agricultural Engineers_5325_5333": {"llm_label": "TASK_2", "label_logprob": -1e-06, "p_task_1": 9.999994999843054e-07, "uncertainty": 1.4815503149992376e-05}, "Agricultural Engineers_5325_5334": {"llm_label": "TASK_2", "label_logprob": -2e-06, "p_task_1": 1.9999979999907325e-06, "uncertainty": 2.8244698509961958e-05}, "Agricultural Engineers_5325_5335": {"llm_label": "TASK_2", "label_logprob": -5e-06, "p_task_1": 4.999987500031722e-06, "uncertainty": 6.603019815215604e-05}, "Agricultural Engineers_5325_5336": {"llm_label": "TASK_2", "label_logprob": -2.4e-05, "p_task_1": 2.3999712002287232e-05, "uncertainty": 0.0002792956099024647}, "Agricultural Engineers_5325_5337": {"llm_label": "TASK_1", "label_logprob": -0.003737, "p_task_1": 0.9962699738946472, "uncertainty": 0.024578905230154848}, "Agricultural Engineers_5325_5338": {"llm_label": "TASK_2", "label_logprob": -6e-06, "p_task_1": 5.9999820000156134e-06, "uncertainty": 7.814227210513045e-05}, "Agricultural Engineers_5326_5327": {"llm_label": "TASK_2", "label_logprob": -0.043082, "p_task_1": 0.04216715544654481, "uncertainty": 0.17477136180617886}, "Agricultural Engineers_5326_5328": {"llm_label": "TASK_2", "label_logprob": -9e-06, "p_task_1": 8.999959500100019e-06, "uncertainty": 0.0001135640627863842}, "Agricultural Engineers_5326_5329": {"llm_label": "CANNOT_DECIDE", "label_logprob": -0.475281, "p_task_1": 0.5, "uncertainty": 0.6931471805599453}, "Agricultural Engineers_5326_5330": {"llm_label": "TASK_2", "label_logprob": -0.005785, "p_task_1": 0.005768299107906327, "uncertainty": 0.03548939284590557}, "Agricultural Engineers_5326_5331": {"llm_label": "TASK_1", "label_logprob": -3.8e-05, "p_task_1": 0.9999620007219908, "uncertainty": 0.0004247530567765096}, "Agricultural Engineers_5326_5332": {"llm_label": "TASK_2", "label_logprob": -0.011915, "p_task_1": 0.011844297472966003, "uncertainty": 0.06431409803070255}, "Agricultural Engineers_5326_5333": {"llm_label": "TASK_2", "label_logprob": -3e-06, "p_task_1": 2.9999955000192813e-06, "uncertainty": 4.1150633082097105e-05}, "Agricultural Engineers_5326_5334": {"llm_label": "TASK_2", "label_logprob": -9e-06, "p_task_1": 8.999959500100019e-06, "uncertainty": 0.0001135640627863842}, "Agricultural Engineers_5326_5335": {"llm_label": "TASK_2", "label_logprob": -7.5e-05, "p_task_1": 7.49971875703137e-05, "uncertainty": 0.0007873221583997021}, "Agricultural Engineers_5326_5336": {"llm_label": "TASK_2", "label_logprob": -0.008689, "p_task_1": 0.008651359737140929, "uncertainty": 0.04970812254613927}, "Agricultural Engineers_5326_5337": {"llm_label": "TASK_1", "label_logprob": -0.000182, "p_task_1": 0.9998180165609953, "uncertainty": 0.001749134528681951}, "Agricultural Engineers_5326_5338": {"llm_label": "EQUAL_TIME", "label_logprob": -0.004079, "p_task_1": 0.5, "uncertainty": 0.6931471805599453}, "Agricultural Engineers_5327_5328": {"llm_label": "TASK_2", "label_logprob": -2e-06, "p_task_1": 1.9999979999907325e-06, "uncertainty": 2.8244698509961958e-05}, "Agricultural Engineers_5327_5329": {"llm_label": "TASK_1", "label_logprob": -0.010527, "p_task_1": 0.9895282149454094, "uncertainty": 0.05815837273693324}, "Agricultural Engineers_5327_5330": {"llm_label": "TASK_2", "label_logprob": 0.0, "p_task_1": 0.0, "uncertainty": 0.0}, "Agricultural Engineers_5327_5331": {"llm_label": "TASK_1", "label_logprob": -0.000465, "p_task_1": 0.9995351080957445, "uncertainty": 0.004032227454505613}, "Agricultural Engineers_5327_5332": {"llm_label": "TASK_2", "label_logprob": -0.001601, "p_task_1": 0.0015997190831738006, "uncertainty": 0.011897313908728823}, "Agricultural Engineers_5327_5333": {"llm_label": "TASK_2", "label_logprob": 0.0, "p_task_1": 0.0, "uncertainty": 0.0}, "Agricultural Engineers_5327_5334": {"llm_label": "TASK_2", "label_logprob": 0.0, "p_task_1": 0.0, "uncertainty": 0.0}, "Agricultural Engineers_5327_5335": {"llm_label": "TASK_2", "label_logprob": -8e-06, "p_task_1": 7.999968000049762e-06, "uncertainty": 0.00010188814457675767}, "Agricultural Engineers_5327_5336": {"llm_label": "TASK_2", "label_logprob": 0.0, "p_task_1": 0.0, "uncertainty": 0.0}, "Agricultural Engineers_5327_5337": {"llm_label": "TASK_1", "label_logprob": -0.300481, "p_task_1": 0.7404619728020535, "uncertainty": 0.5725731532709813}, "Agricultural Engineers_5327_5338": {"llm_label": "TASK_2", "label_logprob": -6e-06, "p_task_1": 5.9999820000156134e-06, "uncertainty": 7.814227210513045e-05}, "Agricultural Engineers_5328_5329": {"llm_label": "TASK_1", "label_logprob": -0.003213, "p_task_1": 0.9967921561607735, "uncertainty": 0.021622633808195336}, "Agricultural Engineers_5328_5330": {"llm_label": "TASK_1", "label_logprob": -3.1e-05, "p_task_1": 0.9999690004804951, "uncertainty": 0.0003528217551931141}, "Agricultural Engineers_5328_5331": {"llm_label": "TASK_1", "label_logprob": -2e-05, "p_task_1": 0.9999800001999987, "uncertainty": 0.00023639320174866763}, "Agricultural Engineers_5328_5332": {"llm_label": "TASK_1", "label_logprob": -0.089145, "p_task_1": 0.914712930583133, "uncertainty": 0.29149602845288525}, "Agricultural Engineers_5328_5333": {"llm_label": "EQUAL_TIME", "label_logprob": -0.251951, "p_task_1": 0.5, "uncertainty": 0.6931471805599453}, "Agricultural Engineers_5328_5334": {"llm_label": "TASK_2", "label_logprob": -0.246231, "p_task_1": 0.21825837824801086, "uncertainty": 0.5246947943963649}, "Agricultural Engineers_5328_5335": {"llm_label": "TASK_1", "label_logprob": -0.939349, "p_task_1": 0.39088221687153807, "uncertainty": 0.6691410778959634}, "Agricultural Engineers_5328_5336": {"llm_label": "TASK_1", "label_logprob": -0.041342, "p_task_1": 0.9595009245116853, "uncertainty": 0.169527006165967}, "Agricultural Engineers_5328_5337": {"llm_label": "TASK_1", "label_logprob": -8e-06, "p_task_1": 0.999992000032, "uncertainty": 0.00010188814457675767}, "Agricultural Engineers_5328_5338": {"llm_label": "TASK_1", "label_logprob": -0.017297, "p_task_1": 0.9828517343173413, "uncertainty": 0.08672280372217814}, "Agricultural Engineers_5329_5330": {"llm_label": "TASK_2", "label_logprob": -2e-06, "p_task_1": 1.9999979999907325e-06, "uncertainty": 2.8244698509961958e-05}, "Agricultural Engineers_5329_5331": {"llm_label": "TASK_2", "label_logprob": -0.698425, "p_task_1": 0.5026319581106735, "uncertainty": 0.6931333260889704}, "Agricultural Engineers_5329_5332": {"llm_label": "TASK_2", "label_logprob": -0.008947, "p_task_1": 0.008907094695100537, "uncertainty": 0.0509168753718443}, "Agricultural Engineers_5329_5333": {"llm_label": "TASK_2", "label_logprob": -1e-06, "p_task_1": 9.999994999843054e-07, "uncertainty": 1.4815503149992376e-05}, "Agricultural Engineers_5329_5334": {"llm_label": "TASK_2", "label_logprob": -7e-06, "p_task_1": 6.999975500021627e-06, "uncertainty": 9.008688755748087e-05}, "Agricultural Engineers_5329_5335": {"llm_label": "TASK_2", "label_logprob": -1e-05, "p_task_1": 9.999950000172397e-06,