{"Solar Energy Systems Engineers_16563_16564": {"llm_label": "TASK_2", "label_logprob": -1.7e-05, "p_task_1": 1.6999855500854366e-05, "uncertainty": 0.000203697321204896}, "Solar Energy Systems Engineers_16563_16565": {"llm_label": "TASK_2", "label_logprob": -3.6e-05, "p_task_1": 3.599935200782056e-05, "uncertainty": 0.0004043444200614643}, "Solar Energy Systems Engineers_16563_16566": {"llm_label": "TASK_2", "label_logprob": 0.0, "p_task_1": 0.0, "uncertainty": 0.0}, "Solar Energy Systems Engineers_16563_16567": {"llm_label": "TASK_2", "label_logprob": 0.0, "p_task_1": 0.0, "uncertainty": 0.0}, "Solar Energy Systems Engineers_16563_16568": {"llm_label": "TASK_2", "label_logprob": -0.000204, "p_task_1": 0.00020397919341486048, "uncertainty": 0.0019372700671688274}, "Solar Energy Systems Engineers_16563_16569": {"llm_label": "TASK_2", "label_logprob": -3e-06, "p_task_1": 2.9999955000192813e-06, "uncertainty": 4.1150633082097105e-05}, "Solar Energy Systems Engineers_16563_16570": {"llm_label": "TASK_2", "label_logprob": 0.0, "p_task_1": 0.0, "uncertainty": 0.0}, "Solar Energy Systems Engineers_16563_16571": {"llm_label": "TASK_2", "label_logprob": -1e-06, "p_task_1": 9.999994999843054e-07, "uncertainty": 1.4815503149992376e-05}, "Solar Energy Systems Engineers_16563_16572": {"llm_label": "TASK_2", "label_logprob": 0.0, "p_task_1": 0.0, "uncertainty": 0.0}, "Solar Energy Systems Engineers_16563_16573": {"llm_label": "TASK_1", "label_logprob": -0.003439, "p_task_1": 0.9965669065876417, "uncertainty": 0.02290757341436127}, "Solar Energy Systems Engineers_16563_16574": {"llm_label": "TASK_2", "label_logprob": 0.0, "p_task_1": 0.0, "uncertainty": 0.0}, "Solar Energy Systems Engineers_16563_16575": {"llm_label": "TASK_2", "label_logprob": 0.0, "p_task_1": 0.0, "uncertainty": 0.0}, "Solar Energy Systems Engineers_16564_16565": {"llm_label": "TASK_2", "label_logprob": -0.000321, "p_task_1": 0.00032094848501229567, "uncertainty": 0.002902680384833972}, "Solar Energy Systems Engineers_16564_16566": {"llm_label": "TASK_2", "label_logprob": -5e-06, "p_task_1": 4.999987500031722e-06, "uncertainty": 6.603019815215604e-05}, "Solar Energy Systems Engineers_16564_16567": {"llm_label": "TASK_2", "label_logprob": -2e-06, "p_task_1": 1.9999979999907325e-06, "uncertainty": 2.8244698509961958e-05}, "Solar Energy Systems Engineers_16564_16568": {"llm_label": "TASK_2", "label_logprob": -0.002578, "p_task_1": 0.0025746798117612935, "uncertainty": 0.017921681004707583}, "Solar Energy Systems Engineers_16564_16569": {"llm_label": "TASK_2", "label_logprob": -0.000478, "p_task_1": 0.00047788577620033745, "uncertainty": 0.004131752553596039}, "Solar Energy Systems Engineers_16564_16570": {"llm_label": "TASK_2", "label_logprob": -1.4e-05, "p_task_1": 1.3999902000461084e-05, "uncertainty": 0.0001704691519101948}, "Solar Energy Systems Engineers_16564_16571": {"llm_label": "TASK_2", "label_logprob": -1e-06, "p_task_1": 9.999994999843054e-07, "uncertainty": 1.4815503149992376e-05}, "Solar Energy Systems Engineers_16564_16572": {"llm_label": "TASK_2", "label_logprob": -0.005464, "p_task_1": 0.005449099503124333, "uncertainty": 0.03383659423047691}, "Solar Energy Systems Engineers_16564_16573": {"llm_label": "TASK_1", "label_logprob": -4e-06, "p_task_1": 0.999996000008, "uncertainty": 5.371675735315082e-05}, "Solar Energy Systems Engineers_16564_16574": {"llm_label": "TASK_2", "label_logprob": 0.0, "p_task_1": 0.0, "uncertainty": 0.0}, "Solar Energy Systems Engineers_16564_16575": {"llm_label": "TASK_2", "label_logprob": 0.0, "p_task_1": 0.0, "uncertainty": 0.0}, "Solar Energy Systems Engineers_16565_16566": {"llm_label": "TASK_2", "label_logprob": -0.01117, "p_task_1": 0.011107847180911956, "uncertainty": 0.06103238695896403}, "Solar Energy Systems Engineers_16565_16567": {"llm_label": "TASK_2", "label_logprob": -0.000263, "p_task_1": 0.00026296541853165767, "uncertainty": 0.002430683118198707}, "Solar Energy Systems Engineers_16565_16568": {"llm_label": "TASK_2", "label_logprob": -0.074694, "p_task_1": 0.07197258072510526, "uncertainty": 0.2587117710692102}, "Solar Energy Systems Engineers_16565_16569": {"llm_label": "EQUAL_TIME", "label_logprob": -0.621093, "p_task_1": 0.5, "uncertainty": 0.6931471805599453}, "Solar Energy Systems Engineers_16565_16570": {"llm_label": "TASK_2", "label_logprob": -0.001176, "p_task_1": 0.001175308782983664, "uncertainty": 0.009103514593122228}, "Solar Energy Systems Engineers_16565_16571": {"llm_label": "TASK_2", "label_logprob": -0.002737, "p_task_1": 0.0027332578303845834, "uncertainty": 0.018861920269102637}, "Solar Energy Systems Engineers_16565_16572": {"llm_label": "TASK_1", "label_logprob": -0.600374, "p_task_1": 0.5486064189201308, "uncertainty": 0.6884145419589484}, "Solar Energy Systems Engineers_16565_16573": {"llm_label": "TASK_1", "label_logprob": 0.0, "p_task_1": 1.0, "uncertainty": 0.0}, "Solar Energy Systems Engineers_16565_16574": {"llm_label": "TASK_2", "label_logprob": -4.6e-05, "p_task_1": 4.599894201617882e-05, "uncertainty": 0.0005053843575021392}, "Solar Energy Systems Engineers_16565_16575": {"llm_label": "TASK_2", "label_logprob": -0.000171, "p_task_1": 0.00017098538033333277, "uncertainty": 0.0016540864090397091}, "Solar Energy Systems Engineers_16566_16567": {"llm_label": "TASK_2", "label_logprob": -0.052325, "p_task_1": 0.050979614907834536, "uncertainty": 0.2013896200265625}, "Solar Energy Systems Engineers_16566_16568": {"llm_label": "TASK_1", "label_logprob": -0.041969, "p_task_1": 0.958899505996424, "uncertainty": 0.1714259442675543}, "Solar Energy Systems Engineers_16566_16569": {"llm_label": "TASK_1", "label_logprob": -0.035493, "p_task_1": 0.9651294901127856, "uncertainty": 0.15128474029453315}, "Solar Energy Systems Engineers_16566_16570": {"llm_label": "TASK_2", "label_logprob": -0.018192, "p_task_1": 0.018027524457878474, "uncertainty": 0.0902599774666302}, "Solar Energy Systems Engineers_16566_16571": {"llm_label": "CANNOT_DECIDE", "label_logprob": -0.379172, "p_task_1": 0.5, "uncertainty": 0.6931471805599453}, "Solar Energy Systems Engineers_16566_16572": {"llm_label": "TASK_1", "label_logprob": -0.001823, "p_task_1": 0.9981786606552219, "uncertainty": 0.013309021854089652}, "Solar Energy Systems Engineers_16566_16573": {"llm_label": "TASK_1", "label_logprob": -2e-06, "p_task_1": 0.999998000002, "uncertainty": 2.8244698509961958e-05}, "Solar Energy Systems Engineers_16566_16574": {"llm_label": "TASK_2", "label_logprob": -0.000434, "p_task_1": 0.0004339058356229719, "uncertainty": 0.0037934070288954255}, "Solar Energy Systems Engineers_16566_16575": {"llm_label": "TASK_2", "label_logprob": -0.024714, "p_task_1": 0.024411109444799517, "uncertainty": 0.11474224352773137}, "Solar Energy Systems Engineers_16567_16568": {"llm_label": "TASK_1", "label_logprob": -0.592799, "p_task_1": 0.5527778920511424, "uncertainty": 0.6875657770059049}, "Solar Energy Systems Engineers_16567_16569": {"llm_label": "CANNOT_DECIDE", "label_logprob": -0.498988, "p_task_1": 0.5, "uncertainty": 0.6931471805599453}, "Solar Energy Systems Engineers_16567_16570": {"llm_label": "TASK_2", "label_logprob": -0.003718, "p_task_1": 0.003711096796020885, "uncertainty": 0.024473087470706964}, "Solar Energy Systems Engineers_16567_16571": {"llm_label": "TASK_2", "label_logprob": -0.136894, "p_task_1": 0.12793734012501867, "uncertainty": 0.3824467807520136}, "Solar Energy Systems Engineers_16567_16572": {"llm_label": "TASK_1", "label_logprob": -0.000874, "p_task_1": 0.9991263818267531, "uncertainty": 0.007026013192140282}, "Solar Energy Systems Engineers_16567_16573": {"llm_label": "TASK_1", "label_logprob": -1.8e-05, "p_task_1": 0.999982000161999, "uncertainty": 0.0002146505665408007}, "Solar Energy Systems Engineers_16567_16574": {"llm_label": "TASK_2", "label_logprob": -0.001603, "p_task_1": 0.0016017158817388522, "uncertainty": 0.011910164708026583}, "Solar Energy Systems Engineers_16567_16575": {"llm_label": "TASK_1", "label_logprob": -0.475295,