{"Mechanical Drafters_1447_1448": {"llm_label": "TASK_1", "label_logprob": -0.000153, "p_task_1": 0.9998470117039031, "uncertainty": 0.0014970015900026645}, "Mechanical Drafters_1447_1449": {"llm_label": "TASK_1", "label_logprob": -4.6e-05, "p_task_1": 0.9999540010579838, "uncertainty": 0.0005053843575021392}, "Mechanical Drafters_1447_1450": {"llm_label": "TASK_1", "label_logprob": -4.6e-05, "p_task_1": 0.9999540010579838, "uncertainty": 0.0005053843575021392}, "Mechanical Drafters_1447_1451": {"llm_label": "TASK_1", "label_logprob": 0.0, "p_task_1": 1.0, "uncertainty": 0.0}, "Mechanical Drafters_1447_1452": {"llm_label": "TASK_1", "label_logprob": -0.018306, "p_task_1": 0.9818605370605245, "uncertainty": 0.09070711666099399}, "Mechanical Drafters_1447_1453": {"llm_label": "EQUAL_TIME", "label_logprob": -0.050432, "p_task_1": 0.5, "uncertainty": 0.6931471805599453}, "Mechanical Drafters_1447_1454": {"llm_label": "TASK_1", "label_logprob": 0.0, "p_task_1": 1.0, "uncertainty": 0.0}, "Mechanical Drafters_1447_1455": {"llm_label": "EQUAL_TIME", "label_logprob": -0.040426, "p_task_1": 0.5, "uncertainty": 0.6931471805599453}, "Mechanical Drafters_1447_1456": {"llm_label": "TASK_1", "label_logprob": 0.0, "p_task_1": 1.0, "uncertainty": 0.0}, "Mechanical Drafters_1447_1457": {"llm_label": "TASK_1", "label_logprob": -1.6e-05, "p_task_1": 0.9999840001279993, "uncertainty": 0.00019268520788660168}, "Mechanical Drafters_1447_1458": {"llm_label": "TASK_1", "label_logprob": -0.001008, "p_task_1": 0.9989925078613443, "uncertainty": 0.007958973452359804}, "Mechanical Drafters_1447_1459": {"llm_label": "TASK_1", "label_logprob": -0.039224, "p_task_1": 0.9615353011141182, "uncertainty": 0.16303380237284296}, "Mechanical Drafters_1447_1460": {"llm_label": "TASK_1", "label_logprob": 0.0, "p_task_1": 1.0, "uncertainty": 0.0}, "Mechanical Drafters_1447_20964": {"llm_label": "TASK_1", "label_logprob": -0.123877, "p_task_1": 0.8834885032857802, "uncertainty": 0.35991628110839585}, "Mechanical Drafters_1448_1449": {"llm_label": "TASK_2", "label_logprob": -0.006352, "p_task_1": 0.006331868695235721, "uncertainty": 0.03836471160571665}, "Mechanical Drafters_1448_1450": {"llm_label": "TASK_1", "label_logprob": -0.082563, "p_task_1": 0.9207534285635315, "uncertainty": 0.2769253702946471}, "Mechanical Drafters_1448_1451": {"llm_label": "TASK_1", "label_logprob": -1e-06, "p_task_1": 0.9999990000005, "uncertainty": 1.4815503149992376e-05}, "Mechanical Drafters_1448_1452": {"llm_label": "TASK_2", "label_logprob": -0.000581, "p_task_1": 0.0005808312521824455, "uncertainty": 0.004908465405342548}, "Mechanical Drafters_1448_1453": {"llm_label": "TASK_2", "label_logprob": -5e-06, "p_task_1": 4.999987500031722e-06, "uncertainty": 6.603019815215604e-05}, "Mechanical Drafters_1448_1454": {"llm_label": "TASK_1", "label_logprob": 0.0, "p_task_1": 1.0, "uncertainty": 0.0}, "Mechanical Drafters_1448_1455": {"llm_label": "TASK_2", "label_logprob": -6.3e-05, "p_task_1": 6.299801554165985e-05, "uncertainty": 0.0006723384985142869}, "Mechanical Drafters_1448_1456": {"llm_label": "TASK_1", "label_logprob": -0.007251, "p_task_1": 0.9927752250762083, "uncertainty": 0.04281848168220396}, "Mechanical Drafters_1448_1457": {"llm_label": "TASK_1", "label_logprob": -0.003288, "p_task_1": 0.9967173995524693, "uncertainty": 0.022050790551893247}, "Mechanical Drafters_1448_1458": {"llm_label": "CANNOT_DECIDE", "label_logprob": -0.196836, "p_task_1": 0.5, "uncertainty": 0.6931471805599453}, "Mechanical Drafters_1448_1459": {"llm_label": "TASK_2", "label_logprob": -0.000939, "p_task_1": 0.0009385592774568963, "uncertainty": 0.007480969848427676}, "Mechanical Drafters_1448_1460": {"llm_label": "TASK_1", "label_logprob": -0.000138, "p_task_1": 0.999862009521562, "uncertainty": 0.0013644852969058765}, "Mechanical Drafters_1448_20964": {"llm_label": "TASK_2", "label_logprob": -0.001183, "p_task_1": 0.0011823005313510437, "uncertainty": 0.009150653494240393}, "Mechanical Drafters_1449_1450": {"llm_label": "TASK_1", "label_logprob": -0.011193, "p_task_1": 0.9888694085611333, "uncertainty": 0.061134460888605364}, "Mechanical Drafters_1449_1451": {"llm_label": "TASK_1", "label_logprob": 0.0, "p_task_1": 1.0, "uncertainty": 0.0}, "Mechanical Drafters_1449_1452": {"llm_label": "TASK_2", "label_logprob": -0.012656, "p_task_1": 0.012576249626773839, "uncertainty": 0.06752981409799}, "Mechanical Drafters_1449_1453": {"llm_label": "TASK_2", "label_logprob": -5.1e-05, "p_task_1": 5.09986995220757e-05, "uncertainty": 0.0005550537772008165}, "Mechanical Drafters_1449_1454": {"llm_label": "TASK_1", "label_logprob": 0.0, "p_task_1": 1.0, "uncertainty": 0.0}, "Mechanical Drafters_1449_1455": {"llm_label": "TASK_2", "label_logprob": -9.4e-05, "p_task_1": 9.399558213840642e-05, "uncertainty": 0.000965542901722332}, "Mechanical Drafters_1449_1456": {"llm_label": "TASK_1", "label_logprob": -1.9e-05, "p_task_1": 0.9999810001804988, "uncertainty": 0.00022554821728270377}, "Mechanical Drafters_1449_1457": {"llm_label": "TASK_1", "label_logprob": -0.013235, "p_task_1": 0.9868521975022836, "uncertainty": 0.07001070383001379}, "Mechanical Drafters_1449_1458": {"llm_label": "TASK_2", "label_logprob": -0.474809, "p_task_1": 0.3779961521449785, "uncertainty": 0.6630746189142704}, "Mechanical Drafters_1449_1459": {"llm_label": "TASK_2", "label_logprob": -0.000119, "p_task_1": 0.00011899291978090254, "uncertainty": 0.0011942590009682704}, "Mechanical Drafters_1449_1460": {"llm_label": "TASK_1", "label_logprob": -1e-05, "p_task_1": 0.9999900000499998, "uncertainty": 0.00012512862900562218}, "Mechanical Drafters_1449_20964": {"llm_label": "TASK_2", "label_logprob": -0.00022, "p_task_1": 0.00021997580177457454, "uncertainty": 0.002072586270149186}, "Mechanical Drafters_1450_1451": {"llm_label": "TASK_1", "label_logprob": -2e-06, "p_task_1": 0.999998000002, "uncertainty": 2.8244698509961958e-05}, "Mechanical Drafters_1450_1452": {"llm_label": "TASK_2", "label_logprob": -0.004123, "p_task_1": 0.00411451210470426, "uncertainty": 0.026708017837861316}, "Mechanical Drafters_1450_1453": {"llm_label": "TASK_2", "label_logprob": -1.9e-05, "p_task_1": 1.8999819501153148e-05, "uncertainty": 0.00022554821728270377}, "Mechanical Drafters_1450_1454": {"llm_label": "TASK_1", "label_logprob": -4e-06, "p_task_1": 0.999996000008, "uncertainty": 5.371675735315082e-05}, "Mechanical Drafters_1450_1455": {"llm_label": "TASK_2", "label_logprob": -7e-06, "p_task_1": 6.999975500021627e-06, "uncertainty": 9.008688755748087e-05}, "Mechanical Drafters_1450_1456": {"llm_label": "TASK_1", "label_logprob": -0.00123, "p_task_1": 0.9987707561399508, "uncertainty": 0.009466088804289913}, "Mechanical Drafters_1450_1457": {"llm_label": "TASK_1", "label_logprob": -0.065445, "p_task_1": 0.9366505611238317, "uncertainty": 0.23608585048816483}, "Mechanical Drafters_1450_1458": {"llm_label": "TASK_2", "label_logprob": -0.136304, "p_task_1": 0.12742267134333163, "uncertainty": 0.3814577778807029}, "Mechanical Drafters_1450_1459": {"llm_label": "TASK_2", "label_logprob": -0.002161, "p_task_1": 0.0021586667205415466, "uncertainty": 0.01540680243409442}, "Mechanical Drafters_1450_1460": {"llm_label": "TASK_1", "label_logprob": -2.5e-05, "p_task_1": 0.9999750003124974, "uncertainty": 0.0002899122444096467}, "Mechanical Drafters_1450_20964": {"llm_label": "TASK_2", "label_logprob": -0.000182, "p_task_1": 0.00018198343900466263, "uncertainty": 0.001749134528681951}, "Mechanical Drafters_1451_1452": {"llm_label": "TASK_2", "label_logprob": 0.0, "p_task_1": 0.0, "uncertainty": 0.0}, "Mechanical Drafters_1451_1453": {"llm_label": "TASK_2", "label_logprob": 0.0, "p_task_1": 0.0, "uncertainty": 0.0}, "Mechanical Drafters_1451_1454": {"llm_label": "TASK_2", "label_logprob": -0.338261, "p_task_1": 0.2869908317821843, "uncertainty": 0.5994352870274262}, "Mechanical Drafters_1451_1455": {"llm_label": "TASK_2", "label_logprob": 0.0, "p_task_1": 0.0, "uncertainty": 0.0},