{"Aerospace Engineering and Operations Technologists and Technicians_10881_10882": {"llm_label": "TASK_1", "label_logprob": -0.000282, "p_task_1": 0.9997180397582627, "uncertainty": 0.002586591457738557}, "Aerospace Engineering and Operations Technologists and Technicians_10881_10883": {"llm_label": "TASK_1", "label_logprob": -0.000262, "p_task_1": 0.9997380343190028, "uncertainty": 0.0024224401534331287}, "Aerospace Engineering and Operations Technologists and Technicians_10881_10884": {"llm_label": "TASK_2", "label_logprob": -0.215915, "p_task_1": 0.19419620771505985, "uncertainty": 0.4922506206403804}, "Aerospace Engineering and Operations Technologists and Technicians_10881_10885": {"llm_label": "TASK_2", "label_logprob": -0.00316, "p_task_1": 0.0031550124549306613, "uncertainty": 0.021318998631058364}, "Aerospace Engineering and Operations Technologists and Technicians_10881_10886": {"llm_label": "TASK_2", "label_logprob": -1.3e-05, "p_task_1": 1.2999915500411241e-05, "uncertainty": 0.00015925626043919854}, "Aerospace Engineering and Operations Technologists and Technicians_10881_10887": {"llm_label": "CANNOT_DECIDE", "label_logprob": -0.359024, "p_task_1": 0.5, "uncertainty": 0.6931471805599453}, "Aerospace Engineering and Operations Technologists and Technicians_10881_10888": {"llm_label": "TASK_2", "label_logprob": -1e-06, "p_task_1": 9.999994999843054e-07, "uncertainty": 1.4815503149992376e-05}, "Aerospace Engineering and Operations Technologists and Technicians_10881_10889": {"llm_label": "TASK_2", "label_logprob": -0.000934, "p_task_1": 0.0009335639577650046, "uncertainty": 0.007446138014022306}, "Aerospace Engineering and Operations Technologists and Technicians_10881_10890": {"llm_label": "TASK_2", "label_logprob": -0.008396, "p_task_1": 0.008360852028242882, "uncertainty": 0.04832574825251447}, "Aerospace Engineering and Operations Technologists and Technicians_10881_21102": {"llm_label": "TASK_2", "label_logprob": -0.000269, "p_task_1": 0.000268963822743995, "uncertainty": 0.0024800613965779575}, "Aerospace Engineering and Operations Technologists and Technicians_10882_10883": {"llm_label": "TASK_1", "label_logprob": -0.008726, "p_task_1": 0.9913119610417391, "uncertainty": 0.04988195323949241}, "Aerospace Engineering and Operations Technologists and Technicians_10882_10884": {"llm_label": "TASK_2", "label_logprob": -0.160298, "p_task_1": 0.1481101120497702, "uncertainty": 0.4194168308360753}, "Aerospace Engineering and Operations Technologists and Technicians_10882_10885": {"llm_label": "TASK_2", "label_logprob": -1.4e-05, "p_task_1": 1.3999902000461084e-05, "uncertainty": 0.0001704691519101948}, "Aerospace Engineering and Operations Technologists and Technicians_10882_10886": {"llm_label": "TASK_2", "label_logprob": 0.0, "p_task_1": 0.0, "uncertainty": 0.0}, "Aerospace Engineering and Operations Technologists and Technicians_10882_10887": {"llm_label": "TASK_2", "label_logprob": -0.003641, "p_task_1": 0.0036343795968999393, "uncertainty": 0.024043228999812875}, "Aerospace Engineering and Operations Technologists and Technicians_10882_10888": {"llm_label": "TASK_2", "label_logprob": 0.0, "p_task_1": 0.0, "uncertainty": 0.0}, "Aerospace Engineering and Operations Technologists and Technicians_10882_10889": {"llm_label": "TASK_2", "label_logprob": -1e-06, "p_task_1": 9.999994999843054e-07, "uncertainty": 1.4815503149992376e-05}, "Aerospace Engineering and Operations Technologists and Technicians_10882_10890": {"llm_label": "TASK_2", "label_logprob": -4.7e-05, "p_task_1": 4.699889551729175e-05, "uncertainty": 0.0005153599478945111}, "Aerospace Engineering and Operations Technologists and Technicians_10882_21102": {"llm_label": "TASK_2", "label_logprob": -2.9e-05, "p_task_1": 2.8999579504085382e-05, "uncertainty": 0.000331993413184829}, "Aerospace Engineering and Operations Technologists and Technicians_10883_10884": {"llm_label": "TASK_2", "label_logprob": -0.001503, "p_task_1": 0.0015018710611691688, "uncertainty": 0.011264471899114498}, "Aerospace Engineering and Operations Technologists and Technicians_10883_10885": {"llm_label": "TASK_2", "label_logprob": -7e-06, "p_task_1": 6.999975500021627e-06, "uncertainty": 9.008688755748087e-05}, "Aerospace Engineering and Operations Technologists and Technicians_10883_10886": {"llm_label": "TASK_2", "label_logprob": 0.0, "p_task_1": 0.0, "uncertainty": 0.0}, "Aerospace Engineering and Operations Technologists and Technicians_10883_10887": {"llm_label": "TASK_2", "label_logprob": -2e-06, "p_task_1": 1.9999979999907325e-06, "uncertainty": 2.8244698509961958e-05}, "Aerospace Engineering and Operations Technologists and Technicians_10883_10888": {"llm_label": "TASK_2", "label_logprob": 0.0, "p_task_1": 0.0, "uncertainty": 0.0}, "Aerospace Engineering and Operations Technologists and Technicians_10883_10889": {"llm_label": "TASK_2", "label_logprob": 0.0, "p_task_1": 0.0, "uncertainty": 0.0}, "Aerospace Engineering and Operations Technologists and Technicians_10883_10890": {"llm_label": "TASK_2", "label_logprob": -2e-06, "p_task_1": 1.9999979999907325e-06, "uncertainty": 2.8244698509961958e-05}, "Aerospace Engineering and Operations Technologists and Technicians_10883_21102": {"llm_label": "TASK_2", "label_logprob": -1e-06, "p_task_1": 9.999994999843054e-07, "uncertainty": 1.4815503149992376e-05}, "Aerospace Engineering and Operations Technologists and Technicians_10884_10885": {"llm_label": "TASK_2", "label_logprob": -1.8e-05, "p_task_1": 1.7999838000992696e-05, "uncertainty": 0.0002146505665408007}, "Aerospace Engineering and Operations Technologists and Technicians_10884_10886": {"llm_label": "TASK_2", "label_logprob": 0.0, "p_task_1": 0.0, "uncertainty": 0.0}, "Aerospace Engineering and Operations Technologists and Technicians_10884_10887": {"llm_label": "TASK_2", "label_logprob": -0.298536, "p_task_1": 0.2580964271592763, "uncertainty": 0.5710564080125768}, "Aerospace Engineering and Operations Technologists and Technicians_10884_10888": {"llm_label": "TASK_2", "label_logprob": 0.0, "p_task_1": 0.0, "uncertainty": 0.0}, "Aerospace Engineering and Operations Technologists and Technicians_10884_10889": {"llm_label": "TASK_2", "label_logprob": -4e-06, "p_task_1": 3.9999919999589295e-06, "uncertainty": 5.371675735315082e-05}, "Aerospace Engineering and Operations Technologists and Technicians_10884_10890": {"llm_label": "TASK_2", "label_logprob": -0.000159, "p_task_1": 0.00015898736016994874, "uncertainty": 0.0015495872152828344}, "Aerospace Engineering and Operations Technologists and Technicians_10884_21102": {"llm_label": "TASK_2", "label_logprob": 0.0, "p_task_1": 0.0, "uncertainty": 0.0}, "Aerospace Engineering and Operations Technologists and Technicians_10885_10886": {"llm_label": "TASK_2", "label_logprob": -4.7e-05, "p_task_1": 4.699889551729175e-05, "uncertainty": 0.0005153599478945111}, "Aerospace Engineering and Operations Technologists and Technicians_10885_10887": {"llm_label": "EQUAL_TIME", "label_logprob": -0.149568, "p_task_1": 0.5, "uncertainty": 0.6931471805599453}, "Aerospace Engineering and Operations Technologists and Technicians_10885_10888": {"llm_label": "TASK_2", "label_logprob": -1e-06, "p_task_1": 9.999994999843054e-07, "uncertainty": 1.4815503149992376e-05}, "Aerospace Engineering and Operations Technologists and Technicians_10885_10889": {"llm_label": "TASK_2", "label_logprob": -8e-06, "p_task_1": 7.999968000049762e-06, "uncertainty": 0.00010188814457675767}, "Aerospace Engineering and Operations Technologists and Technicians_10885_10890": {"llm_label": "TASK_2", "label_logprob": -0.114206, "p_task_1": 0.1079258303258741, "uncertainty": 0.3421566906118557}, "Aerospace Engineering and Operations Technologists and Technicians_10885_21102": {"llm_label": "TASK_2", "label_logprob": -0.000125, "p_task_1": 0.00012499218782546784, "uncertainty": 0.0012483215809395145}, "Aerospace Engineering and Operations Technologists and Technicians_10886_10887": {"llm_label": "TASK_1",