{"Industrial Engineering Technologists and Technicians_3660_3663": {"llm_label": "TASK_1", "label_logprob": -0.000618, "p_task_1": 0.9993821909226679, "uncertainty": 0.00518281401346414}, "Industrial Engineering Technologists and Technicians_3660_3668": {"llm_label": "TASK_1", "label_logprob": 0.0, "p_task_1": 1.0, "uncertainty": 0.0}, "Industrial Engineering Technologists and Technicians_3660_3672": {"llm_label": "TASK_1", "label_logprob": -0.064048, "p_task_1": 0.9379599763713165, "uncertainty": 0.2325442099845163}, "Industrial Engineering Technologists and Technicians_3660_19692": {"llm_label": "TASK_1", "label_logprob": -0.09213, "p_task_1": 0.9119865835826041, "uncertainty": 0.29791733889030503}, "Industrial Engineering Technologists and Technicians_3660_20516": {"llm_label": "TASK_1", "label_logprob": -0.000357, "p_task_1": 0.9996430637169175, "uncertainty": 0.0031902161095356237}, "Industrial Engineering Technologists and Technicians_3660_20518": {"llm_label": "TASK_1", "label_logprob": -1.6e-05, "p_task_1": 0.9999840001279993, "uncertainty": 0.00019268520788660168}, "Industrial Engineering Technologists and Technicians_3663_3668": {"llm_label": "TASK_1", "label_logprob": -0.000118, "p_task_1": 0.9998820069617261, "uncertainty": 0.0011852195308940522}, "Industrial Engineering Technologists and Technicians_3663_3672": {"llm_label": "TASK_2", "label_logprob": -0.000206, "p_task_1": 0.0002059787834568505, "uncertainty": 0.0019542513897298306}, "Industrial Engineering Technologists and Technicians_3663_19692": {"llm_label": "TASK_2", "label_logprob": -2e-06, "p_task_1": 1.9999979999907325e-06, "uncertainty": 2.8244698509961958e-05}, "Industrial Engineering Technologists and Technicians_3663_20516": {"llm_label": "TASK_2", "label_logprob": -0.584323, "p_task_1": 0.4425168498216775, "uncertainty": 0.6865239199597635}, "Industrial Engineering Technologists and Technicians_3663_20518": {"llm_label": "TASK_1", "label_logprob": -0.015322, "p_task_1": 0.9847947846232026, "uncertainty": 0.07873983312130513}, "Industrial Engineering Technologists and Technicians_3668_3672": {"llm_label": "TASK_2", "label_logprob": 0.0, "p_task_1": 0.0, "uncertainty": 0.0}, "Industrial Engineering Technologists and Technicians_3668_19692": {"llm_label": "TASK_2", "label_logprob": 0.0, "p_task_1": 0.0, "uncertainty": 0.0}, "Industrial Engineering Technologists and Technicians_3668_20516": {"llm_label": "TASK_2", "label_logprob": -3e-06, "p_task_1": 2.9999955000192813e-06, "uncertainty": 4.1150633082097105e-05}, "Industrial Engineering Technologists and Technicians_3668_20518": {"llm_label": "TASK_2", "label_logprob": -0.060499, "p_task_1": 0.05870528968735467, "uncertainty": 0.2233901195974353}, "Industrial Engineering Technologists and Technicians_3672_19692": {"llm_label": "TASK_2", "label_logprob": -0.000869, "p_task_1": 0.0008686225288486726, "uncertainty": 0.006990819575319731}, "Industrial Engineering Technologists and Technicians_3672_20516": {"llm_label": "TASK_1", "label_logprob": -0.009441, "p_task_1": 0.990603426320942, "uncertainty": 0.05320995039150816}, "Industrial Engineering Technologists and Technicians_3672_20518": {"llm_label": "TASK_1", "label_logprob": -4.4e-05, "p_task_1": 0.9999560009679858, "uncertainty": 0.0004853674424999764}, "Industrial Engineering Technologists and Technicians_19692_20516": {"llm_label": "TASK_1", "label_logprob": -0.011342, "p_task_1": 0.9887220779956573, "uncertainty": 0.06179453146705416}, "Industrial Engineering Technologists and Technicians_19692_20518": {"llm_label": "TASK_1", "label_logprob": -0.0123, "p_task_1": 0.9877753358068531, "uncertainty": 0.06599072162613222}, "Industrial Engineering Technologists and Technicians_20516_20518": {"llm_label": "TASK_1", "label_logprob": -0.000433, "p_task_1": 0.999567093730971, "uncertainty": 0.003785666982707047}}