{"Civil Engineering Technologists and Technicians_1461_1462": {"llm_label": "TASK_2", "label_logprob": 0.0, "p_task_1": 0.0, "uncertainty": 0.0}, "Civil Engineering Technologists and Technicians_1461_1463": {"llm_label": "TASK_2", "label_logprob": -4.7e-05, "p_task_1": 4.699889551729175e-05, "uncertainty": 0.0005153599478945111}, "Civil Engineering Technologists and Technicians_1461_1464": {"llm_label": "TASK_2", "label_logprob": -0.0001, "p_task_1": 9.999500016666385e-05, "uncertainty": 0.0010209829872391161}, "Civil Engineering Technologists and Technicians_1461_1465": {"llm_label": "TASK_2", "label_logprob": -0.001518, "p_task_1": 0.0015168484207728206, "uncertainty": 0.011361743309628462}, "Civil Engineering Technologists and Technicians_1461_1466": {"llm_label": "TASK_2", "label_logprob": -0.407256, "p_task_1": 0.3345261928012283, "uncertainty": 0.6373377958203279}, "Civil Engineering Technologists and Technicians_1461_1467": {"llm_label": "TASK_2", "label_logprob": -1e-06, "p_task_1": 9.999994999843054e-07, "uncertainty": 1.4815503149992376e-05}, "Civil Engineering Technologists and Technicians_1461_1468": {"llm_label": "TASK_2", "label_logprob": 0.0, "p_task_1": 0.0, "uncertainty": 0.0}, "Civil Engineering Technologists and Technicians_1461_1469": {"llm_label": "TASK_2", "label_logprob": 0.0, "p_task_1": 0.0, "uncertainty": 0.0}, "Civil Engineering Technologists and Technicians_1461_1470": {"llm_label": "TASK_2", "label_logprob": -0.000756, "p_task_1": 0.0007557143039998993, "uncertainty": 0.006187387592229689}, "Civil Engineering Technologists and Technicians_1461_1471": {"llm_label": "TASK_2", "label_logprob": 0.0, "p_task_1": 0.0, "uncertainty": 0.0}, "Civil Engineering Technologists and Technicians_1461_1472": {"llm_label": "TASK_1", "label_logprob": -0.004986, "p_task_1": 0.9950264094649027, "uncertainty": 0.031339202379593596}, "Civil Engineering Technologists and Technicians_1461_20965": {"llm_label": "TASK_2", "label_logprob": -1e-06, "p_task_1": 9.999994999843054e-07, "uncertainty": 1.4815503149992376e-05}, "Civil Engineering Technologists and Technicians_1461_20966": {"llm_label": "TASK_2", "label_logprob": -0.000756, "p_task_1": 0.0007557143039998993, "uncertainty": 0.006187387592229689}, "Civil Engineering Technologists and Technicians_1462_1463": {"llm_label": "CANNOT_DECIDE", "label_logprob": -0.589909, "p_task_1": 0.5, "uncertainty": 0.6931471805599453}, "Civil Engineering Technologists and Technicians_1462_1464": {"llm_label": "TASK_1", "label_logprob": -2.5e-05, "p_task_1": 0.9999750003124974, "uncertainty": 0.0002899122444096467}, "Civil Engineering Technologists and Technicians_1462_1465": {"llm_label": "CANNOT_DECIDE", "label_logprob": -0.578746, "p_task_1": 0.5, "uncertainty": 0.6931471805599453}, "Civil Engineering Technologists and Technicians_1462_1466": {"llm_label": "TASK_1", "label_logprob": -1e-06, "p_task_1": 0.9999990000005, "uncertainty": 1.4815503149992376e-05}, "Civil Engineering Technologists and Technicians_1462_1467": {"llm_label": "TASK_1", "label_logprob": -0.402768, "p_task_1": 0.6684671657176096, "uncertainty": 0.6352588568180456}, "Civil Engineering Technologists and Technicians_1462_1468": {"llm_label": "TASK_2", "label_logprob": -0.001174, "p_task_1": 0.0011733111316035716, "uncertainty": 0.009090038637286822}, "Civil Engineering Technologists and Technicians_1462_1469": {"llm_label": "TASK_2", "label_logprob": -0.023268, "p_task_1": 0.02299938748005881, "uncertainty": 0.10949315662899319}, "Civil Engineering Technologists and Technicians_1462_1470": {"llm_label": "TASK_1", "label_logprob": -3e-05, "p_task_1": 0.9999700004499955, "uncertainty": 0.00034242425890051087}, "Civil Engineering Technologists and Technicians_1462_1471": {"llm_label": "TASK_1", "label_logprob": -0.210727, "p_task_1": 0.8099951653801067, "uncertainty": 0.4862299748338953}, "Civil Engineering Technologists and Technicians_1462_1472": {"llm_label": "TASK_1", "label_logprob": -1.1e-05, "p_task_1": 0.9999890000604997, "uncertainty": 0.0001365930168744248}, "Civil Engineering Technologists and Technicians_1462_20965": {"llm_label": "TASK_2", "label_logprob": -0.517, "p_task_1": 0.403693212366079, "uncertainty": 0.674480748313004}, "Civil Engineering Technologists and Technicians_1462_20966": {"llm_label": "TASK_1", "label_logprob": -0.004086, "p_task_1": 0.9959223363400399, "uncertainty": 0.026505586418225004}, "Civil Engineering Technologists and Technicians_1463_1464": {"llm_label": "TASK_1", "label_logprob": -0.000746, "p_task_1": 0.9992542781888194, "uncertainty": 0.006115504229095696}, "Civil Engineering Technologists and Technicians_1463_1465": {"llm_label": "CANNOT_DECIDE", "label_logprob": -0.762126, "p_task_1": 0.5, "uncertainty": 0.6931471805599453}, "Civil Engineering Technologists and Technicians_1463_1466": {"llm_label": "TASK_1", "label_logprob": -1e-05, "p_task_1": 0.9999900000499998, "uncertainty": 0.00012512862900562218}, "Civil Engineering Technologists and Technicians_1463_1467": {"llm_label": "TASK_1", "label_logprob": -0.079239, "p_task_1": 0.9238191052920843, "uncertainty": 0.26934122923649295}, "Civil Engineering Technologists and Technicians_1463_1468": {"llm_label": "TASK_2", "label_logprob": -5.4e-05, "p_task_1": 5.399854202625676e-05, "uncertainty": 0.0005846166468307636}, "Civil Engineering Technologists and Technicians_1463_1469": {"llm_label": "TASK_2", "label_logprob": -2.6e-05, "p_task_1": 2.5999662002895718e-05, "uncertainty": 0.0003004888581468068}, "Civil Engineering Technologists and Technicians_1463_1470": {"llm_label": "TASK_1", "label_logprob": -2.4e-05, "p_task_1": 0.9999760002879977, "uncertainty": 0.0002792956099024647}, "Civil Engineering Technologists and Technicians_1463_1471": {"llm_label": "TASK_1", "label_logprob": -0.059635, "p_task_1": 0.9421083403799302, "uncertainty": 0.22112650268522066}, "Civil Engineering Technologists and Technicians_1463_1472": {"llm_label": "TASK_1", "label_logprob": 0.0, "p_task_1": 1.0, "uncertainty": 0.0}, "Civil Engineering Technologists and Technicians_1463_20965": {"llm_label": "TASK_1", "label_logprob": -1.120148, "p_task_1": 0.32623150878667534, "uncertainty": 0.6314776683627117}, "Civil Engineering Technologists and Technicians_1463_20966": {"llm_label": "TASK_1", "label_logprob": -0.000133, "p_task_1": 0.999867008844108, "uncertainty": 0.001319958691054697}, "Civil Engineering Technologists and Technicians_1464_1465": {"llm_label": "TASK_2", "label_logprob": -0.004161, "p_task_1": 0.0041523550342240645, "uncertainty": 0.026915567700320466}, "Civil Engineering Technologists and Technicians_1464_1466": {"llm_label": "TASK_1", "label_logprob": -0.000227, "p_task_1": 0.9997730257625506, "uncertainty": 0.0021314153183861866}, "Civil Engineering Technologists and Technicians_1464_1467": {"llm_label": "TASK_2", "label_logprob": -0.001043, "p_task_1": 0.001042456264555125, "uncertainty": 0.008199600441709476}, "Civil Engineering Technologists and Technicians_1464_1468": {"llm_label": "TASK_2", "label_logprob": -1e-06, "p_task_1": 9.999994999843054e-07, "uncertainty": 1.4815503149992376e-05}, "Civil Engineering Technologists and Technicians_1464_1469": {"llm_label": "TASK_2", "label_logprob": 0.0, "p_task_1": 0.0, "uncertainty": 0.0}, "Civil Engineering Technologists and Technicians_1464_1470": {"llm_label": "TASK_1", "label_logprob": -0.102454, "p_task_1": 0.9026196693027565, "uncertainty": 0.3192885457600767}, "Civil Engineering Technologists and Technicians_1464_1471": {"llm_label": "TASK_2", "label_logprob": -0.000442, "p_task_1": 0.000441902332390276, "uncertainty": 0.003855244630512207}, "Civil Engineering Technologists and Technicians_1464_1472": {"llm_label": "TASK_1", "label_logprob": -8.1e-05, "p_task_1": 0.9999190032804114, "uncertainty": 0.0008440717883202269}, "Civil Engineering Technologists and Technicians_1464_20965": {"llm_label": "TASK_2", "label_logprob": -2.7e-05, "p_task_1": 2.6999635503233144e-05, "uncertainty": 0.00031102699079997},