{"Zoologists and Wildlife Biologists_1492_1493": {"llm_label": "TASK_1", "label_logprob": -0.010788, "p_task_1": 0.9892699817822024, "uncertainty": 0.05932976573881692}, "Zoologists and Wildlife Biologists_1492_1494": {"llm_label": "TASK_1", "label_logprob": -1.5e-05, "p_task_1": 0.9999850001124995, "uncertainty": 0.00018161054327026476}, "Zoologists and Wildlife Biologists_1492_1496": {"llm_label": "TASK_2", "label_logprob": -0.698212, "p_task_1": 0.5025260074344047, "uncertainty": 0.6931344190785428}, "Zoologists and Wildlife Biologists_1492_1497": {"llm_label": "CANNOT_DECIDE", "label_logprob": -0.669253, "p_task_1": 0.5, "uncertainty": 0.6931471805599453}, "Zoologists and Wildlife Biologists_1492_1498": {"llm_label": "TASK_1", "label_logprob": -0.009319, "p_task_1": 0.9907242873113237, "uncertainty": 0.05264619562754393}, "Zoologists and Wildlife Biologists_1492_1499": {"llm_label": "TASK_2", "label_logprob": -0.003984, "p_task_1": 0.003976074400689367, "uncertainty": 0.025945752631436288}, "Zoologists and Wildlife Biologists_1492_1501": {"llm_label": "CANNOT_DECIDE", "label_logprob": -0.609904, "p_task_1": 0.5, "uncertainty": 0.6931471805599453}, "Zoologists and Wildlife Biologists_1492_1502": {"llm_label": "TASK_1", "label_logprob": -0.002264, "p_task_1": 0.9977385609149982, "uncertainty": 0.01603501047905018}, "Zoologists and Wildlife Biologists_1492_1504": {"llm_label": "TASK_1", "label_logprob": -0.000589, "p_task_1": 0.9994111734264489, "uncertainty": 0.004967979491399412}, "Zoologists and Wildlife Biologists_1492_18615": {"llm_label": "TASK_1", "label_logprob": -2e-06, "p_task_1": 0.999998000002, "uncertainty": 2.8244698509961958e-05}, "Zoologists and Wildlife Biologists_1492_18616": {"llm_label": "TASK_1", "label_logprob": -9e-06, "p_task_1": 0.9999910000404999, "uncertainty": 0.0001135640627863842}, "Zoologists and Wildlife Biologists_1492_23957": {"llm_label": "TASK_2", "label_logprob": -0.114395, "p_task_1": 0.10809441641205553, "uncertainty": 0.3425126146020819}, "Zoologists and Wildlife Biologists_1492_23958": {"llm_label": "TASK_1", "label_logprob": -0.000182, "p_task_1": 0.9998180165609953, "uncertainty": 0.001749134528681951}, "Zoologists and Wildlife Biologists_1493_1494": {"llm_label": "TASK_1", "label_logprob": -0.007888, "p_task_1": 0.9921430286337789, "uncertainty": 0.04590368936182625}, "Zoologists and Wildlife Biologists_1493_1496": {"llm_label": "TASK_2", "label_logprob": -0.001295, "p_task_1": 0.0012941618493407248, "uncertainty": 0.009899360607100699}, "Zoologists and Wildlife Biologists_1493_1497": {"llm_label": "TASK_2", "label_logprob": -0.095716, "p_task_1": 0.09127794351072493, "uncertainty": 0.3054845897350681}, "Zoologists and Wildlife Biologists_1493_1498": {"llm_label": "TASK_1", "label_logprob": -0.019584, "p_task_1": 0.9806065207812439, "uncertainty": 0.0956691646546506}, "Zoologists and Wildlife Biologists_1493_1499": {"llm_label": "TASK_2", "label_logprob": -7e-06, "p_task_1": 6.999975500021627e-06, "uncertainty": 9.008688755748087e-05}, "Zoologists and Wildlife Biologists_1493_1501": {"llm_label": "TASK_2", "label_logprob": -0.011765, "p_task_1": 0.011696063000279477, "uncertainty": 0.0636573670410238}, "Zoologists and Wildlife Biologists_1493_1502": {"llm_label": "TASK_1", "label_logprob": -0.482923, "p_task_1": 0.6169773287988826, "uncertainty": 0.6655244996891196}, "Zoologists and Wildlife Biologists_1493_1504": {"llm_label": "TASK_1", "label_logprob": -0.062285, "p_task_1": 0.9396150583357212, "uncertainty": 0.22802539205166622}, "Zoologists and Wildlife Biologists_1493_18615": {"llm_label": "TASK_1", "label_logprob": -6.1e-05, "p_task_1": 0.9999390018604621, "uncertainty": 0.0006529629227593847}, "Zoologists and Wildlife Biologists_1493_18616": {"llm_label": "TASK_1", "label_logprob": -0.002481, "p_task_1": 0.9975220751368361, "uncertainty": 0.01734322862282204}, "Zoologists and Wildlife Biologists_1493_23957": {"llm_label": "TASK_2", "label_logprob": -2.7e-05, "p_task_1": 2.6999635503233144e-05, "uncertainty": 0.00031102699079997}, "Zoologists and Wildlife Biologists_1493_23958": {"llm_label": "TASK_1", "label_logprob": -0.001075, "p_task_1": 0.9989255776055062, "uncertainty": 0.008418566475264132}, "Zoologists and Wildlife Biologists_1494_1496": {"llm_label": "TASK_2", "label_logprob": -0.000176, "p_task_1": 0.00017598451290856687, "uncertainty": 0.0016973753018939023}, "Zoologists and Wildlife Biologists_1494_1497": {"llm_label": "TASK_2", "label_logprob": -0.008901, "p_task_1": 0.008861503372864177, "uncertainty": 0.05070193294898048}, "Zoologists and Wildlife Biologists_1494_1498": {"llm_label": "TASK_2", "label_logprob": -0.025057, "p_task_1": 0.02474567905229208, "uncertainty": 0.11597379750998543}, "Zoologists and Wildlife Biologists_1494_1499": {"llm_label": "TASK_2", "label_logprob": 0.0, "p_task_1": 0.0, "uncertainty": 0.0}, "Zoologists and Wildlife Biologists_1494_1501": {"llm_label": "TASK_2", "label_logprob": -1.2e-05, "p_task_1": 1.1999928000272497e-05, "uncertainty": 0.00014796635909808146}, "Zoologists and Wildlife Biologists_1494_1502": {"llm_label": "TASK_2", "label_logprob": -0.000358, "p_task_1": 0.0003579359256464798, "uncertainty": 0.003198149469619536}, "Zoologists and Wildlife Biologists_1494_1504": {"llm_label": "TASK_2", "label_logprob": -6.9e-05, "p_task_1": 6.89976195547004e-05, "uncertainty": 0.0007300916912425196}, "Zoologists and Wildlife Biologists_1494_18615": {"llm_label": "TASK_1", "label_logprob": -0.000539, "p_task_1": 0.9994611452344051, "uncertainty": 0.004594165265782745}, "Zoologists and Wildlife Biologists_1494_18616": {"llm_label": "TASK_1", "label_logprob": -0.043504, "p_task_1": 0.95742872436841, "uncertainty": 0.17603142633839114}, "Zoologists and Wildlife Biologists_1494_23957": {"llm_label": "TASK_2", "label_logprob": 0.0, "p_task_1": 0.0, "uncertainty": 0.0}, "Zoologists and Wildlife Biologists_1494_23958": {"llm_label": "TASK_2", "label_logprob": -0.279766, "p_task_1": 0.2440393844553126, "uncertainty": 0.5556914862376582}, "Zoologists and Wildlife Biologists_1496_1497": {"llm_label": "TASK_2", "label_logprob": -0.638476, "p_task_1": 0.47190336965315893, "uncertainty": 0.6915675073217125}, "Zoologists and Wildlife Biologists_1496_1498": {"llm_label": "TASK_1", "label_logprob": -0.021272, "p_task_1": 0.9789526532310806, "uncertainty": 0.10208768199552651}, "Zoologists and Wildlife Biologists_1496_1499": {"llm_label": "TASK_2", "label_logprob": -3.1e-05, "p_task_1": 3.0999519504915085e-05, "uncertainty": 0.0003528217551931141}, "Zoologists and Wildlife Biologists_1496_1501": {"llm_label": "TASK_2", "label_logprob": -0.213261, "p_task_1": 0.19205476401151766, "uncertainty": 0.4891887141390041}, "Zoologists and Wildlife Biologists_1496_1502": {"llm_label": "TASK_1", "label_logprob": -0.0041, "p_task_1": 0.995908393524931, "uncertainty": 0.026582222130701647}, "Zoologists and Wildlife Biologists_1496_1504": {"llm_label": "TASK_1", "label_logprob": -0.000597, "p_task_1": 0.9994031781690426, "uncertainty": 0.005027384471693339}, "Zoologists and Wildlife Biologists_1496_18615": {"llm_label": "TASK_1", "label_logprob": -5e-06, "p_task_1": 0.9999950000125, "uncertainty": 6.603019815215604e-05}, "Zoologists and Wildlife Biologists_1496_18616": {"llm_label": "TASK_1", "label_logprob": -0.000234, "p_task_1": 0.9997660273758646, "uncertainty": 0.002190028086824737}, "Zoologists and Wildlife Biologists_1496_23957": {"llm_label": "TASK_2", "label_logprob": -0.015083, "p_task_1": 0.014969821294800179, "uncertainty": 0.07775619301848274}, "Zoologists and Wildlife Biologists_1496_23958": {"llm_label": "TASK_1", "label_logprob": -0.001125, "p_task_1": 0.998875632575262, "uncertainty": 0.008758791089301329}, "Zoologists and Wildlife Biologists_1497_1498": {"llm_label": "TASK_1", "label_logprob": -0.319579, "p_task_1": 0.7264548101790214, "uncertainty": 0.5867531699591396}, "Zoologists and Wildlife Biologists_1497_1499": {"llm_label": "TASK_2", "label_logprob": -1.1e-05,