{"Medical Scientists, Except Epidemiologists_7513_7514": {"llm_label": "TASK_1", "label_logprob": -6e-06, "p_task_1": 0.999994000018, "uncertainty": 7.814227210513045e-05}, "Medical Scientists, Except Epidemiologists_7513_7515": {"llm_label": "TASK_1", "label_logprob": -0.100961, "p_task_1": 0.9039682869615967, "uncertainty": 0.3162752209043285}, "Medical Scientists, Except Epidemiologists_7513_7516": {"llm_label": "CANNOT_DECIDE", "label_logprob": -0.576032, "p_task_1": 0.5, "uncertainty": 0.6931471805599453}, "Medical Scientists, Except Epidemiologists_7513_7517": {"llm_label": "TASK_1", "label_logprob": -2.5e-05, "p_task_1": 0.9999750003124974, "uncertainty": 0.0002899122444096467}, "Medical Scientists, Except Epidemiologists_7513_7518": {"llm_label": "TASK_1", "label_logprob": -0.127075, "p_task_1": 0.8806676200487137, "uncertainty": 0.3655926911591834}, "Medical Scientists, Except Epidemiologists_7513_7519": {"llm_label": "TASK_1", "label_logprob": -0.649297, "p_task_1": 0.522412903972174, "uncertainty": 0.6921421673019874}, "Medical Scientists, Except Epidemiologists_7513_7520": {"llm_label": "TASK_1", "label_logprob": -8.1e-05, "p_task_1": 0.9999190032804114, "uncertainty": 0.0008440717883202269}, "Medical Scientists, Except Epidemiologists_7513_7521": {"llm_label": "TASK_1", "label_logprob": -0.002284, "p_task_1": 0.9977186063433263, "uncertainty": 0.016156435662117212}, "Medical Scientists, Except Epidemiologists_7513_7522": {"llm_label": "TASK_1", "label_logprob": -4.1e-05, "p_task_1": 0.9999590008404885, "uncertainty": 0.00045517014709289875}, "Medical Scientists, Except Epidemiologists_7513_7523": {"llm_label": "TASK_1", "label_logprob": -0.000723, "p_task_1": 0.9992772613015225, "uncertainty": 0.005949658220916434}, "Medical Scientists, Except Epidemiologists_7513_20200": {"llm_label": "CANNOT_DECIDE", "label_logprob": -0.58458, "p_task_1": 0.5, "uncertainty": 0.6931471805599453}, "Medical Scientists, Except Epidemiologists_7513_20201": {"llm_label": "TASK_1", "label_logprob": -0.061287, "p_task_1": 0.9405532622498222, "uncertainty": 0.2254424803933548}, "Medical Scientists, Except Epidemiologists_7513_23906": {"llm_label": "TASK_2", "label_logprob": -0.065071, "p_task_1": 0.06299906605067374, "uncertainty": 0.23514103451312574}, "Medical Scientists, Except Epidemiologists_7514_7515": {"llm_label": "TASK_2", "label_logprob": -1e-06, "p_task_1": 9.999994999843054e-07, "uncertainty": 1.4815503149992376e-05}, "Medical Scientists, Except Epidemiologists_7514_7516": {"llm_label": "TASK_2", "label_logprob": -5.6e-05, "p_task_1": 5.599843202930277e-05, "uncertainty": 0.000604231977919192}, "Medical Scientists, Except Epidemiologists_7514_7517": {"llm_label": "TASK_2", "label_logprob": 0.0, "p_task_1": 0.0, "uncertainty": 0.0}, "Medical Scientists, Except Epidemiologists_7514_7518": {"llm_label": "TASK_2", "label_logprob": -2.1e-05, "p_task_1": 2.0999779501540417e-05, "uncertainty": 0.0002471881550406985}, "Medical Scientists, Except Epidemiologists_7514_7519": {"llm_label": "TASK_2", "label_logprob": -1.7e-05, "p_task_1": 1.6999855500854366e-05, "uncertainty": 0.000203697321204896}, "Medical Scientists, Except Epidemiologists_7514_7520": {"llm_label": "TASK_2", "label_logprob": -1.6e-05, "p_task_1": 1.5999872000738158e-05, "uncertainty": 0.00019268520788660168}, "Medical Scientists, Except Epidemiologists_7514_7521": {"llm_label": "TASK_2", "label_logprob": -0.000263, "p_task_1": 0.00026296541853165767, "uncertainty": 0.002430683118198707}, "Medical Scientists, Except Epidemiologists_7514_7522": {"llm_label": "TASK_2", "label_logprob": -0.000205, "p_task_1": 0.00020497898893578892, "uncertainty": 0.0019457631714790353}, "Medical Scientists, Except Epidemiologists_7514_7523": {"llm_label": "TASK_2", "label_logprob": -0.000575, "p_task_1": 0.0005748347191802949, "uncertainty": 0.004863757341049658}, "Medical Scientists, Except Epidemiologists_7514_20200": {"llm_label": "TASK_2", "label_logprob": -2e-06, "p_task_1": 1.9999979999907325e-06, "uncertainty": 2.8244698509961958e-05}, "Medical Scientists, Except Epidemiologists_7514_20201": {"llm_label": "TASK_2", "label_logprob": -4e-06, "p_task_1": 3.9999919999589295e-06, "uncertainty": 5.371675735315082e-05}, "Medical Scientists, Except Epidemiologists_7514_23906": {"llm_label": "TASK_2", "label_logprob": -2e-06, "p_task_1": 1.9999979999907325e-06, "uncertainty": 2.8244698509961958e-05}, "Medical Scientists, Except Epidemiologists_7515_7516": {"llm_label": "TASK_1", "label_logprob": -0.08486, "p_task_1": 0.918640885123114, "uncertainty": 0.28207631742606337}, "Medical Scientists, Except Epidemiologists_7515_7517": {"llm_label": "TASK_2", "label_logprob": -0.114102, "p_task_1": 0.10783304978772357, "uncertainty": 0.34196068365283944}, "Medical Scientists, Except Epidemiologists_7515_7518": {"llm_label": "TASK_2", "label_logprob": -0.079057, "p_task_1": 0.0760127443295322, "uncertainty": 0.26892142483120834}, "Medical Scientists, Except Epidemiologists_7515_7519": {"llm_label": "CANNOT_DECIDE", "label_logprob": -0.07891, "p_task_1": 0.5, "uncertainty": 0.6931471805599453}, "Medical Scientists, Except Epidemiologists_7515_7520": {"llm_label": "TASK_1", "label_logprob": -0.007244, "p_task_1": 0.9927821745271069, "uncertainty": 0.04278426624974344}, "Medical Scientists, Except Epidemiologists_7515_7521": {"llm_label": "CANNOT_DECIDE", "label_logprob": -0.048679, "p_task_1": 0.5, "uncertainty": 0.6931471805599453}, "Medical Scientists, Except Epidemiologists_7515_7522": {"llm_label": "TASK_1", "label_logprob": -0.014494, "p_task_1": 0.9856105323778357, "uncertainty": 0.075314894590624}, "Medical Scientists, Except Epidemiologists_7515_7523": {"llm_label": "CANNOT_DECIDE", "label_logprob": -0.080677, "p_task_1": 0.5, "uncertainty": 0.6931471805599453}, "Medical Scientists, Except Epidemiologists_7515_20200": {"llm_label": "TASK_2", "label_logprob": -5.2e-05, "p_task_1": 5.1998648023410254e-05, "uncertainty": 0.000564927187419359}, "Medical Scientists, Except Epidemiologists_7515_20201": {"llm_label": "TASK_2", "label_logprob": -0.001464, "p_task_1": 0.0014629288747728397, "uncertainty": 0.01101085552994666}, "Medical Scientists, Except Epidemiologists_7515_23906": {"llm_label": "TASK_2", "label_logprob": -0.000213, "p_task_1": 0.0002129773171105631, "uncertainty": 0.0020135340689623367}, "Medical Scientists, Except Epidemiologists_7516_7517": {"llm_label": "TASK_2", "label_logprob": -0.048941, "p_task_1": 0.04776268995753907, "uncertainty": 0.19187416868378734}, "Medical Scientists, Except Epidemiologists_7516_7518": {"llm_label": "TASK_2", "label_logprob": -0.016065, "p_task_1": 0.015936646141594513, "uncertainty": 0.0817728921951409}, "Medical Scientists, Except Epidemiologists_7516_7519": {"llm_label": "TASK_2", "label_logprob": -0.000563, "p_task_1": 0.000562841545238113, "uncertainty": 0.004774151971042416}, "Medical Scientists, Except Epidemiologists_7516_7520": {"llm_label": "CANNOT_DECIDE", "label_logprob": -0.204879, "p_task_1": 0.5, "uncertainty": 0.6931471805599453}, "Medical Scientists, Except Epidemiologists_7516_7521": {"llm_label": "TASK_2", "label_logprob": -7.6e-05, "p_task_1": 7.599711207317839e-05, "uncertainty": 0.0007968127892924509}, "Medical Scientists, Except Epidemiologists_7516_7522": {"llm_label": "TASK_1", "label_logprob": -0.038374, "p_task_1": 0.9623529535731309, "uncertainty": 0.160392850210348}, "Medical Scientists, Except Epidemiologists_7516_7523": {"llm_label": "TASK_1", "label_logprob": -0.306428, "p_task_1": 0.7360715134204747, "uncertainty": 0.5771260138536958}, "Medical Scientists, Except Epidemiologists_7516_20200": {"llm_label": "TASK_2", "label_logprob": -1e-06, "p_task_1": 9.999994999843054e-07, "uncertainty": 1.4815503149992376e-05}, "Medical Scientists, Except Epidemiologists_7516_20201": {"llm_label": "TASK_2", "label_logprob": -0.002129, "p_task_1": 0.002126735286976489, "uncertainty": 0.015210630000435517},