{"Epidemiologists_5421_5422": {"llm_label": "TASK_2", "label_logprob": -0.441127, "p_task_1": 0.35668899911235774, "uncertainty": 0.6514893407958657}, "Epidemiologists_5421_5423": {"llm_label": "TASK_2", "label_logprob": -0.006838, "p_task_1": 0.006814674075839244, "uncertainty": 0.04078760935252283}, "Epidemiologists_5421_5424": {"llm_label": "CANNOT_DECIDE", "label_logprob": -0.160244, "p_task_1": 0.5, "uncertainty": 0.6931471805599453}, "Epidemiologists_5421_5425": {"llm_label": "EQUAL_TIME", "label_logprob": -0.475015, "p_task_1": 0.5, "uncertainty": 0.6931471805599453}, "Epidemiologists_5421_5426": {"llm_label": "TASK_2", "label_logprob": -0.079388, "p_task_1": 0.07631853350025952, "uncertainty": 0.2696845593284902}, "Epidemiologists_5421_5427": {"llm_label": "TASK_1", "label_logprob": -0.000745, "p_task_1": 0.9992552774435972, "uncertainty": 0.0061083085127766395}, "Epidemiologists_5421_5428": {"llm_label": "TASK_1", "label_logprob": -0.014415, "p_task_1": 0.9856883986855722, "uncertainty": 0.0749855578881084}, "Epidemiologists_5421_5429": {"llm_label": "TASK_1", "label_logprob": -0.082669, "p_task_1": 0.9206558338727138, "uncertainty": 0.2771646685353987}, "Epidemiologists_5421_5430": {"llm_label": "TASK_2", "label_logprob": -0.732, "p_task_1": 0.519053864714222, "uncertainty": 0.6924209051965147}, "Epidemiologists_5421_5432": {"llm_label": "TASK_1", "label_logprob": -0.047375, "p_task_1": 0.9537296818921601, "uncertainty": 0.1873834116967229}, "Epidemiologists_5421_15215": {"llm_label": "TASK_1", "label_logprob": -3.8e-05, "p_task_1": 0.9999620007219908, "uncertainty": 0.0004247530567765096}, "Epidemiologists_5421_15216": {"llm_label": "TASK_1", "label_logprob": -0.048614, "p_task_1": 0.9525487425592862, "uncertainty": 0.19094111676552436}, "Epidemiologists_5421_15217": {"llm_label": "TASK_1", "label_logprob": -0.003336, "p_task_1": 0.9966695582654909, "uncertainty": 0.02232389518879034}, "Epidemiologists_5421_23961": {"llm_label": "TASK_2", "label_logprob": -0.326579, "p_task_1": 0.2786126168058083, "uncertainty": 0.5916382085611958}, "Epidemiologists_5421_23962": {"llm_label": "TASK_2", "label_logprob": -0.015646, "p_task_1": 0.015524237202688806, "uncertainty": 0.08006703246517208}, "Epidemiologists_5422_5423": {"llm_label": "TASK_2", "label_logprob": -2.7e-05, "p_task_1": 2.6999635503233144e-05, "uncertainty": 0.00031102699079997}, "Epidemiologists_5422_5424": {"llm_label": "TASK_2", "label_logprob": -0.000272, "p_task_1": 0.00027196301135368195, "uncertainty": 0.0025047000559220833}, "Epidemiologists_5422_5425": {"llm_label": "TASK_2", "label_logprob": -0.008806, "p_task_1": 0.008767340743030538, "uncertainty": 0.05025724830202432}, "Epidemiologists_5422_5426": {"llm_label": "TASK_2", "label_logprob": -0.000262, "p_task_1": 0.0002619656809972337, "uncertainty": 0.0024224401534331287}, "Epidemiologists_5422_5427": {"llm_label": "TASK_1", "label_logprob": -8.6e-05, "p_task_1": 0.999914003697894, "uncertainty": 0.0008910217260505452}, "Epidemiologists_5422_5428": {"llm_label": "TASK_1", "label_logprob": -0.000217, "p_task_1": 0.999783023542797, "uncertainty": 0.0020473059250592125}, "Epidemiologists_5422_5429": {"llm_label": "EQUAL_TIME", "label_logprob": -0.858011, "p_task_1": 0.5, "uncertainty": 0.6931471805599453}, "Epidemiologists_5422_5430": {"llm_label": "TASK_1", "label_logprob": -0.330619, "p_task_1": 0.7184788573442858, "uncertainty": 0.5943842458395072}, "Epidemiologists_5422_5432": {"llm_label": "TASK_1", "label_logprob": -0.003258, "p_task_1": 0.9967473015229832, "uncertainty": 0.021879738875402788}, "Epidemiologists_5422_15215": {"llm_label": "TASK_1", "label_logprob": -2e-05, "p_task_1": 0.9999800001999987, "uncertainty": 0.00023639320174866763}, "Epidemiologists_5422_15216": {"llm_label": "TASK_1", "label_logprob": -0.009907, "p_task_1": 0.9901419126653099, "uncertainty": 0.05534840672100143}, "Epidemiologists_5422_15217": {"llm_label": "TASK_1", "label_logprob": -0.003383, "p_task_1": 0.9966227158970568, "uncertainty": 0.0225906292711962}, "Epidemiologists_5422_23961": {"llm_label": "TASK_2", "label_logprob": -0.004108, "p_task_1": 0.004099573710348192, "uncertainty": 0.026625992054855368}, "Epidemiologists_5422_23962": {"llm_label": "TASK_2", "label_logprob": -5.5e-05, "p_task_1": 5.49984875277687e-05, "uncertainty": 0.0005944334084389942}, "Epidemiologists_5423_5424": {"llm_label": "EQUAL_TIME", "label_logprob": -0.025177, "p_task_1": 0.5, "uncertainty": 0.6931471805599453}, "Epidemiologists_5423_5425": {"llm_label": "TASK_1", "label_logprob": -0.013156, "p_task_1": 0.9869301619054396, "uncertainty": 0.0696737981301151}, "Epidemiologists_5423_5426": {"llm_label": "EQUAL_TIME", "label_logprob": -0.034999, "p_task_1": 0.5, "uncertainty": 0.6931471805599453}, "Epidemiologists_5423_5427": {"llm_label": "TASK_1", "label_logprob": -2.5e-05, "p_task_1": 0.9999750003124974, "uncertainty": 0.0002899122444096467}, "Epidemiologists_5423_5428": {"llm_label": "TASK_1", "label_logprob": -6e-06, "p_task_1": 0.999994000018, "uncertainty": 7.814227210513045e-05}, "Epidemiologists_5423_5429": {"llm_label": "TASK_1", "label_logprob": -0.000279, "p_task_1": 0.9997210389168807, "uncertainty": 0.0025620619351890083}, "Epidemiologists_5423_5430": {"llm_label": "TASK_1", "label_logprob": -0.002025, "p_task_1": 0.9979770489292394, "uncertainty": 0.0145696693733285}, "Epidemiologists_5423_5432": {"llm_label": "TASK_1", "label_logprob": -3.2e-05, "p_task_1": 0.9999680005119945, "uncertainty": 0.0003631869779441248}, "Epidemiologists_5423_15215": {"llm_label": "TASK_1", "label_logprob": 0.0, "p_task_1": 1.0, "uncertainty": 0.0}, "Epidemiologists_5423_15216": {"llm_label": "TASK_1", "label_logprob": -0.000127, "p_task_1": 0.9998730080641586, "uncertainty": 0.001266277670632851}, "Epidemiologists_5423_15217": {"llm_label": "TASK_1", "label_logprob": -5.2e-05, "p_task_1": 0.9999480013519766, "uncertainty": 0.000564927187419359}, "Epidemiologists_5423_23961": {"llm_label": "TASK_1", "label_logprob": -0.019584, "p_task_1": 0.9806065207812439, "uncertainty": 0.0956691646546506}, "Epidemiologists_5423_23962": {"llm_label": "TASK_2", "label_logprob": -0.578176, "p_task_1": 0.43907944686322875, "uncertainty": 0.6857060779081068}, "Epidemiologists_5424_5425": {"llm_label": "TASK_2", "label_logprob": -0.00854, "p_task_1": 0.008503637784729623, "uncertainty": 0.04900644167854977}, "Epidemiologists_5424_5426": {"llm_label": "TASK_2", "label_logprob": -2.3e-05, "p_task_1": 2.2999735502016172e-05, "uncertainty": 0.00026863728652655293}, "Epidemiologists_5424_5427": {"llm_label": "TASK_1", "label_logprob": -0.000268, "p_task_1": 0.9997320359087921, "uncertainty": 0.002471841078059971}, "Epidemiologists_5424_5428": {"llm_label": "TASK_1", "label_logprob": -0.000806, "p_task_1": 0.9991943247307498, "uncertainty": 0.0065448441085865505}, "Epidemiologists_5424_5429": {"llm_label": "TASK_1", "label_logprob": -0.001047, "p_task_1": 0.9989535479132616, "uncertainty": 0.008227024634288068}, "Epidemiologists_5424_5430": {"llm_label": "TASK_1", "label_logprob": -0.107754, "p_task_1": 0.8978484399817999, "uncertainty": 0.32978487829236625}, "Epidemiologists_5424_5432": {"llm_label": "TASK_1", "label_logprob": -0.001421, "p_task_1": 0.9985800091424463, "uncertainty": 0.01073001112595232}, "Epidemiologists_5424_15215": {"llm_label": "TASK_1", "label_logprob": -2e-06, "p_task_1": 0.999998000002, "uncertainty": 2.8244698509961958e-05}, "Epidemiologists_5424_15216": {"llm_label": "TASK_1", "label_logprob": -0.001677, "p_task_1": 0.9983244053787835, "uncertainty": 0.012383899125922906}, "Epidemiologists_5424_15217": {"llm_label": "TASK_1", "label_logprob": -0.000594, "p_task_1": 0.9994061763830744, "uncertainty": 0.005005120296568706}, "Epidemiologists_5424_23961": {"llm_label": "TASK_2", "label_logprob": -0.206936, "p_task_1": 0.18692831508973007, "uncertainty": 0.4817382089095184}, "Epidemiologists_5424_23962": {"llm_label": "TASK_2", "label_logprob": -0.007049,