{"Range Managers_7497_7498": {"llm_label": "TASK_2", "label_logprob": -0.551447, "p_task_1": 0.4238844322750106, "uncertainty": 0.6815148470888335}, "Range Managers_7497_7499": {"llm_label": "TASK_2", "label_logprob": -0.009873, "p_task_1": 0.009824421937350891, "uncertainty": 0.05519316606137337}, "Range Managers_7497_7500": {"llm_label": "TASK_2", "label_logprob": -0.000172, "p_task_1": 0.0001719852088480911, "uncertainty": 0.001662755765075375}, "Range Managers_7497_7501": {"llm_label": "TASK_2", "label_logprob": -0.009346, "p_task_1": 0.009302461883317958, "uncertainty": 0.05277110320738465}, "Range Managers_7497_7502": {"llm_label": "TASK_1", "label_logprob": -1.7e-05, "p_task_1": 0.9999830001444991, "uncertainty": 0.000203697321204896}, "Range Managers_7497_7503": {"llm_label": "TASK_2", "label_logprob": -5.9e-05, "p_task_1": 5.8998259534259745e-05, "uncertainty": 0.0006335217246636567}, "Range Managers_7497_7504": {"llm_label": "TASK_2", "label_logprob": -0.202159, "p_task_1": 0.18303497982336514, "uncertainty": 0.4759645035854094}, "Range Managers_7497_7505": {"llm_label": "TASK_2", "label_logprob": -0.000465, "p_task_1": 0.0004648919042554711, "uncertainty": 0.004032227454505613}, "Range Managers_7497_7506": {"llm_label": "TASK_1", "label_logprob": -0.612063, "p_task_1": 0.5422310916791272, "uncertainty": 0.6895759972057569}, "Range Managers_7497_7507": {"llm_label": "TASK_2", "label_logprob": -2.4e-05, "p_task_1": 2.3999712002287232e-05, "uncertainty": 0.0002792956099024647}, "Range Managers_7497_7508": {"llm_label": "TASK_1", "label_logprob": -0.062284, "p_task_1": 0.9396159979512494, "uncertainty": 0.22802281305247313}, "Range Managers_7497_7509": {"llm_label": "TASK_1", "label_logprob": -0.100216, "p_task_1": 0.9046419942601914, "uncertainty": 0.3147620714084916}, "Range Managers_7497_7511": {"llm_label": "TASK_2", "label_logprob": -0.079401, "p_task_1": 0.07633054128127326, "uncertainty": 0.2697144991250373}, "Range Managers_7497_21169": {"llm_label": "TASK_1", "label_logprob": -0.537623, "p_task_1": 0.5841350925764779, "uncertainty": 0.6789221736545485}, "Range Managers_7497_21170": {"llm_label": "TASK_1", "label_logprob": -0.007878, "p_task_1": 0.9921529501136725, "uncertainty": 0.04585567830152834}, "Range Managers_7498_7499": {"llm_label": "TASK_2", "label_logprob": -0.003898, "p_task_1": 0.0038904126596857047, "uncertainty": 0.025471668893364423}, "Range Managers_7498_7500": {"llm_label": "CANNOT_DECIDE", "label_logprob": -0.579726, "p_task_1": 0.5, "uncertainty": 0.6931471805599453}, "Range Managers_7498_7501": {"llm_label": "TASK_2", "label_logprob": -0.000218, "p_task_1": 0.00021797623972663605, "uncertainty": 0.0020557372948735294}, "Range Managers_7498_7502": {"llm_label": "TASK_1", "label_logprob": -0.022156, "p_task_1": 0.9780876414771503, "uncertainty": 0.1053911562744429}, "Range Managers_7498_7503": {"llm_label": "TASK_2", "label_logprob": -1.1e-05, "p_task_1": 1.0999939500266898e-05, "uncertainty": 0.0001365930168744248}, "Range Managers_7498_7504": {"llm_label": "TASK_2", "label_logprob": -0.000103, "p_task_1": 0.00010299469568209041, "uncertainty": 0.001048566499626208}, "Range Managers_7498_7505": {"llm_label": "TASK_2", "label_logprob": -5.1e-05, "p_task_1": 5.09986995220757e-05, "uncertainty": 0.0005550537772008165}, "Range Managers_7498_7506": {"llm_label": "TASK_2", "label_logprob": -0.00015, "p_task_1": 0.00014998875056249084, "uncertainty": 0.0014706209903892393}, "Range Managers_7498_7507": {"llm_label": "TASK_2", "label_logprob": -0.000167, "p_task_1": 0.000166986056276186, "uncertainty": 0.0016193500772053243}, "Range Managers_7498_7508": {"llm_label": "TASK_2", "label_logprob": -0.000225, "p_task_1": 0.00022497468939830512, "uncertainty": 0.002114629380793929}, "Range Managers_7498_7509": {"llm_label": "TASK_2", "label_logprob": -0.000807, "p_task_1": 0.0008066744630753631, "uncertainty": 0.0065519607701312954}, "Range Managers_7498_7511": {"llm_label": "TASK_2", "label_logprob": -0.010527, "p_task_1": 0.010471785054590566, "uncertainty": 0.05815837273693324}, "Range Managers_7498_21169": {"llm_label": "TASK_2", "label_logprob": -0.048659, "p_task_1": 0.047494121169687875, "uncertainty": 0.19106966355545765}, "Range Managers_7498_21170": {"llm_label": "TASK_2", "label_logprob": -0.032063, "p_task_1": 0.03155443191351248, "uncertainty": 0.1401046878424508}, "Range Managers_7499_7500": {"llm_label": "TASK_2", "label_logprob": -0.001216, "p_task_1": 0.0012152609715831986, "uncertainty": 0.009372321758871989}, "Range Managers_7499_7501": {"llm_label": "TASK_2", "label_logprob": -7.6e-05, "p_task_1": 7.599711207317839e-05, "uncertainty": 0.0007968127892924509}, "Range Managers_7499_7502": {"llm_label": "TASK_1", "label_logprob": -2.9e-05, "p_task_1": 0.9999710004204959, "uncertainty": 0.000331993413184829}, "Range Managers_7499_7503": {"llm_label": "TASK_2", "label_logprob": -0.002081, "p_task_1": 0.0020788362207018185, "uncertainty": 0.014915456368851608}, "Range Managers_7499_7504": {"llm_label": "TASK_2", "label_logprob": -0.029001, "p_task_1": 0.028584506949373978, "uncertainty": 0.12978681071429043}, "Range Managers_7499_7505": {"llm_label": "TASK_2", "label_logprob": -0.001035, "p_task_1": 0.001034464572238547, "uncertainty": 0.008144705671038468}, "Range Managers_7499_7506": {"llm_label": "TASK_2", "label_logprob": -0.000692, "p_task_1": 0.0006917606232194062, "uncertainty": 0.005724958774438595}, "Range Managers_7499_7507": {"llm_label": "TASK_2", "label_logprob": -3.4e-05, "p_task_1": 3.39994220065476e-05, "uncertainty": 0.00038382457608067405}, "Range Managers_7499_7508": {"llm_label": "TASK_1", "label_logprob": -0.104975, "p_task_1": 0.900347030980684, "uncertainty": 0.3243197986440849}, "Range Managers_7499_7509": {"llm_label": "TASK_2", "label_logprob": -0.000888, "p_task_1": 0.0008876058446786184, "uncertainty": 0.007124402793872198}, "Range Managers_7499_7511": {"llm_label": "TASK_2", "label_logprob": -0.011075, "p_task_1": 0.011013897963876973, "uncertainty": 0.060610252279645914}, "Range Managers_7499_21169": {"llm_label": "TASK_1", "label_logprob": -0.058646, "p_task_1": 0.9430405464284728, "uncertainty": 0.21851806300885956}, "Range Managers_7499_21170": {"llm_label": "CANNOT_DECIDE", "label_logprob": -0.338844, "p_task_1": 0.5, "uncertainty": 0.6931471805599453}, "Range Managers_7500_7501": {"llm_label": "TASK_2", "label_logprob": -0.013498, "p_task_1": 0.013407310498861569, "uncertainty": 0.07112874982589183}, "Range Managers_7500_7502": {"llm_label": "TASK_1", "label_logprob": -4.1e-05, "p_task_1": 0.9999590008404885, "uncertainty": 0.00045517014709289875}, "Range Managers_7500_7503": {"llm_label": "TASK_2", "label_logprob": -9.2e-05, "p_task_1": 9.199576812979338e-05, "uncertainty": 0.000946978860581264}, "Range Managers_7500_7504": {"llm_label": "TASK_2", "label_logprob": -0.052335, "p_task_1": 0.0509891050642346, "uncertainty": 0.201417368355234}, "Range Managers_7500_7505": {"llm_label": "TASK_2", "label_logprob": -4.4e-05, "p_task_1": 4.399903201424138e-05, "uncertainty": 0.0004853674424999764}, "Range Managers_7500_7506": {"llm_label": "TASK_2", "label_logprob": -0.213259, "p_task_1": 0.19205314811942975, "uncertainty": 0.4891863925562602}, "Range Managers_7500_7507": {"llm_label": "TASK_2", "label_logprob": -0.303804, "p_task_1": 0.261994498645827, "uncertainty": 0.5751327791646733}, "Range Managers_7500_7508": {"llm_label": "TASK_1", "label_logprob": -0.165951, "p_task_1": 0.8470877404717706, "uncertainty": 0.42772761192845865}, "Range Managers_7500_7509": {"llm_label": "TASK_2", "label_logprob": -0.006401, "p_task_1": 0.006380557240790563, "uncertainty": 0.038610683628904}, "Range Managers_7500_7511": {"llm_label": "TASK_2", "label_logprob": -0.009872, "p_task_1": 0.009823431761277757, "uncertainty": 0.055188598317901495}, "Range Managers_7500_21169": {"llm_label": "TASK_2", "label_logprob": -0.006545, "p_task_1": 0.006523628139195936, "uncertainty": 0.039331317185674376},