{"Microbiologists_3675_3676": {"llm_label": "CANNOT_DECIDE", "label_logprob": -0.070744, "p_task_1": 0.5, "uncertainty": 0.6931471805599453}, "Microbiologists_3675_3677": {"llm_label": "TASK_2", "label_logprob": -0.005302, "p_task_1": 0.005287969206042131, "uncertainty": 0.03299519520248145}, "Microbiologists_3675_3678": {"llm_label": "TASK_2", "label_logprob": -3.5e-05, "p_task_1": 3.499938750717302e-05, "uncertainty": 0.00039409879060961955}, "Microbiologists_3675_3679": {"llm_label": "TASK_1", "label_logprob": -0.005785, "p_task_1": 0.9942317008920937, "uncertainty": 0.03548939284590557}, "Microbiologists_3675_3680": {"llm_label": "TASK_2", "label_logprob": -2.3e-05, "p_task_1": 2.2999735502016172e-05, "uncertainty": 0.00026863728652655293}, "Microbiologists_3675_3681": {"llm_label": "TASK_2", "label_logprob": -0.001145, "p_task_1": 0.00114434473761571, "uncertainty": 0.00889424861856023}, "Microbiologists_3675_3682": {"llm_label": "TASK_2", "label_logprob": -0.000712, "p_task_1": 0.0007117465881466556, "uncertainty": 0.005870082062186919}, "Microbiologists_3675_3683": {"llm_label": "TASK_1", "label_logprob": -0.586253, "p_task_1": 0.5564082453153305, "uncertainty": 0.6867698318504334}, "Microbiologists_3675_3684": {"llm_label": "CANNOT_DECIDE", "label_logprob": -0.181611, "p_task_1": 0.5, "uncertainty": 0.6931471805599453}, "Microbiologists_3675_3685": {"llm_label": "TASK_2", "label_logprob": -3.9e-05, "p_task_1": 3.899923950989592e-05, "uncertainty": 0.0004349175266172239}, "Microbiologists_3675_15212": {"llm_label": "TASK_2", "label_logprob": -0.000186, "p_task_1": 0.00018598270307246256, "uncertainty": 0.00178353020928775}, "Microbiologists_3675_15213": {"llm_label": "TASK_2", "label_logprob": -0.000692, "p_task_1": 0.0006917606232194062, "uncertainty": 0.005724958774438595}, "Microbiologists_3675_15214": {"llm_label": "TASK_2", "label_logprob": -8e-05, "p_task_1": 7.999680008530241e-05, "uncertainty": 0.0008346453276260399}, "Microbiologists_3676_3677": {"llm_label": "TASK_2", "label_logprob": -0.575984, "p_task_1": 0.43784856045209986, "uncertainty": 0.685401558716003}, "Microbiologists_3676_3678": {"llm_label": "TASK_2", "label_logprob": -6.6e-05, "p_task_1": 6.599782204796956e-05, "uncertainty": 0.0007012833412595727}, "Microbiologists_3676_3679": {"llm_label": "TASK_1", "label_logprob": -0.028365, "p_task_1": 0.9720335098127045, "uncertainty": 0.1276008257486332}, "Microbiologists_3676_3680": {"llm_label": "TASK_2", "label_logprob": -0.005398, "p_task_1": 0.005383456977511969, "uncertainty": 0.03349440489795982}, "Microbiologists_3676_3681": {"llm_label": "TASK_2", "label_logprob": -0.049458, "p_task_1": 0.04825486940748036, "uncertainty": 0.19334439546031096}, "Microbiologists_3676_3682": {"llm_label": "TASK_2", "label_logprob": -0.038727, "p_task_1": 0.03798669706761548, "uncertainty": 0.16149211347928796}, "Microbiologists_3676_3683": {"llm_label": "CANNOT_DECIDE", "label_logprob": -0.025151, "p_task_1": 0.5, "uncertainty": 0.6931471805599453}, "Microbiologists_3676_3684": {"llm_label": "CANNOT_DECIDE", "label_logprob": -0.075401, "p_task_1": 0.5, "uncertainty": 0.6931471805599453}, "Microbiologists_3676_3685": {"llm_label": "TASK_2", "label_logprob": -3.6e-05, "p_task_1": 3.599935200782056e-05, "uncertainty": 0.0004043444200614643}, "Microbiologists_3676_15212": {"llm_label": "TASK_2", "label_logprob": -0.00463, "p_task_1": 0.004619298073011313, "uncertainty": 0.029448945860435338}, "Microbiologists_3676_15213": {"llm_label": "TASK_2", "label_logprob": -0.696043, "p_task_1": 0.5014458152996455, "uncertainty": 0.6931429997903578}, "Microbiologists_3676_15214": {"llm_label": "TASK_2", "label_logprob": -0.000118, "p_task_1": 0.00011799303827386698, "uncertainty": 0.0011852195308940522}, "Microbiologists_3677_3678": {"llm_label": "TASK_2", "label_logprob": -0.000808, "p_task_1": 0.0008076736559012865, "uncertainty": 0.006559076185902192}, "Microbiologists_3677_3679": {"llm_label": "TASK_1", "label_logprob": -0.02216, "p_task_1": 0.9780837291344091, "uncertainty": 0.10540601714096763}, "Microbiologists_3677_3680": {"llm_label": "TASK_2", "label_logprob": -0.0172, "p_task_1": 0.017052924440454476, "uncertainty": 0.0863365387080357}, "Microbiologists_3677_3681": {"llm_label": "TASK_2", "label_logprob": -0.014495, "p_task_1": 0.014390453232203892, "uncertainty": 0.07531906049815479}, "Microbiologists_3677_3682": {"llm_label": "CANNOT_DECIDE", "label_logprob": -0.52813, "p_task_1": 0.5, "uncertainty": 0.6931471805599453}, "Microbiologists_3677_3683": {"llm_label": "CANNOT_DECIDE", "label_logprob": -0.006274, "p_task_1": 0.5, "uncertainty": 0.6931471805599453}, "Microbiologists_3677_3684": {"llm_label": "CANNOT_DECIDE", "label_logprob": -0.205585, "p_task_1": 0.5, "uncertainty": 0.6931471805599453}, "Microbiologists_3677_3685": {"llm_label": "TASK_2", "label_logprob": -0.000374, "p_task_1": 0.00037393007071817586, "uncertainty": 0.003324707523564956}, "Microbiologists_3677_15212": {"llm_label": "TASK_2", "label_logprob": -0.002482, "p_task_1": 0.002478922384740234, "uncertainty": 0.0173492114091649}, "Microbiologists_3677_15213": {"llm_label": "TASK_2", "label_logprob": -0.271935, "p_task_1": 0.2380962167737396, "uncertainty": 0.548875522833046}, "Microbiologists_3677_15214": {"llm_label": "TASK_2", "label_logprob": -0.000247, "p_task_1": 0.00024696949801139567, "uncertainty": 0.0022983283340639125}, "Microbiologists_3678_3679": {"llm_label": "TASK_1", "label_logprob": -0.000104, "p_task_1": 0.9998960054078125, "uncertainty": 0.0010577414410560416}, "Microbiologists_3678_3680": {"llm_label": "EQUAL_TIME", "label_logprob": -0.001929, "p_task_1": 0.5, "uncertainty": 0.6931471805599453}, "Microbiologists_3678_3681": {"llm_label": "TASK_1", "label_logprob": -0.002842, "p_task_1": 0.997162034658928, "uncertainty": 0.01947765877583041}, "Microbiologists_3678_3682": {"llm_label": "EQUAL_TIME", "label_logprob": -0.693154, "p_task_1": 0.5, "uncertainty": 0.6931471805599453}, "Microbiologists_3678_3683": {"llm_label": "TASK_1", "label_logprob": -0.079013, "p_task_1": 0.92402791200415, "uncertainty": 0.2688198617830139}, "Microbiologists_3678_3684": {"llm_label": "TASK_1", "label_logprob": -0.001341, "p_task_1": 0.9986598987387189, "uncertainty": 0.010203986302276773}, "Microbiologists_3678_3685": {"llm_label": "EQUAL_TIME", "label_logprob": -0.000559, "p_task_1": 0.5, "uncertainty": 0.6931471805599453}, "Microbiologists_3678_15212": {"llm_label": "TASK_1", "label_logprob": -0.015391, "p_task_1": 0.9847268361273136, "uncertainty": 0.07902307841276594}, "Microbiologists_3678_15213": {"llm_label": "TASK_1", "label_logprob": -0.000677, "p_task_1": 0.9993232291127939, "uncertainty": 0.005615736067762382}, "Microbiologists_3678_15214": {"llm_label": "EQUAL_TIME", "label_logprob": -0.216276, "p_task_1": 0.5, "uncertainty": 0.6931471805599453}, "Microbiologists_3679_3680": {"llm_label": "TASK_2", "label_logprob": -3.5e-05, "p_task_1": 3.499938750717302e-05, "uncertainty": 0.00039409879060961955}, "Microbiologists_3679_3681": {"llm_label": "TASK_2", "label_logprob": -1e-06, "p_task_1": 9.999994999843054e-07, "uncertainty": 1.4815503149992376e-05}, "Microbiologists_3679_3682": {"llm_label": "TASK_2", "label_logprob": -0.000204, "p_task_1": 0.00020397919341486048, "uncertainty": 0.0019372700671688274}, "Microbiologists_3679_3683": {"llm_label": "TASK_2", "label_logprob": -0.015063, "p_task_1": 0.014950120494218733, "uncertainty": 0.07767369977101618}, "Microbiologists_3679_3684": {"llm_label": "TASK_2", "label_logprob": -0.006737, "p_task_1": 0.006714357292008644, "uncertainty": 0.04028710019971583}, "Microbiologists_3679_3685": {"llm_label": "TASK_2", "label_logprob": -2e-06, "p_task_1": 1.9999979999907325e-06, "uncertainty": 2.8244698509961958e-05}, "Microbiologists_3679_15212": {"llm_label": "TASK_2", "label_logprob": -0.000628, "p_task_1": 0.0006278028492723298, "uncertainty": 0.005256574678970615}, "Microbiologists_3679_15213": {"llm_label": "TASK_2",