{"Food Scientists and Technologists_7485_7486": {"llm_label": "EQUAL_TIME", "label_logprob": -0.241409, "p_task_1": 0.5, "uncertainty": 0.6931471805599453}, "Food Scientists and Technologists_7485_7487": {"llm_label": "TASK_1", "label_logprob": -0.007154, "p_task_1": 0.9928715289437028, "uncertainty": 0.042343729487864225}, "Food Scientists and Technologists_7485_7488": {"llm_label": "TASK_2", "label_logprob": -8e-05, "p_task_1": 7.999680008530241e-05, "uncertainty": 0.0008346453276260399}, "Food Scientists and Technologists_7485_7489": {"llm_label": "TASK_2", "label_logprob": -0.000772, "p_task_1": 0.0007717020846684797, "uncertainty": 0.006302125163989685}, "Food Scientists and Technologists_7485_7490": {"llm_label": "TASK_2", "label_logprob": -0.052343, "p_task_1": 0.050996697121025836, "uncertainty": 0.20143956547830605}, "Food Scientists and Technologists_7485_7491": {"llm_label": "TASK_2", "label_logprob": -4.8e-05, "p_task_1": 4.79988480184268e-05, "uncertainty": 0.0005253142506203896}, "Food Scientists and Technologists_7485_7492": {"llm_label": "TASK_2", "label_logprob": -9e-06, "p_task_1": 8.999959500100019e-06, "uncertainty": 0.0001135640627863842}, "Food Scientists and Technologists_7485_7493": {"llm_label": "TASK_1", "label_logprob": -3.1e-05, "p_task_1": 0.9999690004804951, "uncertainty": 0.0003528217551931141}, "Food Scientists and Technologists_7485_7494": {"llm_label": "TASK_1", "label_logprob": -0.001229, "p_task_1": 0.9987717549112064, "uncertainty": 0.009459396504621322}, "Food Scientists and Technologists_7485_7495": {"llm_label": "TASK_2", "label_logprob": -0.205696, "p_task_1": 0.18591948085247945, "uncertainty": 0.4802517748642622}, "Food Scientists and Technologists_7485_18611": {"llm_label": "TASK_2", "label_logprob": -4.7e-05, "p_task_1": 4.699889551729175e-05, "uncertainty": 0.0005153599478945111}, "Food Scientists and Technologists_7485_18612": {"llm_label": "TASK_1", "label_logprob": -0.00386, "p_task_1": 0.9961474402238335, "uncertainty": 0.02526157623725676}, "Food Scientists and Technologists_7486_7487": {"llm_label": "TASK_2", "label_logprob": -0.00099, "p_task_1": 0.0009895101116764726, "uncertainty": 0.007834748758577743}, "Food Scientists and Technologists_7486_7488": {"llm_label": "TASK_2", "label_logprob": -1e-06, "p_task_1": 9.999994999843054e-07, "uncertainty": 1.4815503149992376e-05}, "Food Scientists and Technologists_7486_7489": {"llm_label": "TASK_2", "label_logprob": -1e-05, "p_task_1": 9.999950000172397e-06, "uncertainty": 0.00012512862900562218}, "Food Scientists and Technologists_7486_7490": {"llm_label": "TASK_2", "label_logprob": -4.2e-05, "p_task_1": 4.199911801239242e-05, "uncertainty": 0.0004652595489512129}, "Food Scientists and Technologists_7486_7491": {"llm_label": "TASK_2", "label_logprob": -4e-06, "p_task_1": 3.9999919999589295e-06, "uncertainty": 5.371675735315082e-05}, "Food Scientists and Technologists_7486_7492": {"llm_label": "TASK_2", "label_logprob": 0.0, "p_task_1": 0.0, "uncertainty": 0.0}, "Food Scientists and Technologists_7486_7493": {"llm_label": "TASK_1", "label_logprob": -0.049232, "p_task_1": 0.9519602492995318, "uncertainty": 0.19270244986475302}, "Food Scientists and Technologists_7486_7494": {"llm_label": "TASK_2", "label_logprob": -0.22653, "p_task_1": 0.2027045769084922, "uncertainty": 0.5041289814216459}, "Food Scientists and Technologists_7486_7495": {"llm_label": "TASK_2", "label_logprob": -0.00862, "p_task_1": 0.008582954321003089, "uncertainty": 0.04938351502877017}, "Food Scientists and Technologists_7486_18611": {"llm_label": "TASK_2", "label_logprob": -9.8e-05, "p_task_1": 9.799519815689717e-05, "uncertainty": 0.0010025440963472379}, "Food Scientists and Technologists_7486_18612": {"llm_label": "TASK_2", "label_logprob": -0.012297, "p_task_1": 0.012221700862694584, "uncertainty": 0.06597770631599797}, "Food Scientists and Technologists_7487_7488": {"llm_label": "TASK_2", "label_logprob": 0.0, "p_task_1": 0.0, "uncertainty": 0.0}, "Food Scientists and Technologists_7487_7489": {"llm_label": "TASK_2", "label_logprob": -2e-06, "p_task_1": 1.9999979999907325e-06, "uncertainty": 2.8244698509961958e-05}, "Food Scientists and Technologists_7487_7490": {"llm_label": "TASK_2", "label_logprob": -9.7e-05, "p_task_1": 9.699529565210252e-05, "uncertainty": 0.0009933093829617684}, "Food Scientists and Technologists_7487_7491": {"llm_label": "TASK_2", "label_logprob": 0.0, "p_task_1": 0.0, "uncertainty": 0.0}, "Food Scientists and Technologists_7487_7492": {"llm_label": "TASK_2", "label_logprob": 0.0, "p_task_1": 0.0, "uncertainty": 0.0}, "Food Scientists and Technologists_7487_7493": {"llm_label": "TASK_1", "label_logprob": -0.004962, "p_task_1": 0.9950502903852998, "uncertainty": 0.031212608572614826}, "Food Scientists and Technologists_7487_7494": {"llm_label": "TASK_2", "label_logprob": -0.013717, "p_task_1": 0.013623350640603271, "uncertainty": 0.07205563414615856}, "Food Scientists and Technologists_7487_7495": {"llm_label": "TASK_2", "label_logprob": -0.003438, "p_task_1": 0.0034320968449533806, "uncertainty": 0.02290192188039851}, "Food Scientists and Technologists_7487_18611": {"llm_label": "TASK_2", "label_logprob": -0.00071, "p_task_1": 0.0007097480096412978, "uncertainty": 0.0058555953999920585}, "Food Scientists and Technologists_7487_18612": {"llm_label": "TASK_2", "label_logprob": -0.002173, "p_task_1": 0.002170640744696639, "uncertainty": 0.015480243065416115}, "Food Scientists and Technologists_7488_7489": {"llm_label": "TASK_2", "label_logprob": -0.001594, "p_task_1": 0.001592730256746555, "uncertainty": 0.01185231622874477}, "Food Scientists and Technologists_7488_7490": {"llm_label": "TASK_2", "label_logprob": -0.112424, "p_task_1": 0.10633473691232953, "uncertainty": 0.3387829297146759}, "Food Scientists and Technologists_7488_7491": {"llm_label": "TASK_2", "label_logprob": -0.000107, "p_task_1": 0.0001069942757041531, "uncertainty": 0.001085208884754943}, "Food Scientists and Technologists_7488_7492": {"llm_label": "TASK_2", "label_logprob": -0.000106, "p_task_1": 0.00010599438219849322, "uncertainty": 0.0010760625428955946}, "Food Scientists and Technologists_7488_7493": {"llm_label": "TASK_1", "label_logprob": -3e-06, "p_task_1": 0.9999970000045, "uncertainty": 4.1150633082097105e-05}, "Food Scientists and Technologists_7488_7494": {"llm_label": "TASK_1", "label_logprob": -9e-06, "p_task_1": 0.9999910000404999, "uncertainty": 0.0001135640627863842}, "Food Scientists and Technologists_7488_7495": {"llm_label": "TASK_1", "label_logprob": -0.062635, "p_task_1": 0.9392862506100123, "uncertainty": 0.2289269295216154}, "Food Scientists and Technologists_7488_18611": {"llm_label": "TASK_2", "label_logprob": -0.00236, "p_task_1": 0.0023572173894174098, "uncertainty": 0.01661624670188499}, "Food Scientists and Technologists_7488_18612": {"llm_label": "TASK_1", "label_logprob": -0.019662, "p_task_1": 0.9805300364555505, "uncertainty": 0.09596907698662353}, "Food Scientists and Technologists_7489_7490": {"llm_label": "EQUAL_TIME", "label_logprob": -0.000261, "p_task_1": 0.5, "uncertainty": 0.6931471805599453}, "Food Scientists and Technologists_7489_7491": {"llm_label": "TASK_2", "label_logprob": -0.256008, "p_task_1": 0.22586422431872955, "uncertainty": 0.5342305414159836}, "Food Scientists and Technologists_7489_7492": {"llm_label": "TASK_2", "label_logprob": -0.000674, "p_task_1": 0.0006737729130217307, "uncertainty": 0.005593851694286856}, "Food Scientists and Technologists_7489_7493": {"llm_label": "TASK_1", "label_logprob": -4e-06, "p_task_1": 0.999996000008, "uncertainty": 5.371675735315082e-05}, "Food Scientists and Technologists_7489_7494": {"llm_label": "TASK_1", "label_logprob": -3.9e-05, "p_task_1": 0.9999610007604901, "uncertainty": 0.0004349175266172239}, "Food Scientists and Technologists_7489_7495": {"llm_label": "TASK_1", "label_logprob": -0.19369, "p_task_1": 0.8239132777997523, "uncertainty": 0.4654074251768682},