{"Astronomers_7524_7525": {"llm_label": "CANNOT_DECIDE", "label_logprob": -0.729459, "p_task_1": 0.5, "uncertainty": 0.6931471805599453}, "Astronomers_7524_7526": {"llm_label": "TASK_2", "label_logprob": -0.076954, "p_task_1": 0.07406755448063218, "uncertainty": 0.26403558479185274}, "Astronomers_7524_7527": {"llm_label": "CANNOT_DECIDE", "label_logprob": -0.055927, "p_task_1": 0.5, "uncertainty": 0.6931471805599453}, "Astronomers_7524_7528": {"llm_label": "TASK_2", "label_logprob": -0.004258, "p_task_1": 0.00424894757097205, "uncertainty": 0.027443767395513196}, "Astronomers_7524_7529": {"llm_label": "TASK_1", "label_logprob": -0.142936, "p_task_1": 0.8668095429310485, "uncertainty": 0.3924069427699504}, "Astronomers_7524_7530": {"llm_label": "TASK_1", "label_logprob": -0.577536, "p_task_1": 0.5612796571918189, "uncertainty": 0.6856178719030467}, "Astronomers_7524_7531": {"llm_label": "TASK_2", "label_logprob": -0.00524, "p_task_1": 0.005226295148256899, "uncertainty": 0.03267184401668209}, "Astronomers_7524_7532": {"llm_label": "CANNOT_DECIDE", "label_logprob": -0.025061, "p_task_1": 0.5, "uncertainty": 0.6931471805599453}, "Astronomers_7524_7533": {"llm_label": "TASK_1", "label_logprob": -0.136296, "p_task_1": 0.8725843093032202, "uncertainty": 0.3814443473052855}, "Astronomers_7524_7534": {"llm_label": "TASK_1", "label_logprob": -0.018601, "p_task_1": 0.9815709309210974, "uncertainty": 0.09186069649331789}, "Astronomers_7524_7535": {"llm_label": "TASK_1", "label_logprob": -0.215705, "p_task_1": 0.8059730288505375, "uncertainty": 0.4920097103385501}, "Astronomers_7524_20049": {"llm_label": "TASK_1", "label_logprob": -0.032155, "p_task_1": 0.9683564751925595, "uncertainty": 0.14040961021603426}, "Astronomers_7524_20050": {"llm_label": "TASK_1", "label_logprob": -0.001342, "p_task_1": 0.9986589000793195, "uncertainty": 0.01021059073257439}, "Astronomers_7524_21171": {"llm_label": "TASK_1", "label_logprob": -0.015321, "p_task_1": 0.9847957694184796, "uncertainty": 0.07873572570990742}, "Astronomers_7524_21172": {"llm_label": "TASK_1", "label_logprob": -0.05912, "p_task_1": 0.9425936511320181, "uncertainty": 0.21977054066824459}, "Astronomers_7524_21173": {"llm_label": "TASK_1", "label_logprob": -0.000385, "p_task_1": 0.9996150741029898, "uncertainty": 0.003411316162995266}, "Astronomers_7525_7526": {"llm_label": "TASK_2", "label_logprob": -0.009519, "p_task_1": 0.009473837732973722, "uncertainty": 0.053569524170695486}, "Astronomers_7525_7527": {"llm_label": "TASK_1", "label_logprob": -0.246373, "p_task_1": 0.7816306223228463, "uncertainty": 0.5248363763279531}, "Astronomers_7525_7528": {"llm_label": "TASK_2", "label_logprob": -0.001491, "p_task_1": 0.0014898890117297503, "uncertainty": 0.011186546086228905}, "Astronomers_7525_7529": {"llm_label": "TASK_1", "label_logprob": -0.407178, "p_task_1": 0.6655257161801572, "uncertainty": 0.6373020875962943}, "Astronomers_7525_7530": {"llm_label": "TASK_1", "label_logprob": -0.905206, "p_task_1": 0.40445855805766795, "uncertainty": 0.6747780933190937}, "Astronomers_7525_7531": {"llm_label": "TASK_2", "label_logprob": -0.000214, "p_task_1": 0.00021397710363335598, "uncertainty": 0.002021984032590419}, "Astronomers_7525_7532": {"llm_label": "TASK_2", "label_logprob": -0.074709, "p_task_1": 0.07198650103199189, "uncertainty": 0.25874736072605947}, "Astronomers_7525_7533": {"llm_label": "TASK_2", "label_logprob": -0.075302, "p_task_1": 0.07253664990161846, "uncertainty": 0.2601515935421188}, "Astronomers_7525_7534": {"llm_label": "TASK_1", "label_logprob": -0.644049, "p_task_1": 0.5251617335120271, "uncertainty": 0.6918804199086896}, "Astronomers_7525_7535": {"llm_label": "TASK_2", "label_logprob": -0.027231, "p_task_1": 0.02686357895469027, "uncertainty": 0.12366460916717961}, "Astronomers_7525_20049": {"llm_label": "CANNOT_DECIDE", "label_logprob": -0.187263, "p_task_1": 0.5, "uncertainty": 0.6931471805599453}, "Astronomers_7525_20050": {"llm_label": "TASK_1", "label_logprob": -0.252516, "p_task_1": 0.776843783239345, "uncertainty": 0.5308737517758683}, "Astronomers_7525_21171": {"llm_label": "CANNOT_DECIDE", "label_logprob": -0.554963, "p_task_1": 0.5, "uncertainty": 0.6931471805599453}, "Astronomers_7525_21172": {"llm_label": "TASK_2", "label_logprob": -0.175731, "p_task_1": 0.16115639808106952, "uncertainty": 0.4415824859204157}, "Astronomers_7525_21173": {"llm_label": "TASK_1", "label_logprob": -0.005572, "p_task_1": 0.994443494799634, "uncertainty": 0.03439478117430118}, "Astronomers_7526_7527": {"llm_label": "TASK_1", "label_logprob": -0.003607, "p_task_1": 0.9963994974100997, "uncertainty": 0.023852895506472193}, "Astronomers_7526_7528": {"llm_label": "TASK_2", "label_logprob": -0.002385, "p_task_1": 0.002382158147221869, "uncertainty": 0.01676695445305245}, "Astronomers_7526_7529": {"llm_label": "TASK_1", "label_logprob": -0.003512, "p_task_1": 0.9964941598587487, "uncertainty": 0.02331934151898831}, "Astronomers_7526_7530": {"llm_label": "CANNOT_DECIDE", "label_logprob": -0.326571, "p_task_1": 0.5, "uncertainty": 0.6931471805599453}, "Astronomers_7526_7531": {"llm_label": "TASK_2", "label_logprob": -9.7e-05, "p_task_1": 9.699529565210252e-05, "uncertainty": 0.0009933093829617684}, "Astronomers_7526_7532": {"llm_label": "TASK_1", "label_logprob": -0.066707, "p_task_1": 0.9354692536774756, "uncertainty": 0.23925618085355585}, "Astronomers_7526_7533": {"llm_label": "TASK_1", "label_logprob": -0.083978, "p_task_1": 0.9194514838052628, "uncertainty": 0.2801069989672742}, "Astronomers_7526_7534": {"llm_label": "TASK_1", "label_logprob": -0.000745, "p_task_1": 0.9992552774435972, "uncertainty": 0.0061083085127766395}, "Astronomers_7526_7535": {"llm_label": "TASK_1", "label_logprob": -0.000862, "p_task_1": 0.9991383714152724, "uncertainty": 0.006941499868077282}, "Astronomers_7526_20049": {"llm_label": "TASK_1", "label_logprob": -0.01177, "p_task_1": 0.9882989954923893, "uncertainty": 0.0636792901582422}, "Astronomers_7526_20050": {"llm_label": "TASK_1", "label_logprob": -0.000957, "p_task_1": 0.999043457778457, "uncertainty": 0.0076061436746158026}, "Astronomers_7526_21171": {"llm_label": "TASK_1", "label_logprob": -0.004413, "p_task_1": 0.9955967229767431, "uncertainty": 0.028283134964833898}, "Astronomers_7526_21172": {"llm_label": "TASK_1", "label_logprob": -0.252191, "p_task_1": 0.7770962985004051, "uncertainty": 0.5305585885560509}, "Astronomers_7526_21173": {"llm_label": "TASK_1", "label_logprob": -0.000208, "p_task_1": 0.9997920216305003, "uncertainty": 0.001971213262567169}, "Astronomers_7527_7528": {"llm_label": "TASK_2", "label_logprob": -6.1e-05, "p_task_1": 6.099813953786004e-05, "uncertainty": 0.0006529629227593847}, "Astronomers_7527_7529": {"llm_label": "TASK_2", "label_logprob": -0.083844, "p_task_1": 0.08042530144070315, "uncertainty": 0.2798068786510441}, "Astronomers_7527_7530": {"llm_label": "CANNOT_DECIDE", "label_logprob": -0.576855, "p_task_1": 0.5, "uncertainty": 0.6931471805599453}, "Astronomers_7527_7531": {"llm_label": "TASK_2", "label_logprob": -1e-06, "p_task_1": 9.999994999843054e-07, "uncertainty": 1.4815503149992376e-05}, "Astronomers_7527_7532": {"llm_label": "TASK_2", "label_logprob": -0.201128, "p_task_1": 0.18219225453732668, "uncertainty": 0.4747014773084296}, "Astronomers_7527_7533": {"llm_label": "TASK_2", "label_logprob": -0.000104, "p_task_1": 0.00010399459218746188, "uncertainty": 0.0010577414410560416}, "Astronomers_7527_7534": {"llm_label": "TASK_2", "label_logprob": -0.007823, "p_task_1": 0.0077924799734123695, "uncertainty": 0.04559138244450708}, "Astronomers_7527_7535": {"llm_label": "TASK_2", "label_logprob": -0.001723, "p_task_1": 0.001721516487652952, "uncertainty": 0.012676711068236602}, "Astronomers_7527_20049": {"llm_label": "TASK_2", "label_logprob": -0.022667, "p_task_1": 0.022412033629781725, "uncertainty": 0.10728341442399962}, "Astronomers_7527_20050": {"llm_label": "CANNOT_DECIDE", "label_logprob": -0.513103, "p_task_1": 0.5,