{"Materials Scientists_9085_9086": {"llm_label": "TASK_1", "label_logprob": -0.00015, "p_task_1": 0.9998500112494375, "uncertainty": 0.0014706209903892393}, "Materials Scientists_9085_9087": {"llm_label": "TASK_2", "label_logprob": -0.000206, "p_task_1": 0.0002059787834568505, "uncertainty": 0.0019542513897298306}, "Materials Scientists_9085_9089": {"llm_label": "EQUAL_TIME", "label_logprob": -0.000267, "p_task_1": 0.5, "uncertainty": 0.6931471805599453}, "Materials Scientists_9085_9090": {"llm_label": "TASK_2", "label_logprob": -0.001143, "p_task_1": 0.0011423470243074885, "uncertainty": 0.008880718800610655}, "Materials Scientists_9085_9091": {"llm_label": "TASK_1", "label_logprob": -0.000113, "p_task_1": 0.9998870063842595, "uncertainty": 0.001139893464401802}, "Materials Scientists_9085_9092": {"llm_label": "TASK_1", "label_logprob": -0.000437, "p_task_1": 0.9995630954705926, "uncertainty": 0.0038166133203022807}, "Materials Scientists_9085_9093": {"llm_label": "TASK_1", "label_logprob": -0.029002, "p_task_1": 0.9714145216356187, "uncertainty": 0.1297902357991983}, "Materials Scientists_9085_9094": {"llm_label": "TASK_2", "label_logprob": -0.027429, "p_task_1": 0.027056240891896066, "uncertainty": 0.12435550960593436}, "Materials Scientists_9085_9097": {"llm_label": "TASK_1", "label_logprob": -0.002108, "p_task_1": 0.9978942202716151, "uncertainty": 0.015081627756462494}, "Materials Scientists_9085_9098": {"llm_label": "TASK_1", "label_logprob": -0.025212, "p_task_1": 0.9751031682425982, "uncertainty": 0.11652866729558595}, "Materials Scientists_9085_9099": {"llm_label": "TASK_2", "label_logprob": -0.62106, "p_task_1": 0.46262548139874593, "uncertainty": 0.6903508638427799}, "Materials Scientists_9085_20213": {"llm_label": "TASK_2", "label_logprob": -0.002837, "p_task_1": 0.0028329795184340867, "uncertainty": 0.019448428356842393}, "Materials Scientists_9085_20214": {"llm_label": "TASK_2", "label_logprob": -0.001666, "p_task_1": 0.0016646129923585384, "uncertainty": 0.012313691378545858}, "Materials Scientists_9085_20215": {"llm_label": "TASK_2", "label_logprob": -0.579078, "p_task_1": 0.43958516908714695, "uncertainty": 0.6858294095548179}, "Materials Scientists_9085_21175": {"llm_label": "TASK_2", "label_logprob": -0.000396, "p_task_1": 0.00039592160234880325, "uncertainty": 0.003497609583480031}, "Materials Scientists_9086_9087": {"llm_label": "TASK_2", "label_logprob": -1e-06, "p_task_1": 9.999994999843054e-07, "uncertainty": 1.4815503149992376e-05}, "Materials Scientists_9086_9089": {"llm_label": "TASK_2", "label_logprob": 0.0, "p_task_1": 0.0, "uncertainty": 0.0}, "Materials Scientists_9086_9090": {"llm_label": "TASK_2", "label_logprob": -1e-05, "p_task_1": 9.999950000172397e-06, "uncertainty": 0.00012512862900562218}, "Materials Scientists_9086_9091": {"llm_label": "TASK_2", "label_logprob": -0.42019, "p_task_1": 0.34307800722176407, "uncertainty": 0.6430560230312525}, "Materials Scientists_9086_9092": {"llm_label": "TASK_2", "label_logprob": -7e-06, "p_task_1": 6.999975500021627e-06, "uncertainty": 9.008688755748087e-05}, "Materials Scientists_9086_9093": {"llm_label": "TASK_2", "label_logprob": -0.000434, "p_task_1": 0.0004339058356229719, "uncertainty": 0.0037934070288954255}, "Materials Scientists_9086_9094": {"llm_label": "TASK_2", "label_logprob": 0.0, "p_task_1": 0.0, "uncertainty": 0.0}, "Materials Scientists_9086_9097": {"llm_label": "TASK_2", "label_logprob": -2e-06, "p_task_1": 1.9999979999907325e-06, "uncertainty": 2.8244698509961958e-05}, "Materials Scientists_9086_9098": {"llm_label": "TASK_2", "label_logprob": 0.0, "p_task_1": 0.0, "uncertainty": 0.0}, "Materials Scientists_9086_9099": {"llm_label": "TASK_2", "label_logprob": -0.000435, "p_task_1": 0.00043490540121726706, "uncertainty": 0.0038011447636947643}, "Materials Scientists_9086_20213": {"llm_label": "TASK_2", "label_logprob": 0.0, "p_task_1": 0.0, "uncertainty": 0.0}, "Materials Scientists_9086_20214": {"llm_label": "TASK_2", "label_logprob": 0.0, "p_task_1": 0.0, "uncertainty": 0.0}, "Materials Scientists_9086_20215": {"llm_label": "TASK_2", "label_logprob": -0.000458, "p_task_1": 0.0004578951340101778, "uncertainty": 0.0039784866102475155}, "Materials Scientists_9086_21175": {"llm_label": "TASK_2", "label_logprob": -1e-06, "p_task_1": 9.999994999843054e-07, "uncertainty": 1.4815503149992376e-05}, "Materials Scientists_9087_9089": {"llm_label": "TASK_1", "label_logprob": -0.008169, "p_task_1": 0.9918642756093669, "uncertainty": 0.047247499851877955}, "Materials Scientists_9087_9090": {"llm_label": "EQUAL_TIME", "label_logprob": -0.002542, "p_task_1": 0.5, "uncertainty": 0.6931471805599453}, "Materials Scientists_9087_9091": {"llm_label": "TASK_1", "label_logprob": -3e-06, "p_task_1": 0.9999970000045, "uncertainty": 4.1150633082097105e-05}, "Materials Scientists_9087_9092": {"llm_label": "TASK_1", "label_logprob": -0.000163, "p_task_1": 0.9998370132837783, "uncertainty": 0.0015845177966881145}, "Materials Scientists_9087_9093": {"llm_label": "TASK_1", "label_logprob": -9e-06, "p_task_1": 0.9999910000404999, "uncertainty": 0.0001135640627863842}, "Materials Scientists_9087_9094": {"llm_label": "EQUAL_TIME", "label_logprob": -1.3e-05, "p_task_1": 0.5, "uncertainty": 0.6931471805599453}, "Materials Scientists_9087_9097": {"llm_label": "TASK_1", "label_logprob": -0.000278, "p_task_1": 0.9997220386384195, "uncertainty": 0.0025538782608768612}, "Materials Scientists_9087_9098": {"llm_label": "TASK_1", "label_logprob": -2.6e-05, "p_task_1": 0.9999740003379971, "uncertainty": 0.0003004888581468068}, "Materials Scientists_9087_9099": {"llm_label": "TASK_2", "label_logprob": -0.432879, "p_task_1": 0.35136102762753696, "uncertainty": 0.6482850997272711}, "Materials Scientists_9087_20213": {"llm_label": "EQUAL_TIME", "label_logprob": -0.188266, "p_task_1": 0.5, "uncertainty": 0.6931471805599453}, "Materials Scientists_9087_20214": {"llm_label": "TASK_1", "label_logprob": -0.002931, "p_task_1": 0.9970732911869865, "uncertainty": 0.019996480341961675}, "Materials Scientists_9087_20215": {"llm_label": "TASK_1", "label_logprob": -0.000439, "p_task_1": 0.9995610963464008, "uncertainty": 0.0038320726946317425}, "Materials Scientists_9087_21175": {"llm_label": "TASK_1", "label_logprob": -0.096095, "p_task_1": 0.9083777160864936, "uncertainty": 0.3062752148457938}, "Materials Scientists_9089_9090": {"llm_label": "TASK_2", "label_logprob": -0.014966, "p_task_1": 0.014854566021589632, "uncertainty": 0.07727320956947925}, "Materials Scientists_9089_9091": {"llm_label": "TASK_1", "label_logprob": -0.00017, "p_task_1": 0.9998300144491812, "uncertainty": 0.0016454111968458342}, "Materials Scientists_9089_9092": {"llm_label": "TASK_1", "label_logprob": -0.002674, "p_task_1": 0.9973295719534895, "uncertainty": 0.018490524733404713}, "Materials Scientists_9089_9093": {"llm_label": "TASK_1", "label_logprob": -0.004339, "p_task_1": 0.9956703998602544, "uncertainty": 0.02788311049328187}, "Materials Scientists_9089_9094": {"llm_label": "TASK_2", "label_logprob": -0.00045, "p_task_1": 0.0004498987651857522, "uncertainty": 0.003916936965720932}, "Materials Scientists_9089_9097": {"llm_label": "TASK_1", "label_logprob": -0.002856, "p_task_1": 0.9971480744881642, "uncertainty": 0.01955945648942197}, "Materials Scientists_9089_9098": {"llm_label": "TASK_1", "label_logprob": -0.000554, "p_task_1": 0.9994461534296654, "uncertainty": 0.004706779721373754}, "Materials Scientists_9089_9099": {"llm_label": "TASK_2", "label_logprob": -0.040479, "p_task_1": 0.039670668784382634, "uncertainty": 0.16689609944606046}, "Materials Scientists_9089_20213": {"llm_label": "TASK_2", "label_logprob": -0.000327, "p_task_1": 0.0003269465413271444, "uncertainty": 0.0029508724840821114}, "Materials Scientists_9089_20214": {"llm_label": "TASK_2", "label_logprob": -0.387498, "p_task_1": 0.3212470082439596, "uncertainty": 0.6278058465367056}, "Materials Scientists_9089_20215": {"llm_label": "TASK_1",