{"Chemists_1505_1506": {"llm_label": "TASK_2", "label_logprob": -0.000285, "p_task_1": 0.0002849593913578641, "uncertainty": 0.0026110889957517}, "Chemists_1505_1507": {"llm_label": "TASK_1", "label_logprob": -0.015506, "p_task_1": 0.9846135990524156, "uncertainty": 0.07949442904543044}, "Chemists_1505_1508": {"llm_label": "TASK_1", "label_logprob": -0.002087, "p_task_1": 0.997915176270278, "uncertainty": 0.014952413815149456}, "Chemists_1505_1509": {"llm_label": "TASK_1", "label_logprob": -0.000807, "p_task_1": 0.9991933255369246, "uncertainty": 0.0065519607701312954}, "Chemists_1505_1510": {"llm_label": "TASK_1", "label_logprob": -0.048699, "p_task_1": 0.9524677793571535, "uncertainty": 0.1911838884182261}, "Chemists_1505_1511": {"llm_label": "TASK_2", "label_logprob": -0.002089, "p_task_1": 0.0020868195580786564, "uncertainty": 0.014964729082937191}, "Chemists_1505_1513": {"llm_label": "TASK_1", "label_logprob": -1.2e-05, "p_task_1": 0.9999880000719997, "uncertainty": 0.00014796635909808146}, "Chemists_1505_18474": {"llm_label": "TASK_1", "label_logprob": -0.000814, "p_task_1": 0.999186331208126, "uncertainty": 0.006601742604965977}, "Chemists_1505_18475": {"llm_label": "CANNOT_DECIDE", "label_logprob": -0.127687, "p_task_1": 0.5, "uncertainty": 0.6931471805599453}, "Chemists_1505_20388": {"llm_label": "TASK_1", "label_logprob": -0.000914, "p_task_1": 0.9990864175707704, "uncertainty": 0.00730653994207674}, "Chemists_1505_20389": {"llm_label": "TASK_1", "label_logprob": -1e-06, "p_task_1": 0.9999990000005, "uncertainty": 1.4815503149992376e-05}, "Chemists_1506_1507": {"llm_label": "TASK_1", "label_logprob": -0.000337, "p_task_1": 0.9996630567781217, "uncertainty": 0.0030309483686147905}, "Chemists_1506_1508": {"llm_label": "TASK_1", "label_logprob": -0.000918, "p_task_1": 0.9990824212330928, "uncertainty": 0.007334494471814023}, "Chemists_1506_1509": {"llm_label": "TASK_1", "label_logprob": -0.002477, "p_task_1": 0.9975260652331168, "uncertainty": 0.017319293390354963}, "Chemists_1506_1510": {"llm_label": "TASK_1", "label_logprob": -5.9e-05, "p_task_1": 0.9999410017404657, "uncertainty": 0.0006335217246636567}, "Chemists_1506_1511": {"llm_label": "TASK_1", "label_logprob": -0.157036, "p_task_1": 0.8546732900254093, "uncertainty": 0.41451640380561616}, "Chemists_1506_1513": {"llm_label": "TASK_1", "label_logprob": -1e-06, "p_task_1": 0.9999990000005, "uncertainty": 1.4815503149992376e-05}, "Chemists_1506_18474": {"llm_label": "TASK_1", "label_logprob": -3.4e-05, "p_task_1": 0.9999660005779935, "uncertainty": 0.00038382457608067405}, "Chemists_1506_18475": {"llm_label": "TASK_1", "label_logprob": -4e-06, "p_task_1": 0.999996000008, "uncertainty": 5.371675735315082e-05}, "Chemists_1506_20388": {"llm_label": "TASK_1", "label_logprob": -3.8e-05, "p_task_1": 0.9999620007219908, "uncertainty": 0.0004247530567765096}, "Chemists_1506_20389": {"llm_label": "TASK_1", "label_logprob": 0.0, "p_task_1": 1.0, "uncertainty": 0.0}, "Chemists_1507_1508": {"llm_label": "TASK_1", "label_logprob": -0.175315, "p_task_1": 0.8391926334508538, "uncertainty": 0.44100625557175577}, "Chemists_1507_1509": {"llm_label": "TASK_1", "label_logprob": -0.400019, "p_task_1": 0.6703073100757566, "uncertainty": 0.6339607897073889}, "Chemists_1507_1510": {"llm_label": "TASK_1", "label_logprob": -0.590449, "p_task_1": 0.5540784476517668, "uncertainty": 0.6872867664310421}, "Chemists_1507_1511": {"llm_label": "TASK_2", "label_logprob": -3e-06, "p_task_1": 2.9999955000192813e-06, "uncertainty": 4.1150633082097105e-05}, "Chemists_1507_1513": {"llm_label": "TASK_1", "label_logprob": -0.000125, "p_task_1": 0.9998750078121745, "uncertainty": 0.0012483215809395145}, "Chemists_1507_18474": {"llm_label": "TASK_1", "label_logprob": -0.056586, "p_task_1": 0.9449852122722359, "uncertainty": 0.21302424931463412}, "Chemists_1507_18475": {"llm_label": "TASK_1", "label_logprob": -0.254829, "p_task_1": 0.7750490200125447, "uncertainty": 0.5331032077272332}, "Chemists_1507_20388": {"llm_label": "TASK_1", "label_logprob": -0.007448, "p_task_1": 0.9925796676199102, "uncertainty": 0.04377856639378082}, "Chemists_1507_20389": {"llm_label": "TASK_1", "label_logprob": -3e-06, "p_task_1": 0.9999970000045, "uncertainty": 4.1150633082097105e-05}, "Chemists_1508_1509": {"llm_label": "EQUAL_TIME", "label_logprob": -0.187262, "p_task_1": 0.5, "uncertainty": 0.6931471805599453}, "Chemists_1508_1510": {"llm_label": "TASK_2", "label_logprob": -0.027324, "p_task_1": 0.026954076433649554, "uncertainty": 0.123989316280153}, "Chemists_1508_1511": {"llm_label": "TASK_2", "label_logprob": -3e-06, "p_task_1": 2.9999955000192813e-06, "uncertainty": 4.1150633082097105e-05}, "Chemists_1508_1513": {"llm_label": "TASK_1", "label_logprob": -0.004807, "p_task_1": 0.9952045351339687, "uncertainty": 0.03039213641208888}, "Chemists_1508_18474": {"llm_label": "TASK_1", "label_logprob": -0.009168, "p_task_1": 0.9908738979740285, "uncertainty": 0.05194613431874634}, "Chemists_1508_18475": {"llm_label": "CANNOT_DECIDE", "label_logprob": -0.527986, "p_task_1": 0.5, "uncertainty": 0.6931471805599453}, "Chemists_1508_20388": {"llm_label": "TASK_1", "label_logprob": -0.555365, "p_task_1": 0.5738627630568357, "uncertainty": 0.6821957281644575}, "Chemists_1508_20389": {"llm_label": "TASK_1", "label_logprob": -5e-06, "p_task_1": 0.9999950000125, "uncertainty": 6.603019815215604e-05}, "Chemists_1509_1510": {"llm_label": "TASK_2", "label_logprob": -0.002692, "p_task_1": 0.0026883798172392392, "uncertainty": 0.01859678987748332}, "Chemists_1509_1511": {"llm_label": "TASK_2", "label_logprob": -1e-05, "p_task_1": 9.999950000172397e-06, "uncertainty": 0.00012512862900562218}, "Chemists_1509_1513": {"llm_label": "TASK_1", "label_logprob": -0.049191, "p_task_1": 0.9519992804698866, "uncertainty": 0.1925858668298886}, "Chemists_1509_18474": {"llm_label": "TASK_2", "label_logprob": -0.502519, "p_task_1": 0.3949952683059631, "uncertainty": 0.6709301673675123}, "Chemists_1509_18475": {"llm_label": "TASK_2", "label_logprob": -0.01266, "p_task_1": 0.012580199313875884, "uncertainty": 0.06754704709698992}, "Chemists_1509_20388": {"llm_label": "TASK_2", "label_logprob": -0.06281, "p_task_1": 0.060878110101862726, "uncertainty": 0.22937686865413448}, "Chemists_1509_20389": {"llm_label": "TASK_1", "label_logprob": -4.3e-05, "p_task_1": 0.9999570009244867, "uncertainty": 0.0004753251294579815}, "Chemists_1510_1511": {"llm_label": "TASK_2", "label_logprob": -0.002497, "p_task_1": 0.002493885088683867, "uncertainty": 0.017438904289127404}, "Chemists_1510_1513": {"llm_label": "TASK_1", "label_logprob": -0.00669, "p_task_1": 0.9933323282302998, "uncertainty": 0.040053659595772534}, "Chemists_1510_18474": {"llm_label": "CANNOT_DECIDE", "label_logprob": -0.334275, "p_task_1": 0.5, "uncertainty": 0.6931471805599453}, "Chemists_1510_18475": {"llm_label": "CANNOT_DECIDE", "label_logprob": -0.00702, "p_task_1": 0.5, "uncertainty": 0.6931471805599453}, "Chemists_1510_20388": {"llm_label": "CANNOT_DECIDE", "label_logprob": -0.284095, "p_task_1": 0.5, "uncertainty": 0.6931471805599453}, "Chemists_1510_20389": {"llm_label": "TASK_1", "label_logprob": -0.000262, "p_task_1": 0.9997380343190028, "uncertainty": 0.0024224401534331287}, "Chemists_1511_1513": {"llm_label": "TASK_1", "label_logprob": -3e-06, "p_task_1": 0.9999970000045, "uncertainty": 4.1150633082097105e-05}, "Chemists_1511_18474": {"llm_label": "TASK_1", "label_logprob": -7.1e-05, "p_task_1": 0.9999290025204404, "uncertainty": 0.0007492243805800099}, "Chemists_1511_18475": {"llm_label": "TASK_1", "label_logprob": -0.000948, "p_task_1": 0.9990524492100384, "uncertainty": 0.00754359974507657}, "Chemists_1511_20388": {"llm_label": "TASK_1", "label_logprob": -8e-06, "p_task_1": 0.999992000032, "uncertainty": 0.00010188814457675767}, "Chemists_1511_20389": {"llm_label": "TASK_1", "label_logprob": -1e-06, "p_task_1": 0.9999990000005, "uncertainty": 1.4815503149992376e-05}, "Chemists_1513_18474": {"llm_label": "TASK_2",