{"Climate Change Policy Analysts_16841_16842": {"llm_label": "TASK_1", "label_logprob": -0.000262, "p_task_1": 0.9997380343190028, "uncertainty": 0.0024224401534331287}, "Climate Change Policy Analysts_16841_16843": {"llm_label": "TASK_1", "label_logprob": -1.3e-05, "p_task_1": 0.9999870000844996, "uncertainty": 0.00015925626043919854}, "Climate Change Policy Analysts_16841_16844": {"llm_label": "TASK_1", "label_logprob": -2e-05, "p_task_1": 0.9999800001999987, "uncertainty": 0.00023639320174866763}, "Climate Change Policy Analysts_16841_16845": {"llm_label": "CANNOT_DECIDE", "label_logprob": -0.295349, "p_task_1": 0.5, "uncertainty": 0.6931471805599453}, "Climate Change Policy Analysts_16841_16846": {"llm_label": "TASK_1", "label_logprob": -0.002094, "p_task_1": 0.997908190888493, "uncertainty": 0.014995508780202213}, "Climate Change Policy Analysts_16841_16847": {"llm_label": "TASK_1", "label_logprob": -0.270079, "p_task_1": 0.7633191897388636, "uncertainty": 0.5472236699013183}, "Climate Change Policy Analysts_16841_16848": {"llm_label": "TASK_1", "label_logprob": -0.001082, "p_task_1": 0.9989185851509366, "uncertainty": 0.00846633645341962}, "Climate Change Policy Analysts_16841_16849": {"llm_label": "TASK_1", "label_logprob": -0.576215, "p_task_1": 0.5620215975626913, "uncertainty": 0.6854339717456038}, "Climate Change Policy Analysts_16841_16850": {"llm_label": "EQUAL_TIME", "label_logprob": -0.163037, "p_task_1": 0.5, "uncertainty": 0.6931471805599453}, "Climate Change Policy Analysts_16841_16851": {"llm_label": "TASK_1", "label_logprob": -0.001634, "p_task_1": 0.998367334251179, "uncertainty": 0.01210903188619052}, "Climate Change Policy Analysts_16841_16852": {"llm_label": "TASK_1", "label_logprob": -0.040364, "p_task_1": 0.9604397754391283, "uncertainty": 0.16654399056105798}, "Climate Change Policy Analysts_16841_16853": {"llm_label": "TASK_1", "label_logprob": -0.040798, "p_task_1": 0.9600230350158009, "uncertainty": 0.16787093430369365}, "Climate Change Policy Analysts_16841_16854": {"llm_label": "TASK_1", "label_logprob": -0.000889, "p_task_1": 0.9991113950434268, "uncertainty": 0.007131422086139578}, "Climate Change Policy Analysts_16842_16843": {"llm_label": "TASK_1", "label_logprob": -0.275551, "p_task_1": 0.7591537142673251, "uncertainty": 0.5520534626200067}, "Climate Change Policy Analysts_16842_16844": {"llm_label": "TASK_2", "label_logprob": -0.048794, "p_task_1": 0.04762270078401065, "uncertainty": 0.19145502571476586}, "Climate Change Policy Analysts_16842_16845": {"llm_label": "TASK_2", "label_logprob": 0.0, "p_task_1": 0.0, "uncertainty": 0.0}, "Climate Change Policy Analysts_16842_16846": {"llm_label": "TASK_2", "label_logprob": -0.000159, "p_task_1": 0.00015898736016994874, "uncertainty": 0.0015495872152828344}, "Climate Change Policy Analysts_16842_16847": {"llm_label": "TASK_2", "label_logprob": -0.000124, "p_task_1": 0.00012399231231774444, "uncertainty": 0.0012393315549874347}, "Climate Change Policy Analysts_16842_16848": {"llm_label": "TASK_2", "label_logprob": -0.002005, "p_task_1": 0.002002991330185222, "uncertainty": 0.014445796577936603}, "Climate Change Policy Analysts_16842_16849": {"llm_label": "TASK_2", "label_logprob": -0.000205, "p_task_1": 0.00020497898893578892, "uncertainty": 0.0019457631714790353}, "Climate Change Policy Analysts_16842_16850": {"llm_label": "TASK_2", "label_logprob": 0.0, "p_task_1": 0.0, "uncertainty": 0.0}, "Climate Change Policy Analysts_16842_16851": {"llm_label": "TASK_2", "label_logprob": -0.000336, "p_task_1": 0.0003359435583216719, "uncertainty": 0.003022954314544321}, "Climate Change Policy Analysts_16842_16852": {"llm_label": "TASK_2", "label_logprob": -0.001506, "p_task_1": 0.0015048665510627446, "uncertainty": 0.011283938217447548}, "Climate Change Policy Analysts_16842_16853": {"llm_label": "TASK_2", "label_logprob": -0.00032, "p_task_1": 0.0003199488054609345, "uncertainty": 0.0028946374945601643}, "Climate Change Policy Analysts_16842_16854": {"llm_label": "TASK_2", "label_logprob": -7.6e-05, "p_task_1": 7.599711207317839e-05, "uncertainty": 0.0007968127892924509}, "Climate Change Policy Analysts_16843_16844": {"llm_label": "TASK_2", "label_logprob": -0.000836, "p_task_1": 0.0008356506493591986, "uncertainty": 0.006757808172864459}, "Climate Change Policy Analysts_16843_16845": {"llm_label": "TASK_2", "label_logprob": 0.0, "p_task_1": 0.0, "uncertainty": 0.0}, "Climate Change Policy Analysts_16843_16846": {"llm_label": "TASK_2", "label_logprob": -0.000132, "p_task_1": 0.0001319912883833707, "uncertainty": 0.0013110310100159317}, "Climate Change Policy Analysts_16843_16847": {"llm_label": "TASK_2", "label_logprob": 0.0, "p_task_1": 0.0, "uncertainty": 0.0}, "Climate Change Policy Analysts_16843_16848": {"llm_label": "TASK_2", "label_logprob": -0.000105, "p_task_1": 0.00010499448769296649, "uncertainty": 0.001066906758283225}, "Climate Change Policy Analysts_16843_16849": {"llm_label": "TASK_2", "label_logprob": -4e-06, "p_task_1": 3.9999919999589295e-06, "uncertainty": 5.371675735315082e-05}, "Climate Change Policy Analysts_16843_16850": {"llm_label": "TASK_2", "label_logprob": 0.0, "p_task_1": 0.0, "uncertainty": 0.0}, "Climate Change Policy Analysts_16843_16851": {"llm_label": "TASK_2", "label_logprob": -6e-06, "p_task_1": 5.9999820000156134e-06, "uncertainty": 7.814227210513045e-05}, "Climate Change Policy Analysts_16843_16852": {"llm_label": "TASK_2", "label_logprob": -6.3e-05, "p_task_1": 6.299801554165985e-05, "uncertainty": 0.0006723384985142869}, "Climate Change Policy Analysts_16843_16853": {"llm_label": "TASK_2", "label_logprob": -2e-06, "p_task_1": 1.9999979999907325e-06, "uncertainty": 2.8244698509961958e-05}, "Climate Change Policy Analysts_16843_16854": {"llm_label": "TASK_2", "label_logprob": 0.0, "p_task_1": 0.0, "uncertainty": 0.0}, "Climate Change Policy Analysts_16844_16845": {"llm_label": "TASK_2", "label_logprob": 0.0, "p_task_1": 0.0, "uncertainty": 0.0}, "Climate Change Policy Analysts_16844_16846": {"llm_label": "TASK_2", "label_logprob": -1.6e-05, "p_task_1": 1.5999872000738158e-05, "uncertainty": 0.00019268520788660168}, "Climate Change Policy Analysts_16844_16847": {"llm_label": "TASK_2", "label_logprob": -5.9e-05, "p_task_1": 5.8998259534259745e-05, "uncertainty": 0.0006335217246636567}, "Climate Change Policy Analysts_16844_16848": {"llm_label": "TASK_2", "label_logprob": -0.001264, "p_task_1": 0.0012632014884749188, "uncertainty": 0.009693143841516604}, "Climate Change Policy Analysts_16844_16849": {"llm_label": "TASK_2", "label_logprob": -0.005784, "p_task_1": 0.005767304875708312, "uncertainty": 0.03548427286852885}, "Climate Change Policy Analysts_16844_16850": {"llm_label": "TASK_2", "label_logprob": -6e-06, "p_task_1": 5.9999820000156134e-06, "uncertainty": 7.814227210513045e-05}, "Climate Change Policy Analysts_16844_16851": {"llm_label": "TASK_2", "label_logprob": -0.029886, "p_task_1": 0.02944382935447254, "uncertainty": 0.132803517124408}, "Climate Change Policy Analysts_16844_16852": {"llm_label": "TASK_2", "label_logprob": -0.050427, "p_task_1": 0.04917666375753449, "uncertainty": 0.196083806999879}, "Climate Change Policy Analysts_16844_16853": {"llm_label": "TASK_2", "label_logprob": -0.497943, "p_task_1": 0.39222042264892, "uncertainty": 0.6697309540031979}, "Climate Change Policy Analysts_16844_16854": {"llm_label": "TASK_2", "label_logprob": -0.000194, "p_task_1": 0.00019398118321678481, "uncertainty": 0.0018520649095856278}, "Climate Change Policy Analysts_16845_16846": {"llm_label": "TASK_1", "label_logprob": -3.5e-05, "p_task_1": 0.9999650006124928, "uncertainty": 0.00039409879060961955}, "Climate Change Policy Analysts_16845_16847": {"llm_label": "TASK_1", "label_logprob": -0.821842, "p_task_1": 0.43962112612421334, "uncertainty": 0.685838138945932}, "Climate Change Policy Analysts_16845_16848": {"llm_label": "TASK_1", "label_logprob": -0.000298, "p_task_1": 0.9997020443975897, "uncertainty": 0.002716883452657385},