{"Political Scientists_5515_5516": {"llm_label": "TASK_2", "label_logprob": -0.06249, "p_task_1": 0.06057754300892526, "uncertainty": 0.22855370426799765}, "Political Scientists_5515_5517": {"llm_label": "TASK_1", "label_logprob": -0.046346, "p_task_1": 0.9547115748321058, "uncertainty": 0.18440132384760305}, "Political Scientists_5515_5518": {"llm_label": "TASK_2", "label_logprob": -0.007623, "p_task_1": 0.007594018623933718, "uncertainty": 0.044626916493868254}, "Political Scientists_5515_5519": {"llm_label": "TASK_1", "label_logprob": -0.032071, "p_task_1": 0.968437820552933, "uncertainty": 0.14013121424662056}, "Political Scientists_5515_5520": {"llm_label": "TASK_2", "label_logprob": -0.007422, "p_task_1": 0.007394524973236782, "uncertainty": 0.04365216591096614}, "Political Scientists_5515_5521": {"llm_label": "TASK_2", "label_logprob": -0.070594, "p_task_1": 0.06815985756458742, "uncertainty": 0.24885284942623248}, "Political Scientists_5515_5522": {"llm_label": "TASK_2", "label_logprob": -0.39442, "p_task_1": 0.32592911299347505, "uncertainty": 0.6312581389136023}, "Political Scientists_5515_5523": {"llm_label": "TASK_2", "label_logprob": -0.019304, "p_task_1": 0.019118870949573763, "uncertainty": 0.09458982015712426}, "Political Scientists_5515_5524": {"llm_label": "CANNOT_DECIDE", "label_logprob": -0.725407, "p_task_1": 0.5, "uncertainty": 0.6931471805599453}, "Political Scientists_5515_5525": {"llm_label": "CANNOT_DECIDE", "label_logprob": -0.002448, "p_task_1": 0.5, "uncertainty": 0.6931471805599453}, "Political Scientists_5515_5526": {"llm_label": "TASK_1", "label_logprob": -0.031716, "p_task_1": 0.9687816770101393, "uncertainty": 0.13895200342899616}, "Political Scientists_5515_23949": {"llm_label": "TASK_1", "label_logprob": -0.314973, "p_task_1": 0.7298085788346725, "uncertainty": 0.5834491390018537}, "Political Scientists_5515_23950": {"llm_label": "TASK_1", "label_logprob": -0.587954, "p_task_1": 0.5554625993899198, "uncertainty": 0.6869823016687651}, "Political Scientists_5516_5517": {"llm_label": "TASK_1", "label_logprob": -0.000635, "p_task_1": 0.9993652015698321, "uncertainty": 0.0053081118368074704}, "Political Scientists_5516_5518": {"llm_label": "TASK_2", "label_logprob": -0.007442, "p_task_1": 0.007414376884217644, "uncertainty": 0.04374940538071651}, "Political Scientists_5516_5519": {"llm_label": "TASK_1", "label_logprob": -0.003186, "p_task_1": 0.9968190699123239, "uncertainty": 0.02146806373153639}, "Political Scientists_5516_5520": {"llm_label": "TASK_2", "label_logprob": -0.041038, "p_task_1": 0.04020734286615124, "uncertainty": 0.16860253566917813}, "Political Scientists_5516_5521": {"llm_label": "TASK_1", "label_logprob": -0.025063, "p_task_1": 0.9752484694393367, "uncertainty": 0.11599529551969703}, "Political Scientists_5516_5522": {"llm_label": "TASK_1", "label_logprob": -0.11514, "p_task_1": 0.891241361381665, "uncertainty": 0.3439120754019301}, "Political Scientists_5516_5523": {"llm_label": "CANNOT_DECIDE", "label_logprob": -0.049213, "p_task_1": 0.5, "uncertainty": 0.6931471805599453}, "Political Scientists_5516_5524": {"llm_label": "TASK_1", "label_logprob": -0.441204, "p_task_1": 0.6432614678476204, "uncertainty": 0.6515185482549193}, "Political Scientists_5516_5525": {"llm_label": "TASK_1", "label_logprob": -0.029759, "p_task_1": 0.9706794391065809, "uncertainty": 0.1323723801802987}, "Political Scientists_5516_5526": {"llm_label": "TASK_1", "label_logprob": -0.000352, "p_task_1": 0.9996480619447317, "uncertainty": 0.003150507022643707}, "Political Scientists_5516_23949": {"llm_label": "TASK_1", "label_logprob": -0.000915, "p_task_1": 0.9990854184848524, "uncertainty": 0.007313530222396456}, "Political Scientists_5516_23950": {"llm_label": "TASK_1", "label_logprob": -0.00373, "p_task_1": 0.9962769478088732, "uncertainty": 0.024539931217847713}, "Political Scientists_5517_5518": {"llm_label": "TASK_2", "label_logprob": -2e-06, "p_task_1": 1.9999979999907325e-06, "uncertainty": 2.8244698509961958e-05}, "Political Scientists_5517_5519": {"llm_label": "TASK_1", "label_logprob": -0.542468, "p_task_1": 0.5813118029947852, "uncertainty": 0.6798650519951981}, "Political Scientists_5517_5520": {"llm_label": "TASK_2", "label_logprob": 0.0, "p_task_1": 0.0, "uncertainty": 0.0}, "Political Scientists_5517_5521": {"llm_label": "TASK_2", "label_logprob": -3.7e-05, "p_task_1": 3.699931550849023e-05, "uncertainty": 0.00041456225843036797}, "Political Scientists_5517_5522": {"llm_label": "TASK_2", "label_logprob": -9.9e-05, "p_task_1": 9.899509966171394e-05, "uncertainty": 0.0010117685967436802}, "Political Scientists_5517_5523": {"llm_label": "TASK_2", "label_logprob": -1e-06, "p_task_1": 9.999994999843054e-07, "uncertainty": 1.4815503149992376e-05}, "Political Scientists_5517_5524": {"llm_label": "TASK_2", "label_logprob": -0.003248, "p_task_1": 0.0032427309541640525, "uncertainty": 0.02182265934657671}, "Political Scientists_5517_5525": {"llm_label": "TASK_2", "label_logprob": -0.371592, "p_task_1": 0.31036444356069137, "uncertainty": 0.6193919523491478}, "Political Scientists_5517_5526": {"llm_label": "TASK_1", "label_logprob": -0.017724, "p_task_1": 0.9824321462152228, "uncertainty": 0.08841635034103629}, "Political Scientists_5517_23949": {"llm_label": "TASK_1", "label_logprob": -0.615919, "p_task_1": 0.5401442745587144, "uncertainty": 0.6899205831942206}, "Political Scientists_5517_23950": {"llm_label": "TASK_2", "label_logprob": -0.165963, "p_task_1": 0.15292242452012506, "uncertainty": 0.4277450133857287}, "Political Scientists_5518_5519": {"llm_label": "TASK_1", "label_logprob": -2.5e-05, "p_task_1": 0.9999750003124974, "uncertainty": 0.0002899122444096467}, "Political Scientists_5518_5520": {"llm_label": "EQUAL_TIME", "label_logprob": -0.067552, "p_task_1": 0.5, "uncertainty": 0.6931471805599453}, "Political Scientists_5518_5521": {"llm_label": "TASK_1", "label_logprob": -0.136671, "p_task_1": 0.8722571515331473, "uncertainty": 0.3820733192975838}, "Political Scientists_5518_5522": {"llm_label": "TASK_1", "label_logprob": -0.009301, "p_task_1": 0.9907421205089936, "uncertainty": 0.052562878790092915}, "Political Scientists_5518_5523": {"llm_label": "TASK_1", "label_logprob": -0.676146, "p_task_1": 0.5085732615634878, "uncertainty": 0.6930001717282666}, "Political Scientists_5518_5524": {"llm_label": "TASK_1", "label_logprob": -0.443169, "p_task_1": 0.6419987001388928, "uncertainty": 0.652259538068847}, "Political Scientists_5518_5525": {"llm_label": "TASK_1", "label_logprob": -8e-05, "p_task_1": 0.9999200031999147, "uncertainty": 0.0008346453276260399}, "Political Scientists_5518_5526": {"llm_label": "TASK_1", "label_logprob": -3e-06, "p_task_1": 0.9999970000045, "uncertainty": 4.1150633082097105e-05}, "Political Scientists_5518_23949": {"llm_label": "TASK_1", "label_logprob": -3e-06, "p_task_1": 0.9999970000045, "uncertainty": 4.1150633082097105e-05}, "Political Scientists_5518_23950": {"llm_label": "TASK_1", "label_logprob": -0.006399, "p_task_1": 0.9936214300000822, "uncertainty": 0.03860065152906729}, "Political Scientists_5519_5520": {"llm_label": "TASK_2", "label_logprob": -5e-06, "p_task_1": 4.999987500031722e-06, "uncertainty": 6.603019815215604e-05}, "Political Scientists_5519_5521": {"llm_label": "TASK_2", "label_logprob": -4.5e-05, "p_task_1": 4.499898751519904e-05, "uncertainty": 0.0004953870167811679}, "Political Scientists_5519_5522": {"llm_label": "TASK_2", "label_logprob": 0.0, "p_task_1": 0.0, "uncertainty": 0.0}, "Political Scientists_5519_5523": {"llm_label": "TASK_2", "label_logprob": 0.0, "p_task_1": 0.0, "uncertainty": 0.0}, "Political Scientists_5519_5524": {"llm_label": "TASK_2", "label_logprob": -2e-06, "p_task_1": 1.9999979999907325e-06, "uncertainty": 2.8244698509961958e-05}, "Political Scientists_5519_5525": {"llm_label": "TASK_2", "label_logprob": -0.001125, "p_task_1": 0.001124367424737982, "uncertainty": 0.008758791089301329},