{"Geographers_5503_5504": {"llm_label": "TASK_2", "label_logprob": -9.9e-05, "p_task_1": 9.899509966171394e-05, "uncertainty": 0.0010117685967436802}, "Geographers_5503_5505": {"llm_label": "TASK_2", "label_logprob": -0.000835, "p_task_1": 0.0008346514845102293, "uncertainty": 0.0067507270291413705}, "Geographers_5503_5506": {"llm_label": "TASK_1", "label_logprob": 0.0, "p_task_1": 1.0, "uncertainty": 0.0}, "Geographers_5503_5507": {"llm_label": "TASK_2", "label_logprob": -0.001045, "p_task_1": 0.0010444541776446492, "uncertainty": 0.008213314464587744}, "Geographers_5503_5508": {"llm_label": "TASK_2", "label_logprob": -0.725297, "p_task_1": 0.5158192540828389, "uncertainty": 0.6926465994277372}, "Geographers_5503_5509": {"llm_label": "TASK_2", "label_logprob": -0.003336, "p_task_1": 0.0033304417345091375, "uncertainty": 0.02232389518879034}, "Geographers_5503_5510": {"llm_label": "TASK_2", "label_logprob": -0.000558, "p_task_1": 0.0005578443469528294, "uncertainty": 0.00473674092395263}, "Geographers_5503_5511": {"llm_label": "TASK_2", "label_logprob": -1.4e-05, "p_task_1": 1.3999902000461084e-05, "uncertainty": 0.0001704691519101948}, "Geographers_5503_5512": {"llm_label": "TASK_2", "label_logprob": -0.001294, "p_task_1": 0.0012931631430032065, "uncertainty": 0.009892720225177268}, "Geographers_5503_5513": {"llm_label": "TASK_2", "label_logprob": -0.001401, "p_task_1": 0.0014000190576535232, "uncertainty": 0.01059894100805768}, "Geographers_5503_5514": {"llm_label": "CANNOT_DECIDE", "label_logprob": -0.136667, "p_task_1": 0.5, "uncertainty": 0.6931471805599453}, "Geographers_5504_5505": {"llm_label": "TASK_2", "label_logprob": -0.068283, "p_task_1": 0.06600388472834418, "uncertainty": 0.24317736641770105}, "Geographers_5504_5506": {"llm_label": "TASK_1", "label_logprob": -7e-06, "p_task_1": 0.9999930000245, "uncertainty": 9.008688755748087e-05}, "Geographers_5504_5507": {"llm_label": "TASK_1", "label_logprob": -0.022484, "p_task_1": 0.9777668813382843, "uncertainty": 0.10660719028963994}, "Geographers_5504_5508": {"llm_label": "TASK_2", "label_logprob": -0.811505, "p_task_1": 0.555810941612052, "uncertainty": 0.6869044567660283}, "Geographers_5504_5509": {"llm_label": "TASK_1", "label_logprob": -0.063384, "p_task_1": 0.9385829886128009, "uncertainty": 0.23084880830454557}, "Geographers_5504_5510": {"llm_label": "TASK_2", "label_logprob": -0.002081, "p_task_1": 0.0020788362207018185, "uncertainty": 0.014915456368851608}, "Geographers_5504_5511": {"llm_label": "TASK_2", "label_logprob": -0.000105, "p_task_1": 0.00010499448769296649, "uncertainty": 0.001066906758283225}, "Geographers_5504_5512": {"llm_label": "TASK_1", "label_logprob": -0.576805, "p_task_1": 0.5616901026207533, "uncertainty": 0.6855164136645825}, "Geographers_5504_5513": {"llm_label": "TASK_2", "label_logprob": -0.005244, "p_task_1": 0.005230274235118126, "uncertainty": 0.03269272797575067}, "Geographers_5504_5514": {"llm_label": "TASK_1", "label_logprob": -0.059117, "p_task_1": 0.9425964789172132, "uncertainty": 0.21976262709298336}, "Geographers_5505_5506": {"llm_label": "TASK_1", "label_logprob": -6.6e-05, "p_task_1": 0.999934002177952, "uncertainty": 0.0007012833412595727}, "Geographers_5505_5507": {"llm_label": "TASK_2", "label_logprob": -0.000344, "p_task_1": 0.00034394083878397375, "uncertainty": 0.003086823939341324}, "Geographers_5505_5508": {"llm_label": "TASK_2", "label_logprob": -0.181711, "p_task_1": 0.16615771398192203, "uncertainty": 0.4497411478410426}, "Geographers_5505_5509": {"llm_label": "TASK_2", "label_logprob": -0.034051, "p_task_1": 0.033477789252225, "uncertainty": 0.14663084846628652}, "Geographers_5505_5510": {"llm_label": "CANNOT_DECIDE", "label_logprob": -0.167571, "p_task_1": 0.5, "uncertainty": 0.6931471805599453}, "Geographers_5505_5511": {"llm_label": "TASK_2", "label_logprob": -0.001987, "p_task_1": 0.00198502722235272, "uncertainty": 0.014334138593773915}, "Geographers_5505_5512": {"llm_label": "TASK_2", "label_logprob": -0.080673, "p_task_1": 0.07750470190829029, "uncertainty": 0.2726322802092225}, "Geographers_5505_5513": {"llm_label": "TASK_2", "label_logprob": -0.080673, "p_task_1": 0.07750470190829029, "uncertainty": 0.2726322802092225}, "Geographers_5505_5514": {"llm_label": "CANNOT_DECIDE", "label_logprob": -0.11303, "p_task_1": 0.5, "uncertainty": 0.6931471805599453}, "Geographers_5506_5507": {"llm_label": "TASK_2", "label_logprob": -1e-06, "p_task_1": 9.999994999843054e-07, "uncertainty": 1.4815503149992376e-05}, "Geographers_5506_5508": {"llm_label": "TASK_2", "label_logprob": -0.000207, "p_task_1": 0.00020697857697826727, "uncertainty": 0.0019627347456080925}, "Geographers_5506_5509": {"llm_label": "TASK_2", "label_logprob": -1e-06, "p_task_1": 9.999994999843054e-07, "uncertainty": 1.4815503149992376e-05}, "Geographers_5506_5510": {"llm_label": "TASK_2", "label_logprob": 0.0, "p_task_1": 0.0, "uncertainty": 0.0}, "Geographers_5506_5511": {"llm_label": "TASK_2", "label_logprob": 0.0, "p_task_1": 0.0, "uncertainty": 0.0}, "Geographers_5506_5512": {"llm_label": "TASK_2", "label_logprob": -7e-06, "p_task_1": 6.999975500021627e-06, "uncertainty": 9.008688755748087e-05}, "Geographers_5506_5513": {"llm_label": "TASK_2", "label_logprob": 0.0, "p_task_1": 0.0, "uncertainty": 0.0}, "Geographers_5506_5514": {"llm_label": "TASK_2", "label_logprob": -0.0001, "p_task_1": 9.999500016666385e-05, "uncertainty": 0.0010209829872391161}, "Geographers_5507_5508": {"llm_label": "TASK_2", "label_logprob": -0.180143, "p_task_1": 0.16484922368914656, "uncertainty": 0.44762422130063184}, "Geographers_5507_5509": {"llm_label": "TASK_2", "label_logprob": -0.030537, "p_task_1": 0.030075455804846274, "uncertainty": 0.1350043622557064}, "Geographers_5507_5510": {"llm_label": "TASK_2", "label_logprob": -0.018172, "p_task_1": 0.018007884811971797, "uncertainty": 0.09018145387175533}, "Geographers_5507_5511": {"llm_label": "EQUAL_TIME", "label_logprob": -0.049703, "p_task_1": 0.5, "uncertainty": 0.6931471805599453}, "Geographers_5507_5512": {"llm_label": "TASK_2", "label_logprob": -0.395177, "p_task_1": 0.326439191565841, "uncertainty": 0.6316281982768989}, "Geographers_5507_5513": {"llm_label": "TASK_2", "label_logprob": -0.009624, "p_task_1": 0.009577837519927357, "uncertainty": 0.054052517993775376}, "Geographers_5507_5514": {"llm_label": "CANNOT_DECIDE", "label_logprob": -0.012815, "p_task_1": 0.5, "uncertainty": 0.6931471805599453}, "Geographers_5508_5509": {"llm_label": "TASK_2", "label_logprob": -0.306369, "p_task_1": 0.26388505707907584, "uncertainty": 0.5770814655712432}, "Geographers_5508_5510": {"llm_label": "TASK_2", "label_logprob": -0.053665, "p_task_1": 0.05225045057380251, "uncertainty": 0.20508898799000758}, "Geographers_5508_5511": {"llm_label": "TASK_2", "label_logprob": -0.007543, "p_task_1": 0.007514622969639784, "uncertainty": 0.04423961995146604}, "Geographers_5508_5512": {"llm_label": "TASK_2", "label_logprob": -0.633798, "p_task_1": 0.46942714624558524, "uncertainty": 0.6912766151570395}, "Geographers_5508_5513": {"llm_label": "TASK_2", "label_logprob": -0.611254, "p_task_1": 0.45733006587987146, "uncertainty": 0.6895013010332235}, "Geographers_5508_5514": {"llm_label": "CANNOT_DECIDE", "label_logprob": -0.353755, "p_task_1": 0.5, "uncertainty": 0.6931471805599453}, "Geographers_5509_5510": {"llm_label": "TASK_2", "label_logprob": -0.060449, "p_task_1": 0.058658223775201024, "uncertainty": 0.22325950451762555}, "Geographers_5509_5511": {"llm_label": "TASK_2", "label_logprob": -0.004474, "p_task_1": 0.004464006571088475, "uncertainty": 0.028611930704956712}, "Geographers_5509_5512": {"llm_label": "TASK_2", "label_logprob": -0.001432, "p_task_1": 0.0014309751772404455, "uncertainty": 0.010801978417262941}, "Geographers_5509_5513": {"llm_label": "TASK_2", "label_logprob": -0.042762, "p_task_1": 0.04186059989001456, "uncertainty": 0.17381281300272178}, "Geographers_5509_5514": {"llm_label": "CANNOT_DECIDE", "label_logprob": -0.34122, "p_task_1": 0.5,