{"Survey Researchers_7545_7546": {"llm_label": "TASK_1", "label_logprob": -1e-05, "p_task_1": 0.9999900000499998, "uncertainty": 0.00012512862900562218}, "Survey Researchers_7545_7547": {"llm_label": "TASK_1", "label_logprob": -0.030582, "p_task_1": 0.9698808985726989, "uncertainty": 0.13515593307601254}, "Survey Researchers_7545_7548": {"llm_label": "TASK_1", "label_logprob": -3.8e-05, "p_task_1": 0.9999620007219908, "uncertainty": 0.0004247530567765096}, "Survey Researchers_7545_7549": {"llm_label": "TASK_1", "label_logprob": -0.031668, "p_task_1": 0.9688281796466901, "uncertainty": 0.13879222951926307}, "Survey Researchers_7545_7550": {"llm_label": "TASK_2", "label_logprob": -0.023294, "p_task_1": 0.023024789165761006, "uncertainty": 0.1095883736964578}, "Survey Researchers_7545_7551": {"llm_label": "TASK_1", "label_logprob": -0.0044, "p_task_1": 0.99560966581827, "uncertainty": 0.02821295278377947}, "Survey Researchers_7545_7552": {"llm_label": "TASK_1", "label_logprob": -0.000611, "p_task_1": 0.9993891866224893, "uncertainty": 0.005131085012266445}, "Survey Researchers_7545_7553": {"llm_label": "TASK_1", "label_logprob": 0.0, "p_task_1": 1.0, "uncertainty": 0.0}, "Survey Researchers_7545_7554": {"llm_label": "TASK_1", "label_logprob": -0.0391, "p_task_1": 0.9616545388840454, "uncertainty": 0.16264980858884764}, "Survey Researchers_7545_7555": {"llm_label": "TASK_2", "label_logprob": -0.000283, "p_task_1": 0.0002829599592772958, "uncertainty": 0.002594760840838868}, "Survey Researchers_7545_7556": {"llm_label": "TASK_2", "label_logprob": -0.001549, "p_task_1": 0.0015478009187055441, "uncertainty": 0.01156229855922562}, "Survey Researchers_7545_7557": {"llm_label": "TASK_1", "label_logprob": -0.034041, "p_task_1": 0.9665318760182088, "uncertainty": 0.146598344437908}, "Survey Researchers_7545_7558": {"llm_label": "TASK_2", "label_logprob": -0.253864, "p_task_1": 0.22420269669452264, "uncertainty": 0.5321759415012126}, "Survey Researchers_7545_7559": {"llm_label": "TASK_2", "label_logprob": -0.010528, "p_task_1": 0.010472774582310773, "uncertainty": 0.05816287359984065}, "Survey Researchers_7545_21107": {"llm_label": "TASK_2", "label_logprob": -0.003393, "p_task_1": 0.0033872502802713145, "uncertainty": 0.022647295175418487}, "Survey Researchers_7546_7547": {"llm_label": "TASK_2", "label_logprob": -1e-06, "p_task_1": 9.999994999843054e-07, "uncertainty": 1.4815503149992376e-05}, "Survey Researchers_7546_7548": {"llm_label": "TASK_2", "label_logprob": -0.015645, "p_task_1": 0.015523252726433734, "uncertainty": 0.0800629471456675}, "Survey Researchers_7546_7549": {"llm_label": "TASK_2", "label_logprob": -3.7e-05, "p_task_1": 3.699931550849023e-05, "uncertainty": 0.00041456225843036797}, "Survey Researchers_7546_7550": {"llm_label": "TASK_2", "label_logprob": -3.6e-05, "p_task_1": 3.599935200782056e-05, "uncertainty": 0.0004043444200614643}, "Survey Researchers_7546_7551": {"llm_label": "TASK_2", "label_logprob": -0.030903, "p_task_1": 0.030430383232340374, "uncertainty": 0.13623505477228373}, "Survey Researchers_7546_7552": {"llm_label": "TASK_2", "label_logprob": -0.015317, "p_task_1": 0.015200291390564336, "uncertainty": 0.07871929537548651}, "Survey Researchers_7546_7553": {"llm_label": "TASK_1", "label_logprob": -0.645908, "p_task_1": 0.5241863647356024, "uncertainty": 0.691976763384935}, "Survey Researchers_7546_7554": {"llm_label": "TASK_2", "label_logprob": 0.0, "p_task_1": 0.0, "uncertainty": 0.0}, "Survey Researchers_7546_7555": {"llm_label": "TASK_2", "label_logprob": 0.0, "p_task_1": 0.0, "uncertainty": 0.0}, "Survey Researchers_7546_7556": {"llm_label": "TASK_2", "label_logprob": -5e-06, "p_task_1": 4.999987500031722e-06, "uncertainty": 6.603019815215604e-05}, "Survey Researchers_7546_7557": {"llm_label": "TASK_2", "label_logprob": -0.104949, "p_task_1": 0.09962955969219056, "uncertainty": 0.324268269637557}, "Survey Researchers_7546_7558": {"llm_label": "TASK_2", "label_logprob": -3e-05, "p_task_1": 2.9999550004489173e-05, "uncertainty": 0.00034242425890051087}, "Survey Researchers_7546_7559": {"llm_label": "TASK_2", "label_logprob": 0.0, "p_task_1": 0.0, "uncertainty": 0.0}, "Survey Researchers_7546_21107": {"llm_label": "TASK_2", "label_logprob": -3e-06, "p_task_1": 2.9999955000192813e-06, "uncertainty": 4.1150633082097105e-05}, "Survey Researchers_7547_7548": {"llm_label": "TASK_1", "label_logprob": -0.000309, "p_task_1": 0.9996910477355831, "uncertainty": 0.0028059567664318347}, "Survey Researchers_7547_7549": {"llm_label": "TASK_2", "label_logprob": -0.581633, "p_task_1": 0.4410152013359909, "uncertainty": 0.6861725372543461}, "Survey Researchers_7547_7550": {"llm_label": "TASK_2", "label_logprob": -0.044509, "p_task_1": 0.04353300814804295, "uncertainty": 0.17901410285796288}, "Survey Researchers_7547_7551": {"llm_label": "TASK_1", "label_logprob": -0.034045, "p_task_1": 0.9665280098984369, "uncertainty": 0.1466113464347663}, "Survey Researchers_7547_7552": {"llm_label": "TASK_1", "label_logprob": -0.225824, "p_task_1": 0.7978585124073503, "uncertainty": 0.5033568627001983}, "Survey Researchers_7547_7553": {"llm_label": "TASK_1", "label_logprob": -1.4e-05, "p_task_1": 0.9999860000979995, "uncertainty": 0.0001704691519101948}, "Survey Researchers_7547_7554": {"llm_label": "TASK_2", "label_logprob": -0.20691, "p_task_1": 0.18690717495110176, "uncertainty": 0.48170712944666516}, "Survey Researchers_7547_7555": {"llm_label": "TASK_2", "label_logprob": -8.6e-05, "p_task_1": 8.599630210603948e-05, "uncertainty": 0.0008910217260505452}, "Survey Researchers_7547_7556": {"llm_label": "TASK_2", "label_logprob": -0.011751, "p_task_1": 0.011682226648307203, "uncertainty": 0.06359597048835972}, "Survey Researchers_7547_7557": {"llm_label": "TASK_1", "label_logprob": -0.006729, "p_task_1": 0.9932935890249183, "uncertainty": 0.040247389544566387}, "Survey Researchers_7547_7558": {"llm_label": "TASK_2", "label_logprob": -0.202991, "p_task_1": 0.18371441203715788, "uncertainty": 0.47697933705659296}, "Survey Researchers_7547_7559": {"llm_label": "TASK_2", "label_logprob": -1.2e-05, "p_task_1": 1.1999928000272497e-05, "uncertainty": 0.00014796635909808146}, "Survey Researchers_7547_21107": {"llm_label": "TASK_2", "label_logprob": -0.002339, "p_task_1": 0.0023362666710008417, "uncertainty": 0.016489444969629362}, "Survey Researchers_7548_7549": {"llm_label": "TASK_2", "label_logprob": -0.000109, "p_task_1": 0.00010899405971587228, "uncertainty": 0.0011034735913061967}, "Survey Researchers_7548_7550": {"llm_label": "TASK_2", "label_logprob": -0.00021, "p_task_1": 0.00020997795154342747, "uncertainty": 0.001988155872434698}, "Survey Researchers_7548_7551": {"llm_label": "TASK_2", "label_logprob": -0.040986, "p_task_1": 0.0401574323503181, "uncertainty": 0.16844415390243467}, "Survey Researchers_7548_7552": {"llm_label": "TASK_2", "label_logprob": -0.058644, "p_task_1": 0.0569575674885483, "uncertainty": 0.21851276917536855}, "Survey Researchers_7548_7553": {"llm_label": "TASK_1", "label_logprob": -0.163145, "p_task_1": 0.8494680066231658, "uncertainty": 0.42363077528706916}, "Survey Researchers_7548_7554": {"llm_label": "TASK_2", "label_logprob": -2e-06, "p_task_1": 1.9999979999907325e-06, "uncertainty": 2.8244698509961958e-05}, "Survey Researchers_7548_7555": {"llm_label": "TASK_2", "label_logprob": 0.0, "p_task_1": 0.0, "uncertainty": 0.0}, "Survey Researchers_7548_7556": {"llm_label": "TASK_2", "label_logprob": -8e-06, "p_task_1": 7.999968000049762e-06, "uncertainty": 0.00010188814457675767}, "Survey Researchers_7548_7557": {"llm_label": "TASK_2", "label_logprob": -0.005787, "p_task_1": 0.005770287569319743, "uncertainty": 0.03549963226824582}, "Survey Researchers_7548_7558": {"llm_label": "TASK_2", "label_logprob": -1.2e-05, "p_task_1": 1.1999928000272497e-05, "uncertainty": 0.00014796635909808146}, "Survey Researchers_7548_7559": {"llm_label": "TASK_2", "label_logprob": 0.0, "p_task_1": 0.0, "uncertainty": 0.0},