{"Economists_7536_7537": {"llm_label": "TASK_1", "label_logprob": -0.004348, "p_task_1": 0.9956614388669801, "uncertainty": 0.027931830539557077}, "Economists_7536_7538": {"llm_label": "TASK_2", "label_logprob": -0.000114, "p_task_1": 0.00011399350224694516, "uncertainty": 0.0011489760876716034}, "Economists_7536_7539": {"llm_label": "TASK_2", "label_logprob": -0.02418, "p_task_1": 0.023890005854967478, "uncertainty": 0.11281467080616145}, "Economists_7536_7540": {"llm_label": "TASK_2", "label_logprob": -0.000597, "p_task_1": 0.0005968218309574391, "uncertainty": 0.005027384471693339}, "Economists_7536_7541": {"llm_label": "TASK_1", "label_logprob": -0.101578, "p_task_1": 0.9034107105585503, "uncertainty": 0.3175235842036963}, "Economists_7536_7542": {"llm_label": "CANNOT_DECIDE", "label_logprob": -0.429592, "p_task_1": 0.5, "uncertainty": 0.6931471805599453}, "Economists_7536_7543": {"llm_label": "TASK_2", "label_logprob": -0.034293, "p_task_1": 0.0337116593278054, "uncertainty": 0.1474164686277652}, "Economists_7536_7544": {"llm_label": "TASK_2", "label_logprob": -0.116652, "p_task_1": 0.11010517731695613, "uncertainty": 0.3467351789756716}, "Economists_7536_20051": {"llm_label": "TASK_2", "label_logprob": -0.054993, "p_task_1": 0.05350822662729149, "uncertainty": 0.20871822194551223}, "Economists_7536_20052": {"llm_label": "TASK_2", "label_logprob": -0.022658, "p_task_1": 0.022403235298491975, "uncertainty": 0.10725019464320312}, "Economists_7536_20053": {"llm_label": "TASK_2", "label_logprob": -3.4e-05, "p_task_1": 3.39994220065476e-05, "uncertainty": 0.00038382457608067405}, "Economists_7536_21106": {"llm_label": "TASK_1", "label_logprob": -0.001599, "p_task_1": 0.9984022777193848, "uncertainty": 0.011884460587287397}, "Economists_7536_23988": {"llm_label": "TASK_1", "label_logprob": -0.001206, "p_task_1": 0.9987947269257464, "uncertainty": 0.00930524597583517}, "Economists_7537_7538": {"llm_label": "TASK_2", "label_logprob": 0.0, "p_task_1": 0.0, "uncertainty": 0.0}, "Economists_7537_7539": {"llm_label": "TASK_2", "label_logprob": -0.000267, "p_task_1": 0.0002669643586721282, "uncertainty": 0.00246361702046855}, "Economists_7537_7540": {"llm_label": "TASK_2", "label_logprob": -1.7e-05, "p_task_1": 1.6999855500854366e-05, "uncertainty": 0.000203697321204896}, "Economists_7537_7541": {"llm_label": "TASK_2", "label_logprob": -0.001264, "p_task_1": 0.0012632014884749188, "uncertainty": 0.009693143841516604}, "Economists_7537_7542": {"llm_label": "TASK_2", "label_logprob": -0.049267, "p_task_1": 0.048073068726124824, "uncertainty": 0.19280194182989802}, "Economists_7537_7543": {"llm_label": "TASK_2", "label_logprob": -0.000124, "p_task_1": 0.00012399231231774444, "uncertainty": 0.0012393315549874347}, "Economists_7537_7544": {"llm_label": "CANNOT_DECIDE", "label_logprob": -0.078919, "p_task_1": 0.5, "uncertainty": 0.6931471805599453}, "Economists_7537_20051": {"llm_label": "TASK_2", "label_logprob": -5.9e-05, "p_task_1": 5.8998259534259745e-05, "uncertainty": 0.0006335217246636567}, "Economists_7537_20052": {"llm_label": "TASK_2", "label_logprob": -7e-06, "p_task_1": 6.999975500021627e-06, "uncertainty": 9.008688755748087e-05}, "Economists_7537_20053": {"llm_label": "TASK_2", "label_logprob": 0.0, "p_task_1": 0.0, "uncertainty": 0.0}, "Economists_7537_21106": {"llm_label": "CANNOT_DECIDE", "label_logprob": -0.016626, "p_task_1": 0.5, "uncertainty": 0.6931471805599453}, "Economists_7537_23988": {"llm_label": "TASK_1", "label_logprob": -0.011205, "p_task_1": 0.9888575421994288, "uncertainty": 0.06118769725699321}, "Economists_7538_7539": {"llm_label": "TASK_1", "label_logprob": -0.101463, "p_task_1": 0.9035146087642968, "uncertainty": 0.31729123613206245}, "Economists_7538_7540": {"llm_label": "TASK_1", "label_logprob": -0.087371, "p_task_1": 0.9163370715090475, "uncertainty": 0.2876256075249183}, "Economists_7538_7541": {"llm_label": "TASK_1", "label_logprob": -0.006975, "p_task_1": 0.9930492688546312, "uncertainty": 0.04146406519259822}, "Economists_7538_7542": {"llm_label": "TASK_1", "label_logprob": -0.04634, "p_task_1": 0.9547173031187396, "uncertainty": 0.1843838616009254}, "Economists_7538_7543": {"llm_label": "TASK_1", "label_logprob": -0.623247, "p_task_1": 0.5362005647155625, "uncertainty": 0.6905239241602205}, "Economists_7538_7544": {"llm_label": "CANNOT_DECIDE", "label_logprob": -0.527993, "p_task_1": 0.5, "uncertainty": 0.6931471805599453}, "Economists_7538_20051": {"llm_label": "TASK_2", "label_logprob": -0.270053, "p_task_1": 0.2366609637041991, "uncertainty": 0.5472004292107082}, "Economists_7538_20052": {"llm_label": "TASK_2", "label_logprob": -0.068471, "p_task_1": 0.06617945949347026, "uncertainty": 0.24364234735837886}, "Economists_7538_20053": {"llm_label": "TASK_2", "label_logprob": -0.000729, "p_task_1": 0.0007287343440582905, "uncertainty": 0.005992992351141842}, "Economists_7538_21106": {"llm_label": "TASK_1", "label_logprob": 0.0, "p_task_1": 1.0, "uncertainty": 0.0}, "Economists_7538_23988": {"llm_label": "TASK_1", "label_logprob": 0.0, "p_task_1": 1.0, "uncertainty": 0.0}, "Economists_7539_7540": {"llm_label": "EQUAL_TIME", "label_logprob": -0.000869, "p_task_1": 0.5, "uncertainty": 0.6931471805599453}, "Economists_7539_7541": {"llm_label": "TASK_1", "label_logprob": -0.038181, "p_task_1": 0.9625387056176662, "uncertainty": 0.15979032734988075}, "Economists_7539_7542": {"llm_label": "CANNOT_DECIDE", "label_logprob": -0.368358, "p_task_1": 0.5, "uncertainty": 0.6931471805599453}, "Economists_7539_7543": {"llm_label": "EQUAL_TIME", "label_logprob": -0.056586, "p_task_1": 0.5, "uncertainty": 0.6931471805599453}, "Economists_7539_7544": {"llm_label": "TASK_2", "label_logprob": -0.86948, "p_task_1": 0.5808305392946835, "uncertainty": 0.6800225081119575}, "Economists_7539_20051": {"llm_label": "TASK_2", "label_logprob": -0.002739, "p_task_1": 0.0027352523618744407, "uncertainty": 0.018873686326020062}, "Economists_7539_20052": {"llm_label": "TASK_2", "label_logprob": -0.036342, "p_task_1": 0.03568955708958521, "uncertainty": 0.15399459327797715}, "Economists_7539_20053": {"llm_label": "TASK_2", "label_logprob": -0.000131, "p_task_1": 0.0001309914198747153, "uncertainty": 0.0013020957447146641}, "Economists_7539_21106": {"llm_label": "TASK_1", "label_logprob": -2.2e-05, "p_task_1": 0.9999780002419982, "uncertainty": 0.0002579354610012207}, "Economists_7539_23988": {"llm_label": "TASK_1", "label_logprob": -7.6e-05, "p_task_1": 0.9999240028879268, "uncertainty": 0.0007968127892924509}, "Economists_7540_7541": {"llm_label": "TASK_2", "label_logprob": -0.475285, "p_task_1": 0.3782921555221648, "uncertainty": 0.6632218607151672}, "Economists_7540_7542": {"llm_label": "TASK_1", "label_logprob": -0.228088, "p_task_1": 0.7960542039830909, "uncertainty": 0.5058240416634114}, "Economists_7540_7543": {"llm_label": "EQUAL_TIME", "label_logprob": -0.025855, "p_task_1": 0.5, "uncertainty": 0.6931471805599453}, "Economists_7540_7544": {"llm_label": "TASK_2", "label_logprob": -0.73218, "p_task_1": 0.5191404272277136, "uncertainty": 0.6924142895904652}, "Economists_7540_20051": {"llm_label": "TASK_2", "label_logprob": -0.009177, "p_task_1": 0.00913501985092302, "uncertainty": 0.051987931769118194}, "Economists_7540_20052": {"llm_label": "EQUAL_TIME", "label_logprob": -0.153182, "p_task_1": 0.5, "uncertainty": 0.6931471805599453}, "Economists_7540_20053": {"llm_label": "TASK_2", "label_logprob": -2e-05, "p_task_1": 1.999980000133572e-05, "uncertainty": 0.00023639320174866763}, "Economists_7540_21106": {"llm_label": "TASK_1", "label_logprob": -1.2e-05, "p_task_1": 0.9999880000719997, "uncertainty": 0.00014796635909808146}, "Economists_7540_23988": {"llm_label": "TASK_1", "label_logprob": -3e-06, "p_task_1": 0.9999970000045, "uncertainty": 4.1150633082097105e-05}, "Economists_7541_7542": {"llm_label": "TASK_2", "label_logprob": -0.300429, "p_task_1": 0.2594995221742389, "uncertainty": 0.5725327818613876},