{"Sociologists_5464_5465": {"llm_label": "TASK_1", "label_logprob": -0.100058, "p_task_1": 0.9047849389876206, "uncertainty": 0.3144403414390128}, "Sociologists_5464_5466": {"llm_label": "TASK_2", "label_logprob": -7.2e-05, "p_task_1": 7.199740806218546e-05, "uncertainty": 0.0007587694835904218}, "Sociologists_5464_5467": {"llm_label": "TASK_1", "label_logprob": -0.04884, "p_task_1": 0.9523334908678251, "uncertainty": 0.1915862391173163}, "Sociologists_5464_5468": {"llm_label": "TASK_2", "label_logprob": -0.065886, "p_task_1": 0.06376241070664235, "uncertainty": 0.23719681546690197}, "Sociologists_5464_5469": {"llm_label": "TASK_1", "label_logprob": -0.73343, "p_task_1": 0.4802588738213815, "uncertainty": 0.6923675538073166}, "Sociologists_5464_5470": {"llm_label": "TASK_1", "label_logprob": -8.5e-05, "p_task_1": 0.9999150036123976, "uncertainty": 0.0008816555697587658}, "Sociologists_5464_5471": {"llm_label": "TASK_1", "label_logprob": -0.000106, "p_task_1": 0.9998940056178015, "uncertainty": 0.0010760625428955946}, "Sociologists_5464_5472": {"llm_label": "TASK_1", "label_logprob": -2e-05, "p_task_1": 0.9999800001999987, "uncertainty": 0.00023639320174866763}, "Sociologists_5464_5473": {"llm_label": "TASK_1", "label_logprob": -0.026765, "p_task_1": 0.9735900082951378, "uncertainty": 0.12203238623861758}, "Sociologists_5464_5474": {"llm_label": "TASK_1", "label_logprob": -0.032314, "p_task_1": 0.9682025187528652, "uncertainty": 0.14093591931275376}, "Sociologists_5464_5475": {"llm_label": "TASK_1", "label_logprob": -0.066699, "p_task_1": 0.9354767374614401, "uncertainty": 0.2392361694511982}, "Sociologists_5464_20868": {"llm_label": "TASK_1", "label_logprob": -2e-06, "p_task_1": 0.999998000002, "uncertainty": 2.8244698509961958e-05}, "Sociologists_5464_23963": {"llm_label": "TASK_1", "label_logprob": -5.9e-05, "p_task_1": 0.9999410017404657, "uncertainty": 0.0006335217246636567}, "Sociologists_5464_23964": {"llm_label": "TASK_1", "label_logprob": -0.459331, "p_task_1": 0.6317061155662482, "uncertainty": 0.6580414095778029}, "Sociologists_5465_5466": {"llm_label": "TASK_2", "label_logprob": -0.000124, "p_task_1": 0.00012399231231774444, "uncertainty": 0.0012393315549874347}, "Sociologists_5465_5467": {"llm_label": "TASK_2", "label_logprob": -0.104081, "p_task_1": 0.09884769887149658, "uncertainty": 0.3225437070427501}, "Sociologists_5465_5468": {"llm_label": "TASK_2", "label_logprob": -0.00565, "p_task_1": 0.005634068767941813, "uncertainty": 0.03479657811192275}, "Sociologists_5465_5469": {"llm_label": "TASK_2", "label_logprob": -0.017694, "p_task_1": 0.017538380378291807, "uncertainty": 0.08829772533690704}, "Sociologists_5465_5470": {"llm_label": "TASK_1", "label_logprob": -0.000196, "p_task_1": 0.9998040192067451, "uncertainty": 0.0018691464141334534}, "Sociologists_5465_5471": {"llm_label": "TASK_1", "label_logprob": -5e-05, "p_task_1": 0.9999500012499791, "uncertainty": 0.0005451607485001352}, "Sociologists_5465_5472": {"llm_label": "TASK_1", "label_logprob": -0.000939, "p_task_1": 0.9990614407225431, "uncertainty": 0.007480969848427676}, "Sociologists_5465_5473": {"llm_label": "TASK_1", "label_logprob": -0.280303, "p_task_1": 0.7555547736724353, "uncertainty": 0.5561499090358956}, "Sociologists_5465_5474": {"llm_label": "TASK_1", "label_logprob": -0.344636, "p_task_1": 0.7084781926003375, "uncertainty": 0.6035086666196323}, "Sociologists_5465_5475": {"llm_label": "TASK_1", "label_logprob": -0.043503, "p_task_1": 0.9574296817976131, "uncertainty": 0.17602844578154786}, "Sociologists_5465_20868": {"llm_label": "TASK_1", "label_logprob": -7e-06, "p_task_1": 0.9999930000245, "uncertainty": 9.008688755748087e-05}, "Sociologists_5465_23963": {"llm_label": "TASK_1", "label_logprob": -0.00016, "p_task_1": 0.9998400127993173, "uncertainty": 0.0015583292093465813}, "Sociologists_5465_23964": {"llm_label": "TASK_2", "label_logprob": -0.003428, "p_task_1": 0.003422131116093352, "uncertainty": 0.02284539024571445}, "Sociologists_5466_5467": {"llm_label": "TASK_1", "label_logprob": -0.035615, "p_task_1": 0.9650117514971934, "uncertainty": 0.1516754998619588}, "Sociologists_5466_5468": {"llm_label": "TASK_1", "label_logprob": -0.013653, "p_task_1": 0.9864397794850982, "uncertainty": 0.07178514645796873}, "Sociologists_5466_5469": {"llm_label": "TASK_1", "label_logprob": -1.022349, "p_task_1": 0.3597488967256657, "uncertainty": 0.6532735821256035}, "Sociologists_5466_5470": {"llm_label": "TASK_1", "label_logprob": -2e-06, "p_task_1": 0.999998000002, "uncertainty": 2.8244698509961958e-05}, "Sociologists_5466_5471": {"llm_label": "TASK_1", "label_logprob": -1.9e-05, "p_task_1": 0.9999810001804988, "uncertainty": 0.00022554821728270377}, "Sociologists_5466_5472": {"llm_label": "TASK_1", "label_logprob": -3e-06, "p_task_1": 0.9999970000045, "uncertainty": 4.1150633082097105e-05}, "Sociologists_5466_5473": {"llm_label": "TASK_1", "label_logprob": -0.000267, "p_task_1": 0.9997330356413279, "uncertainty": 0.00246361702046855}, "Sociologists_5466_5474": {"llm_label": "TASK_1", "label_logprob": -0.065835, "p_task_1": 0.9362853386280092, "uncertainty": 0.2370685079689744}, "Sociologists_5466_5475": {"llm_label": "TASK_1", "label_logprob": -0.000743, "p_task_1": 0.9992572759561507, "uncertainty": 0.006093913031396413}, "Sociologists_5466_20868": {"llm_label": "TASK_1", "label_logprob": -4e-06, "p_task_1": 0.999996000008, "uncertainty": 5.371675735315082e-05}, "Sociologists_5466_23963": {"llm_label": "TASK_1", "label_logprob": -2.6e-05, "p_task_1": 0.9999740003379971, "uncertainty": 0.0003004888581468068}, "Sociologists_5466_23964": {"llm_label": "TASK_1", "label_logprob": -0.001957, "p_task_1": 0.9980449136759418, "uncertainty": 0.014147674747006372}, "Sociologists_5467_5468": {"llm_label": "TASK_2", "label_logprob": -0.001601, "p_task_1": 0.0015997190831738006, "uncertainty": 0.011897313908728823}, "Sociologists_5467_5469": {"llm_label": "TASK_2", "label_logprob": -0.169896, "p_task_1": 0.15624743769999283, "uncertainty": 0.4333945522057949}, "Sociologists_5467_5470": {"llm_label": "TASK_1", "label_logprob": -0.000527, "p_task_1": 0.9994731388401094, "uncertainty": 0.004503772532766237}, "Sociologists_5467_5471": {"llm_label": "TASK_1", "label_logprob": -0.001008, "p_task_1": 0.9989925078613443, "uncertainty": 0.007958973452359804}, "Sociologists_5467_5472": {"llm_label": "TASK_1", "label_logprob": -0.003178, "p_task_1": 0.9968270444967815, "uncertainty": 0.021422220603163098}, "Sociologists_5467_5473": {"llm_label": "TASK_1", "label_logprob": -0.017157, "p_task_1": 0.9829893431925422, "uncertainty": 0.08616512251679251}, "Sociologists_5467_5474": {"llm_label": "EQUAL_TIME", "label_logprob": -0.053665, "p_task_1": 0.5, "uncertainty": 0.6931471805599453}, "Sociologists_5467_5475": {"llm_label": "TASK_2", "label_logprob": -0.012753, "p_task_1": 0.012672025085375127, "uncertainty": 0.06794734170587502}, "Sociologists_5467_20868": {"llm_label": "TASK_1", "label_logprob": -0.0003, "p_task_1": 0.9997000449955004, "uncertainty": 0.0027331084393530337}, "Sociologists_5467_23963": {"llm_label": "TASK_1", "label_logprob": -0.000207, "p_task_1": 0.9997930214230217, "uncertainty": 0.0019627347456080925}, "Sociologists_5467_23964": {"llm_label": "TASK_2", "label_logprob": -0.053576, "p_task_1": 0.052166097110230125, "uncertainty": 0.20484445624872988}, "Sociologists_5468_5469": {"llm_label": "TASK_1", "label_logprob": -0.330683, "p_task_1": 0.7184328761688291, "uncertainty": 0.5944273216974414}, "Sociologists_5468_5470": {"llm_label": "TASK_1", "label_logprob": -0.000352, "p_task_1": 0.9996480619447317, "uncertainty": 0.003150507022643707}, "Sociologists_5468_5471": {"llm_label": "TASK_1", "label_logprob": -7.7e-05, "p_task_1": 0.9999230029644239, "uncertainty": 0.0008062902529262152}, "Sociologists_5468_5472": {"llm_label": "TASK_1", "label_logprob": -3.6e-05, "p_task_1": 0.9999640006479922, "uncertainty": 0.0004043444200614643},