{"Neuropsychologists_22193_22194": {"llm_label": "TASK_1", "label_logprob": -0.06674, "p_task_1": 0.9354383837014616, "uncertainty": 0.23933871639059984}, "Neuropsychologists_22193_22195": {"llm_label": "TASK_1", "label_logprob": 0.0, "p_task_1": 1.0, "uncertainty": 0.0}, "Neuropsychologists_22193_22196": {"llm_label": "TASK_1", "label_logprob": -0.12719, "p_task_1": 0.8805663490955995, "uncertainty": 0.3657950594736886}, "Neuropsychologists_22193_22197": {"llm_label": "TASK_1", "label_logprob": -0.001342, "p_task_1": 0.9986589000793195, "uncertainty": 0.01021059073257439}, "Neuropsychologists_22193_22198": {"llm_label": "TASK_1", "label_logprob": -0.523912, "p_task_1": 0.592199326855316, "uncertainty": 0.6760480644017173}, "Neuropsychologists_22193_22199": {"llm_label": "TASK_2", "label_logprob": -0.266379, "p_task_1": 0.23385129788921588, "uncertainty": 0.5438881942340108}, "Neuropsychologists_22193_22200": {"llm_label": "TASK_1", "label_logprob": -5.6e-05, "p_task_1": 0.9999440015679707, "uncertainty": 0.000604231977919192}, "Neuropsychologists_22193_22201": {"llm_label": "EQUAL_TIME", "label_logprob": -0.407212, "p_task_1": 0.5, "uncertainty": 0.6931471805599453}, "Neuropsychologists_22193_22202": {"llm_label": "TASK_1", "label_logprob": 0.0, "p_task_1": 1.0, "uncertainty": 0.0}, "Neuropsychologists_22193_22203": {"llm_label": "TASK_1", "label_logprob": -0.002081, "p_task_1": 0.9979211637792982, "uncertainty": 0.014915456368851608}, "Neuropsychologists_22193_22204": {"llm_label": "TASK_1", "label_logprob": -0.000161, "p_task_1": 0.9998390129598045, "uncertainty": 0.001567064945130528}, "Neuropsychologists_22193_22205": {"llm_label": "TASK_1", "label_logprob": -1.9e-05, "p_task_1": 0.9999810001804988, "uncertainty": 0.00022554821728270377}, "Neuropsychologists_22193_22206": {"llm_label": "TASK_1", "label_logprob": -0.138348, "p_task_1": 0.8707956021417207, "uncertainty": 0.38487149622366224}, "Neuropsychologists_22194_22195": {"llm_label": "TASK_1", "label_logprob": -0.000132, "p_task_1": 0.9998680087116166, "uncertainty": 0.0013110310100159317}, "Neuropsychologists_22194_22196": {"llm_label": "TASK_2", "label_logprob": -0.065809, "p_task_1": 0.06369031763671928, "uncertainty": 0.2370030790769725}, "Neuropsychologists_22194_22197": {"llm_label": "TASK_2", "label_logprob": -0.408214, "p_task_1": 0.33516341143206585, "uncertainty": 0.6377751529681122}, "Neuropsychologists_22194_22198": {"llm_label": "TASK_1", "label_logprob": -0.083686, "p_task_1": 0.9197200028404051, "uncertainty": 0.27945268996967376}, "Neuropsychologists_22194_22199": {"llm_label": "TASK_2", "label_logprob": -0.103901, "p_task_1": 0.0986854768577502, "uncertainty": 0.32218503335502297}, "Neuropsychologists_22194_22200": {"llm_label": "TASK_1", "label_logprob": -0.319573, "p_task_1": 0.7264591689209586, "uncertainty": 0.5867489126869272}, "Neuropsychologists_22194_22201": {"llm_label": "TASK_2", "label_logprob": -0.018377, "p_task_1": 0.01820917256288601, "uncertainty": 0.09098521657472391}, "Neuropsychologists_22194_22202": {"llm_label": "TASK_1", "label_logprob": -0.011951, "p_task_1": 0.9881201295620602, "uncertainty": 0.06447141859899333}, "Neuropsychologists_22194_22203": {"llm_label": "TASK_1", "label_logprob": -0.05248, "p_task_1": 0.9488732983319945, "uncertainty": 0.20181947898240704}, "Neuropsychologists_22194_22204": {"llm_label": "TASK_1", "label_logprob": -0.495182, "p_task_1": 0.6094599754862823, "uncertainty": 0.6689890335985254}, "Neuropsychologists_22194_22205": {"llm_label": "TASK_1", "label_logprob": -0.018728, "p_task_1": 0.9814462793284141, "uncertainty": 0.09235578609256864}, "Neuropsychologists_22194_22206": {"llm_label": "TASK_2", "label_logprob": -0.005283, "p_task_1": 0.005269069497910395, "uncertainty": 0.03289618307736373}, "Neuropsychologists_22195_22196": {"llm_label": "TASK_2", "label_logprob": 0.0, "p_task_1": 0.0, "uncertainty": 0.0}, "Neuropsychologists_22195_22197": {"llm_label": "TASK_2", "label_logprob": 0.0, "p_task_1": 0.0, "uncertainty": 0.0}, "Neuropsychologists_22195_22198": {"llm_label": "TASK_2", "label_logprob": -0.000159, "p_task_1": 0.00015898736016994874, "uncertainty": 0.0015495872152828344}, "Neuropsychologists_22195_22199": {"llm_label": "TASK_2", "label_logprob": -1.3e-05, "p_task_1": 1.2999915500411241e-05, "uncertainty": 0.00015925626043919854}, "Neuropsychologists_22195_22200": {"llm_label": "TASK_2", "label_logprob": -0.001216, "p_task_1": 0.0012152609715831986, "uncertainty": 0.009372321758871989}, "Neuropsychologists_22195_22201": {"llm_label": "TASK_2", "label_logprob": 0.0, "p_task_1": 0.0, "uncertainty": 0.0}, "Neuropsychologists_22195_22202": {"llm_label": "TASK_2", "label_logprob": -2.2e-05, "p_task_1": 2.1999758001767233e-05, "uncertainty": 0.0002579354610012207}, "Neuropsychologists_22195_22203": {"llm_label": "TASK_2", "label_logprob": -0.000137, "p_task_1": 0.0001369906159285339, "uncertainty": 0.0013555946993525322}, "Neuropsychologists_22195_22204": {"llm_label": "TASK_2", "label_logprob": -0.000269, "p_task_1": 0.000268963822743995, "uncertainty": 0.0024800613965779575}, "Neuropsychologists_22195_22205": {"llm_label": "TASK_2", "label_logprob": -0.000453, "p_task_1": 0.00045289741099152625, "uncertainty": 0.003940034668557355}, "Neuropsychologists_22195_22206": {"llm_label": "TASK_2", "label_logprob": 0.0, "p_task_1": 0.0, "uncertainty": 0.0}, "Neuropsychologists_22196_22197": {"llm_label": "TASK_2", "label_logprob": -0.284607, "p_task_1": 0.24769014599713668, "uncertainty": 0.5597832534540066}, "Neuropsychologists_22196_22198": {"llm_label": "TASK_1", "label_logprob": -0.478828, "p_task_1": 0.6195090310828933, "uncertainty": 0.6643039680441131}, "Neuropsychologists_22196_22199": {"llm_label": "TASK_2", "label_logprob": -0.335606, "p_task_1": 0.28509527720534944, "uncertainty": 0.5977014576479754}, "Neuropsychologists_22196_22200": {"llm_label": "TASK_1", "label_logprob": -0.025136, "p_task_1": 0.975177278899554, "uncertainty": 0.11625673079742428}, "Neuropsychologists_22196_22201": {"llm_label": "TASK_2", "label_logprob": -0.021697, "p_task_1": 0.021463313247404803, "uncertainty": 0.10368070010964872}, "Neuropsychologists_22196_22202": {"llm_label": "TASK_1", "label_logprob": -4.7e-05, "p_task_1": 0.9999530011044827, "uncertainty": 0.0005153599478945111}, "Neuropsychologists_22196_22203": {"llm_label": "TASK_1", "label_logprob": -0.010114, "p_task_1": 0.98993697450122, "uncertainty": 0.056290943874411525}, "Neuropsychologists_22196_22204": {"llm_label": "TASK_1", "label_logprob": -0.001987, "p_task_1": 0.9980149727776473, "uncertainty": 0.014334138593773915}, "Neuropsychologists_22196_22205": {"llm_label": "TASK_1", "label_logprob": -0.00955, "p_task_1": 0.9904954564319389, "uncertainty": 0.053712246976825834}, "Neuropsychologists_22196_22206": {"llm_label": "TASK_2", "label_logprob": -0.010121, "p_task_1": 0.010069955033348066, "uncertainty": 0.056322739528818416}, "Neuropsychologists_22197_22198": {"llm_label": "EQUAL_TIME", "label_logprob": -0.00117, "p_task_1": 0.5, "uncertainty": 0.6931471805599453}, "Neuropsychologists_22197_22199": {"llm_label": "EQUAL_TIME", "label_logprob": -0.023247, "p_task_1": 0.5, "uncertainty": 0.6931471805599453}, "Neuropsychologists_22197_22200": {"llm_label": "TASK_1", "label_logprob": -0.257188, "p_task_1": 0.7732228342073678, "uncertainty": 0.535352733708794}, "Neuropsychologists_22197_22201": {"llm_label": "TASK_1", "label_logprob": -0.53308, "p_task_1": 0.5867948553787228, "uncertainty": 0.6780038912349688}, "Neuropsychologists_22197_22202": {"llm_label": "TASK_1", "label_logprob": -0.000806, "p_task_1": 0.9991943247307498, "uncertainty": 0.0065448441085865505}, "Neuropsychologists_22197_22203": {"llm_label": "TASK_1", "label_logprob": -0.040489, "p_task_1": 0.9603197279703215, "uncertainty": 0.16692670055364195}, "Neuropsychologists_22197_22204": {"llm_label": "TASK_1", "label_logprob": -0.004153, "p_task_1": 0.9958556117788029, "uncertainty": 0.02687190253378781},