{"Food Science Technicians_7576_7577": {"llm_label": "CANNOT_DECIDE", "label_logprob": -0.399249, "p_task_1": 0.5, "uncertainty": 0.6931471805599453}, "Food Science Technicians_7576_7578": {"llm_label": "TASK_1", "label_logprob": -7.9e-05, "p_task_1": 0.9999210031204179, "uncertainty": 0.000825206357674103}, "Food Science Technicians_7576_7579": {"llm_label": "TASK_1", "label_logprob": -0.024267, "p_task_1": 0.9760250762695231, "uncertainty": 0.11312957145884266}, "Food Science Technicians_7576_7581": {"llm_label": "TASK_1", "label_logprob": -0.000783, "p_task_1": 0.9992173064645076, "uncertainty": 0.0063808134714524525}, "Food Science Technicians_7576_7582": {"llm_label": "TASK_1", "label_logprob": 0.0, "p_task_1": 1.0, "uncertainty": 0.0}, "Food Science Technicians_7576_7583": {"llm_label": "TASK_1", "label_logprob": -0.010421, "p_task_1": 0.9896331104955596, "uncertainty": 0.057680718044779526}, "Food Science Technicians_7576_7584": {"llm_label": "TASK_1", "label_logprob": -0.046343, "p_task_1": 0.9547144389711264, "uncertainty": 0.18439259283223053}, "Food Science Technicians_7576_7585": {"llm_label": "TASK_1", "label_logprob": -0.015429, "p_task_1": 0.9846894172185046, "uncertainty": 0.07917892906587459}, "Food Science Technicians_7576_7587": {"llm_label": "TASK_1", "label_logprob": -1e-06, "p_task_1": 0.9999990000005, "uncertainty": 1.4815503149992376e-05}, "Food Science Technicians_7576_20394": {"llm_label": "TASK_1", "label_logprob": -1.5e-05, "p_task_1": 0.9999850001124995, "uncertainty": 0.00018161054327026476}, "Food Science Technicians_7576_20395": {"llm_label": "TASK_1", "label_logprob": 0.0, "p_task_1": 1.0, "uncertainty": 0.0}, "Food Science Technicians_7576_20396": {"llm_label": "TASK_1", "label_logprob": -0.002082, "p_task_1": 0.9979201658586333, "uncertainty": 0.0149216171573856}, "Food Science Technicians_7576_20397": {"llm_label": "TASK_2", "label_logprob": -0.003184, "p_task_1": 0.003178936447542635, "uncertainty": 0.02145660486603801}, "Food Science Technicians_7576_20398": {"llm_label": "TASK_1", "label_logprob": -0.606362, "p_task_1": 0.5453311795367995, "uncertainty": 0.689031700051348}, "Food Science Technicians_7576_22261": {"llm_label": "TASK_1", "label_logprob": -0.008209, "p_task_1": 0.9918246018318234, "uncertainty": 0.047437968389385674}, "Food Science Technicians_7577_7578": {"llm_label": "TASK_1", "label_logprob": -0.032258, "p_task_1": 0.9682567396120852, "uncertainty": 0.1407506501459485}, "Food Science Technicians_7577_7579": {"llm_label": "CANNOT_DECIDE", "label_logprob": -0.215764, "p_task_1": 0.5, "uncertainty": 0.6931471805599453}, "Food Science Technicians_7577_7581": {"llm_label": "TASK_2", "label_logprob": -0.813264, "p_task_1": 0.5565915833900319, "uncertainty": 0.6867282197864566}, "Food Science Technicians_7577_7582": {"llm_label": "TASK_1", "label_logprob": -1.3e-05, "p_task_1": 0.9999870000844996, "uncertainty": 0.00015925626043919854}, "Food Science Technicians_7577_7583": {"llm_label": "TASK_1", "label_logprob": -0.252434, "p_task_1": 0.7769074870413908, "uncertainty": 0.5307942780353889}, "Food Science Technicians_7577_7584": {"llm_label": "CANNOT_DECIDE", "label_logprob": -0.121261, "p_task_1": 0.5, "uncertainty": 0.6931471805599453}, "Food Science Technicians_7577_7585": {"llm_label": "TASK_1", "label_logprob": -0.000494, "p_task_1": 0.9995061219979102, "uncertainty": 0.0042537589102096054}, "Food Science Technicians_7577_7587": {"llm_label": "TASK_1", "label_logprob": -0.000767, "p_task_1": 0.9992332940693115, "uncertainty": 0.0062663058046345255}, "Food Science Technicians_7577_20394": {"llm_label": "TASK_1", "label_logprob": -0.57704, "p_task_1": 0.5615581209550905, "uncertainty": 0.6855491129211033}, "Food Science Technicians_7577_20395": {"llm_label": "TASK_1", "label_logprob": -0.001216, "p_task_1": 0.9987847390284168, "uncertainty": 0.009372321758871989}, "Food Science Technicians_7577_20396": {"llm_label": "CANNOT_DECIDE", "label_logprob": -0.068351, "p_task_1": 0.5, "uncertainty": 0.6931471805599453}, "Food Science Technicians_7577_20397": {"llm_label": "TASK_2", "label_logprob": -0.260555, "p_task_1": 0.22937622909693833, "uncertainty": 0.5385215329233857}, "Food Science Technicians_7577_20398": {"llm_label": "CANNOT_DECIDE", "label_logprob": -0.37155, "p_task_1": 0.5, "uncertainty": 0.6931471805599453}, "Food Science Technicians_7577_22261": {"llm_label": "CANNOT_DECIDE", "label_logprob": -0.045965, "p_task_1": 0.5, "uncertainty": 0.6931471805599453}, "Food Science Technicians_7578_7579": {"llm_label": "TASK_2", "label_logprob": -0.035615, "p_task_1": 0.034988248502806574, "uncertainty": 0.1516754998619588}, "Food Science Technicians_7578_7581": {"llm_label": "EQUAL_TIME", "label_logprob": -0.713296, "p_task_1": 0.5, "uncertainty": 0.6931471805599453}, "Food Science Technicians_7578_7582": {"llm_label": "TASK_1", "label_logprob": -4e-06, "p_task_1": 0.999996000008, "uncertainty": 5.371675735315082e-05}, "Food Science Technicians_7578_7583": {"llm_label": "TASK_2", "label_logprob": -0.000524, "p_task_1": 0.000523862735976488, "uncertainty": 0.004481131736734607}, "Food Science Technicians_7578_7584": {"llm_label": "TASK_2", "label_logprob": -0.001539, "p_task_1": 0.0015378163467919537, "uncertainty": 0.011497672334375911}, "Food Science Technicians_7578_7585": {"llm_label": "TASK_1", "label_logprob": -0.129595, "p_task_1": 0.8784511315946086, "uncertainty": 0.36999968646503734}, "Food Science Technicians_7578_7587": {"llm_label": "TASK_1", "label_logprob": -3.6e-05, "p_task_1": 0.9999640006479922, "uncertainty": 0.0004043444200614643}, "Food Science Technicians_7578_20394": {"llm_label": "TASK_1", "label_logprob": -0.002607, "p_task_1": 0.9973963952733665, "uncertainty": 0.018093895358301013}, "Food Science Technicians_7578_20395": {"llm_label": "TASK_1", "label_logprob": -0.000241, "p_task_1": 0.9997590290381673, "uncertainty": 0.0022484310372583886}, "Food Science Technicians_7578_20396": {"llm_label": "TASK_2", "label_logprob": -0.026395, "p_task_1": 0.026049696751336948, "uncertainty": 0.12073017748551403}, "Food Science Technicians_7578_20397": {"llm_label": "TASK_2", "label_logprob": -0.003979, "p_task_1": 0.003971094268610975, "uncertainty": 0.025918241857417448}, "Food Science Technicians_7578_20398": {"llm_label": "TASK_2", "label_logprob": -0.038294, "p_task_1": 0.03757005511097178, "uncertainty": 0.16014322973466322}, "Food Science Technicians_7578_22261": {"llm_label": "TASK_1", "label_logprob": -0.503437, "p_task_1": 0.6044495921983561, "uncertainty": 0.6711662133337465}, "Food Science Technicians_7579_7581": {"llm_label": "TASK_1", "label_logprob": -0.00642, "p_task_1": 0.9936005641691442, "uncertainty": 0.03870595653705332}, "Food Science Technicians_7579_7582": {"llm_label": "TASK_1", "label_logprob": -2e-06, "p_task_1": 0.999998000002, "uncertainty": 2.8244698509961958e-05}, "Food Science Technicians_7579_7583": {"llm_label": "TASK_1", "label_logprob": -0.33055, "p_task_1": 0.7185284340958209, "uncertainty": 0.5943377898808136}, "Food Science Technicians_7579_7584": {"llm_label": "TASK_1", "label_logprob": -0.255107, "p_task_1": 0.7748335863316504, "uncertainty": 0.5333695755489367}, "Food Science Technicians_7579_7585": {"llm_label": "TASK_1", "label_logprob": -2e-06, "p_task_1": 0.999998000002, "uncertainty": 2.8244698509961958e-05}, "Food Science Technicians_7579_7587": {"llm_label": "TASK_1", "label_logprob": -3e-06, "p_task_1": 0.9999970000045, "uncertainty": 4.1150633082097105e-05}, "Food Science Technicians_7579_20394": {"llm_label": "TASK_1", "label_logprob": -0.000448, "p_task_1": 0.9995521003370158, "uncertainty": 0.0039015273582097905}, "Food Science Technicians_7579_20395": {"llm_label": "TASK_1", "label_logprob": -3.1e-05, "p_task_1": 0.9999690004804951, "uncertainty": 0.0003528217551931141}, "Food Science Technicians_7579_20396": {"llm_label": "TASK_2", "label_logprob": -0.10263, "p_task_1": 0.09753917778008747, "uncertainty": 0.3196421034474294},