{"Nuclear Monitoring Technicians_7597_7598": {"llm_label": "TASK_1", "label_logprob": -0.524164, "p_task_1": 0.5920501114268821, "uncertainty": 0.6761036853250311}, "Nuclear Monitoring Technicians_7597_7599": {"llm_label": "TASK_2", "label_logprob": -0.476498, "p_task_1": 0.3790458299415699, "uncertainty": 0.6635950815035463}, "Nuclear Monitoring Technicians_7597_7600": {"llm_label": "TASK_1", "label_logprob": 0.0, "p_task_1": 1.0, "uncertainty": 0.0}, "Nuclear Monitoring Technicians_7597_7601": {"llm_label": "TASK_2", "label_logprob": -0.000127, "p_task_1": 0.0001269919358414251, "uncertainty": 0.001266277670632851}, "Nuclear Monitoring Technicians_7597_7602": {"llm_label": "TASK_1", "label_logprob": -0.241408, "p_task_1": 0.7855210684030548, "uncertainty": 0.5198307722519724}, "Nuclear Monitoring Technicians_7597_7603": {"llm_label": "TASK_2", "label_logprob": -0.001523, "p_task_1": 0.0015218408240497139, "uncertainty": 0.011394133803204271}, "Nuclear Monitoring Technicians_7597_7604": {"llm_label": "TASK_2", "label_logprob": -3.2e-05, "p_task_1": 3.199948800547414e-05, "uncertainty": 0.0003631869779441248}, "Nuclear Monitoring Technicians_7597_7605": {"llm_label": "TASK_2", "label_logprob": -3.1e-05, "p_task_1": 3.0999519504915085e-05, "uncertainty": 0.0003528217551931141}, "Nuclear Monitoring Technicians_7597_7606": {"llm_label": "TASK_2", "label_logprob": -7e-06, "p_task_1": 6.999975500021627e-06, "uncertainty": 9.008688755748087e-05}, "Nuclear Monitoring Technicians_7597_7608": {"llm_label": "TASK_2", "label_logprob": 0.0, "p_task_1": 0.0, "uncertainty": 0.0}, "Nuclear Monitoring Technicians_7597_7610": {"llm_label": "TASK_1", "label_logprob": -0.000169, "p_task_1": 0.9998310142796956, "uncertainty": 0.0016367300940866053}, "Nuclear Monitoring Technicians_7597_7612": {"llm_label": "TASK_2", "label_logprob": -3.6e-05, "p_task_1": 3.599935200782056e-05, "uncertainty": 0.0004043444200614643}, "Nuclear Monitoring Technicians_7597_20539": {"llm_label": "TASK_1", "label_logprob": -0.00092, "p_task_1": 0.9990804230702485, "uncertainty": 0.007348465157049141}, "Nuclear Monitoring Technicians_7597_20540": {"llm_label": "TASK_2", "label_logprob": -1.5e-05, "p_task_1": 1.4999887500533049e-05, "uncertainty": 0.00018161054327026476}, "Nuclear Monitoring Technicians_7597_20541": {"llm_label": "TASK_1", "label_logprob": -8.2e-05, "p_task_1": 0.9999180033619081, "uncertainty": 0.0008534858941009366}, "Nuclear Monitoring Technicians_7598_7599": {"llm_label": "TASK_2", "label_logprob": -0.107733, "p_task_1": 0.10213270500298355, "uncertainty": 0.3297438941548891}, "Nuclear Monitoring Technicians_7598_7600": {"llm_label": "TASK_1", "label_logprob": -0.0014, "p_task_1": 0.9986009795428267, "uncertainty": 0.010592379977565758}, "Nuclear Monitoring Technicians_7598_7601": {"llm_label": "TASK_2", "label_logprob": -0.000411, "p_task_1": 0.0004109155510698681, "uncertainty": 0.003614790140799459}, "Nuclear Monitoring Technicians_7598_7602": {"llm_label": "TASK_2", "label_logprob": -0.049266, "p_task_1": 0.04807211679871759, "uncertainty": 0.19279909958735741}, "Nuclear Monitoring Technicians_7598_7603": {"llm_label": "TASK_2", "label_logprob": -0.000439, "p_task_1": 0.0004389036535992208, "uncertainty": 0.0038320726946317425}, "Nuclear Monitoring Technicians_7598_7604": {"llm_label": "TASK_2", "label_logprob": -9e-06, "p_task_1": 8.999959500100019e-06, "uncertainty": 0.0001135640627863842}, "Nuclear Monitoring Technicians_7598_7605": {"llm_label": "TASK_2", "label_logprob": -3.7e-05, "p_task_1": 3.699931550849023e-05, "uncertainty": 0.00041456225843036797}, "Nuclear Monitoring Technicians_7598_7606": {"llm_label": "TASK_2", "label_logprob": -2.5e-05, "p_task_1": 2.4999687502580414e-05, "uncertainty": 0.0002899122444096467}, "Nuclear Monitoring Technicians_7598_7608": {"llm_label": "TASK_2", "label_logprob": -1e-06, "p_task_1": 9.999994999843054e-07, "uncertainty": 1.4815503149992376e-05}, "Nuclear Monitoring Technicians_7598_7610": {"llm_label": "CANNOT_DECIDE", "label_logprob": -0.335153, "p_task_1": 0.5, "uncertainty": 0.6931471805599453}, "Nuclear Monitoring Technicians_7598_7612": {"llm_label": "TASK_2", "label_logprob": -0.000231, "p_task_1": 0.0002309733215543064, "uncertainty": 0.002164934388724215}, "Nuclear Monitoring Technicians_7598_20539": {"llm_label": "TASK_2", "label_logprob": -1.024442, "p_task_1": 0.6410032702978095, "uncertainty": 0.6528387637907017}, "Nuclear Monitoring Technicians_7598_20540": {"llm_label": "TASK_2", "label_logprob": -2.8e-05, "p_task_1": 2.7999608003703713e-05, "uncertainty": 0.0003215280679255237}, "Nuclear Monitoring Technicians_7598_20541": {"llm_label": "CANNOT_DECIDE", "label_logprob": -0.232636, "p_task_1": 0.5, "uncertainty": 0.6931471805599453}, "Nuclear Monitoring Technicians_7599_7600": {"llm_label": "TASK_1", "label_logprob": -2.8e-05, "p_task_1": 0.9999720003919963, "uncertainty": 0.0003215280679255237}, "Nuclear Monitoring Technicians_7599_7601": {"llm_label": "TASK_2", "label_logprob": -6.6e-05, "p_task_1": 6.599782204796956e-05, "uncertainty": 0.0007012833412595727}, "Nuclear Monitoring Technicians_7599_7602": {"llm_label": "EQUAL_TIME", "label_logprob": -0.800347, "p_task_1": 0.5, "uncertainty": 0.6931471805599453}, "Nuclear Monitoring Technicians_7599_7603": {"llm_label": "TASK_2", "label_logprob": -0.000788, "p_task_1": 0.0007876896095345698, "uncertainty": 0.006416529400646106}, "Nuclear Monitoring Technicians_7599_7604": {"llm_label": "TASK_2", "label_logprob": -0.000271, "p_task_1": 0.00027096328281683846, "uncertainty": 0.0024964908717871504}, "Nuclear Monitoring Technicians_7599_7605": {"llm_label": "TASK_2", "label_logprob": -0.000142, "p_task_1": 0.00014198991847724773, "uncertainty": 0.001399975656547254}, "Nuclear Monitoring Technicians_7599_7606": {"llm_label": "TASK_2", "label_logprob": -0.000133, "p_task_1": 0.00013299115589204824, "uncertainty": 0.001319958691054697}, "Nuclear Monitoring Technicians_7599_7608": {"llm_label": "TASK_2", "label_logprob": -2e-06, "p_task_1": 1.9999979999907325e-06, "uncertainty": 2.8244698509961958e-05}, "Nuclear Monitoring Technicians_7599_7610": {"llm_label": "TASK_1", "label_logprob": -0.521601, "p_task_1": 0.5935694821042675, "uncertainty": 0.675533019573862}, "Nuclear Monitoring Technicians_7599_7612": {"llm_label": "TASK_2", "label_logprob": -0.000922, "p_task_1": 0.0009215750885994689, "uncertainty": 0.007362431468517188}, "Nuclear Monitoring Technicians_7599_20539": {"llm_label": "TASK_1", "label_logprob": -0.021305, "p_task_1": 0.9789203483265578, "uncertainty": 0.10221169810852995}, "Nuclear Monitoring Technicians_7599_20540": {"llm_label": "TASK_2", "label_logprob": -4e-06, "p_task_1": 3.9999919999589295e-06, "uncertainty": 5.371675735315082e-05}, "Nuclear Monitoring Technicians_7599_20541": {"llm_label": "TASK_2", "label_logprob": -0.327605, "p_task_1": 0.2793523806971949, "uncertainty": 0.5923406251827672}, "Nuclear Monitoring Technicians_7600_7601": {"llm_label": "TASK_2", "label_logprob": -2e-06, "p_task_1": 1.9999979999907325e-06, "uncertainty": 2.8244698509961958e-05}, "Nuclear Monitoring Technicians_7600_7602": {"llm_label": "TASK_2", "label_logprob": 0.0, "p_task_1": 0.0, "uncertainty": 0.0}, "Nuclear Monitoring Technicians_7600_7603": {"llm_label": "TASK_2", "label_logprob": 0.0, "p_task_1": 0.0, "uncertainty": 0.0}, "Nuclear Monitoring Technicians_7600_7604": {"llm_label": "TASK_2", "label_logprob": 0.0, "p_task_1": 0.0, "uncertainty": 0.0}, "Nuclear Monitoring Technicians_7600_7605": {"llm_label": "TASK_2", "label_logprob": 0.0, "p_task_1": 0.0, "uncertainty": 0.0}, "Nuclear Monitoring Technicians_7600_7606": {"llm_label": "TASK_2", "label_logprob": 0.0, "p_task_1": 0.0, "uncertainty": 0.0}, "Nuclear Monitoring Technicians_7600_7608": {"llm_label": "TASK_2", "label_logprob": 0.0, "p_task_1": 0.0, "uncertainty": 0.0}, "Nuclear Monitoring Technicians_7600_7610": {"llm_label": "TASK_2", "label_logprob": -0.001642, "p_task_1": 0.0016406526555474699,