{"Nuclear Technicians_22308_22309": {"llm_label": "TASK_2", "label_logprob": -0.001524, "p_task_1": 0.0015228393017095998, "uncertainty": 0.011400609912462807}, "Nuclear Technicians_22308_22310": {"llm_label": "TASK_2", "label_logprob": -0.005797, "p_task_1": 0.005780229816732652, "uncertainty": 0.035550818739478594}, "Nuclear Technicians_22308_22311": {"llm_label": "TASK_2", "label_logprob": -0.00866, "p_task_1": 0.008622610209707116, "uncertainty": 0.04957176274172771}, "Nuclear Technicians_22308_22312": {"llm_label": "TASK_1", "label_logprob": -0.000236, "p_task_1": 0.9997640278458094, "uncertainty": 0.002206735781176809}, "Nuclear Technicians_22308_22313": {"llm_label": "EQUAL_TIME", "label_logprob": -0.048587, "p_task_1": 0.5, "uncertainty": 0.6931471805599453}, "Nuclear Technicians_22308_22314": {"llm_label": "TASK_2", "label_logprob": -0.00193, "p_task_1": 0.0019281387475982292, "uncertainty": 0.013979459864240311}, "Nuclear Technicians_22308_22315": {"llm_label": "CANNOT_DECIDE", "label_logprob": -0.205717, "p_task_1": 0.5, "uncertainty": 0.6931471805599453}, "Nuclear Technicians_22308_22316": {"llm_label": "TASK_2", "label_logprob": -0.001175, "p_task_1": 0.001174309957792996, "uncertainty": 0.009096777043855295}, "Nuclear Technicians_22308_22318": {"llm_label": "TASK_1", "label_logprob": -0.019329, "p_task_1": 0.9808566073287228, "uncertainty": 0.09468636516470838}, "Nuclear Technicians_22308_22319": {"llm_label": "TASK_1", "label_logprob": -0.136293, "p_task_1": 0.8725869270600748, "uncertainty": 0.3814393106988071}, "Nuclear Technicians_22308_22320": {"llm_label": "TASK_2", "label_logprob": -0.113036, "p_task_1": 0.10688149272899394, "uncertainty": 0.3399452597384321}, "Nuclear Technicians_22308_22321": {"llm_label": "CANNOT_DECIDE", "label_logprob": -0.01351, "p_task_1": 0.5, "uncertainty": 0.6931471805599453}, "Nuclear Technicians_22308_22323": {"llm_label": "TASK_2", "label_logprob": -9.1e-05, "p_task_1": 9.099585962557555e-05, "uncertainty": 0.0009376805805994633}, "Nuclear Technicians_22308_22324": {"llm_label": "TASK_2", "label_logprob": -0.108004, "p_task_1": 0.10237599407276987, "uncertainty": 0.33027242109329114}, "Nuclear Technicians_22308_22326": {"llm_label": "TASK_2", "label_logprob": -0.005101, "p_task_1": 0.005088011992825825, "uncertainty": 0.031944166255124834}, "Nuclear Technicians_22309_22310": {"llm_label": "CANNOT_DECIDE", "label_logprob": -0.359434, "p_task_1": 0.5, "uncertainty": 0.6931471805599453}, "Nuclear Technicians_22309_22311": {"llm_label": "EQUAL_TIME", "label_logprob": -0.048603, "p_task_1": 0.5, "uncertainty": 0.6931471805599453}, "Nuclear Technicians_22309_22312": {"llm_label": "TASK_1", "label_logprob": 0.0, "p_task_1": 1.0, "uncertainty": 0.0}, "Nuclear Technicians_22309_22313": {"llm_label": "TASK_1", "label_logprob": -0.000673, "p_task_1": 0.999327226413705, "uncertainty": 0.005586553925105065}, "Nuclear Technicians_22309_22314": {"llm_label": "TASK_2", "label_logprob": -6e-05, "p_task_1": 5.999820003599332e-05, "uncertainty": 0.0006432506620406343}, "Nuclear Technicians_22309_22315": {"llm_label": "TASK_1", "label_logprob": -0.012977, "p_task_1": 0.9871068382164788, "uncertainty": 0.0689085827734314}, "Nuclear Technicians_22309_22316": {"llm_label": "TASK_2", "label_logprob": -0.000159, "p_task_1": 0.00015898736016994874, "uncertainty": 0.0015495872152828344}, "Nuclear Technicians_22309_22318": {"llm_label": "TASK_1", "label_logprob": -2e-06, "p_task_1": 0.999998000002, "uncertainty": 2.8244698509961958e-05}, "Nuclear Technicians_22309_22319": {"llm_label": "TASK_1", "label_logprob": -1.9e-05, "p_task_1": 0.9999810001804988, "uncertainty": 0.00022554821728270377}, "Nuclear Technicians_22309_22320": {"llm_label": "TASK_1", "label_logprob": -0.001236, "p_task_1": 0.9987647635333918, "uncertainty": 0.009506225422201038}, "Nuclear Technicians_22309_22321": {"llm_label": "TASK_1", "label_logprob": -1e-06, "p_task_1": 0.9999990000005, "uncertainty": 1.4815503149992376e-05}, "Nuclear Technicians_22309_22323": {"llm_label": "TASK_2", "label_logprob": -0.246217, "p_task_1": 0.21824743378869527, "uncertainty": 0.5246808306149708}, "Nuclear Technicians_22309_22324": {"llm_label": "CANNOT_DECIDE", "label_logprob": -0.537656, "p_task_1": 0.5, "uncertainty": 0.6931471805599453}, "Nuclear Technicians_22309_22326": {"llm_label": "TASK_1", "label_logprob": -0.00561, "p_task_1": 0.9944057066648108, "uncertainty": 0.03459066739302988}, "Nuclear Technicians_22310_22311": {"llm_label": "TASK_2", "label_logprob": -0.04452, "p_task_1": 0.04354352922708726, "uncertainty": 0.17904660878893489}, "Nuclear Technicians_22310_22312": {"llm_label": "TASK_1", "label_logprob": -2e-06, "p_task_1": 0.999998000002, "uncertainty": 2.8244698509961958e-05}, "Nuclear Technicians_22310_22313": {"llm_label": "CANNOT_DECIDE", "label_logprob": -0.007634, "p_task_1": 0.5, "uncertainty": 0.6931471805599453}, "Nuclear Technicians_22310_22314": {"llm_label": "TASK_2", "label_logprob": -0.002489, "p_task_1": 0.0024859050078442912, "uncertainty": 0.01739107948792346}, "Nuclear Technicians_22310_22315": {"llm_label": "EQUAL_TIME", "label_logprob": -0.018161, "p_task_1": 0.5, "uncertainty": 0.6931471805599453}, "Nuclear Technicians_22310_22316": {"llm_label": "TASK_2", "label_logprob": -0.000343, "p_task_1": 0.00034294118222499836, "uncertainty": 0.0030788505266343955}, "Nuclear Technicians_22310_22318": {"llm_label": "TASK_1", "label_logprob": -4.8e-05, "p_task_1": 0.9999520011519816, "uncertainty": 0.0005253142506203896}, "Nuclear Technicians_22310_22319": {"llm_label": "TASK_1", "label_logprob": -0.011229, "p_task_1": 0.9888338099032047, "uncertainty": 0.06129412975278248}, "Nuclear Technicians_22310_22320": {"llm_label": "TASK_1", "label_logprob": -0.080922, "p_task_1": 0.9222656253579269, "uncertainty": 0.27320075214331396}, "Nuclear Technicians_22310_22321": {"llm_label": "TASK_1", "label_logprob": -0.000986, "p_task_1": 0.9990144859382751, "uncertainty": 0.007807098752268481}, "Nuclear Technicians_22310_22323": {"llm_label": "TASK_2", "label_logprob": -0.012956, "p_task_1": 0.012872432322260097, "uncertainty": 0.06881863979631744}, "Nuclear Technicians_22310_22324": {"llm_label": "TASK_2", "label_logprob": -0.11304, "p_task_1": 0.10688506519587815, "uncertainty": 0.3399528440137878}, "Nuclear Technicians_22310_22326": {"llm_label": "TASK_2", "label_logprob": -0.033078, "p_task_1": 0.03253690547544019, "uncertainty": 0.14345301865479326}, "Nuclear Technicians_22311_22312": {"llm_label": "TASK_1", "label_logprob": -1e-06, "p_task_1": 0.9999990000005, "uncertainty": 1.4815503149992376e-05}, "Nuclear Technicians_22311_22313": {"llm_label": "TASK_1", "label_logprob": -0.116652, "p_task_1": 0.8898948226830439, "uncertainty": 0.3467351789756716}, "Nuclear Technicians_22311_22314": {"llm_label": "TASK_2", "label_logprob": -9.7e-05, "p_task_1": 9.699529565210252e-05, "uncertainty": 0.0009933093829617684}, "Nuclear Technicians_22311_22315": {"llm_label": "TASK_1", "label_logprob": -0.04599, "p_task_1": 0.9550515126580887, "uncertainty": 0.18336373221202446}, "Nuclear Technicians_22311_22316": {"llm_label": "TASK_2", "label_logprob": -0.000124, "p_task_1": 0.00012399231231774444, "uncertainty": 0.0012393315549874347}, "Nuclear Technicians_22311_22318": {"llm_label": "TASK_1", "label_logprob": -2.3e-05, "p_task_1": 0.999977000264498, "uncertainty": 0.00026863728652655293}, "Nuclear Technicians_22311_22319": {"llm_label": "TASK_1", "label_logprob": -2e-05, "p_task_1": 0.9999800001999987, "uncertainty": 0.00023639320174866763}, "Nuclear Technicians_22311_22320": {"llm_label": "TASK_1", "label_logprob": -0.796222, "p_task_1": 0.4510297396857348, "uncertainty": 0.6883433104388321}, "Nuclear Technicians_22311_22321": {"llm_label": "TASK_1", "label_logprob": -0.000939, "p_task_1": 0.9990614407225431, "uncertainty": 0.007480969848427676}, "Nuclear Technicians_22311_22323": {"llm_label": "TASK_2", "label_logprob": -0.002679, "p_task_1": 0.0026754146819036873,