{"Marriage and Family Therapists_9184_9185": {"llm_label": "TASK_2", "label_logprob": -0.015375, "p_task_1": 0.015257408117262616, "uncertainty": 0.07895742747346601}, "Marriage and Family Therapists_9184_9186": {"llm_label": "EQUAL_TIME", "label_logprob": -0.12126, "p_task_1": 0.5, "uncertainty": 0.6931471805599453}, "Marriage and Family Therapists_9184_9187": {"llm_label": "TASK_2", "label_logprob": -0.012452, "p_task_1": 0.012374794633987052, "uncertainty": 0.06664916494846687}, "Marriage and Family Therapists_9184_9188": {"llm_label": "TASK_2", "label_logprob": -0.000705, "p_task_1": 0.0007047515458901144, "uncertainty": 0.00581935394368653}, "Marriage and Family Therapists_9184_9190": {"llm_label": "TASK_2", "label_logprob": -0.05259, "p_task_1": 0.05123107199034904, "uncertainty": 0.20212422919494485}, "Marriage and Family Therapists_9184_9191": {"llm_label": "TASK_2", "label_logprob": -0.317335, "p_task_1": 0.2719131948133692, "uncertainty": 0.5851524752167138}, "Marriage and Family Therapists_9184_9193": {"llm_label": "TASK_2", "label_logprob": -0.001628, "p_task_1": 0.001626675526844923, "uncertainty": 0.012070588157611771}, "Marriage and Family Therapists_9184_9194": {"llm_label": "TASK_1", "label_logprob": -0.010194, "p_task_1": 0.9898577827109738, "uncertainty": 0.05665402309958629}, "Marriage and Family Therapists_9184_9195": {"llm_label": "TASK_2", "label_logprob": -3.1e-05, "p_task_1": 3.0999519504915085e-05, "uncertainty": 0.0003528217551931141}, "Marriage and Family Therapists_9184_9196": {"llm_label": "TASK_2", "label_logprob": -6.3e-05, "p_task_1": 6.299801554165985e-05, "uncertainty": 0.0006723384985142869}, "Marriage and Family Therapists_9184_9197": {"llm_label": "TASK_2", "label_logprob": -0.038897, "p_task_1": 0.038150225428809414, "uncertainty": 0.16202023779000366}, "Marriage and Family Therapists_9184_9199": {"llm_label": "TASK_2", "label_logprob": -1e-06, "p_task_1": 9.999994999843054e-07, "uncertainty": 1.4815503149992376e-05}, "Marriage and Family Therapists_9184_20232": {"llm_label": "TASK_2", "label_logprob": 0.0, "p_task_1": 0.0, "uncertainty": 0.0}, "Marriage and Family Therapists_9184_20233": {"llm_label": "TASK_2", "label_logprob": -0.02982, "p_task_1": 0.029379770533292104, "uncertainty": 0.1325795350381962}, "Marriage and Family Therapists_9185_9186": {"llm_label": "EQUAL_TIME", "label_logprob": -0.001512, "p_task_1": 0.5, "uncertainty": 0.6931471805599453}, "Marriage and Family Therapists_9185_9187": {"llm_label": "TASK_1", "label_logprob": -0.007434, "p_task_1": 0.9925935638325302, "uncertainty": 0.043710516260196536}, "Marriage and Family Therapists_9185_9188": {"llm_label": "EQUAL_TIME", "label_logprob": -0.517124, "p_task_1": 0.5, "uncertainty": 0.6931471805599453}, "Marriage and Family Therapists_9185_9190": {"llm_label": "TASK_1", "label_logprob": -1.4e-05, "p_task_1": 0.9999860000979995, "uncertainty": 0.0001704691519101948}, "Marriage and Family Therapists_9185_9191": {"llm_label": "TASK_1", "label_logprob": -0.002135, "p_task_1": 0.9978672774913969, "uncertainty": 0.0152474491916691}, "Marriage and Family Therapists_9185_9193": {"llm_label": "TASK_1", "label_logprob": -0.001489, "p_task_1": 0.9985121080104892, "uncertainty": 0.011173548998041733}, "Marriage and Family Therapists_9185_9194": {"llm_label": "TASK_1", "label_logprob": -7e-06, "p_task_1": 0.9999930000245, "uncertainty": 9.008688755748087e-05}, "Marriage and Family Therapists_9185_9195": {"llm_label": "TASK_2", "label_logprob": -0.002083, "p_task_1": 0.0020808320610334885, "uncertainty": 0.014927777459950409}, "Marriage and Family Therapists_9185_9196": {"llm_label": "TASK_2", "label_logprob": -1.219452, "p_task_1": 0.7046080026070127, "uncertainty": 0.6069092454779449}, "Marriage and Family Therapists_9185_9197": {"llm_label": "EQUAL_TIME", "label_logprob": -0.774819, "p_task_1": 0.5, "uncertainty": 0.6931471805599453}, "Marriage and Family Therapists_9185_9199": {"llm_label": "TASK_2", "label_logprob": -0.002132, "p_task_1": 0.002129728902280137, "uncertainty": 0.015229041732111988}, "Marriage and Family Therapists_9185_20232": {"llm_label": "TASK_2", "label_logprob": -0.000241, "p_task_1": 0.0002409709618327316, "uncertainty": 0.0022484310372583886}, "Marriage and Family Therapists_9185_20233": {"llm_label": "TASK_1", "label_logprob": -3.5e-05, "p_task_1": 0.9999650006124928, "uncertainty": 0.00039409879060961955}, "Marriage and Family Therapists_9186_9187": {"llm_label": "TASK_1", "label_logprob": -0.645689, "p_task_1": 0.5243011741206484, "uncertainty": 0.6919656209982967}, "Marriage and Family Therapists_9186_9188": {"llm_label": "TASK_2", "label_logprob": -0.11303, "p_task_1": 0.10687613400187423, "uncertainty": 0.33993388301782973}, "Marriage and Family Therapists_9186_9190": {"llm_label": "TASK_1", "label_logprob": -0.005697, "p_task_1": 0.9943191971315503, "uncertainty": 0.035038151998991844}, "Marriage and Family Therapists_9186_9191": {"llm_label": "EQUAL_TIME", "label_logprob": -0.455013, "p_task_1": 0.5, "uncertainty": 0.6931471805599453}, "Marriage and Family Therapists_9186_9193": {"llm_label": "TASK_1", "label_logprob": -0.650529, "p_task_1": 0.521769687577137, "uncertainty": 0.6921990422722254}, "Marriage and Family Therapists_9186_9194": {"llm_label": "TASK_1", "label_logprob": -0.000133, "p_task_1": 0.999867008844108, "uncertainty": 0.001319958691054697}, "Marriage and Family Therapists_9186_9195": {"llm_label": "TASK_2", "label_logprob": -9.9e-05, "p_task_1": 9.899509966171394e-05, "uncertainty": 0.0010117685967436802}, "Marriage and Family Therapists_9186_9196": {"llm_label": "TASK_2", "label_logprob": -0.285937, "p_task_1": 0.24869005301739733, "uncertainty": 0.560891439525462}, "Marriage and Family Therapists_9186_9197": {"llm_label": "TASK_2", "label_logprob": -0.714352, "p_task_1": 0.5104907889861738, "uncertainty": 0.6929270511000399}, "Marriage and Family Therapists_9186_9199": {"llm_label": "TASK_2", "label_logprob": -8e-06, "p_task_1": 7.999968000049762e-06, "uncertainty": 0.00010188814457675767}, "Marriage and Family Therapists_9186_20232": {"llm_label": "TASK_2", "label_logprob": -5e-06, "p_task_1": 4.999987500031722e-06, "uncertainty": 6.603019815215604e-05}, "Marriage and Family Therapists_9186_20233": {"llm_label": "EQUAL_TIME", "label_logprob": -0.3011, "p_task_1": 0.5, "uncertainty": 0.6931471805599453}, "Marriage and Family Therapists_9187_9188": {"llm_label": "TASK_2", "label_logprob": -0.004126, "p_task_1": 0.004117499756686516, "uncertainty": 0.026724416305335504}, "Marriage and Family Therapists_9187_9190": {"llm_label": "TASK_1", "label_logprob": -0.062655, "p_task_1": 0.9392674650728561, "uncertainty": 0.22897837907656482}, "Marriage and Family Therapists_9187_9191": {"llm_label": "TASK_1", "label_logprob": -0.148755, "p_task_1": 0.8617802251920634, "uncertainty": 0.4017186519850776}, "Marriage and Family Therapists_9187_9193": {"llm_label": "TASK_2", "label_logprob": -0.128712, "p_task_1": 0.12077285349603162, "uncertainty": 0.3684620249805022}, "Marriage and Family Therapists_9187_9194": {"llm_label": "TASK_1", "label_logprob": -0.003902, "p_task_1": 0.9961056029099338, "uncertainty": 0.025493761875045345}, "Marriage and Family Therapists_9187_9195": {"llm_label": "TASK_2", "label_logprob": -0.002264, "p_task_1": 0.0022614390850017596, "uncertainty": 0.01603501047905018}, "Marriage and Family Therapists_9187_9196": {"llm_label": "TASK_2", "label_logprob": -0.698689, "p_task_1": 0.502763245942976, "uncertainty": 0.6931319094259265}, "Marriage and Family Therapists_9187_9197": {"llm_label": "TASK_2", "label_logprob": -0.055554, "p_task_1": 0.054039059599582884, "uncertainty": 0.2102404929465932}, "Marriage and Family Therapists_9187_9199": {"llm_label": "TASK_2", "label_logprob": -0.000452, "p_task_1": 0.00045189786338917237, "uncertainty": 0.003932337655503984}, "Marriage and Family Therapists_9187_20232": {"llm_label": "TASK_2", "label_logprob": -9e-06, "p_task_1": 8.999959500100019e-06,