{"Mental Health and Substance Abuse Social Workers_273_275": {"llm_label": "TASK_1", "label_logprob": -0.000162, "p_task_1": 0.9998380131212914, "uncertainty": 0.0015757944614625038}, "Mental Health and Substance Abuse Social Workers_273_276": {"llm_label": "TASK_1", "label_logprob": -2.3e-05, "p_task_1": 0.999977000264498, "uncertainty": 0.00026863728652655293}, "Mental Health and Substance Abuse Social Workers_273_277": {"llm_label": "TASK_1", "label_logprob": -0.010441, "p_task_1": 0.989613318031275, "uncertainty": 0.05777092721339837}, "Mental Health and Substance Abuse Social Workers_273_278": {"llm_label": "EQUAL_TIME", "label_logprob": -0.002191, "p_task_1": 0.5, "uncertainty": 0.6931471805599453}, "Mental Health and Substance Abuse Social Workers_273_279": {"llm_label": "TASK_1", "label_logprob": -0.000172, "p_task_1": 0.9998280147911519, "uncertainty": 0.001662755765075375}, "Mental Health and Substance Abuse Social Workers_273_280": {"llm_label": "TASK_2", "label_logprob": -0.004509, "p_task_1": 0.004498849721099818, "uncertainty": 0.02880019955175455}, "Mental Health and Substance Abuse Social Workers_273_281": {"llm_label": "TASK_1", "label_logprob": -0.034062, "p_task_1": 0.9665115790619312, "uncertainty": 0.14666659918758548}, "Mental Health and Substance Abuse Social Workers_273_282": {"llm_label": "TASK_2", "label_logprob": -0.262966, "p_task_1": 0.2312319650199932, "uncertainty": 0.5407606590111925}, "Mental Health and Substance Abuse Social Workers_273_18487": {"llm_label": "EQUAL_TIME", "label_logprob": -0.013814, "p_task_1": 0.5, "uncertainty": 0.6931471805599453}, "Mental Health and Substance Abuse Social Workers_273_18488": {"llm_label": "TASK_1", "label_logprob": -0.000256, "p_task_1": 0.999744032765204, "uncertainty": 0.002372901533395787}, "Mental Health and Substance Abuse Social Workers_273_18489": {"llm_label": "TASK_1", "label_logprob": -2.6e-05, "p_task_1": 0.9999740003379971, "uncertainty": 0.0003004888581468068}, "Mental Health and Substance Abuse Social Workers_273_18490": {"llm_label": "EQUAL_TIME", "label_logprob": -0.205467, "p_task_1": 0.5, "uncertainty": 0.6931471805599453}, "Mental Health and Substance Abuse Social Workers_275_276": {"llm_label": "TASK_2", "label_logprob": -0.041514, "p_task_1": 0.04066409545520666, "uncertainty": 0.17004896655999213}, "Mental Health and Substance Abuse Social Workers_275_277": {"llm_label": "TASK_2", "label_logprob": -6.4e-05, "p_task_1": 6.399795204370395e-05, "uncertainty": 0.0006820023340782717}, "Mental Health and Substance Abuse Social Workers_275_278": {"llm_label": "TASK_2", "label_logprob": -5e-05, "p_task_1": 4.999875002087428e-05, "uncertainty": 0.0005451607485001352}, "Mental Health and Substance Abuse Social Workers_275_279": {"llm_label": "CANNOT_DECIDE", "label_logprob": -0.713296, "p_task_1": 0.5, "uncertainty": 0.6931471805599453}, "Mental Health and Substance Abuse Social Workers_275_280": {"llm_label": "TASK_2", "label_logprob": -3.7e-05, "p_task_1": 3.699931550849023e-05, "uncertainty": 0.00041456225843036797}, "Mental Health and Substance Abuse Social Workers_275_281": {"llm_label": "TASK_2", "label_logprob": -0.577067, "p_task_1": 0.4384570409094891, "uncertainty": 0.6855528648341218}, "Mental Health and Substance Abuse Social Workers_275_282": {"llm_label": "TASK_2", "label_logprob": -0.004106, "p_task_1": 0.004097581907503867, "uncertainty": 0.026615051065396803}, "Mental Health and Substance Abuse Social Workers_275_18487": {"llm_label": "TASK_2", "label_logprob": -2.3e-05, "p_task_1": 2.2999735502016172e-05, "uncertainty": 0.00026863728652655293}, "Mental Health and Substance Abuse Social Workers_275_18488": {"llm_label": "CANNOT_DECIDE", "label_logprob": -0.005378, "p_task_1": 0.5, "uncertainty": 0.6931471805599453}, "Mental Health and Substance Abuse Social Workers_275_18489": {"llm_label": "TASK_2", "label_logprob": -0.039224, "p_task_1": 0.038464698885881776, "uncertainty": 0.16303380237284296}, "Mental Health and Substance Abuse Social Workers_275_18490": {"llm_label": "TASK_2", "label_logprob": -0.162804, "p_task_1": 0.1502422753924667, "uncertainty": 0.42312910887368427}, "Mental Health and Substance Abuse Social Workers_276_277": {"llm_label": "TASK_2", "label_logprob": -0.000141, "p_task_1": 0.00014099005996714986, "uncertainty": 0.0013911137684207108}, "Mental Health and Substance Abuse Social Workers_276_278": {"llm_label": "TASK_2", "label_logprob": -1.7e-05, "p_task_1": 1.6999855500854366e-05, "uncertainty": 0.000203697321204896}, "Mental Health and Substance Abuse Social Workers_276_279": {"llm_label": "TASK_2", "label_logprob": -0.144234, "p_task_1": 0.134314845969415, "uncertainty": 0.39450750492346554}, "Mental Health and Substance Abuse Social Workers_276_280": {"llm_label": "TASK_2", "label_logprob": -2.3e-05, "p_task_1": 2.2999735502016172e-05, "uncertainty": 0.00026863728652655293}, "Mental Health and Substance Abuse Social Workers_276_281": {"llm_label": "TASK_2", "label_logprob": -0.136292, "p_task_1": 0.12741220035256184, "uncertainty": 0.3814376318129262}, "Mental Health and Substance Abuse Social Workers_276_282": {"llm_label": "TASK_2", "label_logprob": -0.019047, "p_task_1": 0.018866752103523732, "uncertainty": 0.09359533067264791}, "Mental Health and Substance Abuse Social Workers_276_18487": {"llm_label": "TASK_2", "label_logprob": -1.7e-05, "p_task_1": 1.6999855500854366e-05, "uncertainty": 0.000203697321204896}, "Mental Health and Substance Abuse Social Workers_276_18488": {"llm_label": "CANNOT_DECIDE", "label_logprob": -0.301538, "p_task_1": 0.5, "uncertainty": 0.6931471805599453}, "Mental Health and Substance Abuse Social Workers_276_18489": {"llm_label": "TASK_2", "label_logprob": -0.694243, "p_task_1": 0.5005476096245929, "uncertainty": 0.6931465808072235}, "Mental Health and Substance Abuse Social Workers_276_18490": {"llm_label": "TASK_2", "label_logprob": -0.00889, "p_task_1": 0.008850600789437224, "uncertainty": 0.05065049719044742}, "Mental Health and Substance Abuse Social Workers_277_278": {"llm_label": "TASK_2", "label_logprob": -0.000169, "p_task_1": 0.0001689857203044376, "uncertainty": 0.0016367300940866053}, "Mental Health and Substance Abuse Social Workers_277_279": {"llm_label": "TASK_1", "label_logprob": -0.799069, "p_task_1": 0.4497474841736713, "uncertainty": 0.6880880123660656}, "Mental Health and Substance Abuse Social Workers_277_280": {"llm_label": "TASK_2", "label_logprob": -3e-06, "p_task_1": 2.9999955000192813e-06, "uncertainty": 4.1150633082097105e-05}, "Mental Health and Substance Abuse Social Workers_277_281": {"llm_label": "TASK_2", "label_logprob": -0.128253, "p_task_1": 0.12036919560338688, "uncertainty": 0.3676599429149015}, "Mental Health and Substance Abuse Social Workers_277_282": {"llm_label": "TASK_2", "label_logprob": -0.000918, "p_task_1": 0.0009175787669072344, "uncertainty": 0.007334494471814023}, "Mental Health and Substance Abuse Social Workers_277_18487": {"llm_label": "TASK_2", "label_logprob": -0.000327, "p_task_1": 0.0003269465413271444, "uncertainty": 0.0029508724840821114}, "Mental Health and Substance Abuse Social Workers_277_18488": {"llm_label": "TASK_1", "label_logprob": -0.001656, "p_task_1": 0.9983453704114285, "uncertainty": 0.012249802522629614}, "Mental Health and Substance Abuse Social Workers_277_18489": {"llm_label": "CANNOT_DECIDE", "label_logprob": -0.102068, "p_task_1": 0.5, "uncertainty": 0.6931471805599453}, "Mental Health and Substance Abuse Social Workers_277_18490": {"llm_label": "TASK_2", "label_logprob": -0.180422, "p_task_1": 0.16508219825427428, "uncertainty": 0.4480020443602579}, "Mental Health and Substance Abuse Social Workers_278_279": {"llm_label": "TASK_1", "label_logprob": -0.024943, "p_task_1": 0.9753655062777393, "uncertainty": 0.11556504084129218}, "Mental Health and Substance Abuse Social Workers_278_280": {"llm_label": "TASK_2", "label_logprob": -0.000728, "p_task_1": 0.0007277350722930676, "uncertainty": 0.005985773453286629},