{"Health Education Specialists_9216_9217": {"llm_label": "TASK_2", "label_logprob": 0.0, "p_task_1": 0.0, "uncertainty": 0.0}, "Health Education Specialists_9216_9218": {"llm_label": "TASK_2", "label_logprob": -0.020582, "p_task_1": 0.020371636344902466, "uncertainty": 0.09948195302616306}, "Health Education Specialists_9216_9220": {"llm_label": "TASK_2", "label_logprob": 0.0, "p_task_1": 0.0, "uncertainty": 0.0}, "Health Education Specialists_9216_9221": {"llm_label": "TASK_2", "label_logprob": -4e-06, "p_task_1": 3.9999919999589295e-06, "uncertainty": 5.371675735315082e-05}, "Health Education Specialists_9216_9222": {"llm_label": "TASK_2", "label_logprob": -0.003613, "p_task_1": 0.0036064809689496657, "uncertainty": 0.02388650740073113}, "Health Education Specialists_9216_9223": {"llm_label": "TASK_2", "label_logprob": -0.000756, "p_task_1": 0.0007557143039998993, "uncertainty": 0.006187387592229689}, "Health Education Specialists_9216_9224": {"llm_label": "TASK_2", "label_logprob": 0.0, "p_task_1": 0.0, "uncertainty": 0.0}, "Health Education Specialists_9216_9225": {"llm_label": "TASK_2", "label_logprob": -3.6e-05, "p_task_1": 3.599935200782056e-05, "uncertainty": 0.0004043444200614643}, "Health Education Specialists_9216_9226": {"llm_label": "TASK_2", "label_logprob": 0.0, "p_task_1": 0.0, "uncertainty": 0.0}, "Health Education Specialists_9216_9227": {"llm_label": "TASK_2", "label_logprob": -4.6e-05, "p_task_1": 4.599894201617882e-05, "uncertainty": 0.0005053843575021392}, "Health Education Specialists_9216_9228": {"llm_label": "TASK_2", "label_logprob": -7.8e-05, "p_task_1": 7.799695807908513e-05, "uncertainty": 0.000815754720211472}, "Health Education Specialists_9216_9229": {"llm_label": "TASK_2", "label_logprob": -3e-06, "p_task_1": 2.9999955000192813e-06, "uncertainty": 4.1150633082097105e-05}, "Health Education Specialists_9216_20235": {"llm_label": "TASK_2", "label_logprob": 0.0, "p_task_1": 0.0, "uncertainty": 0.0}, "Health Education Specialists_9216_20236": {"llm_label": "TASK_2", "label_logprob": 0.0, "p_task_1": 0.0, "uncertainty": 0.0}, "Health Education Specialists_9216_20237": {"llm_label": "TASK_2", "label_logprob": -2e-06, "p_task_1": 1.9999979999907325e-06, "uncertainty": 2.8244698509961958e-05}, "Health Education Specialists_9217_9218": {"llm_label": "TASK_1", "label_logprob": -0.000634, "p_task_1": 0.9993662009355334, "uncertainty": 0.0053007541506326855}, "Health Education Specialists_9217_9220": {"llm_label": "TASK_2", "label_logprob": -0.169852, "p_task_1": 0.15621031177048716, "uncertainty": 0.4333319371276907}, "Health Education Specialists_9217_9221": {"llm_label": "TASK_1", "label_logprob": -0.040988, "p_task_1": 0.9598406479664663, "uncertainty": 0.16845024685571297}, "Health Education Specialists_9217_9222": {"llm_label": "TASK_1", "label_logprob": -4.3e-05, "p_task_1": 0.9999570009244867, "uncertainty": 0.0004753251294579815}, "Health Education Specialists_9217_9223": {"llm_label": "TASK_1", "label_logprob": -0.012956, "p_task_1": 0.9871275676777399, "uncertainty": 0.06881863979631744}, "Health Education Specialists_9217_9224": {"llm_label": "TASK_2", "label_logprob": -0.000235, "p_task_1": 0.0002349723896628575, "uncertainty": 0.002198384065593663}, "Health Education Specialists_9217_9225": {"llm_label": "TASK_1", "label_logprob": -0.083841, "p_task_1": 0.9195774572875306, "uncertainty": 0.2798001567307708}, "Health Education Specialists_9217_9226": {"llm_label": "TASK_2", "label_logprob": -9.5e-05, "p_task_1": 9.499548764291266e-05, "uncertainty": 0.0009748088941848546}, "Health Education Specialists_9217_9227": {"llm_label": "TASK_1", "label_logprob": -0.044563, "p_task_1": 0.9564153440289008, "uncertainty": 0.17917364850207335}, "Health Education Specialists_9217_9228": {"llm_label": "TASK_1", "label_logprob": -9.9e-05, "p_task_1": 0.9999010049003383, "uncertainty": 0.0010117685967436802}, "Health Education Specialists_9217_9229": {"llm_label": "TASK_2", "label_logprob": -0.001024, "p_task_1": 0.0010234758909111186, "uncertainty": 0.00806912363077076}, "Health Education Specialists_9217_20235": {"llm_label": "CANNOT_DECIDE", "label_logprob": -0.821842, "p_task_1": 0.5, "uncertainty": 0.6931471805599453}, "Health Education Specialists_9217_20236": {"llm_label": "TASK_1", "label_logprob": -0.513115, "p_task_1": 0.5986279454334252, "uncertainty": 0.6735640668059267}, "Health Education Specialists_9217_20237": {"llm_label": "CANNOT_DECIDE", "label_logprob": -0.018122, "p_task_1": 0.5, "uncertainty": 0.6931471805599453}, "Health Education Specialists_9218_9220": {"llm_label": "TASK_2", "label_logprob": -7.5e-05, "p_task_1": 7.49971875703137e-05, "uncertainty": 0.0007873221583997021}, "Health Education Specialists_9218_9221": {"llm_label": "TASK_2", "label_logprob": -1.4e-05, "p_task_1": 1.3999902000461084e-05, "uncertainty": 0.0001704691519101948}, "Health Education Specialists_9218_9222": {"llm_label": "TASK_1", "label_logprob": -0.046006, "p_task_1": 0.9550362319561322, "uncertainty": 0.18341043111005823}, "Health Education Specialists_9218_9223": {"llm_label": "TASK_2", "label_logprob": -0.100352, "p_task_1": 0.09548102868527808, "uncertainty": 0.31503877316691664}, "Health Education Specialists_9218_9224": {"llm_label": "TASK_2", "label_logprob": 0.0, "p_task_1": 0.0, "uncertainty": 0.0}, "Health Education Specialists_9218_9225": {"llm_label": "TASK_2", "label_logprob": -0.080283, "p_task_1": 0.07714485857714592, "uncertainty": 0.27174013369435224}, "Health Education Specialists_9218_9226": {"llm_label": "TASK_2", "label_logprob": -1e-06, "p_task_1": 9.999994999843054e-07, "uncertainty": 1.4815503149992376e-05}, "Health Education Specialists_9218_9227": {"llm_label": "TASK_2", "label_logprob": -0.000341, "p_task_1": 0.00034094186610811317, "uncertainty": 0.003062894923900382}, "Health Education Specialists_9218_9228": {"llm_label": "CANNOT_DECIDE", "label_logprob": -0.097925, "p_task_1": 0.5, "uncertainty": 0.6931471805599453}, "Health Education Specialists_9218_9229": {"llm_label": "TASK_2", "label_logprob": 0.0, "p_task_1": 0.0, "uncertainty": 0.0}, "Health Education Specialists_9218_20235": {"llm_label": "TASK_2", "label_logprob": -5.2e-05, "p_task_1": 5.1998648023410254e-05, "uncertainty": 0.000564927187419359}, "Health Education Specialists_9218_20236": {"llm_label": "CANNOT_DECIDE", "label_logprob": -0.378652, "p_task_1": 0.5, "uncertainty": 0.6931471805599453}, "Health Education Specialists_9218_20237": {"llm_label": "TASK_2", "label_logprob": -2.5e-05, "p_task_1": 2.4999687502580414e-05, "uncertainty": 0.0002899122444096467}, "Health Education Specialists_9220_9221": {"llm_label": "TASK_1", "label_logprob": -0.174264, "p_task_1": 0.8400750885575392, "uncertainty": 0.4395453444685561}, "Health Education Specialists_9220_9222": {"llm_label": "TASK_1", "label_logprob": -4.1e-05, "p_task_1": 0.9999590008404885, "uncertainty": 0.00045517014709289875}, "Health Education Specialists_9220_9223": {"llm_label": "TASK_1", "label_logprob": -0.000814, "p_task_1": 0.999186331208126, "uncertainty": 0.006601742604965977}, "Health Education Specialists_9220_9224": {"llm_label": "TASK_2", "label_logprob": -2.9e-05, "p_task_1": 2.8999579504085382e-05, "uncertainty": 0.000331993413184829}, "Health Education Specialists_9220_9225": {"llm_label": "TASK_1", "label_logprob": -0.003255, "p_task_1": 0.9967502917693731, "uncertainty": 0.021862618298568785}, "Health Education Specialists_9220_9226": {"llm_label": "TASK_2", "label_logprob": -0.003455, "p_task_1": 0.0034490383553038573, "uncertainty": 0.022997957768316837}, "Health Education Specialists_9220_9227": {"llm_label": "TASK_1", "label_logprob": -0.083873, "p_task_1": 0.9195480312797161, "uncertainty": 0.2798718508693371}, "Health Education Specialists_9220_9228": {"llm_label": "TASK_1", "label_logprob": -0.000889, "p_task_1": 0.9991113950434268, "uncertainty": 0.007131422086139578}, "Health Education Specialists_9220_9229": {"llm_label": "TASK_2",