{"Paralegals and Legal Assistants_1636_1638": {"llm_label": "TASK_1", "label_logprob": -0.000768, "p_task_1": 0.999232294836517, "uncertainty": 0.0062734722906204535}, "Paralegals and Legal Assistants_1636_1639": {"llm_label": "TASK_1", "label_logprob": -0.004413, "p_task_1": 0.9955967229767431, "uncertainty": 0.028283134964833898}, "Paralegals and Legal Assistants_1636_1641": {"llm_label": "TASK_1", "label_logprob": -1e-06, "p_task_1": 0.9999990000005, "uncertainty": 1.4815503149992376e-05}, "Paralegals and Legal Assistants_1636_1642": {"llm_label": "TASK_1", "label_logprob": -0.086861, "p_task_1": 0.9168045226054147, "uncertainty": 0.2865052944983818}, "Paralegals and Legal Assistants_1636_18491": {"llm_label": "CANNOT_DECIDE", "label_logprob": -0.39781, "p_task_1": 0.5, "uncertainty": 0.6931471805599453}, "Paralegals and Legal Assistants_1636_18492": {"llm_label": "TASK_1", "label_logprob": -0.165802, "p_task_1": 0.8472139659486654, "uncertainty": 0.4275114599704488}, "Paralegals and Legal Assistants_1636_18493": {"llm_label": "TASK_1", "label_logprob": -0.003846, "p_task_1": 0.9961613863856195, "uncertainty": 0.02518407774186726}, "Paralegals and Legal Assistants_1636_18494": {"llm_label": "TASK_1", "label_logprob": 0.0, "p_task_1": 1.0, "uncertainty": 0.0}, "Paralegals and Legal Assistants_1636_18496": {"llm_label": "TASK_2", "label_logprob": -0.121266, "p_task_1": 0.11420169409704584, "uncertainty": 0.3552108138295498}, "Paralegals and Legal Assistants_1636_21062": {"llm_label": "TASK_2", "label_logprob": -0.000459, "p_task_1": 0.0004588946756152179, "uncertainty": 0.003986170407624113}, "Paralegals and Legal Assistants_1636_23994": {"llm_label": "EQUAL_TIME", "label_logprob": -0.153653, "p_task_1": 0.5, "uncertainty": 0.6931471805599453}, "Paralegals and Legal Assistants_1638_1639": {"llm_label": "CANNOT_DECIDE", "label_logprob": -0.313382, "p_task_1": 0.5, "uncertainty": 0.6931471805599453}, "Paralegals and Legal Assistants_1638_1641": {"llm_label": "TASK_2", "label_logprob": -0.053577, "p_task_1": 0.05216704494365909, "uncertainty": 0.20484720471629042}, "Paralegals and Legal Assistants_1638_1642": {"llm_label": "TASK_2", "label_logprob": -0.002503, "p_task_1": 0.002499870107418256, "uncertainty": 0.01747475583529985}, "Paralegals and Legal Assistants_1638_18491": {"llm_label": "TASK_2", "label_logprob": -4.8e-05, "p_task_1": 4.79988480184268e-05, "uncertainty": 0.0005253142506203896}, "Paralegals and Legal Assistants_1638_18492": {"llm_label": "TASK_2", "label_logprob": -0.003191, "p_task_1": 0.0031859141705654626, "uncertainty": 0.021496705312716118}, "Paralegals and Legal Assistants_1638_18493": {"llm_label": "TASK_2", "label_logprob": -0.000204, "p_task_1": 0.00020397919341486048, "uncertainty": 0.0019372700671688274}, "Paralegals and Legal Assistants_1638_18494": {"llm_label": "TASK_1", "label_logprob": -0.991584, "p_task_1": 0.3709885794507983, "uncertainty": 0.6594797237694043}, "Paralegals and Legal Assistants_1638_18496": {"llm_label": "TASK_2", "label_logprob": -0.000267, "p_task_1": 0.0002669643586721282, "uncertainty": 0.00246361702046855}, "Paralegals and Legal Assistants_1638_21062": {"llm_label": "TASK_2", "label_logprob": 0.0, "p_task_1": 0.0, "uncertainty": 0.0}, "Paralegals and Legal Assistants_1638_23994": {"llm_label": "TASK_2", "label_logprob": -2.2e-05, "p_task_1": 2.1999758001767233e-05, "uncertainty": 0.0002579354610012207}, "Paralegals and Legal Assistants_1639_1641": {"llm_label": "TASK_1", "label_logprob": -0.007245, "p_task_1": 0.9927811817454287, "uncertainty": 0.04278915459581604}, "Paralegals and Legal Assistants_1639_1642": {"llm_label": "TASK_2", "label_logprob": -0.009775, "p_task_1": 0.009727379975722261, "uncertainty": 0.054745024815832675}, "Paralegals and Legal Assistants_1639_18491": {"llm_label": "TASK_2", "label_logprob": -0.019325, "p_task_1": 0.01913946923700105, "uncertainty": 0.09467092027873997}, "Paralegals and Legal Assistants_1639_18492": {"llm_label": "TASK_2", "label_logprob": -0.313413, "p_task_1": 0.2690520312893103, "uncertainty": 0.5823136876967708}, "Paralegals and Legal Assistants_1639_18493": {"llm_label": "TASK_2", "label_logprob": -0.001626, "p_task_1": 0.0016246787781992733, "uncertainty": 0.012057768624162434}, "Paralegals and Legal Assistants_1639_18494": {"llm_label": "TASK_1", "label_logprob": -4.4e-05, "p_task_1": 0.9999560009679858, "uncertainty": 0.0004853674424999764}, "Paralegals and Legal Assistants_1639_18496": {"llm_label": "TASK_2", "label_logprob": -0.000912, "p_task_1": 0.0009115842543963026, "uncertainty": 0.007292556078488708}, "Paralegals and Legal Assistants_1639_21062": {"llm_label": "TASK_2", "label_logprob": 0.0, "p_task_1": 0.0, "uncertainty": 0.0}, "Paralegals and Legal Assistants_1639_23994": {"llm_label": "TASK_2", "label_logprob": -4.5e-05, "p_task_1": 4.499898751519904e-05, "uncertainty": 0.0004953870167811679}, "Paralegals and Legal Assistants_1641_1642": {"llm_label": "TASK_2", "label_logprob": -0.000262, "p_task_1": 0.0002619656809972337, "uncertainty": 0.0024224401534331287}, "Paralegals and Legal Assistants_1641_18491": {"llm_label": "TASK_2", "label_logprob": -5.8e-05, "p_task_1": 5.799831803254829e-05, "uncertainty": 0.0006237758280847792}, "Paralegals and Legal Assistants_1641_18492": {"llm_label": "TASK_2", "label_logprob": -0.018163, "p_task_1": 0.017999046843164335, "uncertainty": 0.09014611062676939}, "Paralegals and Legal Assistants_1641_18493": {"llm_label": "TASK_2", "label_logprob": -3e-06, "p_task_1": 2.9999955000192813e-06, "uncertainty": 4.1150633082097105e-05}, "Paralegals and Legal Assistants_1641_18494": {"llm_label": "TASK_1", "label_logprob": -0.002481, "p_task_1": 0.9975220751368361, "uncertainty": 0.01734322862282204}, "Paralegals and Legal Assistants_1641_18496": {"llm_label": "TASK_2", "label_logprob": -6e-06, "p_task_1": 5.9999820000156134e-06, "uncertainty": 7.814227210513045e-05}, "Paralegals and Legal Assistants_1641_21062": {"llm_label": "TASK_2", "label_logprob": 0.0, "p_task_1": 0.0, "uncertainty": 0.0}, "Paralegals and Legal Assistants_1641_23994": {"llm_label": "TASK_2", "label_logprob": -8e-06, "p_task_1": 7.999968000049762e-06, "uncertainty": 0.00010188814457675767}, "Paralegals and Legal Assistants_1642_18491": {"llm_label": "TASK_1", "label_logprob": -0.503504, "p_task_1": 0.6044090954323357, "uncertainty": 0.6711833821546933}, "Paralegals and Legal Assistants_1642_18492": {"llm_label": "TASK_2", "label_logprob": -0.399236, "p_task_1": 0.32916763376779434, "uncertainty": 0.6335875989263478}, "Paralegals and Legal Assistants_1642_18493": {"llm_label": "TASK_2", "label_logprob": -0.731855, "p_task_1": 0.5189841224684149, "uncertainty": 0.6924262134669745}, "Paralegals and Legal Assistants_1642_18494": {"llm_label": "TASK_1", "label_logprob": -1e-06, "p_task_1": 0.9999990000005, "uncertainty": 1.4815503149992376e-05}, "Paralegals and Legal Assistants_1642_18496": {"llm_label": "TASK_2", "label_logprob": -0.011207, "p_task_1": 0.011144435513677942, "uncertainty": 0.061196568680125206}, "Paralegals and Legal Assistants_1642_21062": {"llm_label": "TASK_2", "label_logprob": -0.000206, "p_task_1": 0.0002059787834568505, "uncertainty": 0.0019542513897298306}, "Paralegals and Legal Assistants_1642_23994": {"llm_label": "TASK_2", "label_logprob": -0.038055, "p_task_1": 0.03734000686447281, "uncertainty": 0.15939639160259061}, "Paralegals and Legal Assistants_18491_18492": {"llm_label": "TASK_2", "label_logprob": -0.703594, "p_task_1": 0.5051962204736749, "uncertainty": 0.6930931781734303}, "Paralegals and Legal Assistants_18491_18493": {"llm_label": "TASK_1", "label_logprob": -1.022276, "p_task_1": 0.35977515935370086, "uncertainty": 0.6532887198297891}, "Paralegals and Legal Assistants_18491_18494": {"llm_label": "TASK_1", "label_logprob": -4e-06, "p_task_1": 0.999996000008, "uncertainty": 5.371675735315082e-05}, "Paralegals and Legal Assistants_18491_18496": {"llm_label": "TASK_2", "label_logprob": -0.003254,