{"Archivists_7630_7631": {"llm_label": "CANNOT_DECIDE", "label_logprob": -0.139849, "p_task_1": 0.5, "uncertainty": 0.6931471805599453}, "Archivists_7630_7632": {"llm_label": "TASK_1", "label_logprob": -0.066699, "p_task_1": 0.9354767374614401, "uncertainty": 0.2392361694511982}, "Archivists_7630_7633": {"llm_label": "TASK_1", "label_logprob": -3.2e-05, "p_task_1": 0.9999680005119945, "uncertainty": 0.0003631869779441248}, "Archivists_7630_7634": {"llm_label": "TASK_1", "label_logprob": -0.024745, "p_task_1": 0.9755586477683589, "uncertainty": 0.11485375981983509}, "Archivists_7630_7635": {"llm_label": "TASK_1", "label_logprob": -0.009917, "p_task_1": 0.9901320112956903, "uncertainty": 0.05539404261957975}, "Archivists_7630_7636": {"llm_label": "TASK_2", "label_logprob": -0.065809, "p_task_1": 0.06369031763671928, "uncertainty": 0.2370030790769725}, "Archivists_7630_7637": {"llm_label": "TASK_2", "label_logprob": -0.065805, "p_task_1": 0.06368657239049935, "uncertainty": 0.23699301206063508}, "Archivists_7630_7638": {"llm_label": "TASK_1", "label_logprob": -0.011071, "p_task_1": 0.9889900579884431, "uncertainty": 0.060592459577218476}, "Archivists_7630_7639": {"llm_label": "TASK_2", "label_logprob": -0.04122, "p_task_1": 0.04038200923462798, "uncertainty": 0.16915629927088655}, "Archivists_7630_7640": {"llm_label": "TASK_2", "label_logprob": -0.002681, "p_task_1": 0.002677409329079672, "uncertainty": 0.018531864628473158}, "Archivists_7630_7641": {"llm_label": "TASK_2", "label_logprob": -0.257211, "p_task_1": 0.22679494971330305, "uncertainty": 0.5353745465532727}, "Archivists_7630_7642": {"llm_label": "TASK_1", "label_logprob": -0.001175, "p_task_1": 0.998825690042207, "uncertainty": 0.009096777043855295}, "Archivists_7631_7632": {"llm_label": "TASK_1", "label_logprob": -0.284081, "p_task_1": 0.7527056730773594, "uncertainty": 0.5593430898997971}, "Archivists_7631_7633": {"llm_label": "TASK_1", "label_logprob": -0.00022, "p_task_1": 0.9997800241982254, "uncertainty": 0.002072586270149186}, "Archivists_7631_7634": {"llm_label": "TASK_1", "label_logprob": -0.000182, "p_task_1": 0.9998180165609953, "uncertainty": 0.001749134528681951}, "Archivists_7631_7635": {"llm_label": "TASK_1", "label_logprob": -0.000552, "p_task_1": 0.9994481523239711, "uncertainty": 0.00469178826076561}, "Archivists_7631_7636": {"llm_label": "TASK_2", "label_logprob": -0.794496, "p_task_1": 0.5481911107709405, "uncertainty": 0.6884951961053417}, "Archivists_7631_7637": {"llm_label": "TASK_2", "label_logprob": -0.049707, "p_task_1": 0.0484918244428717, "uncertainty": 0.19405033777948083}, "Archivists_7631_7638": {"llm_label": "TASK_1", "label_logprob": -0.002081, "p_task_1": 0.9979211637792982, "uncertainty": 0.014915456368851608}, "Archivists_7631_7639": {"llm_label": "TASK_2", "label_logprob": -0.007103, "p_task_1": 0.007077833317069682, "uncertainty": 0.04209357448646546}, "Archivists_7631_7640": {"llm_label": "TASK_2", "label_logprob": -0.011469, "p_task_1": 0.01140348173503647, "uncertainty": 0.06235552690683553}, "Archivists_7631_7641": {"llm_label": "TASK_2", "label_logprob": -0.255103, "p_task_1": 0.22516331432780567, "uncertainty": 0.5333657453299137}, "Archivists_7631_7642": {"llm_label": "TASK_1", "label_logprob": -0.089157, "p_task_1": 0.914701954093825, "uncertainty": 0.2915220703612246}, "Archivists_7632_7633": {"llm_label": "TASK_1", "label_logprob": -0.003061, "p_task_1": 0.9969436800840364, "uncertainty": 0.02074939872675762}, "Archivists_7632_7634": {"llm_label": "TASK_1", "label_logprob": -0.215732, "p_task_1": 0.805951267872533, "uncertainty": 0.4920406976127815}, "Archivists_7632_7635": {"llm_label": "TASK_2", "label_logprob": -0.02636, "p_task_1": 0.02601560789417179, "uncertainty": 0.1206067067503064}, "Archivists_7632_7636": {"llm_label": "TASK_2", "label_logprob": -0.0003, "p_task_1": 0.0002999550044996413, "uncertainty": 0.0027331084393530337}, "Archivists_7632_7637": {"llm_label": "TASK_2", "label_logprob": -0.000555, "p_task_1": 0.0005548460159883195, "uncertainty": 0.004714272731971069}, "Archivists_7632_7638": {"llm_label": "TASK_1", "label_logprob": -0.387502, "p_task_1": 0.6787502767495034, "uncertainty": 0.6278078774721774}, "Archivists_7632_7639": {"llm_label": "TASK_2", "label_logprob": -0.003098, "p_task_1": 0.00309320614972719, "uncertainty": 0.02096265478827511}, "Archivists_7632_7640": {"llm_label": "TASK_2", "label_logprob": -0.000193, "p_task_1": 0.00019298137669809812, "uncertainty": 0.00184351642647025}, "Archivists_7632_7641": {"llm_label": "TASK_2", "label_logprob": -0.000186, "p_task_1": 0.00018598270307246256, "uncertainty": 0.00178353020928775}, "Archivists_7632_7642": {"llm_label": "TASK_2", "label_logprob": -0.000207, "p_task_1": 0.00020697857697826727, "uncertainty": 0.0019627347456080925}, "Archivists_7633_7634": {"llm_label": "TASK_2", "label_logprob": -0.044579, "p_task_1": 0.04359995849418308, "uncertainty": 0.17922090733903362}, "Archivists_7633_7635": {"llm_label": "TASK_2", "label_logprob": -2.8e-05, "p_task_1": 2.7999608003703713e-05, "uncertainty": 0.0003215280679255237}, "Archivists_7633_7636": {"llm_label": "TASK_2", "label_logprob": -1.7e-05, "p_task_1": 1.6999855500854366e-05, "uncertainty": 0.000203697321204896}, "Archivists_7633_7637": {"llm_label": "TASK_2", "label_logprob": -1e-05, "p_task_1": 9.999950000172397e-06, "uncertainty": 0.00012512862900562218}, "Archivists_7633_7638": {"llm_label": "TASK_2", "label_logprob": -0.00068, "p_task_1": 0.0006797688523964007, "uncertainty": 0.005637607086116083}, "Archivists_7633_7639": {"llm_label": "TASK_2", "label_logprob": -7e-06, "p_task_1": 6.999975500021627e-06, "uncertainty": 9.008688755748087e-05}, "Archivists_7633_7640": {"llm_label": "TASK_2", "label_logprob": -1.3e-05, "p_task_1": 1.2999915500411241e-05, "uncertainty": 0.00015925626043919854}, "Archivists_7633_7641": {"llm_label": "TASK_2", "label_logprob": -2e-06, "p_task_1": 1.9999979999907325e-06, "uncertainty": 2.8244698509961958e-05}, "Archivists_7633_7642": {"llm_label": "TASK_2", "label_logprob": -3.7e-05, "p_task_1": 3.699931550849023e-05, "uncertainty": 0.00041456225843036797}, "Archivists_7634_7635": {"llm_label": "TASK_2", "label_logprob": -0.009177, "p_task_1": 0.00913501985092302, "uncertainty": 0.051987931769118194}, "Archivists_7634_7636": {"llm_label": "TASK_2", "label_logprob": -0.000297, "p_task_1": 0.0002969558998660027, "uncertainty": 0.0027087659199318517}, "Archivists_7634_7637": {"llm_label": "TASK_2", "label_logprob": -4e-05, "p_task_1": 3.999920001063195e-05, "uncertainty": 0.00044505634297012944}, "Archivists_7634_7638": {"llm_label": "TASK_2", "label_logprob": -0.019329, "p_task_1": 0.019143392671277182, "uncertainty": 0.09468636516470838}, "Archivists_7634_7639": {"llm_label": "TASK_2", "label_logprob": -1e-06, "p_task_1": 9.999994999843054e-07, "uncertainty": 1.4815503149992376e-05}, "Archivists_7634_7640": {"llm_label": "TASK_2", "label_logprob": -7.5e-05, "p_task_1": 7.49971875703137e-05, "uncertainty": 0.0007873221583997021}, "Archivists_7634_7641": {"llm_label": "TASK_2", "label_logprob": -0.000634, "p_task_1": 0.0006337990644665892, "uncertainty": 0.0053007541506326855}, "Archivists_7634_7642": {"llm_label": "TASK_2", "label_logprob": -0.000142, "p_task_1": 0.00014198991847724773, "uncertainty": 0.001399975656547254}, "Archivists_7635_7636": {"llm_label": "TASK_2", "label_logprob": -3.4e-05, "p_task_1": 3.39994220065476e-05, "uncertainty": 0.00038382457608067405}, "Archivists_7635_7637": {"llm_label": "TASK_2", "label_logprob": -0.018694, "p_task_1": 0.018520350930806395, "uncertainty": 0.09222333245651429}, "Archivists_7635_7638": {"llm_label": "TASK_2", "label_logprob": -0.113048, "p_task_1": 0.10689221008677696, "uncertainty": 0.33996801207241373}, "Archivists_7635_7639": {"llm_label": "TASK_2", "label_logprob": -2.2e-05, "p_task_1": 2.1999758001767233e-05, "uncertainty": 0.0002579354610012207}, "Archivists_7635_7640": {"llm_label": "TASK_2", "label_logprob": -1e-05,