{"Curators_1644_1645": {"llm_label": "TASK_1", "label_logprob": -0.000524, "p_task_1": 0.9994761372640235, "uncertainty": 0.004481131736734607}, "Curators_1644_1646": {"llm_label": "TASK_1", "label_logprob": -0.00117, "p_task_1": 0.9988306841831426, "uncertainty": 0.009063076423457384}, "Curators_1644_1647": {"llm_label": "TASK_2", "label_logprob": -0.008737, "p_task_1": 0.0086989433298581, "uncertainty": 0.0499336012420922}, "Curators_1644_1648": {"llm_label": "TASK_2", "label_logprob": -0.018247, "p_task_1": 0.018081531458827182, "uncertainty": 0.09047579698408477}, "Curators_1644_1649": {"llm_label": "TASK_2", "label_logprob": 0.0, "p_task_1": 0.0, "uncertainty": 0.0}, "Curators_1644_1651": {"llm_label": "TASK_2", "label_logprob": -0.030176, "p_task_1": 0.029725249836017653, "uncertainty": 0.13378580860121342}, "Curators_1644_1652": {"llm_label": "TASK_2", "label_logprob": -0.02995, "p_task_1": 0.029505942961737253, "uncertainty": 0.13302056063272227}, "Curators_1644_1653": {"llm_label": "TASK_1", "label_logprob": -0.004084, "p_task_1": 0.9959243281867044, "uncertainty": 0.026494634467715515}, "Curators_1644_1654": {"llm_label": "TASK_2", "label_logprob": -0.000109, "p_task_1": 0.00010899405971587228, "uncertainty": 0.0011034735913061967}, "Curators_1644_1655": {"llm_label": "TASK_2", "label_logprob": -2e-06, "p_task_1": 1.9999979999907325e-06, "uncertainty": 2.8244698509961958e-05}, "Curators_1644_1656": {"llm_label": "TASK_1", "label_logprob": -0.030181, "p_task_1": 0.9702698988023599, "uncertainty": 0.1338027180140592}, "Curators_1644_1657": {"llm_label": "TASK_1", "label_logprob": -0.062215, "p_task_1": 0.9396808336919154, "uncertainty": 0.22784481828570588}, "Curators_1644_18641": {"llm_label": "TASK_2", "label_logprob": -2e-06, "p_task_1": 1.9999979999907325e-06, "uncertainty": 2.8244698509961958e-05}, "Curators_1644_18642": {"llm_label": "TASK_2", "label_logprob": -0.01426, "p_task_1": 0.014158807771437854, "uncertainty": 0.07433806400467478}, "Curators_1645_1646": {"llm_label": "TASK_2", "label_logprob": -0.005223, "p_task_1": 0.005209383851528804, "uncertainty": 0.032583052254539564}, "Curators_1645_1647": {"llm_label": "TASK_2", "label_logprob": -0.00021, "p_task_1": 0.00020997795154342747, "uncertainty": 0.001988155872434698}, "Curators_1645_1648": {"llm_label": "TASK_2", "label_logprob": 0.0, "p_task_1": 0.0, "uncertainty": 0.0}, "Curators_1645_1649": {"llm_label": "TASK_2", "label_logprob": 0.0, "p_task_1": 0.0, "uncertainty": 0.0}, "Curators_1645_1651": {"llm_label": "TASK_2", "label_logprob": -4.2e-05, "p_task_1": 4.199911801239242e-05, "uncertainty": 0.0004652595489512129}, "Curators_1645_1652": {"llm_label": "TASK_2", "label_logprob": -0.000745, "p_task_1": 0.0007447225564027882, "uncertainty": 0.0061083085127766395}, "Curators_1645_1653": {"llm_label": "TASK_2", "label_logprob": -1.4e-05, "p_task_1": 1.3999902000461084e-05, "uncertainty": 0.0001704691519101948}, "Curators_1645_1654": {"llm_label": "TASK_2", "label_logprob": 0.0, "p_task_1": 0.0, "uncertainty": 0.0}, "Curators_1645_1655": {"llm_label": "TASK_2", "label_logprob": 0.0, "p_task_1": 0.0, "uncertainty": 0.0}, "Curators_1645_1656": {"llm_label": "TASK_2", "label_logprob": -0.000239, "p_task_1": 0.00023897144177520424, "uncertainty": 0.002231765528406796}, "Curators_1645_1657": {"llm_label": "TASK_2", "label_logprob": -9.7e-05, "p_task_1": 9.699529565210252e-05, "uncertainty": 0.0009933093829617684}, "Curators_1645_18641": {"llm_label": "TASK_2", "label_logprob": 0.0, "p_task_1": 0.0, "uncertainty": 0.0}, "Curators_1645_18642": {"llm_label": "TASK_2", "label_logprob": 0.0, "p_task_1": 0.0, "uncertainty": 0.0}, "Curators_1646_1647": {"llm_label": "TASK_2", "label_logprob": -3e-06, "p_task_1": 2.9999955000192813e-06, "uncertainty": 4.1150633082097105e-05}, "Curators_1646_1648": {"llm_label": "TASK_2", "label_logprob": -3e-06, "p_task_1": 2.9999955000192813e-06, "uncertainty": 4.1150633082097105e-05}, "Curators_1646_1649": {"llm_label": "TASK_2", "label_logprob": -1e-06, "p_task_1": 9.999994999843054e-07, "uncertainty": 1.4815503149992376e-05}, "Curators_1646_1651": {"llm_label": "TASK_2", "label_logprob": -3e-06, "p_task_1": 2.9999955000192813e-06, "uncertainty": 4.1150633082097105e-05}, "Curators_1646_1652": {"llm_label": "TASK_2", "label_logprob": -6.7e-05, "p_task_1": 6.699775555008003e-05, "uncertainty": 0.0007109009864475162}, "Curators_1646_1653": {"llm_label": "TASK_2", "label_logprob": -0.000103, "p_task_1": 0.00010299469568209041, "uncertainty": 0.001048566499626208}, "Curators_1646_1654": {"llm_label": "TASK_2", "label_logprob": -1e-06, "p_task_1": 9.999994999843054e-07, "uncertainty": 1.4815503149992376e-05}, "Curators_1646_1655": {"llm_label": "TASK_2", "label_logprob": 0.0, "p_task_1": 0.0, "uncertainty": 0.0}, "Curators_1646_1656": {"llm_label": "TASK_2", "label_logprob": -0.001626, "p_task_1": 0.0016246787781992733, "uncertainty": 0.012057768624162434}, "Curators_1646_1657": {"llm_label": "TASK_2", "label_logprob": -1.8e-05, "p_task_1": 1.7999838000992696e-05, "uncertainty": 0.0002146505665408007}, "Curators_1646_18641": {"llm_label": "TASK_2", "label_logprob": 0.0, "p_task_1": 0.0, "uncertainty": 0.0}, "Curators_1646_18642": {"llm_label": "TASK_2", "label_logprob": -1e-06, "p_task_1": 9.999994999843054e-07, "uncertainty": 1.4815503149992376e-05}, "Curators_1647_1648": {"llm_label": "TASK_2", "label_logprob": -0.266376, "p_task_1": 0.23384899943966186, "uncertainty": 0.5438854666702249}, "Curators_1647_1649": {"llm_label": "TASK_2", "label_logprob": -7.6e-05, "p_task_1": 7.599711207317839e-05, "uncertainty": 0.0007968127892924509}, "Curators_1647_1651": {"llm_label": "TASK_2", "label_logprob": -0.026179, "p_task_1": 0.02583930076388663, "uncertainty": 0.11996738442822587}, "Curators_1647_1652": {"llm_label": "TASK_2", "label_logprob": -0.02147, "p_task_1": 0.021241160206095677, "uncertainty": 0.10283096032918448}, "Curators_1647_1653": {"llm_label": "TASK_1", "label_logprob": -0.070748, "p_task_1": 0.9316966501026708, "uncertainty": 0.24922796372618738}, "Curators_1647_1654": {"llm_label": "TASK_2", "label_logprob": -9.2e-05, "p_task_1": 9.199576812979338e-05, "uncertainty": 0.000946978860581264}, "Curators_1647_1655": {"llm_label": "TASK_2", "label_logprob": -0.000204, "p_task_1": 0.00020397919341486048, "uncertainty": 0.0019372700671688274}, "Curators_1647_1656": {"llm_label": "TASK_1", "label_logprob": -0.011766, "p_task_1": 0.9883029486962778, "uncertainty": 0.06366175184220521}, "Curators_1647_1657": {"llm_label": "TASK_2", "label_logprob": -0.582168, "p_task_1": 0.44131417821982866, "uncertainty": 0.6862432263232787}, "Curators_1647_18641": {"llm_label": "TASK_2", "label_logprob": -1e-06, "p_task_1": 9.999994999843054e-07, "uncertainty": 1.4815503149992376e-05}, "Curators_1647_18642": {"llm_label": "TASK_2", "label_logprob": -0.000613, "p_task_1": 0.0006128121538852005, "uncertainty": 0.005145872904717507}, "Curators_1648_1649": {"llm_label": "TASK_2", "label_logprob": 0.0, "p_task_1": 0.0, "uncertainty": 0.0}, "Curators_1648_1651": {"llm_label": "TASK_2", "label_logprob": -0.001515, "p_task_1": 0.0015138529668248246, "uncertainty": 0.011342301040051753}, "Curators_1648_1652": {"llm_label": "TASK_2", "label_logprob": -0.000841, "p_task_1": 0.0008406464586163676, "uncertainty": 0.006793195878736386}, "Curators_1648_1653": {"llm_label": "TASK_1", "label_logprob": -0.208509, "p_task_1": 0.8117937285261093, "uncertainty": 0.4836115616470258}, "Curators_1648_1654": {"llm_label": "TASK_2", "label_logprob": -1.1e-05, "p_task_1": 1.0999939500266898e-05, "uncertainty": 0.0001365930168744248}, "Curators_1648_1655": {"llm_label": "TASK_2", "label_logprob": 0.0, "p_task_1": 0.0, "uncertainty": 0.0}, "Curators_1648_1656": {"llm_label": "TASK_1", "label_logprob": -0.043697, "p_task_1": 0.957243958455091, "uncertainty": 0.17660619763678706}, "Curators_1648_1657": {"llm_label": "TASK_2", "label_logprob": -0.083835, "p_task_1": 0.08041702523117322,