{"Farm and Home Management Educators_10974_10975": {"llm_label": "TASK_2", "label_logprob": -0.001634, "p_task_1": 0.0016326657488210383, "uncertainty": 0.01210903188619052}, "Farm and Home Management Educators_10974_10976": {"llm_label": "TASK_2", "label_logprob": -0.011519, "p_task_1": 0.011452910325224663, "uncertainty": 0.06257598723816984}, "Farm and Home Management Educators_10974_10977": {"llm_label": "TASK_1", "label_logprob": -0.009318, "p_task_1": 0.9907252780361064, "uncertainty": 0.05264156786218542}, "Farm and Home Management Educators_10974_10978": {"llm_label": "TASK_1", "label_logprob": -0.12863, "p_task_1": 0.8792992460860242, "uncertainty": 0.3683188733300263}, "Farm and Home Management Educators_10974_10979": {"llm_label": "TASK_2", "label_logprob": -0.010162, "p_task_1": 0.010110541333166911, "uncertainty": 0.05650887012707366}, "Farm and Home Management Educators_10974_10980": {"llm_label": "TASK_1", "label_logprob": -5e-06, "p_task_1": 0.9999950000125, "uncertainty": 6.603019815215604e-05}, "Farm and Home Management Educators_10974_10981": {"llm_label": "TASK_1", "label_logprob": -0.33115, "p_task_1": 0.7180974463446184, "uncertainty": 0.5947412412508909}, "Farm and Home Management Educators_10974_10982": {"llm_label": "TASK_2", "label_logprob": -0.39652, "p_task_1": 0.3273431765697653, "uncertainty": 0.632281128477709}, "Farm and Home Management Educators_10974_10983": {"llm_label": "CANNOT_DECIDE", "label_logprob": -0.576034, "p_task_1": 0.5, "uncertainty": 0.6931471805599453}, "Farm and Home Management Educators_10974_10984": {"llm_label": "TASK_2", "label_logprob": -0.034866, "p_task_1": 0.03426518394706235, "uncertainty": 0.14926920792883383}, "Farm and Home Management Educators_10974_10985": {"llm_label": "TASK_2", "label_logprob": -1e-06, "p_task_1": 9.999994999843054e-07, "uncertainty": 1.4815503149992376e-05}, "Farm and Home Management Educators_10974_10986": {"llm_label": "CANNOT_DECIDE", "label_logprob": -0.041102, "p_task_1": 0.5, "uncertainty": 0.6931471805599453}, "Farm and Home Management Educators_10974_10987": {"llm_label": "TASK_2", "label_logprob": -0.03121, "p_task_1": 0.03072799541887994, "uncertainty": 0.1372637164873501}, "Farm and Home Management Educators_10974_10988": {"llm_label": "TASK_1", "label_logprob": -0.095819, "p_task_1": 0.9086284629376072, "uncertainty": 0.30569962710607096}, "Farm and Home Management Educators_10975_10976": {"llm_label": "CANNOT_DECIDE", "label_logprob": -0.19609, "p_task_1": 0.5, "uncertainty": 0.6931471805599453}, "Farm and Home Management Educators_10975_10977": {"llm_label": "TASK_1", "label_logprob": -0.004174, "p_task_1": 0.9958346990305401, "uncertainty": 0.02698649012777629}, "Farm and Home Management Educators_10975_10978": {"llm_label": "TASK_1", "label_logprob": -4.9e-05, "p_task_1": 0.9999510012004804, "uncertainty": 0.0005352477090615269}, "Farm and Home Management Educators_10975_10979": {"llm_label": "TASK_1", "label_logprob": -0.038576, "p_task_1": 0.9621585779091121, "uncertainty": 0.1610223258186846}, "Farm and Home Management Educators_10975_10980": {"llm_label": "TASK_1", "label_logprob": -7e-06, "p_task_1": 0.9999930000245, "uncertainty": 9.008688755748087e-05}, "Farm and Home Management Educators_10975_10981": {"llm_label": "TASK_1", "label_logprob": -0.319232, "p_task_1": 0.7267069337390613, "uncertainty": 0.5865067585258481}, "Farm and Home Management Educators_10975_10982": {"llm_label": "TASK_2", "label_logprob": -0.24187, "p_task_1": 0.21484175851107656, "uncertainty": 0.5203013803214284}, "Farm and Home Management Educators_10975_10983": {"llm_label": "TASK_1", "label_logprob": -0.010419, "p_task_1": 0.9896350897637598, "uncertainty": 0.05767169492975237}, "Farm and Home Management Educators_10975_10984": {"llm_label": "EQUAL_TIME", "label_logprob": -0.383529, "p_task_1": 0.5, "uncertainty": 0.6931471805599453}, "Farm and Home Management Educators_10975_10985": {"llm_label": "TASK_2", "label_logprob": -8e-06, "p_task_1": 7.999968000049762e-06, "uncertainty": 0.00010188814457675767}, "Farm and Home Management Educators_10975_10986": {"llm_label": "TASK_1", "label_logprob": -0.396517, "p_task_1": 0.6726588414037319, "uncertainty": 0.632279675071101}, "Farm and Home Management Educators_10975_10987": {"llm_label": "CANNOT_DECIDE", "label_logprob": -0.725283, "p_task_1": 0.5, "uncertainty": 0.6931471805599453}, "Farm and Home Management Educators_10975_10988": {"llm_label": "TASK_1", "label_logprob": -3.8e-05, "p_task_1": 0.9999620007219908, "uncertainty": 0.0004247530567765096}, "Farm and Home Management Educators_10976_10977": {"llm_label": "TASK_1", "label_logprob": -0.000278, "p_task_1": 0.9997220386384195, "uncertainty": 0.0025538782608768612}, "Farm and Home Management Educators_10976_10978": {"llm_label": "TASK_1", "label_logprob": -0.000748, "p_task_1": 0.9992522796822615, "uncertainty": 0.006129891621995755}, "Farm and Home Management Educators_10976_10979": {"llm_label": "TASK_2", "label_logprob": -0.04451, "p_task_1": 0.0435339646145565, "uncertainty": 0.17901705806721735}, "Farm and Home Management Educators_10976_10980": {"llm_label": "TASK_1", "label_logprob": -3e-06, "p_task_1": 0.9999970000045, "uncertainty": 4.1150633082097105e-05}, "Farm and Home Management Educators_10976_10981": {"llm_label": "TASK_1", "label_logprob": -0.000589, "p_task_1": 0.9994111734264489, "uncertainty": 0.004967979491399412}, "Farm and Home Management Educators_10976_10982": {"llm_label": "TASK_2", "label_logprob": -0.697467, "p_task_1": 0.5021552512204017, "uncertainty": 0.6931378903155296}, "Farm and Home Management Educators_10976_10983": {"llm_label": "EQUAL_TIME", "label_logprob": -0.160684, "p_task_1": 0.5, "uncertainty": 0.6931471805599453}, "Farm and Home Management Educators_10976_10984": {"llm_label": "TASK_1", "label_logprob": -0.517847, "p_task_1": 0.5958019296223455, "uncertainty": 0.6746771641231135}, "Farm and Home Management Educators_10976_10985": {"llm_label": "TASK_2", "label_logprob": -7e-06, "p_task_1": 6.999975500021627e-06, "uncertainty": 9.008688755748087e-05}, "Farm and Home Management Educators_10976_10986": {"llm_label": "TASK_1", "label_logprob": -0.011061, "p_task_1": 0.9889999479384727, "uncertainty": 0.06054797122071824}, "Farm and Home Management Educators_10976_10987": {"llm_label": "CANNOT_DECIDE", "label_logprob": -0.407542, "p_task_1": 0.5, "uncertainty": 0.6931471805599453}, "Farm and Home Management Educators_10976_10988": {"llm_label": "TASK_1", "label_logprob": -3.2e-05, "p_task_1": 0.9999680005119945, "uncertainty": 0.0003631869779441248}, "Farm and Home Management Educators_10977_10978": {"llm_label": "TASK_2", "label_logprob": -0.019312, "p_task_1": 0.0191267179672181, "uncertainty": 0.09462071830884902}, "Farm and Home Management Educators_10977_10979": {"llm_label": "TASK_2", "label_logprob": -2.2e-05, "p_task_1": 2.1999758001767233e-05, "uncertainty": 0.0002579354610012207}, "Farm and Home Management Educators_10977_10980": {"llm_label": "TASK_1", "label_logprob": -0.006919, "p_task_1": 0.9931048811708173, "uncertainty": 0.04118789595410271}, "Farm and Home Management Educators_10977_10981": {"llm_label": "TASK_2", "label_logprob": -0.001206, "p_task_1": 0.0012052730742535545, "uncertainty": 0.00930524597583517}, "Farm and Home Management Educators_10977_10982": {"llm_label": "TASK_2", "label_logprob": -0.000888, "p_task_1": 0.0008876058446786184, "uncertainty": 0.007124402793872198}, "Farm and Home Management Educators_10977_10983": {"llm_label": "TASK_2", "label_logprob": -0.006143, "p_task_1": 0.006124170352072245, "uncertainty": 0.037311162645317364}, "Farm and Home Management Educators_10977_10984": {"llm_label": "TASK_2", "label_logprob": -2e-06, "p_task_1": 1.9999979999907325e-06, "uncertainty": 2.8244698509961958e-05}, "Farm and Home Management Educators_10977_10985": {"llm_label": "TASK_2", "label_logprob": -1e-06, "p_task_1": 9.999994999843054e-07, "uncertainty": 1.4815503149992376e-05},