{"Instructional Coordinators_6863_6864": {"llm_label": "TASK_2", "label_logprob": -0.000607, "p_task_1": 0.0006068158127691126, "uncertainty": 0.005101489483135282}, "Instructional Coordinators_6863_6865": {"llm_label": "TASK_1", "label_logprob": -0.28813, "p_task_1": 0.7496641295672611, "uncertainty": 0.5627038352694964}, "Instructional Coordinators_6863_6866": {"llm_label": "TASK_1", "label_logprob": -0.000162, "p_task_1": 0.9998380131212914, "uncertainty": 0.0015757944614625038}, "Instructional Coordinators_6863_6867": {"llm_label": "TASK_1", "label_logprob": -0.030189, "p_task_1": 0.970262136674218, "uncertainty": 0.13382977120174913}, "Instructional Coordinators_6863_6870": {"llm_label": "TASK_2", "label_logprob": -4.2e-05, "p_task_1": 4.199911801239242e-05, "uncertainty": 0.0004652595489512129}, "Instructional Coordinators_6863_6871": {"llm_label": "TASK_2", "label_logprob": -0.000694, "p_task_1": 0.0006937592376995427, "uncertainty": 0.005739496964753488}, "Instructional Coordinators_6863_6873": {"llm_label": "TASK_2", "label_logprob": -6.1e-05, "p_task_1": 6.099813953786004e-05, "uncertainty": 0.0006529629227593847}, "Instructional Coordinators_6863_6875": {"llm_label": "TASK_2", "label_logprob": -0.004345, "p_task_1": 0.004335574144222809, "uncertainty": 0.027915592640177997}, "Instructional Coordinators_6863_6876": {"llm_label": "TASK_1", "label_logprob": -0.004458, "p_task_1": 0.9955519221322356, "uncertainty": 0.028525771889386677}, "Instructional Coordinators_6863_6877": {"llm_label": "TASK_1", "label_logprob": -0.20204, "p_task_1": 0.8170622447987862, "uncertainty": 0.47581903181460894}, "Instructional Coordinators_6863_6878": {"llm_label": "TASK_2", "label_logprob": -0.000297, "p_task_1": 0.0002969558998660027, "uncertainty": 0.0027087659199318517}, "Instructional Coordinators_6863_6881": {"llm_label": "TASK_1", "label_logprob": -0.079515, "p_task_1": 0.9235641664022088, "uncertainty": 0.2699769438825477}, "Instructional Coordinators_6864_6865": {"llm_label": "TASK_1", "label_logprob": -3.4e-05, "p_task_1": 0.9999660005779935, "uncertainty": 0.00038382457608067405}, "Instructional Coordinators_6864_6866": {"llm_label": "TASK_1", "label_logprob": -2.5e-05, "p_task_1": 0.9999750003124974, "uncertainty": 0.0002899122444096467}, "Instructional Coordinators_6864_6867": {"llm_label": "TASK_1", "label_logprob": -0.000385, "p_task_1": 0.9996150741029898, "uncertainty": 0.003411316162995266}, "Instructional Coordinators_6864_6870": {"llm_label": "TASK_2", "label_logprob": -0.001599, "p_task_1": 0.0015977222806151659, "uncertainty": 0.011884460587287397}, "Instructional Coordinators_6864_6871": {"llm_label": "TASK_2", "label_logprob": -0.450258, "p_task_1": 0.36253633522162987, "uncertainty": 0.6548635649010464}, "Instructional Coordinators_6864_6873": {"llm_label": "TASK_2", "label_logprob": -0.016605, "p_task_1": 0.016467896902063406, "uncertainty": 0.08395437444589504}, "Instructional Coordinators_6864_6875": {"llm_label": "TASK_1", "label_logprob": -0.008947, "p_task_1": 0.9910929053048995, "uncertainty": 0.0509168753718443}, "Instructional Coordinators_6864_6876": {"llm_label": "TASK_1", "label_logprob": -8.7e-05, "p_task_1": 0.9999130037843903, "uncertainty": 0.0009003762453123718}, "Instructional Coordinators_6864_6877": {"llm_label": "TASK_1", "label_logprob": -0.00059, "p_task_1": 0.9994101740157753, "uncertainty": 0.004975411050396976}, "Instructional Coordinators_6864_6878": {"llm_label": "TASK_2", "label_logprob": -0.104945, "p_task_1": 0.09962595820322628, "uncertainty": 0.3242603414369832}, "Instructional Coordinators_6864_6881": {"llm_label": "TASK_1", "label_logprob": -0.000477, "p_task_1": 0.9995231137464136, "uncertainty": 0.0041241094962066165}, "Instructional Coordinators_6865_6866": {"llm_label": "TASK_1", "label_logprob": -0.005664, "p_task_1": 0.9943520102064684, "uncertainty": 0.034868578101569535}, "Instructional Coordinators_6865_6867": {"llm_label": "CANNOT_DECIDE", "label_logprob": -0.633612, "p_task_1": 0.5, "uncertainty": 0.6931471805599453}, "Instructional Coordinators_6865_6870": {"llm_label": "TASK_2", "label_logprob": 0.0, "p_task_1": 0.0, "uncertainty": 0.0}, "Instructional Coordinators_6865_6871": {"llm_label": "TASK_2", "label_logprob": -5.4e-05, "p_task_1": 5.399854202625676e-05, "uncertainty": 0.0005846166468307636}, "Instructional Coordinators_6865_6873": {"llm_label": "TASK_2", "label_logprob": 0.0, "p_task_1": 0.0, "uncertainty": 0.0}, "Instructional Coordinators_6865_6875": {"llm_label": "TASK_2", "label_logprob": -0.000712, "p_task_1": 0.0007117465881466556, "uncertainty": 0.005870082062186919}, "Instructional Coordinators_6865_6876": {"llm_label": "TASK_1", "label_logprob": -0.083968, "p_task_1": 0.9194606783660736, "uncertainty": 0.28008461039865}, "Instructional Coordinators_6865_6877": {"llm_label": "TASK_1", "label_logprob": -0.127961, "p_task_1": 0.8798876940955677, "uncertainty": 0.3671486932416287}, "Instructional Coordinators_6865_6878": {"llm_label": "TASK_2", "label_logprob": -1e-06, "p_task_1": 9.999994999843054e-07, "uncertainty": 1.4815503149992376e-05}, "Instructional Coordinators_6865_6881": {"llm_label": "TASK_2", "label_logprob": -0.200724, "p_task_1": 0.1818617934595168, "uncertainty": 0.4742049019494529}, "Instructional Coordinators_6866_6867": {"llm_label": "TASK_2", "label_logprob": -0.000615, "p_task_1": 0.0006148109262621437, "uncertainty": 0.005160654244301847}, "Instructional Coordinators_6866_6870": {"llm_label": "TASK_2", "label_logprob": 0.0, "p_task_1": 0.0, "uncertainty": 0.0}, "Instructional Coordinators_6866_6871": {"llm_label": "TASK_2", "label_logprob": -1e-06, "p_task_1": 9.999994999843054e-07, "uncertainty": 1.4815503149992376e-05}, "Instructional Coordinators_6866_6873": {"llm_label": "TASK_2", "label_logprob": 0.0, "p_task_1": 0.0, "uncertainty": 0.0}, "Instructional Coordinators_6866_6875": {"llm_label": "TASK_2", "label_logprob": -3.6e-05, "p_task_1": 3.599935200782056e-05, "uncertainty": 0.0004043444200614643}, "Instructional Coordinators_6866_6876": {"llm_label": "TASK_1", "label_logprob": -0.393021, "p_task_1": 0.6750145721312767, "uncertainty": 0.6305703773133062}, "Instructional Coordinators_6866_6877": {"llm_label": "TASK_2", "label_logprob": -0.089961, "p_task_1": 0.0860331707174925, "uncertainty": 0.2932626606330918}, "Instructional Coordinators_6866_6878": {"llm_label": "TASK_2", "label_logprob": 0.0, "p_task_1": 0.0, "uncertainty": 0.0}, "Instructional Coordinators_6866_6881": {"llm_label": "TASK_2", "label_logprob": -0.002782, "p_task_1": 0.002778133824064888, "uncertainty": 0.019126299864333327}, "Instructional Coordinators_6867_6870": {"llm_label": "TASK_2", "label_logprob": 0.0, "p_task_1": 0.0, "uncertainty": 0.0}, "Instructional Coordinators_6867_6871": {"llm_label": "TASK_2", "label_logprob": 0.0, "p_task_1": 0.0, "uncertainty": 0.0}, "Instructional Coordinators_6867_6873": {"llm_label": "TASK_2", "label_logprob": -1e-06, "p_task_1": 9.999994999843054e-07, "uncertainty": 1.4815503149992376e-05}, "Instructional Coordinators_6867_6875": {"llm_label": "TASK_2", "label_logprob": -0.00042, "p_task_1": 0.00041991181234668495, "uncertainty": 0.003684833589474493}, "Instructional Coordinators_6867_6876": {"llm_label": "TASK_2", "label_logprob": -0.491824, "p_task_1": 0.38849001788124937, "uncertainty": 0.6680678591353015}, "Instructional Coordinators_6867_6877": {"llm_label": "CANNOT_DECIDE", "label_logprob": -0.794412, "p_task_1": 0.5, "uncertainty": 0.6931471805599453}, "Instructional Coordinators_6867_6878": {"llm_label": "TASK_2", "label_logprob": 0.0, "p_task_1": 0.0, "uncertainty": 0.0}, "Instructional Coordinators_6867_6881": {"llm_label": "TASK_2", "label_logprob": -0.018186, "p_task_1": 0.018021632605349724, "uncertainty": 0.0902364228419355}, "Instructional Coordinators_6870_6871": {"llm_label": "TASK_1", "label_logprob": -0.005568, "p_task_1": 0.9944474725815688, "uncertainty": 0.03437414613634105},