{"Floral Designers_1719_1720": {"llm_label": "TASK_2", "label_logprob": 0.0, "p_task_1": 0.0, "uncertainty": 0.0}, "Floral Designers_1719_1721": {"llm_label": "TASK_2", "label_logprob": -7e-06, "p_task_1": 6.999975500021627e-06, "uncertainty": 9.008688755748087e-05}, "Floral Designers_1719_1722": {"llm_label": "TASK_2", "label_logprob": -1e-06, "p_task_1": 9.999994999843054e-07, "uncertainty": 1.4815503149992376e-05}, "Floral Designers_1719_1723": {"llm_label": "TASK_2", "label_logprob": -0.001174, "p_task_1": 0.0011733111316035716, "uncertainty": 0.009090038637286822}, "Floral Designers_1719_1724": {"llm_label": "TASK_1", "label_logprob": -0.004675, "p_task_1": 0.9953359108032098, "uncertainty": 0.029689385838003065}, "Floral Designers_1719_1725": {"llm_label": "TASK_2", "label_logprob": 0.0, "p_task_1": 0.0, "uncertainty": 0.0}, "Floral Designers_1719_1726": {"llm_label": "TASK_2", "label_logprob": -0.017303, "p_task_1": 0.017154162775373294, "uncertainty": 0.08674667743160613}, "Floral Designers_1719_1727": {"llm_label": "EQUAL_TIME", "label_logprob": -0.016215, "p_task_1": 0.5, "uncertainty": 0.6931471805599453}, "Floral Designers_1719_1728": {"llm_label": "TASK_2", "label_logprob": 0.0, "p_task_1": 0.0, "uncertainty": 0.0}, "Floral Designers_1719_1729": {"llm_label": "TASK_2", "label_logprob": -0.014111, "p_task_1": 0.014011906489922121, "uncertainty": 0.07371396293626636}, "Floral Designers_1719_1730": {"llm_label": "TASK_2", "label_logprob": -0.005979, "p_task_1": 0.00596116134963709, "uncertainty": 0.036479347377156066}, "Floral Designers_1719_1731": {"llm_label": "TASK_2", "label_logprob": 0.0, "p_task_1": 0.0, "uncertainty": 0.0}, "Floral Designers_1719_1732": {"llm_label": "TASK_2", "label_logprob": 0.0, "p_task_1": 0.0, "uncertainty": 0.0}, "Floral Designers_1719_20751": {"llm_label": "TASK_2", "label_logprob": -0.002476, "p_task_1": 0.002472937240319162, "uncertainty": 0.01731330855964866}, "Floral Designers_1720_1721": {"llm_label": "TASK_1", "label_logprob": -0.699048, "p_task_1": 0.4970582781006686, "uncertainty": 0.6931298730046286}, "Floral Designers_1720_1722": {"llm_label": "TASK_2", "label_logprob": -0.0851, "p_task_1": 0.08157956223457441, "uncertainty": 0.28261036191967526}, "Floral Designers_1720_1723": {"llm_label": "TASK_2", "label_logprob": -0.448839, "p_task_1": 0.3616311321916498, "uncertainty": 0.6543509197179833}, "Floral Designers_1720_1724": {"llm_label": "TASK_1", "label_logprob": 0.0, "p_task_1": 1.0, "uncertainty": 0.0}, "Floral Designers_1720_1725": {"llm_label": "TASK_2", "label_logprob": -9.1e-05, "p_task_1": 9.099585962557555e-05, "uncertainty": 0.0009376805805994633}, "Floral Designers_1720_1726": {"llm_label": "TASK_1", "label_logprob": -0.089975, "p_task_1": 0.9139540338364659, "uncertainty": 0.29329289601606834}, "Floral Designers_1720_1727": {"llm_label": "TASK_1", "label_logprob": -2e-06, "p_task_1": 0.999998000002, "uncertainty": 2.8244698509961958e-05}, "Floral Designers_1720_1728": {"llm_label": "TASK_2", "label_logprob": -1e-06, "p_task_1": 9.999994999843054e-07, "uncertainty": 1.4815503149992376e-05}, "Floral Designers_1720_1729": {"llm_label": "TASK_1", "label_logprob": -0.105719, "p_task_1": 0.8996774219150945, "uncertainty": 0.32579117234700583}, "Floral Designers_1720_1730": {"llm_label": "TASK_1", "label_logprob": -0.001648, "p_task_1": 0.9983533572063389, "uncertainty": 0.01219864755271763}, "Floral Designers_1720_1731": {"llm_label": "TASK_2", "label_logprob": -0.001839, "p_task_1": 0.00183731007558241, "uncertainty": 0.01340966908925785}, "Floral Designers_1720_1732": {"llm_label": "TASK_2", "label_logprob": -0.001174, "p_task_1": 0.0011733111316035716, "uncertainty": 0.009090038637286822}, "Floral Designers_1720_20751": {"llm_label": "TASK_1", "label_logprob": -0.139421, "p_task_1": 0.8698617395674924, "uncertainty": 0.38664944918552413}, "Floral Designers_1721_1722": {"llm_label": "TASK_2", "label_logprob": -8e-05, "p_task_1": 7.999680008530241e-05, "uncertainty": 0.0008346453276260399}, "Floral Designers_1721_1723": {"llm_label": "TASK_2", "label_logprob": -0.313384, "p_task_1": 0.2690308334908512, "uncertainty": 0.5822925006797702}, "Floral Designers_1721_1724": {"llm_label": "TASK_1", "label_logprob": -0.000353, "p_task_1": 0.9996470622971695, "uncertainty": 0.003158454504678977}, "Floral Designers_1721_1725": {"llm_label": "TASK_2", "label_logprob": -0.000184, "p_task_1": 0.0001839830730382408, "uncertainty": 0.001766343254962362}, "Floral Designers_1721_1726": {"llm_label": "TASK_2", "label_logprob": -0.114097, "p_task_1": 0.10782858894182046, "uncertainty": 0.341951257473855}, "Floral Designers_1721_1727": {"llm_label": "TASK_1", "label_logprob": -0.001274, "p_task_1": 0.9987268111934766, "uncertainty": 0.009759748208096079}, "Floral Designers_1721_1728": {"llm_label": "TASK_2", "label_logprob": 0.0, "p_task_1": 0.0, "uncertainty": 0.0}, "Floral Designers_1721_1729": {"llm_label": "TASK_1", "label_logprob": -0.516114, "p_task_1": 0.596835349566124, "uncertainty": 0.6742739759030922}, "Floral Designers_1721_1730": {"llm_label": "TASK_1", "label_logprob": -0.110389, "p_task_1": 0.8954857235883686, "uncertainty": 0.3348901180956674}, "Floral Designers_1721_1731": {"llm_label": "TASK_2", "label_logprob": -7e-06, "p_task_1": 6.999975500021627e-06, "uncertainty": 9.008688755748087e-05}, "Floral Designers_1721_1732": {"llm_label": "TASK_2", "label_logprob": -0.000337, "p_task_1": 0.00033694322187827197, "uncertainty": 0.0030309483686147905}, "Floral Designers_1721_20751": {"llm_label": "TASK_2", "label_logprob": -0.012629, "p_task_1": 0.012549588825594538, "uncertainty": 0.0674134566728366}, "Floral Designers_1722_1723": {"llm_label": "TASK_1", "label_logprob": -0.062068, "p_task_1": 0.9398189769277471, "uncertainty": 0.22746532364103536}, "Floral Designers_1722_1724": {"llm_label": "TASK_1", "label_logprob": 0.0, "p_task_1": 1.0, "uncertainty": 0.0}, "Floral Designers_1722_1725": {"llm_label": "TASK_2", "label_logprob": -0.000889, "p_task_1": 0.0008886049565731691, "uncertainty": 0.007131422086139578}, "Floral Designers_1722_1726": {"llm_label": "TASK_1", "label_logprob": -0.017702, "p_task_1": 0.9824537599601899, "uncertainty": 0.0883293639453304}, "Floral Designers_1722_1727": {"llm_label": "TASK_1", "label_logprob": 0.0, "p_task_1": 1.0, "uncertainty": 0.0}, "Floral Designers_1722_1728": {"llm_label": "TASK_2", "label_logprob": -5e-06, "p_task_1": 4.999987500031722e-06, "uncertainty": 6.603019815215604e-05}, "Floral Designers_1722_1729": {"llm_label": "TASK_1", "label_logprob": -0.001829, "p_task_1": 0.9981726716012251, "uncertainty": 0.01334678113151716}, "Floral Designers_1722_1730": {"llm_label": "TASK_1", "label_logprob": -0.000127, "p_task_1": 0.9998730080641586, "uncertainty": 0.001266277670632851}, "Floral Designers_1722_1731": {"llm_label": "TASK_2", "label_logprob": -5.9e-05, "p_task_1": 5.8998259534259745e-05, "uncertainty": 0.0006335217246636567}, "Floral Designers_1722_1732": {"llm_label": "TASK_2", "label_logprob": -0.000555, "p_task_1": 0.0005548460159883195, "uncertainty": 0.004714272731971069}, "Floral Designers_1722_20751": {"llm_label": "TASK_2", "label_logprob": -0.253105, "p_task_1": 0.22361364302372433, "uncertainty": 0.531443727110535}, "Floral Designers_1723_1724": {"llm_label": "TASK_1", "label_logprob": -0.019332, "p_task_1": 0.9808536647633146, "uncertainty": 0.09469794825064182}, "Floral Designers_1723_1725": {"llm_label": "TASK_2", "label_logprob": -0.000269, "p_task_1": 0.000268963822743995, "uncertainty": 0.0024800613965779575}, "Floral Designers_1723_1726": {"llm_label": "TASK_2", "label_logprob": -0.216279, "p_task_1": 0.19448946691903846, "uncertainty": 0.492667645370173}, "Floral Designers_1723_1727": {"llm_label": "TASK_1", "label_logprob": -0.000999, "p_task_1": 0.9990014988343743, "uncertainty": 0.007896901905816902}, "Floral Designers_1723_1728": {"llm_label": "TASK_2", "label_logprob": 0.0, "p_task_1": 0.0, "uncertainty": 0.0},