{"Art Directors_284_285": {"llm_label": "TASK_1", "label_logprob": -0.000595, "p_task_1": 0.9994051769773977, "uncertainty": 0.005012543374931582}, "Art Directors_284_286": {"llm_label": "TASK_2", "label_logprob": -0.009776, "p_task_1": 0.009728370247847229, "uncertainty": 0.0547496028283115}, "Art Directors_284_287": {"llm_label": "TASK_1", "label_logprob": -0.01325, "p_task_1": 0.9868373948303414, "uncertainty": 0.07007461725890113}, "Art Directors_284_288": {"llm_label": "TASK_1", "label_logprob": -6e-06, "p_task_1": 0.999994000018, "uncertainty": 7.814227210513045e-05}, "Art Directors_284_289": {"llm_label": "TASK_1", "label_logprob": -0.450258, "p_task_1": 0.6374636647783701, "uncertainty": 0.6548635649010464}, "Art Directors_284_290": {"llm_label": "TASK_2", "label_logprob": -0.01532, "p_task_1": 0.015203245785258557, "uncertainty": 0.07873161822963073}, "Art Directors_284_291": {"llm_label": "CANNOT_DECIDE", "label_logprob": -0.37168, "p_task_1": 0.5, "uncertainty": 0.6931471805599453}, "Art Directors_284_292": {"llm_label": "TASK_1", "label_logprob": -2.5e-05, "p_task_1": 0.9999750003124974, "uncertainty": 0.0002899122444096467}, "Art Directors_284_293": {"llm_label": "TASK_2", "label_logprob": -0.001147, "p_task_1": 0.001146342446928461, "uncertainty": 0.00890777491800142}, "Art Directors_284_294": {"llm_label": "TASK_2", "label_logprob": -0.00042, "p_task_1": 0.00041991181234668495, "uncertainty": 0.003684833589474493}, "Art Directors_284_295": {"llm_label": "TASK_1", "label_logprob": -0.000635, "p_task_1": 0.9993652015698321, "uncertainty": 0.0053081118368074704}, "Art Directors_284_296": {"llm_label": "TASK_1", "label_logprob": -5e-06, "p_task_1": 0.9999950000125, "uncertainty": 6.603019815215604e-05}, "Art Directors_284_297": {"llm_label": "TASK_2", "label_logprob": -0.031679, "p_task_1": 0.03118247740467217, "uncertainty": 0.1388288513718272}, "Art Directors_284_298": {"llm_label": "TASK_2", "label_logprob": -1.1e-05, "p_task_1": 1.0999939500266898e-05, "uncertainty": 0.0001365930168744248}, "Art Directors_284_20242": {"llm_label": "TASK_1", "label_logprob": -0.076131, "p_task_1": 0.9266948015885221, "uncertainty": 0.26210575712265705}, "Art Directors_285_286": {"llm_label": "TASK_2", "label_logprob": -0.000283, "p_task_1": 0.0002829599592772958, "uncertainty": 0.002594760840838868}, "Art Directors_285_287": {"llm_label": "TASK_2", "label_logprob": -0.000568, "p_task_1": 0.0005678387185373834, "uncertainty": 0.004811518438129683}, "Art Directors_285_288": {"llm_label": "TASK_2", "label_logprob": -0.001166, "p_task_1": 0.0011653204861300503, "uncertainty": 0.009036100434510185}, "Art Directors_285_289": {"llm_label": "TASK_2", "label_logprob": -4.7e-05, "p_task_1": 4.699889551729175e-05, "uncertainty": 0.0005153599478945111}, "Art Directors_285_290": {"llm_label": "TASK_2", "label_logprob": -4.1e-05, "p_task_1": 4.0999159511501126e-05, "uncertainty": 0.00045517014709289875}, "Art Directors_285_291": {"llm_label": "TASK_2", "label_logprob": -1.3e-05, "p_task_1": 1.2999915500411241e-05, "uncertainty": 0.00015925626043919854}, "Art Directors_285_292": {"llm_label": "EQUAL_TIME", "label_logprob": -0.241317, "p_task_1": 0.5, "uncertainty": 0.6931471805599453}, "Art Directors_285_293": {"llm_label": "TASK_2", "label_logprob": -3e-06, "p_task_1": 2.9999955000192813e-06, "uncertainty": 4.1150633082097105e-05}, "Art Directors_285_294": {"llm_label": "TASK_2", "label_logprob": 0.0, "p_task_1": 0.0, "uncertainty": 0.0}, "Art Directors_285_295": {"llm_label": "TASK_2", "label_logprob": -3e-06, "p_task_1": 2.9999955000192813e-06, "uncertainty": 4.1150633082097105e-05}, "Art Directors_285_296": {"llm_label": "TASK_2", "label_logprob": -0.402757, "p_task_1": 0.3315254811031251, "uncertainty": 0.6352537002024292}, "Art Directors_285_297": {"llm_label": "TASK_2", "label_logprob": -4e-06, "p_task_1": 3.9999919999589295e-06, "uncertainty": 5.371675735315082e-05}, "Art Directors_285_298": {"llm_label": "TASK_2", "label_logprob": 0.0, "p_task_1": 0.0, "uncertainty": 0.0}, "Art Directors_285_20242": {"llm_label": "TASK_2", "label_logprob": -3.2e-05, "p_task_1": 3.199948800547414e-05, "uncertainty": 0.0003631869779441248}, "Art Directors_286_287": {"llm_label": "TASK_1", "label_logprob": -0.0363, "p_task_1": 0.9643509447995507, "uncertainty": 0.15386105272590225}, "Art Directors_286_288": {"llm_label": "TASK_1", "label_logprob": -0.000249, "p_task_1": 0.9997510309979272, "uncertainty": 0.0023149281378424076}, "Art Directors_286_289": {"llm_label": "TASK_1", "label_logprob": -0.000328, "p_task_1": 0.9996720537861192, "uncertainty": 0.0029588937158356787}, "Art Directors_286_290": {"llm_label": "TASK_2", "label_logprob": -0.005494, "p_task_1": 0.005478935582595823, "uncertainty": 0.033991863968427016}, "Art Directors_286_291": {"llm_label": "CANNOT_DECIDE", "label_logprob": -0.307345, "p_task_1": 0.5, "uncertainty": 0.6931471805599453}, "Art Directors_286_292": {"llm_label": "TASK_1", "label_logprob": -9.5e-05, "p_task_1": 0.9999050045123571, "uncertainty": 0.0009748088941848546}, "Art Directors_286_293": {"llm_label": "TASK_2", "label_logprob": -0.123878, "p_task_1": 0.11651238020228127, "uncertainty": 0.35991807095275485}, "Art Directors_286_294": {"llm_label": "TASK_2", "label_logprob": -0.007244, "p_task_1": 0.007217825472893069, "uncertainty": 0.04278426624974344}, "Art Directors_286_295": {"llm_label": "TASK_1", "label_logprob": -0.271192, "p_task_1": 0.7624700880934033, "uncertainty": 0.5482159435107763}, "Art Directors_286_296": {"llm_label": "TASK_1", "label_logprob": -4e-05, "p_task_1": 0.9999600007999894, "uncertainty": 0.00044505634297012944}, "Art Directors_286_297": {"llm_label": "TASK_2", "label_logprob": -0.138248, "p_task_1": 0.129117313943942, "uncertainty": 0.38470530539246706}, "Art Directors_286_298": {"llm_label": "TASK_2", "label_logprob": -0.000766, "p_task_1": 0.0007657066968947968, "uncertainty": 0.006259138008200291}, "Art Directors_286_20242": {"llm_label": "TASK_2", "label_logprob": -0.521715, "p_task_1": 0.4064981809598245, "uncertainty": 0.6755586368814717}, "Art Directors_287_288": {"llm_label": "TASK_1", "label_logprob": -0.045452, "p_task_1": 0.9555654686136541, "uncertainty": 0.18178986736089792}, "Art Directors_287_289": {"llm_label": "EQUAL_TIME", "label_logprob": -0.129118, "p_task_1": 0.5, "uncertainty": 0.6931471805599453}, "Art Directors_287_290": {"llm_label": "TASK_2", "label_logprob": -0.000599, "p_task_1": 0.0005988206353149117, "uncertainty": 0.0050422188405988165}, "Art Directors_287_291": {"llm_label": "TASK_2", "label_logprob": -0.343746, "p_task_1": 0.290890981132199, "uncertainty": 0.6029475263004169}, "Art Directors_287_292": {"llm_label": "TASK_1", "label_logprob": -7.6e-05, "p_task_1": 0.9999240028879268, "uncertainty": 0.0007968127892924509}, "Art Directors_287_293": {"llm_label": "TASK_2", "label_logprob": -0.000755, "p_task_1": 0.0007547150592146501, "uncertainty": 0.006180205267451258}, "Art Directors_287_294": {"llm_label": "TASK_2", "label_logprob": -1e-06, "p_task_1": 9.999994999843054e-07, "uncertainty": 1.4815503149992376e-05}, "Art Directors_287_295": {"llm_label": "TASK_2", "label_logprob": -0.014231, "p_task_1": 0.014130217962313063, "uncertainty": 0.07421672361756332}, "Art Directors_287_296": {"llm_label": "TASK_1", "label_logprob": -0.00022, "p_task_1": 0.9997800241982254, "uncertainty": 0.002072586270149186}, "Art Directors_287_297": {"llm_label": "TASK_2", "label_logprob": -2.2e-05, "p_task_1": 2.1999758001767233e-05, "uncertainty": 0.0002579354610012207}, "Art Directors_287_298": {"llm_label": "TASK_2", "label_logprob": 0.0, "p_task_1": 0.0, "uncertainty": 0.0}, "Art Directors_287_20242": {"llm_label": "TASK_2", "label_logprob": -0.010149, "p_task_1": 0.010097672686558257, "uncertainty": 0.056449871785113404}, "Art Directors_288_289": {"llm_label": "TASK_2", "label_logprob": -0.001984, "p_task_1": 0.0019820331729433205, "uncertainty": 0.014315512936687615},