{"Special Effects Artists and Animators_6882_6883": {"llm_label": "EQUAL_TIME", "label_logprob": -0.001172, "p_task_1": 0.5, "uncertainty": 0.6931471805599453}, "Special Effects Artists and Animators_6882_6884": {"llm_label": "EQUAL_TIME", "label_logprob": -0.002478, "p_task_1": 0.5, "uncertainty": 0.6931471805599453}, "Special Effects Artists and Animators_6882_6885": {"llm_label": "TASK_1", "label_logprob": -0.000385, "p_task_1": 0.9996150741029898, "uncertainty": 0.003411316162995266}, "Special Effects Artists and Animators_6882_6886": {"llm_label": "TASK_2", "label_logprob": -0.049472, "p_task_1": 0.04826819374603808, "uncertainty": 0.19338412404747604}, "Special Effects Artists and Animators_6882_6887": {"llm_label": "TASK_2", "label_logprob": -0.000263, "p_task_1": 0.00026296541853165767, "uncertainty": 0.002430683118198707}, "Special Effects Artists and Animators_6882_6888": {"llm_label": "TASK_1", "label_logprob": -3.9e-05, "p_task_1": 0.9999610007604901, "uncertainty": 0.0004349175266172239}, "Special Effects Artists and Animators_6882_6889": {"llm_label": "TASK_1", "label_logprob": -0.002058, "p_task_1": 0.9979441162300172, "uncertainty": 0.014773623570574499}, "Special Effects Artists and Animators_6882_6890": {"llm_label": "TASK_2", "label_logprob": -0.363633, "p_task_1": 0.30485373338579325, "uncertainty": 0.614920938787956}, "Special Effects Artists and Animators_6882_6891": {"llm_label": "TASK_1", "label_logprob": -0.205328, "p_task_1": 0.8143801559083492, "uncertainty": 0.47980899087596}, "Special Effects Artists and Animators_6882_6893": {"llm_label": "TASK_2", "label_logprob": -0.253858, "p_task_1": 0.22419804189673842, "uncertainty": 0.5321701632487998}, "Special Effects Artists and Animators_6882_6894": {"llm_label": "CANNOT_DECIDE", "label_logprob": -0.873985, "p_task_1": 0.5, "uncertainty": 0.6931471805599453}, "Special Effects Artists and Animators_6882_6895": {"llm_label": "TASK_1", "label_logprob": -0.000745, "p_task_1": 0.9992552774435972, "uncertainty": 0.0061083085127766395}, "Special Effects Artists and Animators_6883_6884": {"llm_label": "CANNOT_DECIDE", "label_logprob": -0.196772, "p_task_1": 0.5, "uncertainty": 0.6931471805599453}, "Special Effects Artists and Animators_6883_6885": {"llm_label": "TASK_1", "label_logprob": -0.000169, "p_task_1": 0.9998310142796956, "uncertainty": 0.0016367300940866053}, "Special Effects Artists and Animators_6883_6886": {"llm_label": "CANNOT_DECIDE", "label_logprob": -0.598565, "p_task_1": 0.5, "uncertainty": 0.6931471805599453}, "Special Effects Artists and Animators_6883_6887": {"llm_label": "TASK_2", "label_logprob": -0.000124, "p_task_1": 0.00012399231231774444, "uncertainty": 0.0012393315549874347}, "Special Effects Artists and Animators_6883_6888": {"llm_label": "TASK_1", "label_logprob": -1.4e-05, "p_task_1": 0.9999860000979995, "uncertainty": 0.0001704691519101948}, "Special Effects Artists and Animators_6883_6889": {"llm_label": "TASK_1", "label_logprob": -0.004963, "p_task_1": 0.9950492953355069, "uncertainty": 0.031217885683226428}, "Special Effects Artists and Animators_6883_6890": {"llm_label": "CANNOT_DECIDE", "label_logprob": -0.083604, "p_task_1": 0.5, "uncertainty": 0.6931471805599453}, "Special Effects Artists and Animators_6883_6891": {"llm_label": "TASK_1", "label_logprob": -0.025477, "p_task_1": 0.9748448001382998, "uncertainty": 0.11747494029923433}, "Special Effects Artists and Animators_6883_6893": {"llm_label": "CANNOT_DECIDE", "label_logprob": -0.239563, "p_task_1": 0.5, "uncertainty": 0.6931471805599453}, "Special Effects Artists and Animators_6883_6894": {"llm_label": "TASK_1", "label_logprob": -0.016234, "p_task_1": 0.9838970612037284, "uncertainty": 0.08245764964142066}, "Special Effects Artists and Animators_6883_6895": {"llm_label": "TASK_1", "label_logprob": -0.005663, "p_task_1": 0.9943530045589757, "uncertainty": 0.034863436423958914}, "Special Effects Artists and Animators_6884_6885": {"llm_label": "TASK_1", "label_logprob": -0.000193, "p_task_1": 0.9998070186233019, "uncertainty": 0.00184351642647025}, "Special Effects Artists and Animators_6884_6886": {"llm_label": "TASK_2", "label_logprob": -0.039498, "p_task_1": 0.03872812346757126, "uncertainty": 0.16388077481582164}, "Special Effects Artists and Animators_6884_6887": {"llm_label": "TASK_2", "label_logprob": -2e-05, "p_task_1": 1.999980000133572e-05, "uncertainty": 0.00023639320174866763}, "Special Effects Artists and Animators_6884_6888": {"llm_label": "TASK_1", "label_logprob": -0.010642, "p_task_1": 0.9894144257436952, "uncertainty": 0.05867532535478545}, "Special Effects Artists and Animators_6884_6889": {"llm_label": "TASK_1", "label_logprob": -0.055927, "p_task_1": 0.9456081627667666, "uncertainty": 0.2112491020731981}, "Special Effects Artists and Animators_6884_6890": {"llm_label": "TASK_2", "label_logprob": -0.290564, "p_task_1": 0.2521583340860959, "uncertainty": 0.5646939182659805}, "Special Effects Artists and Animators_6884_6891": {"llm_label": "CANNOT_DECIDE", "label_logprob": -0.142152, "p_task_1": 0.5, "uncertainty": 0.6931471805599453}, "Special Effects Artists and Animators_6884_6893": {"llm_label": "CANNOT_DECIDE", "label_logprob": -0.266403, "p_task_1": 0.5, "uncertainty": 0.6931471805599453}, "Special Effects Artists and Animators_6884_6894": {"llm_label": "CANNOT_DECIDE", "label_logprob": -0.532322, "p_task_1": 0.5, "uncertainty": 0.6931471805599453}, "Special Effects Artists and Animators_6884_6895": {"llm_label": "TASK_1", "label_logprob": -3.1e-05, "p_task_1": 0.9999690004804951, "uncertainty": 0.0003528217551931141}, "Special Effects Artists and Animators_6885_6886": {"llm_label": "TASK_2", "label_logprob": -1e-06, "p_task_1": 9.999994999843054e-07, "uncertainty": 1.4815503149992376e-05}, "Special Effects Artists and Animators_6885_6887": {"llm_label": "TASK_2", "label_logprob": 0.0, "p_task_1": 0.0, "uncertainty": 0.0}, "Special Effects Artists and Animators_6885_6888": {"llm_label": "TASK_2", "label_logprob": -0.090593, "p_task_1": 0.08661061526190261, "uncertainty": 0.2946250815162109}, "Special Effects Artists and Animators_6885_6889": {"llm_label": "TASK_1", "label_logprob": -0.590145, "p_task_1": 0.5542469131053045, "uncertainty": 0.6872501244938517}, "Special Effects Artists and Animators_6885_6890": {"llm_label": "TASK_2", "label_logprob": -0.000124, "p_task_1": 0.00012399231231774444, "uncertainty": 0.0012393315549874347}, "Special Effects Artists and Animators_6885_6891": {"llm_label": "TASK_2", "label_logprob": -0.000262, "p_task_1": 0.0002619656809972337, "uncertainty": 0.0024224401534331287}, "Special Effects Artists and Animators_6885_6893": {"llm_label": "TASK_2", "label_logprob": -1e-06, "p_task_1": 9.999994999843054e-07, "uncertainty": 1.4815503149992376e-05}, "Special Effects Artists and Animators_6885_6894": {"llm_label": "TASK_2", "label_logprob": -8e-06, "p_task_1": 7.999968000049762e-06, "uncertainty": 0.00010188814457675767}, "Special Effects Artists and Animators_6885_6895": {"llm_label": "TASK_1", "label_logprob": -0.498444, "p_task_1": 0.6074751560467314, "uncertainty": 0.6698640926124231}, "Special Effects Artists and Animators_6886_6887": {"llm_label": "TASK_2", "label_logprob": -3.9e-05, "p_task_1": 3.899923950989592e-05, "uncertainty": 0.0004349175266172239}, "Special Effects Artists and Animators_6886_6888": {"llm_label": "TASK_1", "label_logprob": -0.000889, "p_task_1": 0.9991113950434268, "uncertainty": 0.007131422086139578}, "Special Effects Artists and Animators_6886_6889": {"llm_label": "TASK_1", "label_logprob": -0.001946, "p_task_1": 0.9980558922303742, "uncertainty": 0.014079188522060505}, "Special Effects Artists and Animators_6886_6890": {"llm_label": "CANNOT_DECIDE", "label_logprob": -0.142935, "p_task_1": 0.5, "uncertainty": 0.6931471805599453}, "Special Effects Artists and Animators_6886_6891": {"llm_label": "TASK_1", "label_logprob": -0.008395, "p_task_1": 0.991640139611401, "uncertainty": 0.0483210123216498},