{"Craft Artists_9247_9248": {"llm_label": "EQUAL_TIME", "label_logprob": -0.576899, "p_task_1": 0.5, "uncertainty": 0.6931471805599453}, "Craft Artists_9247_9250": {"llm_label": "TASK_1", "label_logprob": 0.0, "p_task_1": 1.0, "uncertainty": 0.0}, "Craft Artists_9247_9251": {"llm_label": "TASK_1", "label_logprob": -4.7e-05, "p_task_1": 0.9999530011044827, "uncertainty": 0.0005153599478945111}, "Craft Artists_9247_9252": {"llm_label": "TASK_1", "label_logprob": -0.001524, "p_task_1": 0.9984771606982904, "uncertainty": 0.011400609912462807}, "Craft Artists_9247_9253": {"llm_label": "TASK_1", "label_logprob": -9.7e-05, "p_task_1": 0.9999030047043479, "uncertainty": 0.0009933093829617684}, "Craft Artists_9247_9254": {"llm_label": "TASK_1", "label_logprob": -9e-06, "p_task_1": 0.9999910000404999, "uncertainty": 0.0001135640627863842}, "Craft Artists_9247_9255": {"llm_label": "TASK_1", "label_logprob": -7.3e-05, "p_task_1": 0.9999270026644351, "uncertainty": 0.0007683006882278183}, "Craft Artists_9247_9256": {"llm_label": "CANNOT_DECIDE", "label_logprob": -0.124781, "p_task_1": 0.5, "uncertainty": 0.6931471805599453}, "Craft Artists_9247_9257": {"llm_label": "TASK_1", "label_logprob": -5e-06, "p_task_1": 0.9999950000125, "uncertainty": 6.603019815215604e-05}, "Craft Artists_9247_9258": {"llm_label": "TASK_1", "label_logprob": -0.000204, "p_task_1": 0.9997960208065851, "uncertainty": 0.0019372700671688274}, "Craft Artists_9247_9259": {"llm_label": "TASK_1", "label_logprob": -4.6e-05, "p_task_1": 0.9999540010579838, "uncertainty": 0.0005053843575021392}, "Craft Artists_9247_9260": {"llm_label": "TASK_1", "label_logprob": -0.000262, "p_task_1": 0.9997380343190028, "uncertainty": 0.0024224401534331287}, "Craft Artists_9247_9261": {"llm_label": "TASK_1", "label_logprob": -0.001071, "p_task_1": 0.998929573315808, "uncertainty": 0.008391248759513897}, "Craft Artists_9247_20881": {"llm_label": "TASK_1", "label_logprob": -0.488615, "p_task_1": 0.613475469589353, "uncertainty": 0.6671680529009398}, "Craft Artists_9247_24006": {"llm_label": "TASK_1", "label_logprob": -2e-06, "p_task_1": 0.999998000002, "uncertainty": 2.8244698509961958e-05}, "Craft Artists_9248_9250": {"llm_label": "TASK_1", "label_logprob": -5e-06, "p_task_1": 0.9999950000125, "uncertainty": 6.603019815215604e-05}, "Craft Artists_9248_9251": {"llm_label": "TASK_1", "label_logprob": -0.000182, "p_task_1": 0.9998180165609953, "uncertainty": 0.001749134528681951}, "Craft Artists_9248_9252": {"llm_label": "TASK_1", "label_logprob": -0.136292, "p_task_1": 0.8725877996474382, "uncertainty": 0.3814376318129262}, "Craft Artists_9248_9253": {"llm_label": "TASK_1", "label_logprob": -2.5e-05, "p_task_1": 0.9999750003124974, "uncertainty": 0.0002899122444096467}, "Craft Artists_9248_9254": {"llm_label": "TASK_1", "label_logprob": -2.4e-05, "p_task_1": 0.9999760002879977, "uncertainty": 0.0002792956099024647}, "Craft Artists_9248_9255": {"llm_label": "TASK_1", "label_logprob": -0.041117, "p_task_1": 0.9597168365088893, "uncertainty": 0.16884301487355652}, "Craft Artists_9248_9256": {"llm_label": "TASK_2", "label_logprob": -9e-06, "p_task_1": 8.999959500100019e-06, "uncertainty": 0.0001135640627863842}, "Craft Artists_9248_9257": {"llm_label": "TASK_1", "label_logprob": -7e-05, "p_task_1": 0.9999300024499428, "uncertainty": 0.0007396651835453089}, "Craft Artists_9248_9258": {"llm_label": "TASK_1", "label_logprob": -0.001933, "p_task_1": 0.9980688670413093, "uncertainty": 0.013998169170008824}, "Craft Artists_9248_9259": {"llm_label": "TASK_1", "label_logprob": -0.014865, "p_task_1": 0.9852449386921456, "uncertainty": 0.07685549979772871}, "Craft Artists_9248_9260": {"llm_label": "TASK_1", "label_logprob": -0.144266, "p_task_1": 0.865657452548882, "uncertainty": 0.39455911875421124}, "Craft Artists_9248_9261": {"llm_label": "TASK_1", "label_logprob": -0.524603, "p_task_1": 0.591790258469863, "uncertainty": 0.6762003269866185}, "Craft Artists_9248_20881": {"llm_label": "TASK_2", "label_logprob": -0.002212, "p_task_1": 0.002209555330868307, "uncertainty": 0.01571846374898286}, "Craft Artists_9248_24006": {"llm_label": "TASK_1", "label_logprob": -7e-06, "p_task_1": 0.9999930000245, "uncertainty": 9.008688755748087e-05}, "Craft Artists_9250_9251": {"llm_label": "TASK_2", "label_logprob": -0.008568, "p_task_1": 0.008531399294208653, "uncertainty": 0.04913850530774144}, "Craft Artists_9250_9252": {"llm_label": "TASK_2", "label_logprob": -0.001178, "p_task_1": 0.0011773064303683967, "uncertainty": 0.009116987122646162}, "Craft Artists_9250_9253": {"llm_label": "TASK_1", "label_logprob": -0.650529, "p_task_1": 0.521769687577137, "uncertainty": 0.6921990422722254}, "Craft Artists_9250_9254": {"llm_label": "TASK_2", "label_logprob": -0.438452, "p_task_1": 0.3549658384851686, "uncertainty": 0.6504666078850331}, "Craft Artists_9250_9255": {"llm_label": "TASK_2", "label_logprob": -1e-06, "p_task_1": 9.999994999843054e-07, "uncertainty": 1.4815503149992376e-05}, "Craft Artists_9250_9256": {"llm_label": "TASK_2", "label_logprob": 0.0, "p_task_1": 0.0, "uncertainty": 0.0}, "Craft Artists_9250_9257": {"llm_label": "TASK_2", "label_logprob": -0.621138, "p_task_1": 0.4626673949765461, "uncertainty": 0.6903571380182637}, "Craft Artists_9250_9258": {"llm_label": "TASK_2", "label_logprob": -0.000924, "p_task_1": 0.000923573243451159, "uncertainty": 0.007376393415658934}, "Craft Artists_9250_9259": {"llm_label": "TASK_2", "label_logprob": -0.000469, "p_task_1": 0.0004688900366915938, "uncertainty": 0.004062888935653775}, "Craft Artists_9250_9260": {"llm_label": "TASK_2", "label_logprob": -3e-05, "p_task_1": 2.9999550004489173e-05, "uncertainty": 0.00034242425890051087}, "Craft Artists_9250_9261": {"llm_label": "TASK_2", "label_logprob": -7e-06, "p_task_1": 6.999975500021627e-06, "uncertainty": 9.008688755748087e-05}, "Craft Artists_9250_20881": {"llm_label": "TASK_2", "label_logprob": -2.9e-05, "p_task_1": 2.8999579504085382e-05, "uncertainty": 0.000331993413184829}, "Craft Artists_9250_24006": {"llm_label": "TASK_1", "label_logprob": -9.9e-05, "p_task_1": 0.9999010049003383, "uncertainty": 0.0010117685967436802}, "Craft Artists_9251_9252": {"llm_label": "TASK_2", "label_logprob": -0.062638, "p_task_1": 0.0607165672445128, "uncertainty": 0.22893464741491099}, "Craft Artists_9251_9253": {"llm_label": "TASK_1", "label_logprob": -0.300433, "p_task_1": 0.7404975158297739, "uncertainty": 0.5725358877028908}, "Craft Artists_9251_9254": {"llm_label": "CANNOT_DECIDE", "label_logprob": -0.107711, "p_task_1": 0.5, "uncertainty": 0.6931471805599453}, "Craft Artists_9251_9255": {"llm_label": "TASK_2", "label_logprob": -2.4e-05, "p_task_1": 2.3999712002287232e-05, "uncertainty": 0.0002792956099024647}, "Craft Artists_9251_9256": {"llm_label": "TASK_2", "label_logprob": -1e-06, "p_task_1": 9.999994999843054e-07, "uncertainty": 1.4815503149992376e-05}, "Craft Artists_9251_9257": {"llm_label": "CANNOT_DECIDE", "label_logprob": -0.157557, "p_task_1": 0.5, "uncertainty": 0.6931471805599453}, "Craft Artists_9251_9258": {"llm_label": "TASK_2", "label_logprob": -0.084862, "p_task_1": 0.08136095215681893, "uncertainty": 0.28208077101120554}, "Craft Artists_9251_9259": {"llm_label": "TASK_2", "label_logprob": -0.002359, "p_task_1": 0.002356219746135979, "uncertainty": 0.016610212830042485}, "Craft Artists_9251_9260": {"llm_label": "TASK_2", "label_logprob": -5e-05, "p_task_1": 4.999875002087428e-05, "uncertainty": 0.0005451607485001352}, "Craft Artists_9251_9261": {"llm_label": "TASK_2", "label_logprob": -0.001627, "p_task_1": 0.0016256771530213099, "uncertainty": 0.012064178701156305}, "Craft Artists_9251_20881": {"llm_label": "TASK_2", "label_logprob": -0.00018, "p_task_1": 0.0001799838009719501, "uncertainty": 0.0017319037914989032}, "Craft Artists_9251_24006": {"llm_label": "TASK_1", "label_logprob": -0.007493, "p_task_1": 0.9925350025398392, "uncertainty": 0.043997115190184274}, "Craft Artists_9252_9253": {"llm_label": "TASK_1",