{"Interior Designers_1734_1735": {"llm_label": "TASK_1", "label_logprob": -0.002612, "p_task_1": 0.9973914083038576, "uncertainty": 0.01812355432100321}, "Interior Designers_1734_1736": {"llm_label": "TASK_1", "label_logprob": -0.000146, "p_task_1": 0.9998540106574814, "uncertainty": 0.001435353191490105}, "Interior Designers_1734_1737": {"llm_label": "TASK_2", "label_logprob": -0.287145, "p_task_1": 0.24959708747424014, "uncertainty": 0.5618920669088868}, "Interior Designers_1734_1738": {"llm_label": "TASK_2", "label_logprob": -0.001711, "p_task_1": 0.0017095370739744764, "uncertainty": 0.012600446285952064}, "Interior Designers_1734_1739": {"llm_label": "TASK_2", "label_logprob": -0.733031, "p_task_1": 0.5195494646540324, "uncertainty": 0.6923826225539063}, "Interior Designers_1734_1740": {"llm_label": "TASK_1", "label_logprob": -0.03108, "p_task_1": 0.969398018132419, "uncertainty": 0.13682853002175713}, "Interior Designers_1734_1741": {"llm_label": "TASK_2", "label_logprob": -0.003028, "p_task_1": 0.003023420231679008, "uncertainty": 0.020558814116583606}, "Interior Designers_1734_18519": {"llm_label": "TASK_1", "label_logprob": -0.181726, "p_task_1": 0.8338297784775945, "uncertainty": 0.4497613232758183}, "Interior Designers_1734_18520": {"llm_label": "TASK_2", "label_logprob": -0.008303, "p_task_1": 0.008268625299005072, "uncertainty": 0.047884777101039104}, "Interior Designers_1734_18521": {"llm_label": "TASK_2", "label_logprob": -0.000175, "p_task_1": 0.00017498468839316494, "uncertainty": 0.0016887290343299416}, "Interior Designers_1734_20996": {"llm_label": "CANNOT_DECIDE", "label_logprob": -0.669617, "p_task_1": 0.5, "uncertainty": 0.6931471805599453}, "Interior Designers_1734_20997": {"llm_label": "TASK_1", "label_logprob": -0.005741, "p_task_1": 0.9942754480493633, "uncertainty": 0.035263945515947394}, "Interior Designers_1734_20998": {"llm_label": "CANNOT_DECIDE", "label_logprob": -0.48545, "p_task_1": 0.5, "uncertainty": 0.6931471805599453}, "Interior Designers_1734_20999": {"llm_label": "TASK_1", "label_logprob": -0.059306, "p_task_1": 0.9424183450168817, "uncertainty": 0.22026084768726367}, "Interior Designers_1734_23995": {"llm_label": "TASK_1", "label_logprob": -0.000495, "p_task_1": 0.999505122492288, "uncertainty": 0.00426136686346383}, "Interior Designers_1735_1736": {"llm_label": "EQUAL_TIME", "label_logprob": -0.006918, "p_task_1": 0.5, "uncertainty": 0.6931471805599453}, "Interior Designers_1735_1737": {"llm_label": "TASK_2", "label_logprob": -0.001171, "p_task_1": 0.0011703146470422032, "uncertainty": 0.009069818266504437}, "Interior Designers_1735_1738": {"llm_label": "TASK_2", "label_logprob": -1e-06, "p_task_1": 9.999994999843054e-07, "uncertainty": 1.4815503149992376e-05}, "Interior Designers_1735_1739": {"llm_label": "TASK_2", "label_logprob": -0.061973, "p_task_1": 0.06009173602837736, "uncertainty": 0.22721986285224424}, "Interior Designers_1735_1740": {"llm_label": "TASK_2", "label_logprob": -5.8e-05, "p_task_1": 5.799831803254829e-05, "uncertainty": 0.0006237758280847792}, "Interior Designers_1735_1741": {"llm_label": "TASK_2", "label_logprob": -9e-06, "p_task_1": 8.999959500100019e-06, "uncertainty": 0.0001135640627863842}, "Interior Designers_1735_18519": {"llm_label": "TASK_2", "label_logprob": -0.011616, "p_task_1": 0.011548794742453738, "uncertainty": 0.06300303433210473}, "Interior Designers_1735_18520": {"llm_label": "TASK_2", "label_logprob": -0.003206, "p_task_1": 0.003200866269711833, "uncertainty": 0.02158258231400716}, "Interior Designers_1735_18521": {"llm_label": "TASK_2", "label_logprob": -3e-06, "p_task_1": 2.9999955000192813e-06, "uncertainty": 4.1150633082097105e-05}, "Interior Designers_1735_20996": {"llm_label": "TASK_2", "label_logprob": -6.5e-05, "p_task_1": 6.499788754577018e-05, "uncertainty": 0.0006916505348500037}, "Interior Designers_1735_20997": {"llm_label": "TASK_2", "label_logprob": -0.105126, "p_task_1": 0.09978891115710431, "uncertainty": 0.3246189160956225}, "Interior Designers_1735_20998": {"llm_label": "TASK_2", "label_logprob": -0.005308, "p_task_1": 0.00529393746032214, "uncertainty": 0.033026447678875005}, "Interior Designers_1735_20999": {"llm_label": "TASK_2", "label_logprob": -0.04494, "p_task_1": 0.04394515659716025, "uncertainty": 0.1802854952854633}, "Interior Designers_1735_23995": {"llm_label": "TASK_2", "label_logprob": -0.202822, "p_task_1": 0.18357644811516916, "uncertainty": 0.47677351669476437}, "Interior Designers_1736_1737": {"llm_label": "TASK_2", "label_logprob": -0.126995, "p_task_1": 0.11926192372347089, "uncertainty": 0.36545184191411945}, "Interior Designers_1736_1738": {"llm_label": "TASK_2", "label_logprob": -0.000561, "p_task_1": 0.0005608426689223123, "uncertainty": 0.00475919292394319}, "Interior Designers_1736_1739": {"llm_label": "TASK_2", "label_logprob": -0.013497, "p_task_1": 0.013406323905678752, "uncertainty": 0.07112450896056598}, "Interior Designers_1736_1740": {"llm_label": "TASK_2", "label_logprob": -0.000128, "p_task_1": 0.00012799180834954793, "uncertainty": 0.0012752438603772032}, "Interior Designers_1736_1741": {"llm_label": "TASK_2", "label_logprob": -0.000217, "p_task_1": 0.00021697645720297754, "uncertainty": 0.0020473059250592125}, "Interior Designers_1736_18519": {"llm_label": "CANNOT_DECIDE", "label_logprob": -0.081829, "p_task_1": 0.5, "uncertainty": 0.6931471805599453}, "Interior Designers_1736_18520": {"llm_label": "TASK_2", "label_logprob": -0.005494, "p_task_1": 0.005478935582595823, "uncertainty": 0.033991863968427016}, "Interior Designers_1736_18521": {"llm_label": "TASK_2", "label_logprob": -4e-06, "p_task_1": 3.9999919999589295e-06, "uncertainty": 5.371675735315082e-05}, "Interior Designers_1736_20996": {"llm_label": "TASK_2", "label_logprob": -0.000465, "p_task_1": 0.0004648919042554711, "uncertainty": 0.004032227454505613}, "Interior Designers_1736_20997": {"llm_label": "CANNOT_DECIDE", "label_logprob": -0.320063, "p_task_1": 0.5, "uncertainty": 0.6931471805599453}, "Interior Designers_1736_20998": {"llm_label": "CANNOT_DECIDE", "label_logprob": -0.38987, "p_task_1": 0.5, "uncertainty": 0.6931471805599453}, "Interior Designers_1736_20999": {"llm_label": "TASK_2", "label_logprob": -0.527737, "p_task_1": 0.41006150896494653, "uncertainty": 0.676880926048622}, "Interior Designers_1736_23995": {"llm_label": "TASK_1", "label_logprob": -0.038921, "p_task_1": 0.9618266904536114, "uncertainty": 0.16209473051746434}, "Interior Designers_1737_1738": {"llm_label": "TASK_2", "label_logprob": -4.2e-05, "p_task_1": 4.199911801239242e-05, "uncertainty": 0.0004652595489512129}, "Interior Designers_1737_1739": {"llm_label": "TASK_2", "label_logprob": -0.378643, "p_task_1": 0.31520996092248155, "uncertainty": 0.623205998747599}, "Interior Designers_1737_1740": {"llm_label": "TASK_1", "label_logprob": -0.213262, "p_task_1": 0.8079444280436503, "uncertainty": 0.4891898749223246}, "Interior Designers_1737_1741": {"llm_label": "TASK_2", "label_logprob": -0.000204, "p_task_1": 0.00020397919341486048, "uncertainty": 0.0019372700671688274}, "Interior Designers_1737_18519": {"llm_label": "CANNOT_DECIDE", "label_logprob": -0.227857, "p_task_1": 0.5, "uncertainty": 0.6931471805599453}, "Interior Designers_1737_18520": {"llm_label": "TASK_2", "label_logprob": -0.016265, "p_task_1": 0.016133439132411165, "uncertainty": 0.08258305352858887}, "Interior Designers_1737_18521": {"llm_label": "TASK_2", "label_logprob": -0.001229, "p_task_1": 0.0012282450887936003, "uncertainty": 0.009459396504621322}, "Interior Designers_1737_20996": {"llm_label": "TASK_2", "label_logprob": -0.029001, "p_task_1": 0.028584506949373978, "uncertainty": 0.12978681071429043}, "Interior Designers_1737_20997": {"llm_label": "TASK_2", "label_logprob": -0.281628, "p_task_1": 0.24544567346008783, "uncertainty": 0.5572761674857201}, "Interior Designers_1737_20998": {"llm_label": "TASK_2", "label_logprob": -0.37168, "p_task_1": 0.3104251288194675, "uncertainty": 0.6194403958310181},