{"Athletes and Sports Competitors_13033_13034": {"llm_label": "TASK_1", "label_logprob": -0.828529, "p_task_1": 0.43669118682378644, "uncertainty": 0.6851096115477651}, "Athletes and Sports Competitors_13033_13035": {"llm_label": "EQUAL_TIME", "label_logprob": -0.005575, "p_task_1": 0.5, "uncertainty": 0.6931471805599453}, "Athletes and Sports Competitors_13033_13036": {"llm_label": "TASK_1", "label_logprob": -2e-06, "p_task_1": 0.999998000002, "uncertainty": 2.8244698509961958e-05}, "Athletes and Sports Competitors_13033_13037": {"llm_label": "TASK_1", "label_logprob": -0.948155, "p_task_1": 0.38745521928583415, "uncertainty": 0.6675961540256781}, "Athletes and Sports Competitors_13033_13038": {"llm_label": "TASK_1", "label_logprob": -0.020472, "p_task_1": 0.9797361287020685, "uncertainty": 0.09906428432910214}, "Athletes and Sports Competitors_13033_13040": {"llm_label": "TASK_1", "label_logprob": -0.01927, "p_task_1": 0.9809144795757697, "uncertainty": 0.09445846360621321}, "Athletes and Sports Competitors_13033_13041": {"llm_label": "TASK_1", "label_logprob": -0.00188, "p_task_1": 0.998121766093075, "uncertainty": 0.013666938313501409}, "Athletes and Sports Competitors_13033_20882": {"llm_label": "TASK_1", "label_logprob": 0.0, "p_task_1": 1.0, "uncertainty": 0.0}, "Athletes and Sports Competitors_13034_13035": {"llm_label": "TASK_2", "label_logprob": -0.006003, "p_task_1": 0.005985017995483788, "uncertainty": 0.03660136220706055}, "Athletes and Sports Competitors_13034_13036": {"llm_label": "TASK_1", "label_logprob": -0.002572, "p_task_1": 0.9974313047581136, "uncertainty": 0.017886009268616235}, "Athletes and Sports Competitors_13034_13037": {"llm_label": "TASK_2", "label_logprob": -0.106447, "p_task_1": 0.10097730489858325, "uncertainty": 0.32722504077463677}, "Athletes and Sports Competitors_13034_13038": {"llm_label": "TASK_1", "label_logprob": -0.208499, "p_task_1": 0.8118018465039843, "uncertainty": 0.483599695320352}, "Athletes and Sports Competitors_13034_13040": {"llm_label": "TASK_1", "label_logprob": -0.036282, "p_task_1": 0.9643683032727829, "uncertainty": 0.1538038047391744}, "Athletes and Sports Competitors_13034_13041": {"llm_label": "TASK_1", "label_logprob": -0.201441, "p_task_1": 0.8175518116940677, "uncertainty": 0.4750855587196421}, "Athletes and Sports Competitors_13034_20882": {"llm_label": "TASK_1", "label_logprob": -0.001294, "p_task_1": 0.9987068368569968, "uncertainty": 0.009892720225177268}, "Athletes and Sports Competitors_13035_13036": {"llm_label": "TASK_1", "label_logprob": -5e-06, "p_task_1": 0.9999950000125, "uncertainty": 6.603019815215604e-05}, "Athletes and Sports Competitors_13035_13037": {"llm_label": "EQUAL_TIME", "label_logprob": -0.793269, "p_task_1": 0.5, "uncertainty": 0.6931471805599453}, "Athletes and Sports Competitors_13035_13038": {"llm_label": "TASK_1", "label_logprob": -2.4e-05, "p_task_1": 0.9999760002879977, "uncertainty": 0.0002792956099024647}, "Athletes and Sports Competitors_13035_13040": {"llm_label": "TASK_1", "label_logprob": -4.6e-05, "p_task_1": 0.9999540010579838, "uncertainty": 0.0005053843575021392}, "Athletes and Sports Competitors_13035_13041": {"llm_label": "TASK_1", "label_logprob": -0.000431, "p_task_1": 0.9995690928671576, "uncertainty": 0.003770179934845539}, "Athletes and Sports Competitors_13035_20882": {"llm_label": "TASK_1", "label_logprob": 0.0, "p_task_1": 1.0, "uncertainty": 0.0}, "Athletes and Sports Competitors_13036_13037": {"llm_label": "TASK_2", "label_logprob": -4.6e-05, "p_task_1": 4.599894201617882e-05, "uncertainty": 0.0005053843575021392}, "Athletes and Sports Competitors_13036_13038": {"llm_label": "TASK_2", "label_logprob": -9.8e-05, "p_task_1": 9.799519815689717e-05, "uncertainty": 0.0010025440963472379}, "Athletes and Sports Competitors_13036_13040": {"llm_label": "TASK_2", "label_logprob": -0.001505, "p_task_1": 0.0015038680554301243, "uncertainty": 0.01127745011525828}, "Athletes and Sports Competitors_13036_13041": {"llm_label": "CANNOT_DECIDE", "label_logprob": -0.164704, "p_task_1": 0.5, "uncertainty": 0.6931471805599453}, "Athletes and Sports Competitors_13036_20882": {"llm_label": "TASK_1", "label_logprob": -0.196865, "p_task_1": 0.8213015015315915, "uncertainty": 0.4694142092296964}, "Athletes and Sports Competitors_13037_13038": {"llm_label": "TASK_1", "label_logprob": -0.000985, "p_task_1": 0.9990154849532606, "uncertainty": 0.007800183701725512}, "Athletes and Sports Competitors_13037_13040": {"llm_label": "CANNOT_DECIDE", "label_logprob": -0.399239, "p_task_1": 0.5, "uncertainty": 0.6931471805599453}, "Athletes and Sports Competitors_13037_13041": {"llm_label": "TASK_1", "label_logprob": -0.048707, "p_task_1": 0.9524601596453975, "uncertainty": 0.19120672899431262}, "Athletes and Sports Competitors_13037_20882": {"llm_label": "TASK_1", "label_logprob": -7e-06, "p_task_1": 0.9999930000245, "uncertainty": 9.008688755748087e-05}, "Athletes and Sports Competitors_13038_13040": {"llm_label": "CANNOT_DECIDE", "label_logprob": -0.120322, "p_task_1": 0.5, "uncertainty": 0.6931471805599453}, "Athletes and Sports Competitors_13038_13041": {"llm_label": "CANNOT_DECIDE", "label_logprob": -0.128629, "p_task_1": 0.5, "uncertainty": 0.6931471805599453}, "Athletes and Sports Competitors_13038_20882": {"llm_label": "TASK_1", "label_logprob": -0.000227, "p_task_1": 0.9997730257625506, "uncertainty": 0.0021314153183861866}, "Athletes and Sports Competitors_13040_13041": {"llm_label": "CANNOT_DECIDE", "label_logprob": -0.059148, "p_task_1": 0.5, "uncertainty": 0.6931471805599453}, "Athletes and Sports Competitors_13040_20882": {"llm_label": "TASK_1", "label_logprob": -0.039925, "p_task_1": 0.9608615010625475, "uncertainty": 0.16519651991284368}, "Athletes and Sports Competitors_13041_20882": {"llm_label": "TASK_2", "label_logprob": -0.008973, "p_task_1": 0.008932862775651973, "uncertainty": 0.05103825596846954}}