{"Dancers_7685_7686": {"llm_label": "EQUAL_TIME", "label_logprob": -0.079588, "p_task_1": 0.5, "uncertainty": 0.6931471805599453}, "Dancers_7685_7687": {"llm_label": "TASK_1", "label_logprob": -0.00048, "p_task_1": 0.9995201151815702, "uncertainty": 0.004147032375164601}, "Dancers_7685_7688": {"llm_label": "TASK_1", "label_logprob": -1.00864, "p_task_1": 0.364714654366201, "uncertainty": 0.6560826911932103}, "Dancers_7685_7689": {"llm_label": "TASK_1", "label_logprob": -0.000634, "p_task_1": 0.9993662009355334, "uncertainty": 0.0053007541506326855}, "Dancers_7685_7690": {"llm_label": "TASK_1", "label_logprob": -0.002579, "p_task_1": 0.9974243227634173, "uncertainty": 0.017927624916477865}, "Dancers_7685_7691": {"llm_label": "TASK_1", "label_logprob": -0.057912, "p_task_1": 0.9437329922860928, "uncertainty": 0.21657004673342148}, "Dancers_7685_7692": {"llm_label": "TASK_2", "label_logprob": -0.460364, "p_task_1": 0.3689460999238334, "uncertainty": 0.6583923939411249}, "Dancers_7685_7693": {"llm_label": "TASK_1", "label_logprob": -2.6e-05, "p_task_1": 0.9999740003379971, "uncertainty": 0.0003004888581468068}, "Dancers_7685_7694": {"llm_label": "TASK_1", "label_logprob": -0.000165, "p_task_1": 0.9998350136117513, "uncertainty": 0.0016019460748723717}, "Dancers_7685_7695": {"llm_label": "CANNOT_DECIDE", "label_logprob": -0.005279, "p_task_1": 0.5, "uncertainty": 0.6931471805599453}, "Dancers_7685_7696": {"llm_label": "TASK_2", "label_logprob": -0.000597, "p_task_1": 0.0005968218309574391, "uncertainty": 0.005027384471693339}, "Dancers_7685_7697": {"llm_label": "TASK_2", "label_logprob": -0.538306, "p_task_1": 0.41626373547646767, "uncertainty": 0.6790573568175207}, "Dancers_7685_21141": {"llm_label": "TASK_1", "label_logprob": -6e-06, "p_task_1": 0.999994000018, "uncertainty": 7.814227210513045e-05}, "Dancers_7686_7687": {"llm_label": "TASK_1", "label_logprob": -0.003449, "p_task_1": 0.996556940968404, "uncertainty": 0.02296407249160213}, "Dancers_7686_7688": {"llm_label": "TASK_1", "label_logprob": -0.063216, "p_task_1": 0.9387406838009128, "uncertainty": 0.23041860742095605}, "Dancers_7686_7689": {"llm_label": "TASK_1", "label_logprob": -0.000124, "p_task_1": 0.9998760076876823, "uncertainty": 0.0012393315549874347}, "Dancers_7686_7690": {"llm_label": "TASK_1", "label_logprob": -0.015288, "p_task_1": 0.9848282682150976, "uncertainty": 0.07860014246694451}, "Dancers_7686_7691": {"llm_label": "TASK_1", "label_logprob": -0.023942, "p_task_1": 0.9763423359712196, "uncertainty": 0.11195149474632819}, "Dancers_7686_7692": {"llm_label": "TASK_2", "label_logprob": -0.161877, "p_task_1": 0.14945418475818228, "uncertainty": 0.4217611466510117}, "Dancers_7686_7693": {"llm_label": "TASK_1", "label_logprob": -0.000983, "p_task_1": 0.9990174829862285, "uncertainty": 0.0077863505346756215}, "Dancers_7686_7694": {"llm_label": "TASK_1", "label_logprob": -0.000217, "p_task_1": 0.999783023542797, "uncertainty": 0.0020473059250592125}, "Dancers_7686_7695": {"llm_label": "CANNOT_DECIDE", "label_logprob": -0.011215, "p_task_1": 0.5, "uncertainty": 0.6931471805599453}, "Dancers_7686_7696": {"llm_label": "TASK_2", "label_logprob": -0.000124, "p_task_1": 0.00012399231231774444, "uncertainty": 0.0012393315549874347}, "Dancers_7686_7697": {"llm_label": "TASK_1", "label_logprob": -0.136716, "p_task_1": 0.8722179008444754, "uncertainty": 0.3821487155104152}, "Dancers_7686_21141": {"llm_label": "TASK_1", "label_logprob": -3e-06, "p_task_1": 0.9999970000045, "uncertainty": 4.1150633082097105e-05}, "Dancers_7687_7688": {"llm_label": "TASK_2", "label_logprob": -0.000294, "p_task_1": 0.00029395678623500565, "uncertainty": 0.0026843930283915263}, "Dancers_7687_7689": {"llm_label": "TASK_2", "label_logprob": -0.000137, "p_task_1": 0.0001369906159285339, "uncertainty": 0.0013555946993525322}, "Dancers_7687_7690": {"llm_label": "EQUAL_TIME", "label_logprob": -0.003195, "p_task_1": 0.5, "uncertainty": 0.6931471805599453}, "Dancers_7687_7691": {"llm_label": "TASK_2", "label_logprob": -0.000728, "p_task_1": 0.0007277350722930676, "uncertainty": 0.005985773453286629}, "Dancers_7687_7692": {"llm_label": "TASK_2", "label_logprob": -2e-06, "p_task_1": 1.9999979999907325e-06, "uncertainty": 2.8244698509961958e-05}, "Dancers_7687_7693": {"llm_label": "TASK_2", "label_logprob": -0.000265, "p_task_1": 0.0002649648906013491, "uncertainty": 0.00244715763204196}, "Dancers_7687_7694": {"llm_label": "TASK_2", "label_logprob": -0.092074, "p_task_1": 0.0879623437386936, "uncertainty": 0.2977979077695389}, "Dancers_7687_7695": {"llm_label": "TASK_2", "label_logprob": -0.000431, "p_task_1": 0.00043090713284243964, "uncertainty": 0.003770179934845539}, "Dancers_7687_7696": {"llm_label": "TASK_2", "label_logprob": 0.0, "p_task_1": 0.0, "uncertainty": 0.0}, "Dancers_7687_7697": {"llm_label": "TASK_2", "label_logprob": -0.014207, "p_task_1": 0.014106556803611281, "uncertainty": 0.07411625695641208}, "Dancers_7687_21141": {"llm_label": "TASK_2", "label_logprob": -0.114074, "p_task_1": 0.10780806876338489, "uncertainty": 0.34190789377908276}, "Dancers_7688_7689": {"llm_label": "TASK_1", "label_logprob": -0.04206, "p_task_1": 0.9588122501115813, "uncertainty": 0.17170068337273667}, "Dancers_7688_7690": {"llm_label": "EQUAL_TIME", "label_logprob": -0.260649, "p_task_1": 0.5, "uncertainty": 0.6931471805599453}, "Dancers_7688_7691": {"llm_label": "TASK_1", "label_logprob": -0.009058, "p_task_1": 0.9909829000978125, "uncertainty": 0.05143453290142537}, "Dancers_7688_7692": {"llm_label": "CANNOT_DECIDE", "label_logprob": -0.159994, "p_task_1": 0.5, "uncertainty": 0.6931471805599453}, "Dancers_7688_7693": {"llm_label": "TASK_1", "label_logprob": -0.015083, "p_task_1": 0.9850301787051998, "uncertainty": 0.07775619301848274}, "Dancers_7688_7694": {"llm_label": "TASK_1", "label_logprob": -0.020586, "p_task_1": 0.9796244451494799, "uncertainty": 0.09949712913020435}, "Dancers_7688_7695": {"llm_label": "EQUAL_TIME", "label_logprob": -0.477342, "p_task_1": 0.5, "uncertainty": 0.6931471805599453}, "Dancers_7688_7696": {"llm_label": "TASK_2", "label_logprob": -1.8e-05, "p_task_1": 1.7999838000992696e-05, "uncertainty": 0.0002146505665408007}, "Dancers_7688_7697": {"llm_label": "EQUAL_TIME", "label_logprob": -0.019046, "p_task_1": 0.5, "uncertainty": 0.6931471805599453}, "Dancers_7688_21141": {"llm_label": "TASK_1", "label_logprob": -0.000132, "p_task_1": 0.9998680087116166, "uncertainty": 0.0013110310100159317}, "Dancers_7689_7690": {"llm_label": "CANNOT_DECIDE", "label_logprob": -0.565418, "p_task_1": 0.5, "uncertainty": 0.6931471805599453}, "Dancers_7689_7691": {"llm_label": "CANNOT_DECIDE", "label_logprob": -0.474209, "p_task_1": 0.5, "uncertainty": 0.6931471805599453}, "Dancers_7689_7692": {"llm_label": "TASK_2", "label_logprob": -0.000434, "p_task_1": 0.0004339058356229719, "uncertainty": 0.0037934070288954255}, "Dancers_7689_7693": {"llm_label": "TASK_2", "label_logprob": -0.001577, "p_task_1": 0.0015757571888902477, "uncertainty": 0.011742906689108885}, "Dancers_7689_7694": {"llm_label": "CANNOT_DECIDE", "label_logprob": -0.670419, "p_task_1": 0.5, "uncertainty": 0.6931471805599453}, "Dancers_7689_7695": {"llm_label": "TASK_2", "label_logprob": -0.201417, "p_task_1": 0.18242856682699482, "uncertainty": 0.47505612819220155}, "Dancers_7689_7696": {"llm_label": "TASK_2", "label_logprob": 0.0, "p_task_1": 0.0, "uncertainty": 0.0}, "Dancers_7689_7697": {"llm_label": "TASK_2", "label_logprob": -0.004084, "p_task_1": 0.0040756718132956005, "uncertainty": 0.026494634467715515}, "Dancers_7689_21141": {"llm_label": "TASK_1", "label_logprob": -0.003281, "p_task_1": 0.9967243765986858, "uncertainty": 0.02201090348798324}, "Dancers_7690_7691": {"llm_label": "TASK_2", "label_logprob": -0.005672, "p_task_1": 0.00565594457779417, "uncertainty": 0.03490970500204218}, "Dancers_7690_7692": {"llm_label": "TASK_2", "label_logprob": -6e-06, "p_task_1": 5.9999820000156134e-06, "uncertainty": 7.814227210513045e-05},