{"Media Technical Directors/Managers_3894_3895": {"llm_label": "TASK_1", "label_logprob": -5.3e-05, "p_task_1": 0.9999470014044752, "uncertainty": 0.0005747813563191094}, "Media Technical Directors/Managers_3894_3896": {"llm_label": "EQUAL_TIME", "label_logprob": -0.619924, "p_task_1": 0.5, "uncertainty": 0.6931471805599453}, "Media Technical Directors/Managers_3894_3897": {"llm_label": "TASK_1", "label_logprob": -0.008832, "p_task_1": 0.9912068875428626, "uncertainty": 0.05037905661869395}, "Media Technical Directors/Managers_3894_3898": {"llm_label": "TASK_1", "label_logprob": -0.001216, "p_task_1": 0.9987847390284168, "uncertainty": 0.009372321758871989}, "Media Technical Directors/Managers_3894_3899": {"llm_label": "TASK_1", "label_logprob": -0.009335, "p_task_1": 0.9907084358495387, "uncertainty": 0.05272022472585751}, "Media Technical Directors/Managers_3894_3900": {"llm_label": "TASK_1", "label_logprob": -7.7e-05, "p_task_1": 0.9999230029644239, "uncertainty": 0.0008062902529262152}, "Media Technical Directors/Managers_3894_3901": {"llm_label": "TASK_1", "label_logprob": -0.005494, "p_task_1": 0.9945210644174042, "uncertainty": 0.033991863968427016}, "Media Technical Directors/Managers_3894_3902": {"llm_label": "EQUAL_TIME", "label_logprob": -0.216439, "p_task_1": 0.5, "uncertainty": 0.6931471805599453}, "Media Technical Directors/Managers_3894_3903": {"llm_label": "TASK_2", "label_logprob": -0.318178, "p_task_1": 0.27252671335574286, "uncertainty": 0.585755802391292}, "Media Technical Directors/Managers_3894_3904": {"llm_label": "TASK_1", "label_logprob": -0.000266, "p_task_1": 0.9997340353748634, "uncertainty": 0.002455389209823878}, "Media Technical Directors/Managers_3894_3905": {"llm_label": "TASK_1", "label_logprob": -0.0008, "p_task_1": 0.9992003199146837, "uncertainty": 0.006502117891634207}, "Media Technical Directors/Managers_3894_3906": {"llm_label": "TASK_1", "label_logprob": -0.314682, "p_task_1": 0.730020984034571, "uncertainty": 0.5832379678170557}, "Media Technical Directors/Managers_3894_3907": {"llm_label": "TASK_1", "label_logprob": -2e-05, "p_task_1": 0.9999800001999987, "uncertainty": 0.00023639320174866763}, "Media Technical Directors/Managers_3894_3908": {"llm_label": "TASK_1", "label_logprob": -0.260684, "p_task_1": 0.7705243668483145, "uncertainty": 0.5386419664577048}, "Media Technical Directors/Managers_3895_3896": {"llm_label": "TASK_2", "label_logprob": -0.082729, "p_task_1": 0.0793994038201713, "uncertainty": 0.2773000513341668}, "Media Technical Directors/Managers_3895_3897": {"llm_label": "TASK_2", "label_logprob": -0.000585, "p_task_1": 0.0005848289208620905, "uncertainty": 0.004938236179205699}, "Media Technical Directors/Managers_3895_3898": {"llm_label": "TASK_2", "label_logprob": -0.003223, "p_task_1": 0.0032178117109485926, "uncertainty": 0.02167982333789605}, "Media Technical Directors/Managers_3895_3899": {"llm_label": "TASK_2", "label_logprob": -0.000143, "p_task_1": 0.00014298977598736773, "uncertainty": 0.001408830494002634}, "Media Technical Directors/Managers_3895_3900": {"llm_label": "TASK_2", "label_logprob": -0.000896, "p_task_1": 0.0008955987118602904, "uncertainty": 0.007180525524060399}, "Media Technical Directors/Managers_3895_3901": {"llm_label": "TASK_2", "label_logprob": -4.4e-05, "p_task_1": 4.399903201424138e-05, "uncertainty": 0.0004853674424999764}, "Media Technical Directors/Managers_3895_3902": {"llm_label": "TASK_2", "label_logprob": -6e-06, "p_task_1": 5.9999820000156134e-06, "uncertainty": 7.814227210513045e-05}, "Media Technical Directors/Managers_3895_3903": {"llm_label": "TASK_2", "label_logprob": 0.0, "p_task_1": 0.0, "uncertainty": 0.0}, "Media Technical Directors/Managers_3895_3904": {"llm_label": "TASK_1", "label_logprob": -0.0511, "p_task_1": 0.9501836474166087, "uncertainty": 0.19797414930699386}, "Media Technical Directors/Managers_3895_3905": {"llm_label": "TASK_2", "label_logprob": -0.0026, "p_task_1": 0.0025966229274302366, "uncertainty": 0.01805235646771429}, "Media Technical Directors/Managers_3895_3906": {"llm_label": "TASK_2", "label_logprob": -0.000127, "p_task_1": 0.0001269919358414251, "uncertainty": 0.001266277670632851}, "Media Technical Directors/Managers_3895_3907": {"llm_label": "TASK_1", "label_logprob": -0.355646, "p_task_1": 0.7007206314382086, "uncertainty": 0.6102524755609472}, "Media Technical Directors/Managers_3895_3908": {"llm_label": "TASK_1", "label_logprob": -0.802801, "p_task_1": 0.44807215467205924, "uncertainty": 0.687744441424061}, "Media Technical Directors/Managers_3896_3897": {"llm_label": "EQUAL_TIME", "label_logprob": -0.023387, "p_task_1": 0.5, "uncertainty": 0.6931471805599453}, "Media Technical Directors/Managers_3896_3898": {"llm_label": "CANNOT_DECIDE", "label_logprob": -0.505148, "p_task_1": 0.5, "uncertainty": 0.6931471805599453}, "Media Technical Directors/Managers_3896_3899": {"llm_label": "TASK_2", "label_logprob": -0.612119, "p_task_1": 0.4577992724118043, "uncertainty": 0.6895811368329464}, "Media Technical Directors/Managers_3896_3900": {"llm_label": "TASK_1", "label_logprob": -0.043107, "p_task_1": 0.9578088990316617, "uncertainty": 0.17484613733202548}, "Media Technical Directors/Managers_3896_3901": {"llm_label": "TASK_2", "label_logprob": -0.001439, "p_task_1": 0.0014379651359492929, "uncertainty": 0.010847731368251711}, "Media Technical Directors/Managers_3896_3902": {"llm_label": "TASK_2", "label_logprob": -0.04653, "p_task_1": 0.045464075937297066, "uncertainty": 0.1849364138897162}, "Media Technical Directors/Managers_3896_3903": {"llm_label": "TASK_2", "label_logprob": -0.001599, "p_task_1": 0.0015977222806151659, "uncertainty": 0.011884460587287397}, "Media Technical Directors/Managers_3896_3904": {"llm_label": "CANNOT_DECIDE", "label_logprob": -0.510982, "p_task_1": 0.5, "uncertainty": 0.6931471805599453}, "Media Technical Directors/Managers_3896_3905": {"llm_label": "TASK_1", "label_logprob": -0.336032, "p_task_1": 0.7146002382425544, "uncertainty": 0.5979811507782212}, "Media Technical Directors/Managers_3896_3906": {"llm_label": "TASK_2", "label_logprob": -0.019627, "p_task_1": 0.019435644392591933, "uncertainty": 0.0958345418038132}, "Media Technical Directors/Managers_3896_3907": {"llm_label": "TASK_1", "label_logprob": -0.060484, "p_task_1": 0.9413088298391962, "uncertainty": 0.22335093996974748}, "Media Technical Directors/Managers_3896_3908": {"llm_label": "CANNOT_DECIDE", "label_logprob": -0.044898, "p_task_1": 0.5, "uncertainty": 0.6931471805599453}, "Media Technical Directors/Managers_3897_3898": {"llm_label": "TASK_1", "label_logprob": -0.196772, "p_task_1": 0.8213778861230624, "uncertainty": 0.46929768831527396}, "Media Technical Directors/Managers_3897_3899": {"llm_label": "TASK_2", "label_logprob": -0.073768, "p_task_1": 0.07111282933139618, "uncertainty": 0.25650802549771623}, "Media Technical Directors/Managers_3897_3900": {"llm_label": "TASK_1", "label_logprob": -0.035172, "p_task_1": 0.9654393464083866, "uncertainty": 0.1502543945271881}, "Media Technical Directors/Managers_3897_3901": {"llm_label": "TASK_2", "label_logprob": -0.002197, "p_task_1": 0.0021945883619461926, "uncertainty": 0.015626923461569086}, "Media Technical Directors/Managers_3897_3902": {"llm_label": "TASK_2", "label_logprob": -0.000639, "p_task_1": 0.0006387958829792151, "uncertainty": 0.005337526789635309}, "Media Technical Directors/Managers_3897_3903": {"llm_label": "TASK_2", "label_logprob": -0.001008, "p_task_1": 0.0010074921386556968, "uncertainty": 0.007958973452359804}, "Media Technical Directors/Managers_3897_3904": {"llm_label": "EQUAL_TIME", "label_logprob": -0.063899, "p_task_1": 0.5, "uncertainty": 0.6931471805599453}, "Media Technical Directors/Managers_3897_3905": {"llm_label": "EQUAL_TIME", "label_logprob": -0.13731, "p_task_1": 0.5, "uncertainty": 0.6931471805599453}, "Media Technical Directors/Managers_3897_3906": {"llm_label": "TASK_2", "label_logprob": -0.001206, "p_task_1": 0.0012052730742535545,