{"Court Reporters and Simultaneous Captioners_8653_8654": {"llm_label": "TASK_2", "label_logprob": -0.000104, "p_task_1": 0.00010399459218746188, "uncertainty": 0.0010577414410560416}, "Court Reporters and Simultaneous Captioners_8653_8655": {"llm_label": "TASK_2", "label_logprob": -0.040992, "p_task_1": 0.04016319138844693, "uncertainty": 0.1684624324389078}, "Court Reporters and Simultaneous Captioners_8653_8656": {"llm_label": "TASK_2", "label_logprob": -4.9e-05, "p_task_1": 4.899879951958397e-05, "uncertainty": 0.0005352477090615269}, "Court Reporters and Simultaneous Captioners_8653_8657": {"llm_label": "TASK_1", "label_logprob": -2.4e-05, "p_task_1": 0.9999760002879977, "uncertainty": 0.0002792956099024647}, "Court Reporters and Simultaneous Captioners_8653_8658": {"llm_label": "TASK_2", "label_logprob": -0.041976, "p_task_1": 0.04110720627662501, "uncertainty": 0.1714470857863471}, "Court Reporters and Simultaneous Captioners_8653_8659": {"llm_label": "TASK_1", "label_logprob": -0.000672, "p_task_1": 0.9993282257414311, "uncertainty": 0.005579254663239358}, "Court Reporters and Simultaneous Captioners_8653_8660": {"llm_label": "TASK_1", "label_logprob": -0.086172, "p_task_1": 0.9174364185846569, "uncertainty": 0.2849863093644327}, "Court Reporters and Simultaneous Captioners_8653_8661": {"llm_label": "TASK_2", "label_logprob": -0.000288, "p_task_1": 0.00028795853198104737, "uncertainty": 0.0026355548852896285}, "Court Reporters and Simultaneous Captioners_8653_8662": {"llm_label": "TASK_2", "label_logprob": -0.029326, "p_task_1": 0.028900165687292034, "uncertainty": 0.13089800069841137}, "Court Reporters and Simultaneous Captioners_8653_8663": {"llm_label": "EQUAL_TIME", "label_logprob": -0.564821, "p_task_1": 0.5, "uncertainty": 0.6931471805599453}, "Court Reporters and Simultaneous Captioners_8653_21183": {"llm_label": "TASK_2", "label_logprob": -0.531067, "p_task_1": 0.41202273688328783, "uncertainty": 0.6775863002099681}, "Court Reporters and Simultaneous Captioners_8653_21184": {"llm_label": "TASK_1", "label_logprob": -0.015089, "p_task_1": 0.9850242685418581, "uncertainty": 0.07778093553694396}, "Court Reporters and Simultaneous Captioners_8653_21185": {"llm_label": "TASK_2", "label_logprob": -0.453052, "p_task_1": 0.36431492285705824, "uncertainty": 0.6558605117341821}, "Court Reporters and Simultaneous Captioners_8654_8655": {"llm_label": "TASK_2", "label_logprob": -0.010601, "p_task_1": 0.010545007433235165, "uncertainty": 0.05849116981878509}, "Court Reporters and Simultaneous Captioners_8654_8656": {"llm_label": "TASK_2", "label_logprob": -0.267544, "p_task_1": 0.23474334141093156, "uncertainty": 0.5449445553752571}, "Court Reporters and Simultaneous Captioners_8654_8657": {"llm_label": "TASK_1", "label_logprob": -2.5e-05, "p_task_1": 0.9999750003124974, "uncertainty": 0.0002899122444096467}, "Court Reporters and Simultaneous Captioners_8654_8658": {"llm_label": "TASK_1", "label_logprob": -0.170384, "p_task_1": 0.8433409115005692, "uncertainty": 0.43408812545556397}, "Court Reporters and Simultaneous Captioners_8654_8659": {"llm_label": "TASK_1", "label_logprob": -3.9e-05, "p_task_1": 0.9999610007604901, "uncertainty": 0.0004349175266172239}, "Court Reporters and Simultaneous Captioners_8654_8660": {"llm_label": "TASK_1", "label_logprob": -8.5e-05, "p_task_1": 0.9999150036123976, "uncertainty": 0.0008816555697587658}, "Court Reporters and Simultaneous Captioners_8654_8661": {"llm_label": "TASK_2", "label_logprob": -0.056812, "p_task_1": 0.05522833025452323, "uncertainty": 0.21363103382082022}, "Court Reporters and Simultaneous Captioners_8654_8662": {"llm_label": "TASK_2", "label_logprob": -0.093764, "p_task_1": 0.0895023856757956, "uncertainty": 0.30138501097643544}, "Court Reporters and Simultaneous Captioners_8654_8663": {"llm_label": "TASK_1", "label_logprob": -0.847265, "p_task_1": 0.42858551182590515, "uncertainty": 0.6829121557953672}, "Court Reporters and Simultaneous Captioners_8654_21183": {"llm_label": "TASK_2", "label_logprob": -0.885464, "p_task_1": 0.5874772816763671, "uncertainty": 0.677763582608333}, "Court Reporters and Simultaneous Captioners_8654_21184": {"llm_label": "TASK_1", "label_logprob": -4.9e-05, "p_task_1": 0.9999510012004804, "uncertainty": 0.0005352477090615269}, "Court Reporters and Simultaneous Captioners_8654_21185": {"llm_label": "TASK_1", "label_logprob": -0.058662, "p_task_1": 0.9430254579004385, "uncertainty": 0.2185604109117295}, "Court Reporters and Simultaneous Captioners_8655_8656": {"llm_label": "TASK_2", "label_logprob": -0.000272, "p_task_1": 0.00027196301135368195, "uncertainty": 0.0025047000559220833}, "Court Reporters and Simultaneous Captioners_8655_8657": {"llm_label": "TASK_1", "label_logprob": -5e-06, "p_task_1": 0.9999950000125, "uncertainty": 6.603019815215604e-05}, "Court Reporters and Simultaneous Captioners_8655_8658": {"llm_label": "TASK_2", "label_logprob": -0.078893, "p_task_1": 0.07586119799314239, "uncertainty": 0.2685427292104444}, "Court Reporters and Simultaneous Captioners_8655_8659": {"llm_label": "TASK_1", "label_logprob": 0.0, "p_task_1": 1.0, "uncertainty": 0.0}, "Court Reporters and Simultaneous Captioners_8655_8660": {"llm_label": "TASK_1", "label_logprob": -0.000249, "p_task_1": 0.9997510309979272, "uncertainty": 0.0023149281378424076}, "Court Reporters and Simultaneous Captioners_8655_8661": {"llm_label": "EQUAL_TIME", "label_logprob": -0.474221, "p_task_1": 0.5, "uncertainty": 0.6931471805599453}, "Court Reporters and Simultaneous Captioners_8655_8662": {"llm_label": "TASK_1", "label_logprob": -0.024206, "p_task_1": 0.9760846156151071, "uncertainty": 0.11290881426750866}, "Court Reporters and Simultaneous Captioners_8655_8663": {"llm_label": "CANNOT_DECIDE", "label_logprob": -0.641735, "p_task_1": 0.5, "uncertainty": 0.6931471805599453}, "Court Reporters and Simultaneous Captioners_8655_21183": {"llm_label": "TASK_1", "label_logprob": -0.038646, "p_task_1": 0.962091229165892, "uncertainty": 0.16124018894112951}, "Court Reporters and Simultaneous Captioners_8655_21184": {"llm_label": "TASK_1", "label_logprob": -1e-06, "p_task_1": 0.9999990000005, "uncertainty": 1.4815503149992376e-05}, "Court Reporters and Simultaneous Captioners_8655_21185": {"llm_label": "TASK_1", "label_logprob": -0.002359, "p_task_1": 0.997643780253864, "uncertainty": 0.016610212830042485}, "Court Reporters and Simultaneous Captioners_8656_8657": {"llm_label": "TASK_1", "label_logprob": 0.0, "p_task_1": 1.0, "uncertainty": 0.0}, "Court Reporters and Simultaneous Captioners_8656_8658": {"llm_label": "TASK_1", "label_logprob": -1e-06, "p_task_1": 0.9999990000005, "uncertainty": 1.4815503149992376e-05}, "Court Reporters and Simultaneous Captioners_8656_8659": {"llm_label": "TASK_1", "label_logprob": -1e-06, "p_task_1": 0.9999990000005, "uncertainty": 1.4815503149992376e-05}, "Court Reporters and Simultaneous Captioners_8656_8660": {"llm_label": "TASK_1", "label_logprob": -4e-06, "p_task_1": 0.999996000008, "uncertainty": 5.371675735315082e-05}, "Court Reporters and Simultaneous Captioners_8656_8661": {"llm_label": "TASK_1", "label_logprob": -0.042329, "p_task_1": 0.9585543643034975, "uncertainty": 0.17251155263756032}, "Court Reporters and Simultaneous Captioners_8656_8662": {"llm_label": "TASK_1", "label_logprob": -0.008365, "p_task_1": 0.9916698892618319, "uncertainty": 0.04817887697109289}, "Court Reporters and Simultaneous Captioners_8656_8663": {"llm_label": "TASK_1", "label_logprob": -0.73456, "p_task_1": 0.47971648779977993, "uncertainty": 0.6923241129873892}, "Court Reporters and Simultaneous Captioners_8656_21183": {"llm_label": "TASK_1", "label_logprob": -0.000215, "p_task_1": 0.9997850231108437, "uncertainty": 0.002030429315355977}, "Court Reporters and Simultaneous Captioners_8656_21184": {"llm_label": "TASK_1", "label_logprob": -2.5e-05, "p_task_1": 0.9999750003124974, "uncertainty": 0.0002899122444096467},