{"Technical Writers_3966_3967": {"llm_label": "TASK_1", "label_logprob": 0.0, "p_task_1": 1.0, "uncertainty": 0.0}, "Technical Writers_3966_3968": {"llm_label": "TASK_1", "label_logprob": -0.044201, "p_task_1": 0.9567616290572479, "uncertainty": 0.17810270967692662}, "Technical Writers_3966_3969": {"llm_label": "TASK_1", "label_logprob": -3.8e-05, "p_task_1": 0.9999620007219908, "uncertainty": 0.0004247530567765096}, "Technical Writers_3966_3970": {"llm_label": "TASK_1", "label_logprob": -0.003362, "p_task_1": 0.9966436451938474, "uncertainty": 0.022471532868539347}, "Technical Writers_3966_3971": {"llm_label": "TASK_1", "label_logprob": -2e-06, "p_task_1": 0.999998000002, "uncertainty": 2.8244698509961958e-05}, "Technical Writers_3966_3972": {"llm_label": "TASK_1", "label_logprob": -0.02716, "p_task_1": 0.9732055161840524, "uncertainty": 0.12341648330769316}, "Technical Writers_3966_3973": {"llm_label": "TASK_1", "label_logprob": -0.388801, "p_task_1": 0.6778691525540715, "uncertainty": 0.6284652093355453}, "Technical Writers_3966_3974": {"llm_label": "TASK_1", "label_logprob": -0.023502, "p_task_1": 0.976772021122848, "uncertainty": 0.11034899129217057}, "Technical Writers_3966_3975": {"llm_label": "TASK_1", "label_logprob": 0.0, "p_task_1": 1.0, "uncertainty": 0.0}, "Technical Writers_3966_3976": {"llm_label": "TASK_1", "label_logprob": -7e-06, "p_task_1": 0.9999930000245, "uncertainty": 9.008688755748087e-05}, "Technical Writers_3966_3977": {"llm_label": "TASK_2", "label_logprob": -0.081794, "p_task_1": 0.07853823973126917, "uncertainty": 0.2751846485166368}, "Technical Writers_3966_3978": {"llm_label": "TASK_1", "label_logprob": -0.000379, "p_task_1": 0.9996210718114276, "uncertainty": 0.003364114741997992}, "Technical Writers_3966_3979": {"llm_label": "TASK_1", "label_logprob": -2e-06, "p_task_1": 0.999998000002, "uncertainty": 2.8244698509961958e-05}, "Technical Writers_3966_20243": {"llm_label": "CANNOT_DECIDE", "label_logprob": -0.036173, "p_task_1": 0.5, "uncertainty": 0.6931471805599453}, "Technical Writers_3967_3968": {"llm_label": "TASK_2", "label_logprob": 0.0, "p_task_1": 0.0, "uncertainty": 0.0}, "Technical Writers_3967_3969": {"llm_label": "TASK_2", "label_logprob": -2.2e-05, "p_task_1": 2.1999758001767233e-05, "uncertainty": 0.0002579354610012207}, "Technical Writers_3967_3970": {"llm_label": "TASK_2", "label_logprob": 0.0, "p_task_1": 0.0, "uncertainty": 0.0}, "Technical Writers_3967_3971": {"llm_label": "TASK_2", "label_logprob": -0.001331, "p_task_1": 0.0013301146123605445, "uncertainty": 0.01013790055713451}, "Technical Writers_3967_3972": {"llm_label": "TASK_2", "label_logprob": 0.0, "p_task_1": 0.0, "uncertainty": 0.0}, "Technical Writers_3967_3973": {"llm_label": "TASK_2", "label_logprob": 0.0, "p_task_1": 0.0, "uncertainty": 0.0}, "Technical Writers_3967_3974": {"llm_label": "TASK_2", "label_logprob": -3e-06, "p_task_1": 2.9999955000192813e-06, "uncertainty": 4.1150633082097105e-05}, "Technical Writers_3967_3975": {"llm_label": "EQUAL_TIME", "label_logprob": -0.755505, "p_task_1": 0.5, "uncertainty": 0.6931471805599453}, "Technical Writers_3967_3976": {"llm_label": "TASK_2", "label_logprob": -0.023549, "p_task_1": 0.02327388608331693, "uncertainty": 0.1105205871358837}, "Technical Writers_3967_3977": {"llm_label": "TASK_2", "label_logprob": 0.0, "p_task_1": 0.0, "uncertainty": 0.0}, "Technical Writers_3967_3978": {"llm_label": "TASK_2", "label_logprob": -2.8e-05, "p_task_1": 2.7999608003703713e-05, "uncertainty": 0.0003215280679255237}, "Technical Writers_3967_3979": {"llm_label": "TASK_2", "label_logprob": -0.032095, "p_task_1": 0.03158542167585243, "uncertainty": 0.1402107804055148}, "Technical Writers_3967_20243": {"llm_label": "TASK_2", "label_logprob": -2e-06, "p_task_1": 1.9999979999907325e-06, "uncertainty": 2.8244698509961958e-05}, "Technical Writers_3968_3969": {"llm_label": "TASK_2", "label_logprob": -0.076967, "p_task_1": 0.07407959152418309, "uncertainty": 0.2640659871854936}, "Technical Writers_3968_3970": {"llm_label": "TASK_2", "label_logprob": -0.413231, "p_task_1": 0.33849054350736363, "uncertainty": 0.6400291836829033}, "Technical Writers_3968_3971": {"llm_label": "TASK_1", "label_logprob": -0.001895, "p_task_1": 0.9981067943788717, "uncertainty": 0.01376083432970419}, "Technical Writers_3968_3972": {"llm_label": "TASK_2", "label_logprob": -0.000433, "p_task_1": 0.00043290626902903195, "uncertainty": 0.003785666982707047}, "Technical Writers_3968_3973": {"llm_label": "TASK_2", "label_logprob": -0.003182, "p_task_1": 0.003176942803421845, "uncertainty": 0.021445144723337597}, "Technical Writers_3968_3974": {"llm_label": "TASK_2", "label_logprob": -0.006886, "p_task_1": 0.006862345827352456, "uncertainty": 0.0410249348458237}, "Technical Writers_3968_3975": {"llm_label": "TASK_1", "label_logprob": -1.7e-05, "p_task_1": 0.9999830001444991, "uncertainty": 0.000203697321204896}, "Technical Writers_3968_3976": {"llm_label": "TASK_1", "label_logprob": -0.000101, "p_task_1": 0.9998990051003283, "uncertainty": 0.0010301873688587978}, "Technical Writers_3968_3977": {"llm_label": "TASK_2", "label_logprob": -2.4e-05, "p_task_1": 2.3999712002287232e-05, "uncertainty": 0.0002792956099024647}, "Technical Writers_3968_3978": {"llm_label": "CANNOT_DECIDE", "label_logprob": -0.018773, "p_task_1": 0.5, "uncertainty": 0.6931471805599453}, "Technical Writers_3968_3979": {"llm_label": "TASK_1", "label_logprob": -0.001183, "p_task_1": 0.998817699468649, "uncertainty": 0.009150653494240393}, "Technical Writers_3968_20243": {"llm_label": "TASK_2", "label_logprob": -1.9e-05, "p_task_1": 1.8999819501153148e-05, "uncertainty": 0.00022554821728270377}, "Technical Writers_3969_3970": {"llm_label": "TASK_2", "label_logprob": -0.011025, "p_task_1": 0.010964447422521895, "uncertainty": 0.06038773494948429}, "Technical Writers_3969_3971": {"llm_label": "TASK_1", "label_logprob": -0.023159, "p_task_1": 0.9771071113907889, "uncertainty": 0.10909363750696854}, "Technical Writers_3969_3972": {"llm_label": "TASK_2", "label_logprob": -6.7e-05, "p_task_1": 6.699775555008003e-05, "uncertainty": 0.0007109009864475162}, "Technical Writers_3969_3973": {"llm_label": "TASK_2", "label_logprob": -3.9e-05, "p_task_1": 3.899923950989592e-05, "uncertainty": 0.0004349175266172239}, "Technical Writers_3969_3974": {"llm_label": "TASK_2", "label_logprob": -0.00228, "p_task_1": 0.0022774027742665792, "uncertainty": 0.016132164863566494}, "Technical Writers_3969_3975": {"llm_label": "TASK_1", "label_logprob": -0.000464, "p_task_1": 0.9995361076313524, "uncertainty": 0.004024556701464235}, "Technical Writers_3969_3976": {"llm_label": "TASK_1", "label_logprob": -0.086629, "p_task_1": 0.9170172459296106, "uncertainty": 0.285994525196597}, "Technical Writers_3969_3977": {"llm_label": "TASK_2", "label_logprob": -0.000103, "p_task_1": 0.00010299469568209041, "uncertainty": 0.001048566499626208}, "Technical Writers_3969_3978": {"llm_label": "TASK_2", "label_logprob": -0.000615, "p_task_1": 0.0006148109262621437, "uncertainty": 0.005160654244301847}, "Technical Writers_3969_3979": {"llm_label": "TASK_1", "label_logprob": -0.05023, "p_task_1": 0.9510106668911683, "uncertainty": 0.19552857494047318}, "Technical Writers_3969_20243": {"llm_label": "TASK_2", "label_logprob": -3e-06, "p_task_1": 2.9999955000192813e-06, "uncertainty": 4.1150633082097105e-05}, "Technical Writers_3970_3971": {"llm_label": "TASK_1", "label_logprob": -0.000322, "p_task_1": 0.9996780518364361, "uncertainty": 0.0029107201522959713}, "Technical Writers_3970_3972": {"llm_label": "TASK_2", "label_logprob": -0.001541, "p_task_1": 0.0015398132691623045, "uncertainty": 0.011510602811768151}, "Technical Writers_3970_3973": {"llm_label": "TASK_2", "label_logprob": -0.008422, "p_task_1": 0.008386634310919017, "uncertainty": 0.04844883920412132}, "Technical Writers_3970_3974": {"llm_label": "TASK_2", "label_logprob": -0.045872, "p_task_1": 0.044835784614087326, "uncertainty": 0.18301913664443428},