{"Sound Engineering Technicians_7720_7722": {"llm_label": "TASK_2", "label_logprob": -0.000822, "p_task_1": 0.0008216622505496929, "uncertainty": 0.006658562053125179}, "Sound Engineering Technicians_7720_7723": {"llm_label": "TASK_1", "label_logprob": -0.101047, "p_task_1": 0.9038905490316969, "uncertainty": 0.3164494835463263}, "Sound Engineering Technicians_7720_7724": {"llm_label": "TASK_1", "label_logprob": -1.9e-05, "p_task_1": 0.9999810001804988, "uncertainty": 0.00022554821728270377}, "Sound Engineering Technicians_7720_7725": {"llm_label": "TASK_2", "label_logprob": -3e-06, "p_task_1": 2.9999955000192813e-06, "uncertainty": 4.1150633082097105e-05}, "Sound Engineering Technicians_7720_7726": {"llm_label": "TASK_2", "label_logprob": -5.9e-05, "p_task_1": 5.8998259534259745e-05, "uncertainty": 0.0006335217246636567}, "Sound Engineering Technicians_7720_7727": {"llm_label": "TASK_2", "label_logprob": -0.007265, "p_task_1": 0.007238673679651253, "uncertainty": 0.04288689163558217}, "Sound Engineering Technicians_7720_7728": {"llm_label": "TASK_2", "label_logprob": -0.432863, "p_task_1": 0.3513506493209527, "uncertainty": 0.6482787369454178}, "Sound Engineering Technicians_7720_7729": {"llm_label": "TASK_2", "label_logprob": -6e-06, "p_task_1": 5.9999820000156134e-06, "uncertainty": 7.814227210513045e-05}, "Sound Engineering Technicians_7720_7730": {"llm_label": "TASK_1", "label_logprob": -1e-06, "p_task_1": 0.9999990000005, "uncertainty": 1.4815503149992376e-05}, "Sound Engineering Technicians_7720_7731": {"llm_label": "TASK_2", "label_logprob": -0.134685, "p_task_1": 0.12600882444800132, "uncertainty": 0.37872860120713603}, "Sound Engineering Technicians_7720_18660": {"llm_label": "TASK_1", "label_logprob": -0.232636, "p_task_1": 0.7924419699100348, "uncertainty": 0.5107032188241368}, "Sound Engineering Technicians_7720_18661": {"llm_label": "TASK_2", "label_logprob": -0.153181, "p_task_1": 0.14202558561250822, "uncertainty": 0.4086235395681086}, "Sound Engineering Technicians_7720_18662": {"llm_label": "TASK_2", "label_logprob": -0.001324, "p_task_1": 0.0013231238986953775, "uncertainty": 0.010091595501912697}, "Sound Engineering Technicians_7722_7723": {"llm_label": "TASK_1", "label_logprob": -0.023079, "p_task_1": 0.9771852830865263, "uncertainty": 0.1088000621995483}, "Sound Engineering Technicians_7722_7724": {"llm_label": "TASK_1", "label_logprob": -0.000692, "p_task_1": 0.9993082393767806, "uncertainty": 0.005724958774438595}, "Sound Engineering Technicians_7722_7725": {"llm_label": "TASK_2", "label_logprob": -0.00107, "p_task_1": 0.0010694277541192232, "uncertainty": 0.008384416982658368}, "Sound Engineering Technicians_7722_7726": {"llm_label": "TASK_2", "label_logprob": -5.7e-05, "p_task_1": 5.699837553085896e-05, "uncertainty": 0.0006140126800174265}, "Sound Engineering Technicians_7722_7727": {"llm_label": "EQUAL_TIME", "label_logprob": -0.326874, "p_task_1": 0.5, "uncertainty": 0.6931471805599453}, "Sound Engineering Technicians_7722_7728": {"llm_label": "TASK_2", "label_logprob": -0.164709, "p_task_1": 0.15185952294046867, "uncertainty": 0.4259211040117957}, "Sound Engineering Technicians_7722_7729": {"llm_label": "TASK_2", "label_logprob": -2e-06, "p_task_1": 1.9999979999907325e-06, "uncertainty": 2.8244698509961958e-05}, "Sound Engineering Technicians_7722_7730": {"llm_label": "TASK_1", "label_logprob": -1.5e-05, "p_task_1": 0.9999850001124995, "uncertainty": 0.00018161054327026476}, "Sound Engineering Technicians_7722_7731": {"llm_label": "TASK_2", "label_logprob": -0.005246, "p_task_1": 0.005232263772580126, "uncertainty": 0.0327031687826477}, "Sound Engineering Technicians_7722_18660": {"llm_label": "TASK_1", "label_logprob": -0.038735, "p_task_1": 0.9620056068567454, "uncertainty": 0.16151698478661208}, "Sound Engineering Technicians_7722_18661": {"llm_label": "CANNOT_DECIDE", "label_logprob": -0.306367, "p_task_1": 0.5, "uncertainty": 0.6931471805599453}, "Sound Engineering Technicians_7722_18662": {"llm_label": "TASK_2", "label_logprob": -0.014439, "p_task_1": 0.014335257552120284, "uncertainty": 0.07508565764393997}, "Sound Engineering Technicians_7723_7724": {"llm_label": "TASK_1", "label_logprob": -0.043083, "p_task_1": 0.9578318867210897, "uncertainty": 0.1747743531356315}, "Sound Engineering Technicians_7723_7725": {"llm_label": "TASK_2", "label_logprob": -2e-06, "p_task_1": 1.9999979999907325e-06, "uncertainty": 2.8244698509961958e-05}, "Sound Engineering Technicians_7723_7726": {"llm_label": "TASK_2", "label_logprob": -1.1e-05, "p_task_1": 1.0999939500266898e-05, "uncertainty": 0.0001365930168744248}, "Sound Engineering Technicians_7723_7727": {"llm_label": "TASK_2", "label_logprob": -0.000432, "p_task_1": 0.0004319067014354472, "uncertainty": 0.0037779246198059507}, "Sound Engineering Technicians_7723_7728": {"llm_label": "TASK_2", "label_logprob": -0.000963, "p_task_1": 0.0009625364643068846, "uncertainty": 0.007647792265965416}, "Sound Engineering Technicians_7723_7729": {"llm_label": "TASK_2", "label_logprob": 0.0, "p_task_1": 0.0, "uncertainty": 0.0}, "Sound Engineering Technicians_7723_7730": {"llm_label": "TASK_1", "label_logprob": -1e-06, "p_task_1": 0.9999990000005, "uncertainty": 1.4815503149992376e-05}, "Sound Engineering Technicians_7723_7731": {"llm_label": "TASK_2", "label_logprob": -0.000283, "p_task_1": 0.0002829599592772958, "uncertainty": 0.002594760840838868}, "Sound Engineering Technicians_7723_18660": {"llm_label": "EQUAL_TIME", "label_logprob": -0.00649, "p_task_1": 0.5, "uncertainty": 0.6931471805599453}, "Sound Engineering Technicians_7723_18661": {"llm_label": "TASK_2", "label_logprob": -0.013216, "p_task_1": 0.013129052127835883, "uncertainty": 0.06992972119728554}, "Sound Engineering Technicians_7723_18662": {"llm_label": "TASK_2", "label_logprob": -0.005569, "p_task_1": 0.0055535218654065854, "uncertainty": 0.03437930517213624}, "Sound Engineering Technicians_7724_7725": {"llm_label": "TASK_2", "label_logprob": -6e-06, "p_task_1": 5.9999820000156134e-06, "uncertainty": 7.814227210513045e-05}, "Sound Engineering Technicians_7724_7726": {"llm_label": "TASK_2", "label_logprob": -7e-06, "p_task_1": 6.999975500021627e-06, "uncertainty": 9.008688755748087e-05}, "Sound Engineering Technicians_7724_7727": {"llm_label": "TASK_2", "label_logprob": -3.5e-05, "p_task_1": 3.499938750717302e-05, "uncertainty": 0.00039409879060961955}, "Sound Engineering Technicians_7724_7728": {"llm_label": "TASK_2", "label_logprob": -7.6e-05, "p_task_1": 7.599711207317839e-05, "uncertainty": 0.0007968127892924509}, "Sound Engineering Technicians_7724_7729": {"llm_label": "TASK_2", "label_logprob": 0.0, "p_task_1": 0.0, "uncertainty": 0.0}, "Sound Engineering Technicians_7724_7730": {"llm_label": "TASK_1", "label_logprob": -0.016221, "p_task_1": 0.9839098519486638, "uncertainty": 0.08240504228918447}, "Sound Engineering Technicians_7724_7731": {"llm_label": "TASK_2", "label_logprob": -3e-06, "p_task_1": 2.9999955000192813e-06, "uncertainty": 4.1150633082097105e-05}, "Sound Engineering Technicians_7724_18660": {"llm_label": "TASK_2", "label_logprob": -0.000255, "p_task_1": 0.0002549674902634358, "uncertainty": 0.002364631485629027}, "Sound Engineering Technicians_7724_18661": {"llm_label": "TASK_2", "label_logprob": -5.5e-05, "p_task_1": 5.49984875277687e-05, "uncertainty": 0.0005944334084389942}, "Sound Engineering Technicians_7724_18662": {"llm_label": "TASK_2", "label_logprob": 0.0, "p_task_1": 0.0, "uncertainty": 0.0}, "Sound Engineering Technicians_7725_7726": {"llm_label": "TASK_2", "label_logprob": -0.001931, "p_task_1": 0.001929136818960453, "uncertainty": 0.013985696823010124}, "Sound Engineering Technicians_7725_7727": {"llm_label": "CANNOT_DECIDE", "label_logprob": -0.162153, "p_task_1": 0.5, "uncertainty": 0.6931471805599453}, "Sound Engineering Technicians_7725_7728": {"llm_label": "TASK_1", "label_logprob": -0.000692, "p_task_1": 0.9993082393767806, "uncertainty": 0.005724958774438595},