{"Obstetricians and Gynecologists_7804_7805": {"llm_label": "TASK_1", "label_logprob": -0.018178, "p_task_1": 0.9819862232530129, "uncertainty": 0.09020501340433071}, "Obstetricians and Gynecologists_7804_7806": {"llm_label": "CANNOT_DECIDE", "label_logprob": -0.003766, "p_task_1": 0.5, "uncertainty": 0.6931471805599453}, "Obstetricians and Gynecologists_7804_7807": {"llm_label": "CANNOT_DECIDE", "label_logprob": -0.481417, "p_task_1": 0.5, "uncertainty": 0.6931471805599453}, "Obstetricians and Gynecologists_7804_7808": {"llm_label": "TASK_2", "label_logprob": -0.1039, "p_task_1": 0.09868457554277643, "uncertainty": 0.32218303971700524}, "Obstetricians and Gynecologists_7804_7809": {"llm_label": "CANNOT_DECIDE", "label_logprob": -0.079132, "p_task_1": 0.5, "uncertainty": 0.6931471805599453}, "Obstetricians and Gynecologists_7804_7810": {"llm_label": "TASK_1", "label_logprob": -0.009528, "p_task_1": 0.9905172475716821, "uncertainty": 0.05361097061619169}, "Obstetricians and Gynecologists_7804_7811": {"llm_label": "TASK_1", "label_logprob": -0.002132, "p_task_1": 0.9978702710977199, "uncertainty": 0.015229041732111988}, "Obstetricians and Gynecologists_7804_7812": {"llm_label": "TASK_1", "label_logprob": -0.001934, "p_task_1": 0.9980678689729413, "uncertainty": 0.014004404558773869}, "Obstetricians and Gynecologists_7804_7813": {"llm_label": "TASK_1", "label_logprob": -3e-06, "p_task_1": 0.9999970000045, "uncertainty": 4.1150633082097105e-05}, "Obstetricians and Gynecologists_7804_7814": {"llm_label": "TASK_1", "label_logprob": -0.313358, "p_task_1": 0.7309881719545478, "uncertainty": 0.5822735029580655}, "Obstetricians and Gynecologists_7804_7815": {"llm_label": "TASK_1", "label_logprob": -0.062489, "p_task_1": 0.9394233964140014, "uncertainty": 0.2285511289816284}, "Obstetricians and Gynecologists_7804_7816": {"llm_label": "TASK_2", "label_logprob": -0.142933, "p_task_1": 0.13318785663642208, "uncertainty": 0.39240207202868504}, "Obstetricians and Gynecologists_7804_7817": {"llm_label": "TASK_1", "label_logprob": -0.02988, "p_task_1": 0.9705619940000213, "uncertainty": 0.13278316166554907}, "Obstetricians and Gynecologists_7804_7818": {"llm_label": "TASK_2", "label_logprob": -0.048681, "p_task_1": 0.04751507606851735, "uncertainty": 0.19113249176460023}, "Obstetricians and Gynecologists_7805_7806": {"llm_label": "TASK_2", "label_logprob": -0.126929, "p_task_1": 0.1192037930921469, "uncertainty": 0.36533559722365294}, "Obstetricians and Gynecologists_7805_7807": {"llm_label": "TASK_2", "label_logprob": -0.254862, "p_task_1": 0.22497655618310608, "uncertainty": 0.5331348447247377}, "Obstetricians and Gynecologists_7805_7808": {"llm_label": "TASK_2", "label_logprob": 0.0, "p_task_1": 0.0, "uncertainty": 0.0}, "Obstetricians and Gynecologists_7805_7809": {"llm_label": "TASK_2", "label_logprob": -0.320064, "p_task_1": 0.27389743497756025, "uncertainty": 0.5870968990208314}, "Obstetricians and Gynecologists_7805_7810": {"llm_label": "TASK_2", "label_logprob": -0.038266, "p_task_1": 0.03754310669523875, "uncertainty": 0.16005581913439237}, "Obstetricians and Gynecologists_7805_7811": {"llm_label": "TASK_2", "label_logprob": -0.255598, "p_task_1": 0.22554676357569492, "uncertainty": 0.5338392007802325}, "Obstetricians and Gynecologists_7805_7812": {"llm_label": "EQUAL_TIME", "label_logprob": -0.160592, "p_task_1": 0.5, "uncertainty": 0.6931471805599453}, "Obstetricians and Gynecologists_7805_7813": {"llm_label": "TASK_1", "label_logprob": -1e-06, "p_task_1": 0.9999990000005, "uncertainty": 1.4815503149992376e-05}, "Obstetricians and Gynecologists_7805_7814": {"llm_label": "CANNOT_DECIDE", "label_logprob": -0.124014, "p_task_1": 0.5, "uncertainty": 0.6931471805599453}, "Obstetricians and Gynecologists_7805_7815": {"llm_label": "TASK_2", "label_logprob": -0.215733, "p_task_1": 0.19404953807833192, "uncertainty": 0.49204184521538846}, "Obstetricians and Gynecologists_7805_7816": {"llm_label": "TASK_2", "label_logprob": -1e-05, "p_task_1": 9.999950000172397e-06, "uncertainty": 0.00012512862900562218}, "Obstetricians and Gynecologists_7805_7817": {"llm_label": "TASK_2", "label_logprob": -3.2e-05, "p_task_1": 3.199948800547414e-05, "uncertainty": 0.0003631869779441248}, "Obstetricians and Gynecologists_7805_7818": {"llm_label": "TASK_2", "label_logprob": -2e-06, "p_task_1": 1.9999979999907325e-06, "uncertainty": 2.8244698509961958e-05}, "Obstetricians and Gynecologists_7806_7807": {"llm_label": "CANNOT_DECIDE", "label_logprob": -0.441292, "p_task_1": 0.5, "uncertainty": 0.6931471805599453}, "Obstetricians and Gynecologists_7806_7808": {"llm_label": "TASK_2", "label_logprob": -9e-06, "p_task_1": 8.999959500100019e-06, "uncertainty": 0.0001135640627863842}, "Obstetricians and Gynecologists_7806_7809": {"llm_label": "CANNOT_DECIDE", "label_logprob": -0.000258, "p_task_1": 0.5, "uncertainty": 0.6931471805599453}, "Obstetricians and Gynecologists_7806_7810": {"llm_label": "CANNOT_DECIDE", "label_logprob": -0.256203, "p_task_1": 0.5, "uncertainty": 0.6931471805599453}, "Obstetricians and Gynecologists_7806_7811": {"llm_label": "CANNOT_DECIDE", "label_logprob": -0.201488, "p_task_1": 0.5, "uncertainty": 0.6931471805599453}, "Obstetricians and Gynecologists_7806_7812": {"llm_label": "CANNOT_DECIDE", "label_logprob": -0.201425, "p_task_1": 0.5, "uncertainty": 0.6931471805599453}, "Obstetricians and Gynecologists_7806_7813": {"llm_label": "TASK_1", "label_logprob": -5.8e-05, "p_task_1": 0.9999420016819675, "uncertainty": 0.0006237758280847792}, "Obstetricians and Gynecologists_7806_7814": {"llm_label": "CANNOT_DECIDE", "label_logprob": -0.01905, "p_task_1": 0.5, "uncertainty": 0.6931471805599453}, "Obstetricians and Gynecologists_7806_7815": {"llm_label": "TASK_1", "label_logprob": -0.258635, "p_task_1": 0.7721047898664314, "uncertainty": 0.5367205659654469}, "Obstetricians and Gynecologists_7806_7816": {"llm_label": "TASK_2", "label_logprob": -0.001661, "p_task_1": 0.0016596213029442808, "uncertainty": 0.012281754549798794}, "Obstetricians and Gynecologists_7806_7817": {"llm_label": "CANNOT_DECIDE", "label_logprob": -0.725288, "p_task_1": 0.5, "uncertainty": 0.6931471805599453}, "Obstetricians and Gynecologists_7806_7818": {"llm_label": "TASK_2", "label_logprob": -0.000468, "p_task_1": 0.00046789050508189156, "uncertainty": 0.004055226785825047}, "Obstetricians and Gynecologists_7807_7808": {"llm_label": "TASK_2", "label_logprob": -1.9e-05, "p_task_1": 1.8999819501153148e-05, "uncertainty": 0.00022554821728270377}, "Obstetricians and Gynecologists_7807_7809": {"llm_label": "CANNOT_DECIDE", "label_logprob": -0.024397, "p_task_1": 0.5, "uncertainty": 0.6931471805599453}, "Obstetricians and Gynecologists_7807_7810": {"llm_label": "TASK_2", "label_logprob": -0.601204, "p_task_1": 0.45184873549236193, "uncertainty": 0.6885028977604631}, "Obstetricians and Gynecologists_7807_7811": {"llm_label": "CANNOT_DECIDE", "label_logprob": -0.009792, "p_task_1": 0.5, "uncertainty": 0.6931471805599453}, "Obstetricians and Gynecologists_7807_7812": {"llm_label": "TASK_1", "label_logprob": -0.26649, "p_task_1": 0.7660636643245342, "uncertainty": 0.5439890876171855}, "Obstetricians and Gynecologists_7807_7813": {"llm_label": "TASK_1", "label_logprob": -0.00015, "p_task_1": 0.9998500112494375, "uncertainty": 0.0014706209903892393}, "Obstetricians and Gynecologists_7807_7814": {"llm_label": "CANNOT_DECIDE", "label_logprob": -0.220668, "p_task_1": 0.5, "uncertainty": 0.6931471805599453}, "Obstetricians and Gynecologists_7807_7815": {"llm_label": "CANNOT_DECIDE", "label_logprob": -0.099513, "p_task_1": 0.5, "uncertainty": 0.6931471805599453}, "Obstetricians and Gynecologists_7807_7816": {"llm_label": "TASK_2", "label_logprob": -3.7e-05, "p_task_1": 3.699931550849023e-05, "uncertainty": 0.00041456225843036797}, "Obstetricians and Gynecologists_7807_7817": {"llm_label": "TASK_2", "label_logprob": -0.000199, "p_task_1": 0.00019898020081332568, "uncertainty": 0.0018947304093142206},