{"Family Medicine Physicians_7771_7772": {"llm_label": "TASK_2", "label_logprob": -0.000302, "p_task_1": 0.0003019544025902876, "uncertainty": 0.002749320062180779}, "Family Medicine Physicians_7771_7773": {"llm_label": "TASK_2", "label_logprob": -0.056517, "p_task_1": 0.054949581498528244, "uncertainty": 0.2128387901081631}, "Family Medicine Physicians_7771_7774": {"llm_label": "TASK_2", "label_logprob": -0.491064, "p_task_1": 0.3880250936460081, "uncertainty": 0.667856484835444}, "Family Medicine Physicians_7771_7775": {"llm_label": "CANNOT_DECIDE", "label_logprob": -0.10001, "p_task_1": 0.5, "uncertainty": 0.6931471805599453}, "Family Medicine Physicians_7771_7776": {"llm_label": "TASK_1", "label_logprob": -0.073015, "p_task_1": 0.929586886117922, "uncertainty": 0.2547062357994515}, "Family Medicine Physicians_7771_7777": {"llm_label": "TASK_1", "label_logprob": -4.4e-05, "p_task_1": 0.9999560009679858, "uncertainty": 0.0004853674424999764}, "Family Medicine Physicians_7771_7778": {"llm_label": "CANNOT_DECIDE", "label_logprob": -0.298314, "p_task_1": 0.5, "uncertainty": 0.6931471805599453}, "Family Medicine Physicians_7771_7779": {"llm_label": "TASK_2", "label_logprob": -0.060431, "p_task_1": 0.05864127947073072, "uncertainty": 0.2232124716704673}, "Family Medicine Physicians_7771_7782": {"llm_label": "TASK_2", "label_logprob": -1e-05, "p_task_1": 9.999950000172397e-06, "uncertainty": 0.00012512862900562218}, "Family Medicine Physicians_7771_20120": {"llm_label": "TASK_2", "label_logprob": -0.011766, "p_task_1": 0.011697051303722228, "uncertainty": 0.06366175184220521}, "Family Medicine Physicians_7771_20121": {"llm_label": "TASK_2", "label_logprob": -0.011596, "p_task_1": 0.011529025520657044, "uncertainty": 0.06291505290134751}, "Family Medicine Physicians_7772_7773": {"llm_label": "TASK_1", "label_logprob": -0.162298, "p_task_1": 0.8501878108188197, "uncertainty": 0.42238317258876645}, "Family Medicine Physicians_7772_7774": {"llm_label": "TASK_1", "label_logprob": -3.9e-05, "p_task_1": 0.9999610007604901, "uncertainty": 0.0004349175266172239}, "Family Medicine Physicians_7772_7775": {"llm_label": "TASK_1", "label_logprob": -0.000179, "p_task_1": 0.9998210160195442, "uncertainty": 0.0017232800926990227}, "Family Medicine Physicians_7772_7776": {"llm_label": "TASK_1", "label_logprob": -0.000441, "p_task_1": 0.9995590972262072, "uncertainty": 0.0038475229284026112}, "Family Medicine Physicians_7772_7777": {"llm_label": "TASK_1", "label_logprob": -2e-06, "p_task_1": 0.999998000002, "uncertainty": 2.8244698509961958e-05}, "Family Medicine Physicians_7772_7778": {"llm_label": "TASK_1", "label_logprob": -0.015085, "p_task_1": 0.9850282086468125, "uncertainty": 0.07776444080428879}, "Family Medicine Physicians_7772_7779": {"llm_label": "TASK_1", "label_logprob": -0.009292, "p_task_1": 0.9907510372282033, "uncertainty": 0.05252120681064899}, "Family Medicine Physicians_7772_7782": {"llm_label": "TASK_2", "label_logprob": -0.000133, "p_task_1": 0.00013299115589204824, "uncertainty": 0.001319958691054697}, "Family Medicine Physicians_7772_20120": {"llm_label": "TASK_2", "label_logprob": -0.402721, "p_task_1": 0.3315014155872682, "uncertainty": 0.6352368219033642}, "Family Medicine Physicians_7772_20121": {"llm_label": "TASK_2", "label_logprob": -0.160277, "p_task_1": 0.1480922221742803, "uncertainty": 0.41938553120765365}, "Family Medicine Physicians_7773_7774": {"llm_label": "TASK_1", "label_logprob": -0.303804, "p_task_1": 0.738005501354173, "uncertainty": 0.5751327791646733}, "Family Medicine Physicians_7773_7775": {"llm_label": "TASK_1", "label_logprob": -0.141924, "p_task_1": 0.8676871982071607, "uncertainty": 0.3907597178776084}, "Family Medicine Physicians_7773_7776": {"llm_label": "TASK_1", "label_logprob": -0.097925, "p_task_1": 0.9067169049717163, "uncertainty": 0.310068610328818}, "Family Medicine Physicians_7773_7777": {"llm_label": "TASK_1", "label_logprob": -5e-05, "p_task_1": 0.9999500012499791, "uncertainty": 0.0005451607485001352}, "Family Medicine Physicians_7773_7778": {"llm_label": "TASK_1", "label_logprob": -0.910929, "p_task_1": 0.40215045267318733, "uncertainty": 0.6738739719898976}, "Family Medicine Physicians_7773_7779": {"llm_label": "CANNOT_DECIDE", "label_logprob": -0.300125, "p_task_1": 0.5, "uncertainty": 0.6931471805599453}, "Family Medicine Physicians_7773_7782": {"llm_label": "TASK_2", "label_logprob": -0.0001, "p_task_1": 9.999500016666385e-05, "uncertainty": 0.0010209829872391161}, "Family Medicine Physicians_7773_20120": {"llm_label": "TASK_2", "label_logprob": -0.480986, "p_task_1": 0.3818264279276459, "uncertainty": 0.6649511760300109}, "Family Medicine Physicians_7773_20121": {"llm_label": "TASK_2", "label_logprob": -0.000106, "p_task_1": 0.00010599438219849322, "uncertainty": 0.0010760625428955946}, "Family Medicine Physicians_7774_7775": {"llm_label": "TASK_1", "label_logprob": -0.014615, "p_task_1": 0.9854912807182888, "uncertainty": 0.07581844330234377}, "Family Medicine Physicians_7774_7776": {"llm_label": "TASK_1", "label_logprob": -0.139438, "p_task_1": 0.869846952043614, "uncertainty": 0.38667754062377424}, "Family Medicine Physicians_7774_7777": {"llm_label": "TASK_1", "label_logprob": -1.5e-05, "p_task_1": 0.9999850001124995, "uncertainty": 0.00018161054327026476}, "Family Medicine Physicians_7774_7778": {"llm_label": "TASK_1", "label_logprob": -0.745061, "p_task_1": 0.4747053420308413, "uncertainty": 0.6918669947311546}, "Family Medicine Physicians_7774_7779": {"llm_label": "TASK_1", "label_logprob": -0.122618, "p_task_1": 0.8846015158057805, "uncertainty": 0.3576554080386834}, "Family Medicine Physicians_7774_7782": {"llm_label": "TASK_2", "label_logprob": -1.3e-05, "p_task_1": 1.2999915500411241e-05, "uncertainty": 0.00015925626043919854}, "Family Medicine Physicians_7774_20120": {"llm_label": "TASK_2", "label_logprob": -0.003006, "p_task_1": 0.0030014865056540163, "uncertainty": 0.020431554952529813}, "Family Medicine Physicians_7774_20121": {"llm_label": "TASK_2", "label_logprob": -0.000241, "p_task_1": 0.0002409709618327316, "uncertainty": 0.0022484310372583886}, "Family Medicine Physicians_7775_7776": {"llm_label": "EQUAL_TIME", "label_logprob": -0.003543, "p_task_1": 0.5, "uncertainty": 0.6931471805599453}, "Family Medicine Physicians_7775_7777": {"llm_label": "TASK_1", "label_logprob": -0.001067, "p_task_1": 0.9989335690420927, "uncertainty": 0.008363916003117458}, "Family Medicine Physicians_7775_7778": {"llm_label": "TASK_2", "label_logprob": -0.019662, "p_task_1": 0.01946996354444952, "uncertainty": 0.09596907698662353}, "Family Medicine Physicians_7775_7779": {"llm_label": "TASK_2", "label_logprob": -0.234686, "p_task_1": 0.20918087214683978, "uncertainty": 0.5128693631586477}, "Family Medicine Physicians_7775_7782": {"llm_label": "TASK_2", "label_logprob": -1e-06, "p_task_1": 9.999994999843054e-07, "uncertainty": 1.4815503149992376e-05}, "Family Medicine Physicians_7775_20120": {"llm_label": "TASK_2", "label_logprob": -0.00014, "p_task_1": 0.00013999020045729615, "uncertainty": 0.0013822447796715976}, "Family Medicine Physicians_7775_20121": {"llm_label": "TASK_2", "label_logprob": -1e-06, "p_task_1": 9.999994999843054e-07, "uncertainty": 1.4815503149992376e-05}, "Family Medicine Physicians_7776_7777": {"llm_label": "TASK_1", "label_logprob": -0.013921, "p_task_1": 0.9861754490460571, "uncertainty": 0.07291572578850561}, "Family Medicine Physicians_7776_7778": {"llm_label": "TASK_2", "label_logprob": -0.039903, "p_task_1": 0.039117359751898895, "uncertainty": 0.1651288532789746}, "Family Medicine Physicians_7776_7779": {"llm_label": "TASK_2", "label_logprob": -0.095248, "p_task_1": 0.09085256205679182, "uncertainty": 0.30450591552016015}, "Family Medicine Physicians_7776_7782": {"llm_label": "TASK_2", "label_logprob": -1.9e-05, "p_task_1": 1.8999819501153148e-05, "uncertainty": 0.00022554821728270377}, "Family Medicine Physicians_7776_20120": {"llm_label": "TASK_2",