{"Physician Assistants_4073_4074": {"llm_label": "TASK_1", "label_logprob": -0.000443, "p_task_1": 0.9995570981100119, "uncertainty": 0.003862964062955161}, "Physician Assistants_4073_4075": {"llm_label": "TASK_1", "label_logprob": -0.493904, "p_task_1": 0.6102393632576595, "uncertainty": 0.6686408963154591}, "Physician Assistants_4073_4076": {"llm_label": "TASK_2", "label_logprob": -0.478271, "p_task_1": 0.3801458062679196, "uncertainty": 0.6641354606483254}, "Physician Assistants_4073_4077": {"llm_label": "TASK_1", "label_logprob": -0.030213, "p_task_1": 0.9702388506623711, "uncertainty": 0.1339109169398094}, "Physician Assistants_4073_4078": {"llm_label": "TASK_1", "label_logprob": -5.8e-05, "p_task_1": 0.9999420016819675, "uncertainty": 0.0006237758280847792}, "Physician Assistants_4073_4079": {"llm_label": "TASK_1", "label_logprob": -0.075088, "p_task_1": 0.9276618484938733, "uncertainty": 0.25964545482105006}, "Physician Assistants_4073_4080": {"llm_label": "EQUAL_TIME", "label_logprob": -0.396267, "p_task_1": 0.5, "uncertainty": 0.6931471805599453}, "Physician Assistants_4073_4081": {"llm_label": "TASK_2", "label_logprob": -0.000124, "p_task_1": 0.00012399231231774444, "uncertainty": 0.0012393315549874347}, "Physician Assistants_4073_4082": {"llm_label": "TASK_1", "label_logprob": -0.007705, "p_task_1": 0.9923246074219713, "uncertainty": 0.04502299539727321}, "Physician Assistants_4073_4083": {"llm_label": "TASK_2", "label_logprob": -5e-06, "p_task_1": 4.999987500031722e-06, "uncertainty": 6.603019815215604e-05}, "Physician Assistants_4073_4084": {"llm_label": "TASK_1", "label_logprob": -8e-06, "p_task_1": 0.999992000032, "uncertainty": 0.00010188814457675767}, "Physician Assistants_4074_4075": {"llm_label": "TASK_2", "label_logprob": -4.7e-05, "p_task_1": 4.699889551729175e-05, "uncertainty": 0.0005153599478945111}, "Physician Assistants_4074_4076": {"llm_label": "TASK_2", "label_logprob": -8e-06, "p_task_1": 7.999968000049762e-06, "uncertainty": 0.00010188814457675767}, "Physician Assistants_4074_4077": {"llm_label": "TASK_2", "label_logprob": -0.423463, "p_task_1": 0.3452245980918839, "uncertainty": 0.6444402519364812}, "Physician Assistants_4074_4078": {"llm_label": "TASK_1", "label_logprob": -0.432087, "p_task_1": 0.6491528979262374, "uncertainty": 0.6479694519147681}, "Physician Assistants_4074_4079": {"llm_label": "TASK_2", "label_logprob": -0.02813, "p_task_1": 0.027738035470111666, "uncertainty": 0.12678921834891782}, "Physician Assistants_4074_4080": {"llm_label": "TASK_2", "label_logprob": -1.2e-05, "p_task_1": 1.1999928000272497e-05, "uncertainty": 0.00014796635909808146}, "Physician Assistants_4074_4081": {"llm_label": "TASK_2", "label_logprob": -0.000127, "p_task_1": 0.0001269919358414251, "uncertainty": 0.001266277670632851}, "Physician Assistants_4074_4082": {"llm_label": "TASK_2", "label_logprob": -0.208466, "p_task_1": 0.1881713635930501, "uncertainty": 0.48356053253977593}, "Physician Assistants_4074_4083": {"llm_label": "TASK_2", "label_logprob": 0.0, "p_task_1": 0.0, "uncertainty": 0.0}, "Physician Assistants_4074_4084": {"llm_label": "TASK_1", "label_logprob": -0.00046, "p_task_1": 0.9995401057837792, "uncertainty": 0.003993852019167917}, "Physician Assistants_4075_4076": {"llm_label": "EQUAL_TIME", "label_logprob": -0.044757, "p_task_1": 0.5, "uncertainty": 0.6931471805599453}, "Physician Assistants_4075_4077": {"llm_label": "TASK_1", "label_logprob": -0.002578, "p_task_1": 0.9974253201882387, "uncertainty": 0.017921681004707583}, "Physician Assistants_4075_4078": {"llm_label": "TASK_1", "label_logprob": -1e-05, "p_task_1": 0.9999900000499998, "uncertainty": 0.00012512862900562218}, "Physician Assistants_4075_4079": {"llm_label": "TASK_1", "label_logprob": -0.187228, "p_task_1": 0.8292546447707713, "uncertainty": 0.4570661022276663}, "Physician Assistants_4075_4080": {"llm_label": "EQUAL_TIME", "label_logprob": -0.314185, "p_task_1": 0.5, "uncertainty": 0.6931471805599453}, "Physician Assistants_4075_4081": {"llm_label": "TASK_2", "label_logprob": -0.019337, "p_task_1": 0.01915123949274855, "uncertainty": 0.09471725229209467}, "Physician Assistants_4075_4082": {"llm_label": "TASK_1", "label_logprob": -0.00981, "p_task_1": 0.9902379610891118, "uncertainty": 0.05490519203142899}, "Physician Assistants_4075_4083": {"llm_label": "TASK_2", "label_logprob": -0.000296, "p_task_1": 0.00029595619632205583, "uncertainty": 0.0027006450125778183}, "Physician Assistants_4075_4084": {"llm_label": "TASK_1", "label_logprob": -2.1e-05, "p_task_1": 0.9999790002204985, "uncertainty": 0.0002471881550406985}, "Physician Assistants_4076_4077": {"llm_label": "TASK_1", "label_logprob": -0.000778, "p_task_1": 0.9992223025635301, "uncertainty": 0.006345065447400752}, "Physician Assistants_4076_4078": {"llm_label": "TASK_1", "label_logprob": -7e-06, "p_task_1": 0.9999930000245, "uncertainty": 9.008688755748087e-05}, "Physician Assistants_4076_4079": {"llm_label": "TASK_1", "label_logprob": -0.100503, "p_task_1": 0.9043823992615029, "uncertainty": 0.3153457441725306}, "Physician Assistants_4076_4080": {"llm_label": "TASK_1", "label_logprob": -0.399096, "p_task_1": 0.6709262893379422, "uncertainty": 0.6335207101950662}, "Physician Assistants_4076_4081": {"llm_label": "TASK_2", "label_logprob": -1.8e-05, "p_task_1": 1.7999838000992696e-05, "uncertainty": 0.0002146505665408007}, "Physician Assistants_4076_4082": {"llm_label": "TASK_1", "label_logprob": -0.000972, "p_task_1": 0.9990284722389822, "uncertainty": 0.007710194697007756}, "Physician Assistants_4076_4083": {"llm_label": "TASK_2", "label_logprob": -1.5e-05, "p_task_1": 1.4999887500533049e-05, "uncertainty": 0.00018161054327026476}, "Physician Assistants_4076_4084": {"llm_label": "TASK_1", "label_logprob": -7e-06, "p_task_1": 0.9999930000245, "uncertainty": 9.008688755748087e-05}, "Physician Assistants_4077_4078": {"llm_label": "TASK_1", "label_logprob": -0.280185, "p_task_1": 0.7556439343961079, "uncertainty": 0.556049273111734}, "Physician Assistants_4077_4079": {"llm_label": "TASK_2", "label_logprob": -0.318839, "p_task_1": 0.2730074143090473, "uncertainty": 0.5862271915709993}, "Physician Assistants_4077_4080": {"llm_label": "TASK_2", "label_logprob": -0.001142, "p_task_1": 0.0011413481661550762, "uncertainty": 0.008873952570283634}, "Physician Assistants_4077_4081": {"llm_label": "TASK_2", "label_logprob": -2.2e-05, "p_task_1": 2.1999758001767233e-05, "uncertainty": 0.0002579354610012207}, "Physician Assistants_4077_4082": {"llm_label": "TASK_2", "label_logprob": -0.387531, "p_task_1": 0.32126940672311066, "uncertainty": 0.6278226005004408}, "Physician Assistants_4077_4083": {"llm_label": "TASK_2", "label_logprob": -3e-06, "p_task_1": 2.9999955000192813e-06, "uncertainty": 4.1150633082097105e-05}, "Physician Assistants_4077_4084": {"llm_label": "TASK_1", "label_logprob": -0.003557, "p_task_1": 0.9964493186304902, "uncertainty": 0.023572399513840832}, "Physician Assistants_4078_4079": {"llm_label": "TASK_2", "label_logprob": -0.001464, "p_task_1": 0.0014629288747728397, "uncertainty": 0.01101085552994666}, "Physician Assistants_4078_4080": {"llm_label": "TASK_2", "label_logprob": -2e-06, "p_task_1": 1.9999979999907325e-06, "uncertainty": 2.8244698509961958e-05}, "Physician Assistants_4078_4081": {"llm_label": "TASK_2", "label_logprob": -9e-06, "p_task_1": 8.999959500100019e-06, "uncertainty": 0.0001135640627863842}, "Physician Assistants_4078_4082": {"llm_label": "TASK_2", "label_logprob": -0.011977, "p_task_1": 0.011905561227326666, "uncertainty": 0.06458496842947826}, "Physician Assistants_4078_4083": {"llm_label": "TASK_2", "label_logprob": 0.0, "p_task_1": 0.0, "uncertainty": 0.0}, "Physician Assistants_4078_4084": {"llm_label": "TASK_1", "label_logprob": -0.003359, "p_task_1": 0.9966466351292679, "uncertainty": 0.022454508221644062}, "Physician Assistants_4079_4080": {"llm_label": "TASK_2", "label_logprob": -0.00082, "p_task_1": 0.0008196638918758214,