{"Preventive Medicine Physicians_17211_17212": {"llm_label": "TASK_2", "label_logprob": -0.03627, "p_task_1": 0.03562012423814298, "uncertainty": 0.1537656339707622}, "Preventive Medicine Physicians_17211_17213": {"llm_label": "TASK_2", "label_logprob": -1e-06, "p_task_1": 9.999994999843054e-07, "uncertainty": 1.4815503149992376e-05}, "Preventive Medicine Physicians_17211_17214": {"llm_label": "CANNOT_DECIDE", "label_logprob": -0.597536, "p_task_1": 0.5, "uncertainty": 0.6931471805599453}, "Preventive Medicine Physicians_17211_17215": {"llm_label": "CANNOT_DECIDE", "label_logprob": -0.049774, "p_task_1": 0.5, "uncertainty": 0.6931471805599453}, "Preventive Medicine Physicians_17211_17216": {"llm_label": "TASK_2", "label_logprob": -0.001192, "p_task_1": 0.0011912898501942326, "uncertainty": 0.009211199375810662}, "Preventive Medicine Physicians_17211_17217": {"llm_label": "TASK_2", "label_logprob": -0.001889, "p_task_1": 0.001887216962396021, "uncertainty": 0.013723290379618431}, "Preventive Medicine Physicians_17211_17218": {"llm_label": "TASK_2", "label_logprob": -0.00016, "p_task_1": 0.00015998720068266525, "uncertainty": 0.0015583292093465813}, "Preventive Medicine Physicians_17211_17219": {"llm_label": "TASK_2", "label_logprob": -5.9e-05, "p_task_1": 5.8998259534259745e-05, "uncertainty": 0.0006335217246636567}, "Preventive Medicine Physicians_17211_17220": {"llm_label": "TASK_2", "label_logprob": -1e-06, "p_task_1": 9.999994999843054e-07, "uncertainty": 1.4815503149992376e-05}, "Preventive Medicine Physicians_17211_17221": {"llm_label": "TASK_2", "label_logprob": -0.000124, "p_task_1": 0.00012399231231774444, "uncertainty": 0.0012393315549874347}, "Preventive Medicine Physicians_17211_17222": {"llm_label": "TASK_2", "label_logprob": -0.000124, "p_task_1": 0.00012399231231774444, "uncertainty": 0.0012393315549874347}, "Preventive Medicine Physicians_17211_17223": {"llm_label": "TASK_2", "label_logprob": 0.0, "p_task_1": 0.0, "uncertainty": 0.0}, "Preventive Medicine Physicians_17211_17224": {"llm_label": "TASK_2", "label_logprob": -4.6e-05, "p_task_1": 4.599894201617882e-05, "uncertainty": 0.0005053843575021392}, "Preventive Medicine Physicians_17211_17225": {"llm_label": "CANNOT_DECIDE", "label_logprob": -0.003504, "p_task_1": 0.5, "uncertainty": 0.6931471805599453}, "Preventive Medicine Physicians_17212_17213": {"llm_label": "TASK_2", "label_logprob": -3e-05, "p_task_1": 2.9999550004489173e-05, "uncertainty": 0.00034242425890051087}, "Preventive Medicine Physicians_17212_17214": {"llm_label": "TASK_2", "label_logprob": -0.205717, "p_task_1": 0.18593657636387806, "uncertainty": 0.48027701962000524}, "Preventive Medicine Physicians_17212_17215": {"llm_label": "TASK_2", "label_logprob": -0.229981, "p_task_1": 0.20545130121480415, "uncertainty": 0.5078672906286945}, "Preventive Medicine Physicians_17212_17216": {"llm_label": "TASK_2", "label_logprob": -0.043528, "p_task_1": 0.04259425364523761, "uncertainty": 0.17610295206273097}, "Preventive Medicine Physicians_17212_17217": {"llm_label": "TASK_1", "label_logprob": -0.004204, "p_task_1": 0.9958048244376904, "uncertainty": 0.027149999754166557}, "Preventive Medicine Physicians_17212_17218": {"llm_label": "TASK_2", "label_logprob": -0.100833, "p_task_1": 0.09591599769204806, "uncertainty": 0.3160156965474766}, "Preventive Medicine Physicians_17212_17219": {"llm_label": "TASK_2", "label_logprob": -6.5e-05, "p_task_1": 6.499788754577018e-05, "uncertainty": 0.0006916505348500037}, "Preventive Medicine Physicians_17212_17220": {"llm_label": "TASK_2", "label_logprob": -7e-06, "p_task_1": 6.999975500021627e-06, "uncertainty": 9.008688755748087e-05}, "Preventive Medicine Physicians_17212_17221": {"llm_label": "TASK_2", "label_logprob": -0.000271, "p_task_1": 0.00027096328281683846, "uncertainty": 0.0024964908717871504}, "Preventive Medicine Physicians_17212_17222": {"llm_label": "TASK_2", "label_logprob": -0.000432, "p_task_1": 0.0004319067014354472, "uncertainty": 0.0037779246198059507}, "Preventive Medicine Physicians_17212_17223": {"llm_label": "TASK_2", "label_logprob": -1e-06, "p_task_1": 9.999994999843054e-07, "uncertainty": 1.4815503149992376e-05}, "Preventive Medicine Physicians_17212_17224": {"llm_label": "TASK_2", "label_logprob": -0.000152, "p_task_1": 0.00015198844858532734, "uncertainty": 0.0014882146586093215}, "Preventive Medicine Physicians_17212_17225": {"llm_label": "TASK_1", "label_logprob": -0.23955, "p_task_1": 0.7869819232620525, "uncertainty": 0.5179280403479686}, "Preventive Medicine Physicians_17213_17214": {"llm_label": "TASK_1", "label_logprob": -0.083847, "p_task_1": 0.9195719398393393, "uncertainty": 0.27981360044824677}, "Preventive Medicine Physicians_17213_17215": {"llm_label": "TASK_1", "label_logprob": -0.001431, "p_task_1": 0.9985700233922836, "uncertainty": 0.010795439467853819}, "Preventive Medicine Physicians_17213_17216": {"llm_label": "TASK_1", "label_logprob": -0.002413, "p_task_1": 0.9975899089442688, "uncertainty": 0.016935432049348113}, "Preventive Medicine Physicians_17213_17217": {"llm_label": "TASK_1", "label_logprob": -1.2e-05, "p_task_1": 0.9999880000719997, "uncertainty": 0.00014796635909808146}, "Preventive Medicine Physicians_17213_17218": {"llm_label": "TASK_1", "label_logprob": -0.049703, "p_task_1": 0.9515119815974425, "uncertainty": 0.19403900836093907}, "Preventive Medicine Physicians_17213_17219": {"llm_label": "TASK_2", "label_logprob": -0.000109, "p_task_1": 0.00010899405971587228, "uncertainty": 0.0011034735913061967}, "Preventive Medicine Physicians_17213_17220": {"llm_label": "TASK_2", "label_logprob": -1e-06, "p_task_1": 9.999994999843054e-07, "uncertainty": 1.4815503149992376e-05}, "Preventive Medicine Physicians_17213_17221": {"llm_label": "TASK_2", "label_logprob": -0.00255, "p_task_1": 0.002546751511801615, "uncertainty": 0.017755091224060847}, "Preventive Medicine Physicians_17213_17222": {"llm_label": "TASK_2", "label_logprob": -0.010769, "p_task_1": 0.010711221909579405, "uncertainty": 0.05924471605468668}, "Preventive Medicine Physicians_17213_17223": {"llm_label": "TASK_2", "label_logprob": -9.6e-05, "p_task_1": 9.599539214744102e-05, "uncertainty": 0.0009840643513757887}, "Preventive Medicine Physicians_17213_17224": {"llm_label": "TASK_2", "label_logprob": -0.016227, "p_task_1": 0.016096051492737518, "uncertainty": 0.08242932397422342}, "Preventive Medicine Physicians_17213_17225": {"llm_label": "TASK_1", "label_logprob": -3e-06, "p_task_1": 0.9999970000045, "uncertainty": 4.1150633082097105e-05}, "Preventive Medicine Physicians_17214_17215": {"llm_label": "TASK_2", "label_logprob": -0.025749, "p_task_1": 0.02542032158914831, "uncertainty": 0.11844311881007684}, "Preventive Medicine Physicians_17214_17216": {"llm_label": "TASK_2", "label_logprob": -0.001503, "p_task_1": 0.0015018710611691688, "uncertainty": 0.011264471899114498}, "Preventive Medicine Physicians_17214_17217": {"llm_label": "TASK_2", "label_logprob": -0.00068, "p_task_1": 0.0006797688523964007, "uncertainty": 0.005637607086116083}, "Preventive Medicine Physicians_17214_17218": {"llm_label": "TASK_2", "label_logprob": -2.2e-05, "p_task_1": 2.1999758001767233e-05, "uncertainty": 0.0002579354610012207}, "Preventive Medicine Physicians_17214_17219": {"llm_label": "TASK_2", "label_logprob": -0.000714, "p_task_1": 0.0007137451626548774, "uncertainty": 0.0058845630794290725}, "Preventive Medicine Physicians_17214_17220": {"llm_label": "TASK_2", "label_logprob": -1e-06, "p_task_1": 9.999994999843054e-07, "uncertainty": 1.4815503149992376e-05}, "Preventive Medicine Physicians_17214_17221": {"llm_label": "TASK_2", "label_logprob": -2e-06, "p_task_1": 1.9999979999907325e-06, "uncertainty": 2.8244698509961958e-05}, "Preventive Medicine Physicians_17214_17222": {"llm_label": "TASK_2", "label_logprob": -7.6e-05, "p_task_1": 7.599711207317839e-05, "uncertainty": 0.0007968127892924509}, "Preventive Medicine Physicians_17214_17223": {"llm_label": "TASK_2", "label_logprob": -1e-06,