{"Psychiatrists_1827_1828": {"llm_label": "TASK_2", "label_logprob": -0.600374, "p_task_1": 0.45139358107986916, "uncertainty": 0.6884145419589484}, "Psychiatrists_1827_1829": {"llm_label": "TASK_1", "label_logprob": -0.065135, "p_task_1": 0.9369409678084905, "uncertainty": 0.2353028865213108}, "Psychiatrists_1827_1830": {"llm_label": "TASK_2", "label_logprob": -0.334499, "p_task_1": 0.28430343947589554, "uncertainty": 0.596971961728217}, "Psychiatrists_1827_1831": {"llm_label": "TASK_2", "label_logprob": -0.002884, "p_task_1": 0.002879845267042991, "uncertainty": 0.019722843228992346}, "Psychiatrists_1827_1832": {"llm_label": "TASK_2", "label_logprob": -0.001186, "p_task_1": 0.0011852969799547308, "uncertainty": 0.009170843092972851}, "Psychiatrists_1827_1833": {"llm_label": "TASK_1", "label_logprob": -0.000759, "p_task_1": 0.9992412879676396, "uncertainty": 0.006208926596956389}, "Psychiatrists_1827_1834": {"llm_label": "TASK_1", "label_logprob": -9.7e-05, "p_task_1": 0.9999030047043479, "uncertainty": 0.0009933093829617684}, "Psychiatrists_1827_1835": {"llm_label": "TASK_1", "label_logprob": -0.097851, "p_task_1": 0.9067840045053362, "uncertainty": 0.3099159865268521}, "Psychiatrists_1827_1837": {"llm_label": "TASK_1", "label_logprob": -0.109352, "p_task_1": 0.8964148239390011, "uncertainty": 0.332889747137822}, "Psychiatrists_1827_1838": {"llm_label": "TASK_2", "label_logprob": -0.13285, "p_task_1": 0.1244035782779378, "uncertainty": 0.3756079498086812}, "Psychiatrists_1827_15230": {"llm_label": "TASK_2", "label_logprob": -0.003439, "p_task_1": 0.0034330934123583123, "uncertainty": 0.02290757341436127}, "Psychiatrists_1828_1829": {"llm_label": "TASK_1", "label_logprob": -0.013811, "p_task_1": 0.9862839343120324, "uncertainty": 0.0724523443009158}, "Psychiatrists_1828_1830": {"llm_label": "TASK_1", "label_logprob": -0.077524, "p_task_1": 0.9254048144145722, "uncertainty": 0.26536626270053326}, "Psychiatrists_1828_1831": {"llm_label": "TASK_2", "label_logprob": -0.003979, "p_task_1": 0.003971094268610975, "uncertainty": 0.025918241857417448}, "Psychiatrists_1828_1832": {"llm_label": "TASK_2", "label_logprob": -0.000569, "p_task_1": 0.0005688381501989248, "uncertainty": 0.004818986416487158}, "Psychiatrists_1828_1833": {"llm_label": "TASK_1", "label_logprob": -0.004347, "p_task_1": 0.9956624345289169, "uncertainty": 0.027926418141404542}, "Psychiatrists_1828_1834": {"llm_label": "TASK_1", "label_logprob": -0.000984, "p_task_1": 0.999016483969245, "uncertainty": 0.007793267629539322}, "Psychiatrists_1828_1835": {"llm_label": "TASK_1", "label_logprob": -0.492824, "p_task_1": 0.61089877778973, "uncertainty": 0.6683443543182717}, "Psychiatrists_1828_1837": {"llm_label": "TASK_1", "label_logprob": -0.014201, "p_task_1": 0.9858993585747939, "uncertainty": 0.0740911336269958}, "Psychiatrists_1828_1838": {"llm_label": "TASK_2", "label_logprob": -0.030289, "p_task_1": 0.029834884688300423, "uncertainty": 0.1341677417884086}, "Psychiatrists_1828_15230": {"llm_label": "TASK_2", "label_logprob": -0.144266, "p_task_1": 0.13434254745111796, "uncertainty": 0.39455911875421124}, "Psychiatrists_1829_1830": {"llm_label": "TASK_2", "label_logprob": -0.000952, "p_task_1": 0.000951546991766028, "uncertainty": 0.007571407612154284}, "Psychiatrists_1829_1831": {"llm_label": "TASK_2", "label_logprob": -3e-06, "p_task_1": 2.9999955000192813e-06, "uncertainty": 4.1150633082097105e-05}, "Psychiatrists_1829_1832": {"llm_label": "TASK_2", "label_logprob": -0.00153, "p_task_1": 0.0015288301467012433, "uncertainty": 0.011439452678056527}, "Psychiatrists_1829_1833": {"llm_label": "TASK_2", "label_logprob": -0.023974, "p_task_1": 0.02368890648364952, "uncertainty": 0.11206769949957893}, "Psychiatrists_1829_1834": {"llm_label": "TASK_1", "label_logprob": -0.090478, "p_task_1": 0.9134944305573611, "uncertainty": 0.2943775511206825}, "Psychiatrists_1829_1835": {"llm_label": "TASK_2", "label_logprob": -0.014516, "p_task_1": 0.014411150815360596, "uncertainty": 0.07540652778011131}, "Psychiatrists_1829_1837": {"llm_label": "TASK_2", "label_logprob": -0.000628, "p_task_1": 0.0006278028492723298, "uncertainty": 0.005256574678970615}, "Psychiatrists_1829_1838": {"llm_label": "TASK_2", "label_logprob": -0.003644, "p_task_1": 0.0036373686892774426, "uncertainty": 0.02406000756219304}, "Psychiatrists_1829_15230": {"llm_label": "TASK_2", "label_logprob": -0.000582, "p_task_1": 0.0005818306708514909, "uncertainty": 0.00491591068359955}, "Psychiatrists_1830_1831": {"llm_label": "TASK_2", "label_logprob": -3e-06, "p_task_1": 2.9999955000192813e-06, "uncertainty": 4.1150633082097105e-05}, "Psychiatrists_1830_1832": {"llm_label": "TASK_2", "label_logprob": -3.5e-05, "p_task_1": 3.499938750717302e-05, "uncertainty": 0.00039409879060961955}, "Psychiatrists_1830_1833": {"llm_label": "TASK_1", "label_logprob": -0.038517, "p_task_1": 0.9622153469398786, "uncertainty": 0.16083858973281806}, "Psychiatrists_1830_1834": {"llm_label": "TASK_1", "label_logprob": -0.000128, "p_task_1": 0.9998720081916505, "uncertainty": 0.0012752438603772032}, "Psychiatrists_1830_1835": {"llm_label": "TASK_2", "label_logprob": -0.080813, "p_task_1": 0.07763384220999103, "uncertainty": 0.2729520110662771}, "Psychiatrists_1830_1837": {"llm_label": "TASK_1", "label_logprob": -0.079167, "p_task_1": 0.9238856226622619, "uncertainty": 0.2691752099772872}, "Psychiatrists_1830_1838": {"llm_label": "TASK_2", "label_logprob": -0.079049, "p_task_1": 0.07600535240191919, "uncertainty": 0.2689029609056426}, "Psychiatrists_1830_15230": {"llm_label": "TASK_2", "label_logprob": -0.000746, "p_task_1": 0.0007457218111805997, "uncertainty": 0.006115504229095696}, "Psychiatrists_1831_1832": {"llm_label": "TASK_2", "label_logprob": -0.052998, "p_task_1": 0.051618090755780055, "uncertainty": 0.20325232982081448}, "Psychiatrists_1831_1833": {"llm_label": "TASK_1", "label_logprob": -0.335935, "p_task_1": 0.7146695578276094, "uncertainty": 0.5979175152353879}, "Psychiatrists_1831_1834": {"llm_label": "TASK_1", "label_logprob": -2.3e-05, "p_task_1": 0.999977000264498, "uncertainty": 0.00026863728652655293}, "Psychiatrists_1831_1835": {"llm_label": "TASK_2", "label_logprob": -0.129867, "p_task_1": 0.12178777462046686, "uncertainty": 0.3704719385392604}, "Psychiatrists_1831_1837": {"llm_label": "TASK_1", "label_logprob": -0.104437, "p_task_1": 0.9008315480067449, "uncertainty": 0.3232520246572042}, "Psychiatrists_1831_1838": {"llm_label": "TASK_2", "label_logprob": -0.213761, "p_task_1": 0.19245863565318744, "uncertainty": 0.48976843675441994}, "Psychiatrists_1831_15230": {"llm_label": "TASK_2", "label_logprob": -0.048751, "p_task_1": 0.04758174767965895, "uncertainty": 0.1913323259827604}, "Psychiatrists_1832_1833": {"llm_label": "TASK_1", "label_logprob": -0.000144, "p_task_1": 0.9998560103675024, "uncertainty": 0.001417678330042593}, "Psychiatrists_1832_1834": {"llm_label": "TASK_1", "label_logprob": -1.4e-05, "p_task_1": 0.9999860000979995, "uncertainty": 0.0001704691519101948}, "Psychiatrists_1832_1835": {"llm_label": "TASK_1", "label_logprob": -0.053574, "p_task_1": 0.9478357985594713, "uncertainty": 0.20483895925085438}, "Psychiatrists_1832_1837": {"llm_label": "TASK_1", "label_logprob": -0.000358, "p_task_1": 0.9996420640743535, "uncertainty": 0.003198149469619536}, "Psychiatrists_1832_1838": {"llm_label": "TASK_2", "label_logprob": -0.260549, "p_task_1": 0.22937160534044165, "uncertainty": 0.5385159296250889}, "Psychiatrists_1832_15230": {"llm_label": "TASK_2", "label_logprob": -0.113033, "p_task_1": 0.10687881336945315, "uncertainty": 0.3399395714242673}, "Psychiatrists_1833_1834": {"llm_label": "TASK_1", "label_logprob": -0.008401, "p_task_1": 0.9916341897884128, "uncertainty": 0.048349426057008794}, "Psychiatrists_1833_1835": {"llm_label": "TASK_2", "label_logprob": -0.005101, "p_task_1": 0.005088011992825825, "uncertainty": 0.031944166255124834}, "Psychiatrists_1833_1837": {"llm_label": "TASK_2", "label_logprob": -0.394614,