{"Allergists and Immunologists_17061_17062": {"llm_label": "TASK_1", "label_logprob": -0.335111, "p_task_1": 0.7152586882316521, "uncertainty": 0.5973757406313174}, "Allergists and Immunologists_17061_17063": {"llm_label": "TASK_1", "label_logprob": -0.005102, "p_task_1": 0.9949109930956836, "uncertainty": 0.03194941507866608}, "Allergists and Immunologists_17061_17064": {"llm_label": "TASK_2", "label_logprob": -0.000169, "p_task_1": 0.0001689857203044376, "uncertainty": 0.0016367300940866053}, "Allergists and Immunologists_17061_17065": {"llm_label": "TASK_1", "label_logprob": -0.092074, "p_task_1": 0.9120376562613064, "uncertainty": 0.2977979077695389}, "Allergists and Immunologists_17061_17066": {"llm_label": "TASK_1", "label_logprob": -2.8e-05, "p_task_1": 0.9999720003919963, "uncertainty": 0.0003215280679255237}, "Allergists and Immunologists_17061_17067": {"llm_label": "TASK_1", "label_logprob": -0.038238, "p_task_1": 0.9624838424750604, "uncertainty": 0.15996838598764593}, "Allergists and Immunologists_17061_17068": {"llm_label": "TASK_1", "label_logprob": -0.034043, "p_task_1": 0.9665299429563898, "uncertainty": 0.14660484550059288}, "Allergists and Immunologists_17061_17069": {"llm_label": "TASK_1", "label_logprob": -0.00142, "p_task_1": 0.9985810077229547, "uncertainty": 0.010723464396147155}, "Allergists and Immunologists_17061_17070": {"llm_label": "TASK_1", "label_logprob": -0.009045, "p_task_1": 0.9909957829592522, "uncertainty": 0.05137397964303045}, "Allergists and Immunologists_17061_17071": {"llm_label": "TASK_1", "label_logprob": -0.04932, "p_task_1": 0.9518764804834754, "uncertainty": 0.19295254829190406}, "Allergists and Immunologists_17061_17072": {"llm_label": "TASK_1", "label_logprob": -0.003438, "p_task_1": 0.9965679031550466, "uncertainty": 0.02290192188039851}, "Allergists and Immunologists_17061_17073": {"llm_label": "TASK_1", "label_logprob": -0.084865, "p_task_1": 0.9186362919301714, "uncertainty": 0.28208745128753654}, "Allergists and Immunologists_17061_17074": {"llm_label": "TASK_1", "label_logprob": -0.260563, "p_task_1": 0.7706176059375544, "uncertainty": 0.5385290037473451}, "Allergists and Immunologists_17061_17075": {"llm_label": "TASK_1", "label_logprob": -0.030078, "p_task_1": 0.97036984174891, "uncertainty": 0.133454202121583}, "Allergists and Immunologists_17061_17076": {"llm_label": "TASK_1", "label_logprob": -0.034888, "p_task_1": 0.9657135701206906, "uncertainty": 0.1493401361676008}, "Allergists and Immunologists_17062_17063": {"llm_label": "TASK_1", "label_logprob": -0.104009, "p_task_1": 0.9012171864300275, "uncertainty": 0.3224002807901389}, "Allergists and Immunologists_17062_17064": {"llm_label": "TASK_2", "label_logprob": -0.002025, "p_task_1": 0.002022951070760559, "uncertainty": 0.0145696693733285}, "Allergists and Immunologists_17062_17065": {"llm_label": "TASK_2", "label_logprob": -0.114182, "p_task_1": 0.10790442028888247, "uncertainty": 0.34211146798403813}, "Allergists and Immunologists_17062_17066": {"llm_label": "TASK_1", "label_logprob": -0.00097, "p_task_1": 0.9990304702979247, "uncertainty": 0.0076963347640837}, "Allergists and Immunologists_17062_17067": {"llm_label": "TASK_2", "label_logprob": -0.592806, "p_task_1": 0.447225977380559, "uncertainty": 0.6875665969117675}, "Allergists and Immunologists_17062_17068": {"llm_label": "TASK_2", "label_logprob": -0.319758, "p_task_1": 0.27367521359452585, "uncertainty": 0.5868801228726892}, "Allergists and Immunologists_17062_17069": {"llm_label": "TASK_2", "label_logprob": -0.266569, "p_task_1": 0.23399685231450862, "uncertainty": 0.5440608632218681}, "Allergists and Immunologists_17062_17070": {"llm_label": "TASK_1", "label_logprob": -0.486303, "p_task_1": 0.614895465758084, "uncertainty": 0.6665078391423473}, "Allergists and Immunologists_17062_17071": {"llm_label": "TASK_2", "label_logprob": -0.04738, "p_task_1": 0.046275086744327676, "uncertainty": 0.18739784075895424}, "Allergists and Immunologists_17062_17072": {"llm_label": "TASK_1", "label_logprob": -0.14745, "p_task_1": 0.8629055825218875, "uncertainty": 0.3996537451605364}, "Allergists and Immunologists_17062_17073": {"llm_label": "TASK_2", "label_logprob": -0.149031, "p_task_1": 0.13845759332962393, "uncertainty": 0.40215365951709936}, "Allergists and Immunologists_17062_17074": {"llm_label": "TASK_2", "label_logprob": -0.013817, "p_task_1": 0.013721983373820357, "uncertainty": 0.07247764334154191}, "Allergists and Immunologists_17062_17075": {"llm_label": "TASK_2", "label_logprob": -0.022679, "p_task_1": 0.02242376461499218, "uncertainty": 0.10732770150428303}, "Allergists and Immunologists_17062_17076": {"llm_label": "TASK_2", "label_logprob": -0.003907, "p_task_1": 0.003899377605629417, "uncertainty": 0.02552137222334693}, "Allergists and Immunologists_17063_17064": {"llm_label": "TASK_2", "label_logprob": -0.000206, "p_task_1": 0.0002059787834568505, "uncertainty": 0.0019542513897298306}, "Allergists and Immunologists_17063_17065": {"llm_label": "TASK_2", "label_logprob": -0.032748, "p_task_1": 0.0322175899700865, "uncertainty": 0.1423681792237741}, "Allergists and Immunologists_17063_17066": {"llm_label": "TASK_1", "label_logprob": -0.00011, "p_task_1": 0.9998900060497782, "uncertainty": 0.0011125921275054254}, "Allergists and Immunologists_17063_17067": {"llm_label": "EQUAL_TIME", "label_logprob": -0.03956, "p_task_1": 0.5, "uncertainty": 0.6931471805599453}, "Allergists and Immunologists_17063_17068": {"llm_label": "TASK_2", "label_logprob": -3.6e-05, "p_task_1": 3.599935200782056e-05, "uncertainty": 0.0004043444200614643}, "Allergists and Immunologists_17063_17069": {"llm_label": "TASK_2", "label_logprob": -0.2052, "p_task_1": 0.1855155967600075, "uncertainty": 0.4796548016283254}, "Allergists and Immunologists_17063_17070": {"llm_label": "TASK_2", "label_logprob": -0.216849, "p_task_1": 0.19494847709256746, "uncertainty": 0.4933192719050227}, "Allergists and Immunologists_17063_17071": {"llm_label": "TASK_2", "label_logprob": -1e-06, "p_task_1": 9.999994999843054e-07, "uncertainty": 1.4815503149992376e-05}, "Allergists and Immunologists_17063_17072": {"llm_label": "TASK_2", "label_logprob": -0.002898, "p_task_1": 0.0028938048514919323, "uncertainty": 0.019804432923206522}, "Allergists and Immunologists_17063_17073": {"llm_label": "TASK_2", "label_logprob": -0.006157, "p_task_1": 0.006138084516287945, "uncertainty": 0.03738196106913323}, "Allergists and Immunologists_17063_17074": {"llm_label": "TASK_2", "label_logprob": -5.7e-05, "p_task_1": 5.699837553085896e-05, "uncertainty": 0.0006140126800174265}, "Allergists and Immunologists_17063_17075": {"llm_label": "TASK_2", "label_logprob": -1e-06, "p_task_1": 9.999994999843054e-07, "uncertainty": 1.4815503149992376e-05}, "Allergists and Immunologists_17063_17076": {"llm_label": "TASK_2", "label_logprob": -1.3e-05, "p_task_1": 1.2999915500411241e-05, "uncertainty": 0.00015925626043919854}, "Allergists and Immunologists_17064_17065": {"llm_label": "TASK_1", "label_logprob": -0.013644, "p_task_1": 0.9864486574830644, "uncertainty": 0.07174708387357111}, "Allergists and Immunologists_17064_17066": {"llm_label": "TASK_1", "label_logprob": -5e-05, "p_task_1": 0.9999500012499791, "uncertainty": 0.0005451607485001352}, "Allergists and Immunologists_17064_17067": {"llm_label": "TASK_1", "label_logprob": -0.000902, "p_task_1": 0.9990984066797157, "uncertainty": 0.0072225703878280225}, "Allergists and Immunologists_17064_17068": {"llm_label": "TASK_1", "label_logprob": -0.000172, "p_task_1": 0.9998280147911519, "uncertainty": 0.001662755765075375}, "Allergists and Immunologists_17064_17069": {"llm_label": "TASK_1", "label_logprob": -0.000368, "p_task_1": 0.9996320677036947, "uncertainty": 0.003277330300400403}, "Allergists and Immunologists_17064_17070": {"llm_label": "TASK_1", "label_logprob": -0.000556, "p_task_1": 0.9994441545393574, "uncertainty": 0.004721763933773623},