{"Radiologists_17231_17234": {"llm_label": "TASK_2", "label_logprob": -0.008473, "p_task_1": 0.008437205302997852, "uncertainty": 0.04869004561997401}, "Radiologists_17231_17235": {"llm_label": "TASK_2", "label_logprob": -0.01175, "p_task_1": 0.011681238330039645, "uncertainty": 0.06359158435315362}, "Radiologists_17231_17236": {"llm_label": "CANNOT_DECIDE", "label_logprob": -0.097805, "p_task_1": 0.5, "uncertainty": 0.6931471805599453}, "Radiologists_17231_17239": {"llm_label": "TASK_1", "label_logprob": -0.694393, "p_task_1": 0.4993774781354093, "uncertainty": 0.6931464054928013}, "Radiologists_17231_17241": {"llm_label": "TASK_1", "label_logprob": -0.580824, "p_task_1": 0.5594372003379312, "uncertainty": 0.6860648834926208}, "Radiologists_17231_17242": {"llm_label": "TASK_2", "label_logprob": -2e-05, "p_task_1": 1.999980000133572e-05, "uncertainty": 0.00023639320174866763}, "Radiologists_17231_17243": {"llm_label": "TASK_2", "label_logprob": -0.475015, "p_task_1": 0.37812427174086516, "uncertainty": 0.6631383955440147}, "Radiologists_17231_17245": {"llm_label": "TASK_2", "label_logprob": -0.326596, "p_task_1": 0.27862488028708265, "uncertainty": 0.5916498750981971}, "Radiologists_17231_17246": {"llm_label": "TASK_1", "label_logprob": -0.163805, "p_task_1": 0.84890754271223, "uncertainty": 0.42459939444541506}, "Radiologists_17231_17248": {"llm_label": "TASK_2", "label_logprob": -0.032155, "p_task_1": 0.03164352480744048, "uncertainty": 0.14040961021603426}, "Radiologists_17231_17249": {"llm_label": "TASK_2", "label_logprob": -0.001247, "p_task_1": 0.001246222818581999, "uncertainty": 0.00957973309734717}, "Radiologists_17231_17250": {"llm_label": "TASK_2", "label_logprob": -0.391046, "p_task_1": 0.3236509567322894, "uncertainty": 0.6295908785676353}, "Radiologists_17231_17251": {"llm_label": "TASK_1", "label_logprob": -0.127743, "p_task_1": 0.8800795305222913, "uncertainty": 0.36676650230695806}, "Radiologists_17231_17252": {"llm_label": "TASK_1", "label_logprob": -0.201944, "p_task_1": 0.8171406865394302, "uncertainty": 0.47570161772703684}, "Radiologists_17231_17253": {"llm_label": "TASK_2", "label_logprob": 0.0, "p_task_1": 0.0, "uncertainty": 0.0}, "Radiologists_17231_17254": {"llm_label": "TASK_2", "label_logprob": -0.000267, "p_task_1": 0.0002669643586721282, "uncertainty": 0.00246361702046855}, "Radiologists_17234_17235": {"llm_label": "TASK_2", "label_logprob": -0.100478, "p_task_1": 0.09559499089589374, "uncertainty": 0.315294939265911}, "Radiologists_17234_17236": {"llm_label": "TASK_1", "label_logprob": -0.116643, "p_task_1": 0.8899028317724889, "uncertainty": 0.34671844231671567}, "Radiologists_17234_17239": {"llm_label": "TASK_2", "label_logprob": -0.796224, "p_task_1": 0.5489711623728426, "uncertainty": 0.6883431331727645}, "Radiologists_17234_17241": {"llm_label": "TASK_1", "label_logprob": -0.009322, "p_task_1": 0.9907213151429201, "uncertainty": 0.05266007825504751}, "Radiologists_17234_17242": {"llm_label": "TASK_2", "label_logprob": -0.007265, "p_task_1": 0.007238673679651253, "uncertainty": 0.04288689163558217}, "Radiologists_17234_17243": {"llm_label": "TASK_1", "label_logprob": -0.030077, "p_task_1": 0.9703708121192369, "uncertainty": 0.1334508165951408}, "Radiologists_17234_17245": {"llm_label": "TASK_1", "label_logprob": -0.068371, "p_task_1": 0.9339139272298388, "uncertainty": 0.2433950901295569}, "Radiologists_17234_17246": {"llm_label": "TASK_1", "label_logprob": -0.033863, "p_task_1": 0.9667039340048466, "uncertainty": 0.1460192342971666}, "Radiologists_17234_17248": {"llm_label": "TASK_1", "label_logprob": -0.049014, "p_task_1": 0.9521677992560024, "uncertainty": 0.1920821314491199}, "Radiologists_17234_17249": {"llm_label": "TASK_2", "label_logprob": -0.107172, "p_task_1": 0.10162886013521899, "uncertainty": 0.3286472755518535}, "Radiologists_17234_17250": {"llm_label": "TASK_1", "label_logprob": -0.16595, "p_task_1": 0.8470885875599345, "uncertainty": 0.4277261617615865}, "Radiologists_17234_17251": {"llm_label": "TASK_1", "label_logprob": -0.011307, "p_task_1": 0.9887566838739865, "uncertainty": 0.061639666023627755}, "Radiologists_17234_17252": {"llm_label": "TASK_1", "label_logprob": -0.005359, "p_task_1": 0.9946553338240816, "uncertainty": 0.03329181382657648}, "Radiologists_17234_17253": {"llm_label": "TASK_2", "label_logprob": -0.000527, "p_task_1": 0.0005268611598906459, "uncertainty": 0.004503772532766237}, "Radiologists_17234_17254": {"llm_label": "TASK_2", "label_logprob": -0.032842, "p_task_1": 0.0323085572411006, "uncertainty": 0.1426775623025473}, "Radiologists_17235_17236": {"llm_label": "TASK_1", "label_logprob": -0.074693, "p_task_1": 0.928028347302778, "uncertainty": 0.25870939830329215}, "Radiologists_17235_17239": {"llm_label": "TASK_1", "label_logprob": -0.000659, "p_task_1": 0.9993412170928093, "uncertainty": 0.005484227408980089}, "Radiologists_17235_17241": {"llm_label": "TASK_1", "label_logprob": -0.038195, "p_task_1": 0.9625252301701158, "uncertainty": 0.15983406971977887}, "Radiologists_17235_17242": {"llm_label": "TASK_1", "label_logprob": -0.403723, "p_task_1": 0.6678290843067185, "uncertainty": 0.6357053997801054}, "Radiologists_17235_17243": {"llm_label": "TASK_1", "label_logprob": -0.000432, "p_task_1": 0.9995680932985646, "uncertainty": 0.0037779246198059507}, "Radiologists_17235_17245": {"llm_label": "TASK_1", "label_logprob": -3.9e-05, "p_task_1": 0.9999610007604901, "uncertainty": 0.0004349175266172239}, "Radiologists_17235_17246": {"llm_label": "TASK_1", "label_logprob": -0.001255, "p_task_1": 0.9987457871831606, "uncertainty": 0.009633131759342812}, "Radiologists_17235_17248": {"llm_label": "TASK_1", "label_logprob": -0.000253, "p_task_1": 0.9997470320018012, "uncertainty": 0.00234807958659889}, "Radiologists_17235_17249": {"llm_label": "TASK_2", "label_logprob": -0.213031, "p_task_1": 0.19186891523545035, "uncertainty": 0.4889215913287698}, "Radiologists_17235_17250": {"llm_label": "TASK_1", "label_logprob": -0.229356, "p_task_1": 0.7950454469395646, "uncertainty": 0.5071946500739399}, "Radiologists_17235_17251": {"llm_label": "TASK_1", "label_logprob": -0.001447, "p_task_1": 0.9985540463997257, "uncertainty": 0.010899978406927743}, "Radiologists_17235_17252": {"llm_label": "TASK_1", "label_logprob": -0.00096, "p_task_1": 0.9990404606525793, "uncertainty": 0.007626972686785421}, "Radiologists_17235_17253": {"llm_label": "TASK_2", "label_logprob": -2.4e-05, "p_task_1": 2.3999712002287232e-05, "uncertainty": 0.0002792956099024647}, "Radiologists_17235_17254": {"llm_label": "TASK_2", "label_logprob": -0.004008, "p_task_1": 0.003999978688051131, "uncertainty": 0.026077715395666633}, "Radiologists_17236_17239": {"llm_label": "TASK_2", "label_logprob": -0.063782, "p_task_1": 0.061790493088878296, "uncertainty": 0.23186596743416413}, "Radiologists_17236_17241": {"llm_label": "TASK_2", "label_logprob": -0.079037, "p_task_1": 0.07599426439962009, "uncertainty": 0.26887526328146394}, "Radiologists_17236_17242": {"llm_label": "TASK_2", "label_logprob": -1.6e-05, "p_task_1": 1.5999872000738158e-05, "uncertainty": 0.00019268520788660168}, "Radiologists_17236_17243": {"llm_label": "TASK_2", "label_logprob": -0.008817, "p_task_1": 0.008778244242312994, "uncertainty": 0.050308792290683135}, "Radiologists_17236_17245": {"llm_label": "TASK_2", "label_logprob": -0.023788, "p_task_1": 0.023507295730979094, "uncertainty": 0.11139161524324934}, "Radiologists_17236_17246": {"llm_label": "TASK_2", "label_logprob": -0.058643, "p_task_1": 0.05695662444564431, "uncertainty": 0.21851012222981747}, "Radiologists_17236_17248": {"llm_label": "TASK_2", "label_logprob": -0.002132, "p_task_1": 0.002129728902280137, "uncertainty": 0.015229041732111988}, "Radiologists_17236_17249": {"llm_label": "TASK_2", "label_logprob": -0.007742, "p_task_1": 0.007712107909265575, "uncertainty": 0.04520141811626797}, "Radiologists_17236_17250": {"llm_label": "TASK_2", "label_logprob": -0.004415,