{"Hospitalists_17096_17097": {"llm_label": "TASK_2", "label_logprob": -0.012547, "p_task_1": 0.01246861457197923, "uncertainty": 0.06705970343805978}, "Hospitalists_17096_17098": {"llm_label": "TASK_2", "label_logprob": -0.002672, "p_task_1": 0.0026684333853719266, "uncertainty": 0.018478709922504572}, "Hospitalists_17096_17099": {"llm_label": "TASK_2", "label_logprob": -1.3e-05, "p_task_1": 1.2999915500411241e-05, "uncertainty": 0.00015925626043919854}, "Hospitalists_17096_17100": {"llm_label": "TASK_2", "label_logprob": -0.000166, "p_task_1": 0.00016598622276231545, "uncertainty": 0.0016106510922059244}, "Hospitalists_17096_17101": {"llm_label": "TASK_2", "label_logprob": -0.000459, "p_task_1": 0.0004588946756152179, "uncertainty": 0.003986170407624113}, "Hospitalists_17096_17102": {"llm_label": "TASK_2", "label_logprob": -0.26649, "p_task_1": 0.2339363356754658, "uncertainty": 0.5439890876171855}, "Hospitalists_17096_17103": {"llm_label": "TASK_2", "label_logprob": -0.0021, "p_task_1": 0.0020977965426900447, "uncertainty": 0.015032428473491788}, "Hospitalists_17096_17104": {"llm_label": "TASK_2", "label_logprob": -0.001766, "p_task_1": 0.001764441539548689, "uncertainty": 0.012949304048766198}, "Hospitalists_17096_17105": {"llm_label": "TASK_2", "label_logprob": -1e-06, "p_task_1": 9.999994999843054e-07, "uncertainty": 1.4815503149992376e-05}, "Hospitalists_17096_17106": {"llm_label": "TASK_2", "label_logprob": 0.0, "p_task_1": 0.0, "uncertainty": 0.0}, "Hospitalists_17096_17107": {"llm_label": "TASK_2", "label_logprob": -1.7e-05, "p_task_1": 1.6999855500854366e-05, "uncertainty": 0.000203697321204896}, "Hospitalists_17096_17108": {"llm_label": "TASK_2", "label_logprob": -0.006151, "p_task_1": 0.0061321213269054375, "uncertainty": 0.03735162289910565}, "Hospitalists_17096_23920": {"llm_label": "TASK_2", "label_logprob": -2.5e-05, "p_task_1": 2.4999687502580414e-05, "uncertainty": 0.0002899122444096467}, "Hospitalists_17097_17098": {"llm_label": "TASK_2", "label_logprob": -0.313897, "p_task_1": 0.2694057245055035, "uncertainty": 0.5826668639922301}, "Hospitalists_17097_17099": {"llm_label": "TASK_2", "label_logprob": -0.03029, "p_task_1": 0.02983585485293061, "uncertainty": 0.13417111967966197}, "Hospitalists_17097_17100": {"llm_label": "TASK_2", "label_logprob": -0.101566, "p_task_1": 0.09657844844787722, "uncertainty": 0.3174993462187973}, "Hospitalists_17097_17101": {"llm_label": "TASK_2", "label_logprob": -0.04204, "p_task_1": 0.0411685734516527, "uncertainty": 0.17164031983822692}, "Hospitalists_17097_17102": {"llm_label": "TASK_1", "label_logprob": -0.04862, "p_task_1": 0.9525430272839767, "uncertainty": 0.19095825901959904}, "Hospitalists_17097_17103": {"llm_label": "TASK_1", "label_logprob": -0.008652, "p_task_1": 0.9913853208411354, "uncertainty": 0.04953412854553351}, "Hospitalists_17097_17104": {"llm_label": "TASK_2", "label_logprob": -0.007245, "p_task_1": 0.007218818254571269, "uncertainty": 0.04278915459581604}, "Hospitalists_17097_17105": {"llm_label": "TASK_2", "label_logprob": -0.00036, "p_task_1": 0.0003599352077753304, "uncertainty": 0.00321400779537487}, "Hospitalists_17097_17106": {"llm_label": "TASK_2", "label_logprob": -2.1e-05, "p_task_1": 2.0999779501540417e-05, "uncertainty": 0.0002471881550406985}, "Hospitalists_17097_17107": {"llm_label": "TASK_2", "label_logprob": -0.002094, "p_task_1": 0.0020918091115069704, "uncertainty": 0.014995508780202213}, "Hospitalists_17097_17108": {"llm_label": "TASK_1", "label_logprob": -0.063069, "p_task_1": 0.9388786888245523, "uncertainty": 0.2300417675790286}, "Hospitalists_17097_23920": {"llm_label": "TASK_2", "label_logprob": -0.000121, "p_task_1": 0.00012099267979526207, "uncertainty": 0.001212312775168364}, "Hospitalists_17098_17099": {"llm_label": "TASK_2", "label_logprob": -0.104946, "p_task_1": 0.09962685857681797, "uncertainty": 0.32426232350365597}, "Hospitalists_17098_17100": {"llm_label": "TASK_2", "label_logprob": -0.31329, "p_task_1": 0.2689621191596764, "uncertainty": 0.582223805588465}, "Hospitalists_17098_17101": {"llm_label": "CANNOT_DECIDE", "label_logprob": -0.332957, "p_task_1": 0.5, "uncertainty": 0.6931471805599453}, "Hospitalists_17098_17102": {"llm_label": "TASK_1", "label_logprob": -0.01221, "p_task_1": 0.9878642395876858, "uncertainty": 0.06559992818292859}, "Hospitalists_17098_17103": {"llm_label": "TASK_1", "label_logprob": -0.257581, "p_task_1": 0.7729190173374496, "uncertainty": 0.5357251321773955}, "Hospitalists_17098_17104": {"llm_label": "TASK_2", "label_logprob": -0.001141, "p_task_1": 0.0011403493070037962, "uncertainty": 0.00886718545803293}, "Hospitalists_17098_17105": {"llm_label": "TASK_2", "label_logprob": -3.2e-05, "p_task_1": 3.199948800547414e-05, "uncertainty": 0.0003631869779441248}, "Hospitalists_17098_17106": {"llm_label": "TASK_2", "label_logprob": -9.7e-05, "p_task_1": 9.699529565210252e-05, "uncertainty": 0.0009933093829617684}, "Hospitalists_17098_17107": {"llm_label": "TASK_2", "label_logprob": -0.001763, "p_task_1": 0.0017614468283813078, "uncertainty": 0.012930320557738108}, "Hospitalists_17098_17108": {"llm_label": "TASK_1", "label_logprob": -0.404843, "p_task_1": 0.667081534438365, "uncertainty": 0.6362262165287962}, "Hospitalists_17098_23920": {"llm_label": "TASK_2", "label_logprob": -6.5e-05, "p_task_1": 6.499788754577018e-05, "uncertainty": 0.0006916505348500037}, "Hospitalists_17099_17100": {"llm_label": "TASK_2", "label_logprob": -0.032062, "p_task_1": 0.03155346346746013, "uncertainty": 0.14010137188890756}, "Hospitalists_17099_17101": {"llm_label": "TASK_2", "label_logprob": -0.185674, "p_task_1": 0.1694556917022303, "uncertainty": 0.45502209219438516}, "Hospitalists_17099_17102": {"llm_label": "TASK_1", "label_logprob": -0.000145, "p_task_1": 0.9998550105119919, "uncertainty": 0.0014265192132388088}, "Hospitalists_17099_17103": {"llm_label": "TASK_1", "label_logprob": -0.597369, "p_task_1": 0.550257460656783, "uncertainty": 0.6880870149887977}, "Hospitalists_17099_17104": {"llm_label": "TASK_2", "label_logprob": -0.004282, "p_task_1": 0.0042728453094562635, "uncertainty": 0.0275741058289588}, "Hospitalists_17099_17105": {"llm_label": "TASK_2", "label_logprob": -4e-06, "p_task_1": 3.9999919999589295e-06, "uncertainty": 5.371675735315082e-05}, "Hospitalists_17099_17106": {"llm_label": "TASK_2", "label_logprob": -3.2e-05, "p_task_1": 3.199948800547414e-05, "uncertainty": 0.0003631869779441248}, "Hospitalists_17099_17107": {"llm_label": "TASK_2", "label_logprob": -0.000261, "p_task_1": 0.00026096594246305393, "uncertainty": 0.0024141933641193447}, "Hospitalists_17099_17108": {"llm_label": "TASK_1", "label_logprob": -0.002482, "p_task_1": 0.9975210776152598, "uncertainty": 0.0173492114091649}, "Hospitalists_17099_23920": {"llm_label": "TASK_2", "label_logprob": -2.7e-05, "p_task_1": 2.6999635503233144e-05, "uncertainty": 0.00031102699079997}, "Hospitalists_17100_17101": {"llm_label": "CANNOT_DECIDE", "label_logprob": -0.114099, "p_task_1": 0.5, "uncertainty": 0.6931471805599453}, "Hospitalists_17100_17102": {"llm_label": "TASK_1", "label_logprob": -0.001045, "p_task_1": 0.9989555458223554, "uncertainty": 0.008213314464587744}, "Hospitalists_17100_17103": {"llm_label": "TASK_1", "label_logprob": -0.002212, "p_task_1": 0.9977904446691317, "uncertainty": 0.01571846374898286}, "Hospitalists_17100_17104": {"llm_label": "TASK_1", "label_logprob": -0.160517, "p_task_1": 0.8517033444920229, "uncertainty": 0.41974305100382203}, "Hospitalists_17100_17105": {"llm_label": "TASK_2", "label_logprob": -0.492708, "p_task_1": 0.38903035384176043, "uncertainty": 0.6683123756167542}, "Hospitalists_17100_17106": {"llm_label": "TASK_2", "label_logprob": -0.011915, "p_task_1": 0.011844297472966003, "uncertainty": 0.06431409803070255}, "Hospitalists_17100_17107": {"llm_label": "TASK_1", "label_logprob": -0.010105, "p_task_1": 0.9899458839740831, "uncertainty": 0.056250056336868554}, "Hospitalists_17100_17108": {"llm_label": "TASK_1",