{"Optometrists_337_338": {"llm_label": "TASK_1", "label_logprob": -3.8e-05, "p_task_1": 0.9999620007219908, "uncertainty": 0.0004247530567765096}, "Optometrists_337_339": {"llm_label": "TASK_1", "label_logprob": -0.060499, "p_task_1": 0.9412947103126453, "uncertainty": 0.2233901195974353}, "Optometrists_337_340": {"llm_label": "TASK_1", "label_logprob": 0.0, "p_task_1": 1.0, "uncertainty": 0.0}, "Optometrists_337_341": {"llm_label": "TASK_1", "label_logprob": -6e-06, "p_task_1": 0.999994000018, "uncertainty": 7.814227210513045e-05}, "Optometrists_337_342": {"llm_label": "TASK_1", "label_logprob": -1e-06, "p_task_1": 0.9999990000005, "uncertainty": 1.4815503149992376e-05}, "Optometrists_337_343": {"llm_label": "TASK_1", "label_logprob": -1e-06, "p_task_1": 0.9999990000005, "uncertainty": 1.4815503149992376e-05}, "Optometrists_337_344": {"llm_label": "TASK_2", "label_logprob": -0.008398, "p_task_1": 0.008362835304555505, "uncertainty": 0.04833521974423467}, "Optometrists_337_345": {"llm_label": "TASK_1", "label_logprob": -2.6e-05, "p_task_1": 0.9999740003379971, "uncertainty": 0.0003004888581468068}, "Optometrists_337_346": {"llm_label": "TASK_2", "label_logprob": -0.00017, "p_task_1": 0.0001699855508188186, "uncertainty": 0.0016454111968458342}, "Optometrists_338_339": {"llm_label": "TASK_2", "label_logprob": -0.043152, "p_task_1": 0.04223420139902778, "uncertainty": 0.1749806928189648}, "Optometrists_338_340": {"llm_label": "TASK_1", "label_logprob": -1e-06, "p_task_1": 0.9999990000005, "uncertainty": 1.4815503149992376e-05}, "Optometrists_338_341": {"llm_label": "TASK_1", "label_logprob": -0.04494, "p_task_1": 0.9560548434028397, "uncertainty": 0.1802854952854633}, "Optometrists_338_342": {"llm_label": "TASK_1", "label_logprob": -0.000769, "p_task_1": 0.9992312956047218, "uncertainty": 0.006280637467856216}, "Optometrists_338_343": {"llm_label": "TASK_1", "label_logprob": -1.4e-05, "p_task_1": 0.9999860000979995, "uncertainty": 0.0001704691519101948}, "Optometrists_338_344": {"llm_label": "TASK_2", "label_logprob": -0.001268, "p_task_1": 0.0012671964276791403, "uncertainty": 0.009719795120852543}, "Optometrists_338_345": {"llm_label": "TASK_1", "label_logprob": -0.018356, "p_task_1": 0.9818114452609766, "uncertainty": 0.09090299208128194}, "Optometrists_338_346": {"llm_label": "TASK_2", "label_logprob": -3e-06, "p_task_1": 2.9999955000192813e-06, "uncertainty": 4.1150633082097105e-05}, "Optometrists_339_340": {"llm_label": "TASK_1", "label_logprob": -4.5e-05, "p_task_1": 0.9999550010124848, "uncertainty": 0.0004953870167811679}, "Optometrists_339_341": {"llm_label": "TASK_1", "label_logprob": -0.001067, "p_task_1": 0.9989335690420927, "uncertainty": 0.008363916003117458}, "Optometrists_339_342": {"llm_label": "TASK_1", "label_logprob": -0.002037, "p_task_1": 0.9979650732765063, "uncertainty": 0.014643897017207638}, "Optometrists_339_343": {"llm_label": "TASK_1", "label_logprob": -0.000411, "p_task_1": 0.9995890844489301, "uncertainty": 0.003614790140799459}, "Optometrists_339_344": {"llm_label": "TASK_2", "label_logprob": -0.000645, "p_task_1": 0.0006447920322154577, "uncertainty": 0.0053816021134792}, "Optometrists_339_345": {"llm_label": "TASK_1", "label_logprob": -0.256428, "p_task_1": 0.7738107069247018, "uncertainty": 0.5346306633428862}, "Optometrists_339_346": {"llm_label": "TASK_2", "label_logprob": -1e-06, "p_task_1": 9.999994999843054e-07, "uncertainty": 1.4815503149992376e-05}, "Optometrists_340_341": {"llm_label": "TASK_2", "label_logprob": -0.000412, "p_task_1": 0.0004119151396545506, "uncertainty": 0.003622582429640045}, "Optometrists_340_342": {"llm_label": "TASK_2", "label_logprob": -0.407952, "p_task_1": 0.3349892014253467, "uncertainty": 0.6376557644098786}, "Optometrists_340_343": {"llm_label": "EQUAL_TIME", "label_logprob": -0.667821, "p_task_1": 0.5, "uncertainty": 0.6931471805599453}, "Optometrists_340_344": {"llm_label": "TASK_2", "label_logprob": -1e-06, "p_task_1": 9.999994999843054e-07, "uncertainty": 1.4815503149992376e-05}, "Optometrists_340_345": {"llm_label": "EQUAL_TIME", "label_logprob": -0.04051, "p_task_1": 0.5, "uncertainty": 0.6931471805599453}, "Optometrists_340_346": {"llm_label": "TASK_2", "label_logprob": -1e-06, "p_task_1": 9.999994999843054e-07, "uncertainty": 1.4815503149992376e-05}, "Optometrists_341_342": {"llm_label": "TASK_1", "label_logprob": -0.018607, "p_task_1": 0.98156504151318, "uncertainty": 0.09188410725641062}, "Optometrists_341_343": {"llm_label": "TASK_1", "label_logprob": -0.000204, "p_task_1": 0.9997960208065851, "uncertainty": 0.0019372700671688274}, "Optometrists_341_344": {"llm_label": "TASK_2", "label_logprob": -5.9e-05, "p_task_1": 5.8998259534259745e-05, "uncertainty": 0.0006335217246636567}, "Optometrists_341_345": {"llm_label": "TASK_2", "label_logprob": -0.05729, "p_task_1": 0.05567982319725162, "uncertainty": 0.2149110848628103}, "Optometrists_341_346": {"llm_label": "TASK_2", "label_logprob": 0.0, "p_task_1": 0.0, "uncertainty": 0.0}, "Optometrists_342_343": {"llm_label": "TASK_1", "label_logprob": -0.012631, "p_task_1": 0.987448436275558, "uncertainty": 0.06742207781469636}, "Optometrists_342_344": {"llm_label": "TASK_2", "label_logprob": -0.001178, "p_task_1": 0.0011773064303683967, "uncertainty": 0.009116987122646162}, "Optometrists_342_345": {"llm_label": "TASK_2", "label_logprob": -0.20204, "p_task_1": 0.1829377552012138, "uncertainty": 0.47581903181460894}, "Optometrists_342_346": {"llm_label": "TASK_2", "label_logprob": -1e-06, "p_task_1": 9.999994999843054e-07, "uncertainty": 1.4815503149992376e-05}, "Optometrists_343_344": {"llm_label": "TASK_2", "label_logprob": -2e-06, "p_task_1": 1.9999979999907325e-06, "uncertainty": 2.8244698509961958e-05}, "Optometrists_343_345": {"llm_label": "TASK_2", "label_logprob": -0.000363, "p_task_1": 0.0003629341234713257, "uncertainty": 0.0032377744140867433}, "Optometrists_343_346": {"llm_label": "TASK_2", "label_logprob": -1e-06, "p_task_1": 9.999994999843054e-07, "uncertainty": 1.4815503149992376e-05}, "Optometrists_344_345": {"llm_label": "TASK_1", "label_logprob": -0.002898, "p_task_1": 0.9971061951485081, "uncertainty": 0.019804432923206522}, "Optometrists_344_346": {"llm_label": "TASK_2", "label_logprob": -8.5e-05, "p_task_1": 8.499638760239847e-05, "uncertainty": 0.0008816555697587658}, "Optometrists_345_346": {"llm_label": "TASK_2", "label_logprob": -4e-06, "p_task_1": 3.9999919999589295e-06, "uncertainty": 5.371675735315082e-05}}