{"Chiropractors_6913_6914": {"llm_label": "TASK_2", "label_logprob": -0.00046, "p_task_1": 0.00045989421622083526, "uncertainty": 0.003993852019167917}, "Chiropractors_6913_6915": {"llm_label": "TASK_2", "label_logprob": -2e-06, "p_task_1": 1.9999979999907325e-06, "uncertainty": 2.8244698509961958e-05}, "Chiropractors_6913_6916": {"llm_label": "TASK_1", "label_logprob": -0.009422, "p_task_1": 0.9906222479648472, "uncertainty": 0.05312226071309935}, "Chiropractors_6913_6917": {"llm_label": "EQUAL_TIME", "label_logprob": -0.239456, "p_task_1": 0.5, "uncertainty": 0.6931471805599453}, "Chiropractors_6913_6918": {"llm_label": "TASK_1", "label_logprob": -0.939529, "p_task_1": 0.3908118644044132, "uncertainty": 0.6691098587692663}, "Chiropractors_6913_6919": {"llm_label": "TASK_1", "label_logprob": -0.000183, "p_task_1": 0.9998170167434787, "uncertainty": 0.0017577416281281165}, "Chiropractors_6913_6920": {"llm_label": "TASK_1", "label_logprob": -0.772667, "p_task_1": 0.46177985767539903, "uncertainty": 0.6902227701624308}, "Chiropractors_6913_6922": {"llm_label": "TASK_1", "label_logprob": -0.003286, "p_task_1": 0.9967193929892619, "uncertainty": 0.022039395795980174}, "Chiropractors_6913_6923": {"llm_label": "TASK_1", "label_logprob": -6e-06, "p_task_1": 0.999994000018, "uncertainty": 7.814227210513045e-05}, "Chiropractors_6913_20403": {"llm_label": "TASK_1", "label_logprob": -0.006795, "p_task_1": 0.9932280338113885, "uncertainty": 0.04057471050778413}, "Chiropractors_6914_6915": {"llm_label": "TASK_2", "label_logprob": -0.00435, "p_task_1": 0.004340552453906299, "uncertainty": 0.02794265463120393}, "Chiropractors_6914_6916": {"llm_label": "TASK_1", "label_logprob": -0.00013, "p_task_1": 0.9998700084496338, "uncertainty": 0.0012931528373123986}, "Chiropractors_6914_6917": {"llm_label": "TASK_1", "label_logprob": -0.000919, "p_task_1": 0.9990814221511711, "uncertainty": 0.00734148036174368}, "Chiropractors_6914_6918": {"llm_label": "TASK_1", "label_logprob": -0.024392, "p_task_1": 0.9759030807598675, "uncertainty": 0.11358142787163458}, "Chiropractors_6914_6919": {"llm_label": "TASK_1", "label_logprob": -2.6e-05, "p_task_1": 0.9999740003379971, "uncertainty": 0.0003004888581468068}, "Chiropractors_6914_6920": {"llm_label": "TASK_1", "label_logprob": -0.331389, "p_task_1": 0.7179258415625304, "uncertainty": 0.5949016265157071}, "Chiropractors_6914_6922": {"llm_label": "TASK_1", "label_logprob": -1.3e-05, "p_task_1": 0.9999870000844996, "uncertainty": 0.00015925626043919854}, "Chiropractors_6914_6923": {"llm_label": "TASK_1", "label_logprob": 0.0, "p_task_1": 1.0, "uncertainty": 0.0}, "Chiropractors_6914_20403": {"llm_label": "TASK_1", "label_logprob": -7.7e-05, "p_task_1": 0.9999230029644239, "uncertainty": 0.0008062902529262152}, "Chiropractors_6915_6916": {"llm_label": "TASK_1", "label_logprob": 0.0, "p_task_1": 1.0, "uncertainty": 0.0}, "Chiropractors_6915_6917": {"llm_label": "TASK_1", "label_logprob": -3e-06, "p_task_1": 0.9999970000045, "uncertainty": 4.1150633082097105e-05}, "Chiropractors_6915_6918": {"llm_label": "TASK_1", "label_logprob": 0.0, "p_task_1": 1.0, "uncertainty": 0.0}, "Chiropractors_6915_6919": {"llm_label": "TASK_1", "label_logprob": 0.0, "p_task_1": 1.0, "uncertainty": 0.0}, "Chiropractors_6915_6920": {"llm_label": "TASK_1", "label_logprob": -9e-06, "p_task_1": 0.9999910000404999, "uncertainty": 0.0001135640627863842}, "Chiropractors_6915_6922": {"llm_label": "TASK_1", "label_logprob": 0.0, "p_task_1": 1.0, "uncertainty": 0.0}, "Chiropractors_6915_6923": {"llm_label": "TASK_1", "label_logprob": 0.0, "p_task_1": 1.0, "uncertainty": 0.0}, "Chiropractors_6915_20403": {"llm_label": "TASK_1", "label_logprob": -2e-06, "p_task_1": 0.999998000002, "uncertainty": 2.8244698509961958e-05}, "Chiropractors_6916_6917": {"llm_label": "TASK_1", "label_logprob": -0.117977, "p_task_1": 0.8887164928588894, "uncertainty": 0.34919043291798835}, "Chiropractors_6916_6918": {"llm_label": "TASK_2", "label_logprob": -0.876989, "p_task_1": 0.5839662948467608, "uncertainty": 0.6789794677216312}, "Chiropractors_6916_6919": {"llm_label": "TASK_2", "label_logprob": -0.160549, "p_task_1": 0.14832390957893338, "uncertainty": 0.41979068882227094}, "Chiropractors_6916_6920": {"llm_label": "TASK_2", "label_logprob": -0.002789, "p_task_1": 0.0027851143526962385, "uncertainty": 0.019167358880565713}, "Chiropractors_6916_6922": {"llm_label": "TASK_1", "label_logprob": -0.039602, "p_task_1": 0.9611719094556475, "uncertainty": 0.16420170409295884}, "Chiropractors_6916_6923": {"llm_label": "TASK_1", "label_logprob": -0.004094, "p_task_1": 0.9959143689932186, "uncertainty": 0.02654938423650243}, "Chiropractors_6916_20403": {"llm_label": "TASK_1", "label_logprob": -0.04058, "p_task_1": 0.9602323428511594, "uncertainty": 0.16720504543177367}, "Chiropractors_6917_6918": {"llm_label": "TASK_2", "label_logprob": -0.705791, "p_task_1": 0.5062821110896703, "uncertainty": 0.6930682486436884}, "Chiropractors_6917_6919": {"llm_label": "TASK_2", "label_logprob": -0.701833, "p_task_1": 0.5043241033441748, "uncertainty": 0.693109784354322}, "Chiropractors_6917_6920": {"llm_label": "EQUAL_TIME", "label_logprob": -0.029035, "p_task_1": 0.5, "uncertainty": 0.6931471805599453}, "Chiropractors_6917_6922": {"llm_label": "EQUAL_TIME", "label_logprob": -0.064185, "p_task_1": 0.5, "uncertainty": 0.6931471805599453}, "Chiropractors_6917_6923": {"llm_label": "TASK_1", "label_logprob": -0.407177, "p_task_1": 0.6655263817062061, "uncertainty": 0.6373016297018761}, "Chiropractors_6917_20403": {"llm_label": "TASK_1", "label_logprob": -0.213954, "p_task_1": 0.8073855239025802, "uncertainty": 0.48999185144998625}, "Chiropractors_6918_6919": {"llm_label": "TASK_1", "label_logprob": -0.101084, "p_task_1": 0.9038571057000881, "uncertainty": 0.3165244309941365}, "Chiropractors_6918_6920": {"llm_label": "TASK_2", "label_logprob": -0.017311, "p_task_1": 0.017162025510620182, "uncertainty": 0.08677850561297934}, "Chiropractors_6918_6922": {"llm_label": "TASK_1", "label_logprob": -0.002706, "p_task_1": 0.9972976579178142, "uncertainty": 0.018679356084051163}, "Chiropractors_6918_6923": {"llm_label": "TASK_1", "label_logprob": -8.2e-05, "p_task_1": 0.9999180033619081, "uncertainty": 0.0008534858941009366}, "Chiropractors_6918_20403": {"llm_label": "TASK_1", "label_logprob": -0.002579, "p_task_1": 0.9974243227634173, "uncertainty": 0.017927624916477865}, "Chiropractors_6919_6920": {"llm_label": "TASK_2", "label_logprob": -0.007916, "p_task_1": 0.007884750982106503, "uncertainty": 0.04603805064986277}, "Chiropractors_6919_6922": {"llm_label": "TASK_2", "label_logprob": -0.437217, "p_task_1": 0.35416872918201736, "uncertainty": 0.6499891210873345}, "Chiropractors_6919_6923": {"llm_label": "TASK_1", "label_logprob": -0.000262, "p_task_1": 0.9997380343190028, "uncertainty": 0.0024224401534331287}, "Chiropractors_6919_20403": {"llm_label": "TASK_1", "label_logprob": -0.031172, "p_task_1": 0.9693088376171174, "uncertainty": 0.13713656922584877}, "Chiropractors_6920_6922": {"llm_label": "TASK_1", "label_logprob": -0.013106, "p_task_1": 0.9869795096472181, "uncertainty": 0.06946030956604282}, "Chiropractors_6920_6923": {"llm_label": "TASK_1", "label_logprob": -0.000104, "p_task_1": 0.9998960054078125, "uncertainty": 0.0010577414410560416}, "Chiropractors_6920_20403": {"llm_label": "TASK_1", "label_logprob": -0.020655, "p_task_1": 0.979556853394707, "uncertainty": 0.09975878641579454}, "Chiropractors_6922_6923": {"llm_label": "TASK_2", "label_logprob": -0.581033, "p_task_1": 0.4406797098194024, "uncertainty": 0.6860927830625598}, "Chiropractors_6922_20403": {"llm_label": "EQUAL_TIME", "label_logprob": -0.409889, "p_task_1": 0.5, "uncertainty": 0.6931471805599453}, "Chiropractors_6923_20403": {"llm_label": "TASK_2", "label_logprob": -0.024446, "p_task_1": 0.024149616583652445, "uncertainty": 0.11377641645472553}}