{"Orthoptists_18425_18426": {"llm_label": "TASK_2", "label_logprob": -0.542663, "p_task_1": 0.4188015417553266, "uncertainty": 0.6799022209072403}, "Orthoptists_18425_18427": {"llm_label": "TASK_2", "label_logprob": -1.8e-05, "p_task_1": 1.7999838000992696e-05, "uncertainty": 0.0002146505665408007}, "Orthoptists_18425_18428": {"llm_label": "EQUAL_TIME", "label_logprob": -0.692112, "p_task_1": 0.5, "uncertainty": 0.6931471805599453}, "Orthoptists_18425_18429": {"llm_label": "TASK_2", "label_logprob": -5.6e-05, "p_task_1": 5.599843202930277e-05, "uncertainty": 0.000604231977919192}, "Orthoptists_18425_18430": {"llm_label": "TASK_2", "label_logprob": -3e-05, "p_task_1": 2.9999550004489173e-05, "uncertainty": 0.00034242425890051087}, "Orthoptists_18425_18431": {"llm_label": "TASK_1", "label_logprob": -0.000681, "p_task_1": 0.9993192318278721, "uncertainty": 0.005644894467921978}, "Orthoptists_18425_18432": {"llm_label": "TASK_1", "label_logprob": -0.002239, "p_task_1": 0.997763504690817, "uncertainty": 0.01588297722212647}, "Orthoptists_18425_18433": {"llm_label": "TASK_1", "label_logprob": -1e-06, "p_task_1": 0.9999990000005, "uncertainty": 1.4815503149992376e-05}, "Orthoptists_18425_18434": {"llm_label": "TASK_2", "label_logprob": -0.387668, "p_task_1": 0.32136238644513315, "uncertainty": 0.6278921243249952}, "Orthoptists_18425_18435": {"llm_label": "TASK_2", "label_logprob": -0.180066, "p_task_1": 0.16478491460350264, "uncertainty": 0.447519859577614}, "Orthoptists_18425_18436": {"llm_label": "TASK_1", "label_logprob": -0.599253, "p_task_1": 0.549221751545239, "uncertainty": 0.6882937619228919}, "Orthoptists_18425_18437": {"llm_label": "TASK_2", "label_logprob": -0.475624, "p_task_1": 0.37850287876183564, "uncertainty": 0.6633264543595898}, "Orthoptists_18425_18438": {"llm_label": "TASK_2", "label_logprob": -0.000205, "p_task_1": 0.00020497898893578892, "uncertainty": 0.0019457631714790353}, "Orthoptists_18425_18439": {"llm_label": "TASK_2", "label_logprob": -0.056193, "p_task_1": 0.05464333555376977, "uncertainty": 0.21196667024961738}, "Orthoptists_18425_18440": {"llm_label": "TASK_2", "label_logprob": -0.0399, "p_task_1": 0.03911447709965421, "uncertainty": 0.1651196249743696}, "Orthoptists_18426_18427": {"llm_label": "TASK_2", "label_logprob": -0.001288, "p_task_1": 0.0012871708840053175, "uncertainty": 0.009852861554950746}, "Orthoptists_18426_18428": {"llm_label": "TASK_2", "label_logprob": -0.041352, "p_task_1": 0.04050867044958484, "uncertainty": 0.16955737432088933}, "Orthoptists_18426_18429": {"llm_label": "TASK_2", "label_logprob": -0.014937, "p_task_1": 0.014825996389746687, "uncertainty": 0.07715334685767242}, "Orthoptists_18426_18430": {"llm_label": "TASK_2", "label_logprob": -0.005378, "p_task_1": 0.0053635644477268984, "uncertainty": 0.03339054825991963}, "Orthoptists_18426_18431": {"llm_label": "TASK_1", "label_logprob": -0.00017, "p_task_1": 0.9998300144491812, "uncertainty": 0.0016454111968458342}, "Orthoptists_18426_18432": {"llm_label": "TASK_1", "label_logprob": -0.000104, "p_task_1": 0.9998960054078125, "uncertainty": 0.0010577414410560416}, "Orthoptists_18426_18433": {"llm_label": "TASK_1", "label_logprob": -2.3e-05, "p_task_1": 0.999977000264498, "uncertainty": 0.00026863728652655293}, "Orthoptists_18426_18434": {"llm_label": "TASK_2", "label_logprob": -0.359735, "p_task_1": 0.3021387652032361, "uncertainty": 0.6126655967257835}, "Orthoptists_18426_18435": {"llm_label": "TASK_1", "label_logprob": -0.035987, "p_task_1": 0.9646528338884508, "uncertainty": 0.15286417410073977}, "Orthoptists_18426_18436": {"llm_label": "TASK_1", "label_logprob": -0.048691, "p_task_1": 0.9524753991298675, "uncertainty": 0.1911610463769541}, "Orthoptists_18426_18437": {"llm_label": "TASK_2", "label_logprob": -0.391441, "p_task_1": 0.32391806184764693, "uncertainty": 0.6297875837548201}, "Orthoptists_18426_18438": {"llm_label": "TASK_2", "label_logprob": -0.001263, "p_task_1": 0.001262202751177055, "uncertainty": 0.009686479029987496}, "Orthoptists_18426_18439": {"llm_label": "TASK_1", "label_logprob": -0.023897, "p_task_1": 0.9763862723648997, "uncertainty": 0.11178800400637669}, "Orthoptists_18426_18440": {"llm_label": "TASK_2", "label_logprob": -0.032856, "p_task_1": 0.032322104826465914, "uncertainty": 0.14272361548361986}, "Orthoptists_18427_18428": {"llm_label": "TASK_2", "label_logprob": -0.576014, "p_task_1": 0.4378654247423206, "uncertainty": 0.6854057724937157}, "Orthoptists_18427_18429": {"llm_label": "TASK_2", "label_logprob": -0.009237, "p_task_1": 0.00919446996621065, "uncertainty": 0.05226634771583324}, "Orthoptists_18427_18430": {"llm_label": "TASK_2", "label_logprob": -0.077346, "p_task_1": 0.07443044886732908, "uncertainty": 0.26495123335993614}, "Orthoptists_18427_18431": {"llm_label": "TASK_1", "label_logprob": -2e-06, "p_task_1": 0.999998000002, "uncertainty": 2.8244698509961958e-05}, "Orthoptists_18427_18432": {"llm_label": "TASK_1", "label_logprob": -5e-06, "p_task_1": 0.9999950000125, "uncertainty": 6.603019815215604e-05}, "Orthoptists_18427_18433": {"llm_label": "TASK_1", "label_logprob": -3e-06, "p_task_1": 0.9999970000045, "uncertainty": 4.1150633082097105e-05}, "Orthoptists_18427_18434": {"llm_label": "TASK_1", "label_logprob": -0.131679, "p_task_1": 0.8766223456931515, "uncertainty": 0.3736011453653588}, "Orthoptists_18427_18435": {"llm_label": "TASK_1", "label_logprob": -0.011075, "p_task_1": 0.988986102036123, "uncertainty": 0.060610252279645914}, "Orthoptists_18427_18436": {"llm_label": "TASK_1", "label_logprob": -0.001405, "p_task_1": 0.9985959865504115, "uncertainty": 0.010625177936754143}, "Orthoptists_18427_18437": {"llm_label": "TASK_2", "label_logprob": -0.554962, "p_task_1": 0.42590592364315305, "uncertainty": 0.6821267732529326}, "Orthoptists_18427_18438": {"llm_label": "TASK_2", "label_logprob": -0.007421, "p_task_1": 0.007393532367265476, "uncertainty": 0.043647302478158755}, "Orthoptists_18427_18439": {"llm_label": "TASK_1", "label_logprob": -0.000283, "p_task_1": 0.9997170400407227, "uncertainty": 0.002594760840838868}, "Orthoptists_18427_18440": {"llm_label": "TASK_2", "label_logprob": -0.758635, "p_task_1": 0.5316947724350292, "uncertainty": 0.6911367156759132}, "Orthoptists_18428_18429": {"llm_label": "TASK_2", "label_logprob": -0.011075, "p_task_1": 0.011013897963876973, "uncertainty": 0.060610252279645914}, "Orthoptists_18428_18430": {"llm_label": "TASK_2", "label_logprob": -0.00077, "p_task_1": 0.000769703626074203, "uncertainty": 0.006287801338037125}, "Orthoptists_18428_18431": {"llm_label": "TASK_1", "label_logprob": -3.5e-05, "p_task_1": 0.9999650006124928, "uncertainty": 0.00039409879060961955}, "Orthoptists_18428_18432": {"llm_label": "TASK_1", "label_logprob": -6.8e-05, "p_task_1": 0.9999320023119476, "uncertainty": 0.0007205036965996683}, "Orthoptists_18428_18433": {"llm_label": "TASK_1", "label_logprob": 0.0, "p_task_1": 1.0, "uncertainty": 0.0}, "Orthoptists_18428_18434": {"llm_label": "TASK_1", "label_logprob": -0.066702, "p_task_1": 0.9354739310354373, "uncertainty": 0.23924367385457418}, "Orthoptists_18428_18435": {"llm_label": "TASK_1", "label_logprob": -0.003385, "p_task_1": 0.9966207226536181, "uncertainty": 0.02260196485535166}, "Orthoptists_18428_18436": {"llm_label": "TASK_1", "label_logprob": -0.000263, "p_task_1": 0.9997370345814683, "uncertainty": 0.002430683118198707}, "Orthoptists_18428_18437": {"llm_label": "TASK_2", "label_logprob": -0.022658, "p_task_1": 0.022403235298491975, "uncertainty": 0.10725019464320312}, "Orthoptists_18428_18438": {"llm_label": "TASK_2", "label_logprob": -0.005101, "p_task_1": 0.005088011992825825, "uncertainty": 0.031944166255124834}, "Orthoptists_18428_18439": {"llm_label": "TASK_1", "label_logprob": -0.119028, "p_task_1": 0.8877829424915461, "uncertainty": 0.35112567257815325}, "Orthoptists_18428_18440": {"llm_label": "TASK_2", "label_logprob": -0.001764, "p_task_1": 0.001762445066435303, "uncertainty": 0.012936648960695045},