{"Orthodontists_7732_7733": {"llm_label": "TASK_2", "label_logprob": -0.002265, "p_task_1": 0.002262436823063818, "uncertainty": 0.01604108597434142}, "Orthodontists_7732_7734": {"llm_label": "TASK_1", "label_logprob": -0.00435, "p_task_1": 0.9956594475460937, "uncertainty": 0.02794265463120393}, "Orthodontists_7732_7735": {"llm_label": "TASK_1", "label_logprob": -0.000145, "p_task_1": 0.9998550105119919, "uncertainty": 0.0014265192132388088}, "Orthodontists_7732_7736": {"llm_label": "TASK_1", "label_logprob": -0.038666, "p_task_1": 0.9620719875337256, "uncertainty": 0.16130240989565556}, "Orthodontists_7732_7737": {"llm_label": "TASK_1", "label_logprob": -0.000986, "p_task_1": 0.9990144859382751, "uncertainty": 0.007807098752268481}, "Orthodontists_7732_7738": {"llm_label": "TASK_1", "label_logprob": -8e-06, "p_task_1": 0.999992000032, "uncertainty": 0.00010188814457675767}, "Orthodontists_7732_7739": {"llm_label": "TASK_1", "label_logprob": -0.00303, "p_task_1": 0.9969745858171554, "uncertainty": 0.02057037506116007}, "Orthodontists_7732_7740": {"llm_label": "TASK_1", "label_logprob": -0.000121, "p_task_1": 0.9998790073202047, "uncertainty": 0.001212312775168364}, "Orthodontists_7732_7741": {"llm_label": "TASK_2", "label_logprob": -0.000217, "p_task_1": 0.00021697645720297754, "uncertainty": 0.0020473059250592125}, "Orthodontists_7732_23973": {"llm_label": "TASK_1", "label_logprob": -1e-06, "p_task_1": 0.9999990000005, "uncertainty": 1.4815503149992376e-05}, "Orthodontists_7733_7734": {"llm_label": "TASK_1", "label_logprob": -5.7e-05, "p_task_1": 0.9999430016244691, "uncertainty": 0.0006140126800174265}, "Orthodontists_7733_7735": {"llm_label": "TASK_1", "label_logprob": -3.6e-05, "p_task_1": 0.9999640006479922, "uncertainty": 0.0004043444200614643}, "Orthodontists_7733_7736": {"llm_label": "TASK_1", "label_logprob": -7.7e-05, "p_task_1": 0.9999230029644239, "uncertainty": 0.0008062902529262152}, "Orthodontists_7733_7737": {"llm_label": "TASK_1", "label_logprob": -0.000133, "p_task_1": 0.999867008844108, "uncertainty": 0.001319958691054697}, "Orthodontists_7733_7738": {"llm_label": "TASK_1", "label_logprob": 0.0, "p_task_1": 1.0, "uncertainty": 0.0}, "Orthodontists_7733_7739": {"llm_label": "TASK_1", "label_logprob": -0.000476, "p_task_1": 0.9995241132700271, "uncertainty": 0.00411646433523452}, "Orthodontists_7733_7740": {"llm_label": "TASK_1", "label_logprob": -4e-06, "p_task_1": 0.999996000008, "uncertainty": 5.371675735315082e-05}, "Orthodontists_7733_7741": {"llm_label": "TASK_2", "label_logprob": -0.016606, "p_task_1": 0.01646888043367467, "uncertainty": 0.08395839680208325}, "Orthodontists_7733_23973": {"llm_label": "TASK_1", "label_logprob": 0.0, "p_task_1": 1.0, "uncertainty": 0.0}, "Orthodontists_7734_7735": {"llm_label": "EQUAL_TIME", "label_logprob": -0.002148, "p_task_1": 0.5, "uncertainty": 0.6931471805599453}, "Orthodontists_7734_7736": {"llm_label": "TASK_1", "label_logprob": -0.090868, "p_task_1": 0.9131382371916648, "uncertainty": 0.2952163215003273}, "Orthodontists_7734_7737": {"llm_label": "TASK_1", "label_logprob": -0.206968, "p_task_1": 0.8130456670326411, "uncertainty": 0.48177645541045966}, "Orthodontists_7734_7738": {"llm_label": "TASK_1", "label_logprob": -0.003434, "p_task_1": 0.9965718894346317, "uncertainty": 0.022879312783512275}, "Orthodontists_7734_7739": {"llm_label": "TASK_1", "label_logprob": -0.204664, "p_task_1": 0.8149210839000912, "uncertainty": 0.479008137742149}, "Orthodontists_7734_7740": {"llm_label": "TASK_1", "label_logprob": -0.000213, "p_task_1": 0.9997870226828894, "uncertainty": 0.0020135340689623367}, "Orthodontists_7734_7741": {"llm_label": "TASK_2", "label_logprob": -0.002089, "p_task_1": 0.0020868195580786564, "uncertainty": 0.014964729082937191}, "Orthodontists_7734_23973": {"llm_label": "TASK_1", "label_logprob": -5.1e-05, "p_task_1": 0.9999490013004779, "uncertainty": 0.0005550537772008165}, "Orthodontists_7735_7736": {"llm_label": "TASK_2", "label_logprob": -0.242047, "p_task_1": 0.21498071922143447, "uncertainty": 0.5204814138849869}, "Orthodontists_7735_7737": {"llm_label": "TASK_2", "label_logprob": -0.070513, "p_task_1": 0.06808437545606594, "uncertainty": 0.24865539578571805}, "Orthodontists_7735_7738": {"llm_label": "TASK_1", "label_logprob": -0.016186, "p_task_1": 0.9839442893961338, "uncertainty": 0.08226335232078454}, "Orthodontists_7735_7739": {"llm_label": "TASK_2", "label_logprob": -0.036522, "p_task_1": 0.035863117348417184, "uncertainty": 0.15456630728931325}, "Orthodontists_7735_7740": {"llm_label": "TASK_1", "label_logprob": -0.002087, "p_task_1": 0.997915176270278, "uncertainty": 0.014952413815149456}, "Orthodontists_7735_7741": {"llm_label": "TASK_2", "label_logprob": -0.000104, "p_task_1": 0.00010399459218746188, "uncertainty": 0.0010577414410560416}, "Orthodontists_7735_23973": {"llm_label": "TASK_1", "label_logprob": -0.000255, "p_task_1": 0.9997450325097366, "uncertainty": 0.002364631485629027}, "Orthodontists_7736_7737": {"llm_label": "TASK_1", "label_logprob": -0.023865, "p_task_1": 0.9764175172255305, "uncertainty": 0.11167168851589611}, "Orthodontists_7736_7738": {"llm_label": "TASK_1", "label_logprob": -0.000262, "p_task_1": 0.9997380343190028, "uncertainty": 0.0024224401534331287}, "Orthodontists_7736_7739": {"llm_label": "TASK_1", "label_logprob": -0.153197, "p_task_1": 0.8579606869066817, "uncertainty": 0.40864822858965966}, "Orthodontists_7736_7740": {"llm_label": "TASK_1", "label_logprob": -0.001107, "p_task_1": 0.9988936124984672, "uncertainty": 0.008636573330370267}, "Orthodontists_7736_7741": {"llm_label": "TASK_2", "label_logprob": -0.000126, "p_task_1": 0.0001259920623334354, "uncertainty": 0.0012573035983213026}, "Orthodontists_7736_23973": {"llm_label": "TASK_1", "label_logprob": -2.6e-05, "p_task_1": 0.9999740003379971, "uncertainty": 0.0003004888581468068}, "Orthodontists_7737_7738": {"llm_label": "TASK_1", "label_logprob": -0.269547, "p_task_1": 0.7637253835857877, "uncertainty": 0.5467475747818842}, "Orthodontists_7737_7739": {"llm_label": "TASK_2", "label_logprob": -0.597741, "p_task_1": 0.4499471970498877, "uncertainty": 0.6881282120761976}, "Orthodontists_7737_7740": {"llm_label": "TASK_1", "label_logprob": -0.013504, "p_task_1": 0.9865867699627601, "uncertainty": 0.07115419338367418}, "Orthodontists_7737_7741": {"llm_label": "TASK_2", "label_logprob": -3e-06, "p_task_1": 2.9999955000192813e-06, "uncertainty": 4.1150633082097105e-05}, "Orthodontists_7737_23973": {"llm_label": "TASK_1", "label_logprob": -2.6e-05, "p_task_1": 0.9999740003379971, "uncertainty": 0.0003004888581468068}, "Orthodontists_7738_7739": {"llm_label": "TASK_2", "label_logprob": -0.007153, "p_task_1": 0.00712747818427184, "uncertainty": 0.042338828100992876}, "Orthodontists_7738_7740": {"llm_label": "TASK_1", "label_logprob": -0.160529, "p_task_1": 0.8516931241132114, "uncertainty": 0.41976091605350396}, "Orthodontists_7738_7741": {"llm_label": "TASK_2", "label_logprob": -1e-06, "p_task_1": 9.999994999843054e-07, "uncertainty": 1.4815503149992376e-05}, "Orthodontists_7738_23973": {"llm_label": "TASK_1", "label_logprob": -0.000772, "p_task_1": 0.9992282979153315, "uncertainty": 0.006302125163989685}, "Orthodontists_7739_7740": {"llm_label": "TASK_2", "label_logprob": -0.52801, "p_task_1": 0.4102225401912366, "uncertainty": 0.6769394413003469}, "Orthodontists_7739_7741": {"llm_label": "TASK_2", "label_logprob": -0.002551, "p_task_1": 0.002547748964551344, "uncertainty": 0.017761046206837865}, "Orthodontists_7739_23973": {"llm_label": "TASK_1", "label_logprob": -0.006281, "p_task_1": 0.9937386842466868, "uncertainty": 0.03800761244504126}, "Orthodontists_7740_7741": {"llm_label": "TASK_2", "label_logprob": -1.7e-05, "p_task_1": 1.6999855500854366e-05, "uncertainty": 0.000203697321204896}, "Orthodontists_7740_23973": {"llm_label": "TASK_1", "label_logprob": -0.032478, "p_task_1": 0.9680437465594655, "uncertainty": 0.14147788497658093},