{"Oral and Maxillofacial Surgeons_9370_9371": {"llm_label": "TASK_2", "label_logprob": -0.001561, "p_task_1": 0.0015597822732063005, "uncertainty": 0.011639764062124457}, "Oral and Maxillofacial Surgeons_9370_9372": {"llm_label": "TASK_1", "label_logprob": -0.417051, "p_task_1": 0.6589873107342457, "uncertainty": 0.6417049048423087}, "Oral and Maxillofacial Surgeons_9370_9373": {"llm_label": "TASK_2", "label_logprob": -0.215577, "p_task_1": 0.19392379999895692, "uncertainty": 0.4918627551036568}, "Oral and Maxillofacial Surgeons_9370_9374": {"llm_label": "TASK_2", "label_logprob": 0.0, "p_task_1": 0.0, "uncertainty": 0.0}, "Oral and Maxillofacial Surgeons_9370_9375": {"llm_label": "TASK_2", "label_logprob": 0.0, "p_task_1": 0.0, "uncertainty": 0.0}, "Oral and Maxillofacial Surgeons_9370_9376": {"llm_label": "TASK_2", "label_logprob": -0.003179, "p_task_1": 0.0031739523297645844, "uncertainty": 0.021427952112801477}, "Oral and Maxillofacial Surgeons_9370_9377": {"llm_label": "CANNOT_DECIDE", "label_logprob": -0.100297, "p_task_1": 0.5, "uncertainty": 0.6931471805599453}, "Oral and Maxillofacial Surgeons_9370_9378": {"llm_label": "TASK_2", "label_logprob": -0.000272, "p_task_1": 0.00027196301135368195, "uncertainty": 0.0025047000559220833}, "Oral and Maxillofacial Surgeons_9370_9379": {"llm_label": "TASK_2", "label_logprob": 0.0, "p_task_1": 0.0, "uncertainty": 0.0}, "Oral and Maxillofacial Surgeons_9370_9380": {"llm_label": "TASK_2", "label_logprob": 0.0, "p_task_1": 0.0, "uncertainty": 0.0}, "Oral and Maxillofacial Surgeons_9370_9382": {"llm_label": "TASK_2", "label_logprob": -0.001465, "p_task_1": 0.001463927411344712, "uncertainty": 0.011017371489404952}, "Oral and Maxillofacial Surgeons_9370_20244": {"llm_label": "TASK_2", "label_logprob": -0.003385, "p_task_1": 0.0033792773463818815, "uncertainty": 0.02260196485535166}, "Oral and Maxillofacial Surgeons_9370_20245": {"llm_label": "TASK_2", "label_logprob": -0.073768, "p_task_1": 0.07111282933139618, "uncertainty": 0.25650802549771623}, "Oral and Maxillofacial Surgeons_9371_9372": {"llm_label": "TASK_1", "label_logprob": 0.0, "p_task_1": 1.0, "uncertainty": 0.0}, "Oral and Maxillofacial Surgeons_9371_9373": {"llm_label": "TASK_1", "label_logprob": -0.002212, "p_task_1": 0.9977904446691317, "uncertainty": 0.01571846374898286}, "Oral and Maxillofacial Surgeons_9371_9374": {"llm_label": "TASK_2", "label_logprob": 0.0, "p_task_1": 0.0, "uncertainty": 0.0}, "Oral and Maxillofacial Surgeons_9371_9375": {"llm_label": "TASK_2", "label_logprob": -5.2e-05, "p_task_1": 5.1998648023410254e-05, "uncertainty": 0.000564927187419359}, "Oral and Maxillofacial Surgeons_9371_9376": {"llm_label": "CANNOT_DECIDE", "label_logprob": -0.003178, "p_task_1": 0.5, "uncertainty": 0.6931471805599453}, "Oral and Maxillofacial Surgeons_9371_9377": {"llm_label": "CANNOT_DECIDE", "label_logprob": -0.323639, "p_task_1": 0.5, "uncertainty": 0.6931471805599453}, "Oral and Maxillofacial Surgeons_9371_9378": {"llm_label": "TASK_2", "label_logprob": -0.005234, "p_task_1": 0.005220326488121874, "uncertainty": 0.03264051221050083}, "Oral and Maxillofacial Surgeons_9371_9379": {"llm_label": "TASK_2", "label_logprob": 0.0, "p_task_1": 0.0, "uncertainty": 0.0}, "Oral and Maxillofacial Surgeons_9371_9380": {"llm_label": "TASK_2", "label_logprob": 0.0, "p_task_1": 0.0, "uncertainty": 0.0}, "Oral and Maxillofacial Surgeons_9371_9382": {"llm_label": "CANNOT_DECIDE", "label_logprob": -0.10851, "p_task_1": 0.5, "uncertainty": 0.6931471805599453}, "Oral and Maxillofacial Surgeons_9371_20244": {"llm_label": "TASK_2", "label_logprob": -0.049265, "p_task_1": 0.04807116487035845, "uncertainty": 0.19279625732217257}, "Oral and Maxillofacial Surgeons_9371_20245": {"llm_label": "CANNOT_DECIDE", "label_logprob": -0.005585, "p_task_1": 0.5, "uncertainty": 0.6931471805599453}, "Oral and Maxillofacial Surgeons_9372_9373": {"llm_label": "TASK_2", "label_logprob": -0.014303, "p_task_1": 0.014201198031306594, "uncertainty": 0.07451786828698391}, "Oral and Maxillofacial Surgeons_9372_9374": {"llm_label": "TASK_2", "label_logprob": 0.0, "p_task_1": 0.0, "uncertainty": 0.0}, "Oral and Maxillofacial Surgeons_9372_9375": {"llm_label": "TASK_2", "label_logprob": 0.0, "p_task_1": 0.0, "uncertainty": 0.0}, "Oral and Maxillofacial Surgeons_9372_9376": {"llm_label": "TASK_2", "label_logprob": -9e-06, "p_task_1": 8.999959500100019e-06, "uncertainty": 0.0001135640627863842}, "Oral and Maxillofacial Surgeons_9372_9377": {"llm_label": "TASK_2", "label_logprob": -0.008737, "p_task_1": 0.0086989433298581, "uncertainty": 0.0499336012420922}, "Oral and Maxillofacial Surgeons_9372_9378": {"llm_label": "TASK_2", "label_logprob": -2e-06, "p_task_1": 1.9999979999907325e-06, "uncertainty": 2.8244698509961958e-05}, "Oral and Maxillofacial Surgeons_9372_9379": {"llm_label": "TASK_2", "label_logprob": 0.0, "p_task_1": 0.0, "uncertainty": 0.0}, "Oral and Maxillofacial Surgeons_9372_9380": {"llm_label": "TASK_2", "label_logprob": 0.0, "p_task_1": 0.0, "uncertainty": 0.0}, "Oral and Maxillofacial Surgeons_9372_9382": {"llm_label": "TASK_2", "label_logprob": 0.0, "p_task_1": 0.0, "uncertainty": 0.0}, "Oral and Maxillofacial Surgeons_9372_20244": {"llm_label": "TASK_2", "label_logprob": -3e-06, "p_task_1": 2.9999955000192813e-06, "uncertainty": 4.1150633082097105e-05}, "Oral and Maxillofacial Surgeons_9372_20245": {"llm_label": "TASK_2", "label_logprob": -9.4e-05, "p_task_1": 9.399558213840642e-05, "uncertainty": 0.000965542901722332}, "Oral and Maxillofacial Surgeons_9373_9374": {"llm_label": "TASK_2", "label_logprob": 0.0, "p_task_1": 0.0, "uncertainty": 0.0}, "Oral and Maxillofacial Surgeons_9373_9375": {"llm_label": "TASK_2", "label_logprob": 0.0, "p_task_1": 0.0, "uncertainty": 0.0}, "Oral and Maxillofacial Surgeons_9373_9376": {"llm_label": "TASK_2", "label_logprob": -0.000159, "p_task_1": 0.00015898736016994874, "uncertainty": 0.0015495872152828344}, "Oral and Maxillofacial Surgeons_9373_9377": {"llm_label": "TASK_2", "label_logprob": -0.000553, "p_task_1": 0.0005528471236815324, "uncertainty": 0.004699284898727519}, "Oral and Maxillofacial Surgeons_9373_9378": {"llm_label": "TASK_2", "label_logprob": -1e-06, "p_task_1": 9.999994999843054e-07, "uncertainty": 1.4815503149992376e-05}, "Oral and Maxillofacial Surgeons_9373_9379": {"llm_label": "TASK_2", "label_logprob": 0.0, "p_task_1": 0.0, "uncertainty": 0.0}, "Oral and Maxillofacial Surgeons_9373_9380": {"llm_label": "TASK_2", "label_logprob": 0.0, "p_task_1": 0.0, "uncertainty": 0.0}, "Oral and Maxillofacial Surgeons_9373_9382": {"llm_label": "TASK_2", "label_logprob": -0.000439, "p_task_1": 0.0004389036535992208, "uncertainty": 0.0038320726946317425}, "Oral and Maxillofacial Surgeons_9373_20244": {"llm_label": "TASK_2", "label_logprob": -3e-06, "p_task_1": 2.9999955000192813e-06, "uncertainty": 4.1150633082097105e-05}, "Oral and Maxillofacial Surgeons_9373_20245": {"llm_label": "TASK_2", "label_logprob": -7.2e-05, "p_task_1": 7.199740806218546e-05, "uncertainty": 0.0007587694835904218}, "Oral and Maxillofacial Surgeons_9374_9375": {"llm_label": "CANNOT_DECIDE", "label_logprob": -0.000757, "p_task_1": 0.5, "uncertainty": 0.6931471805599453}, "Oral and Maxillofacial Surgeons_9374_9376": {"llm_label": "CANNOT_DECIDE", "label_logprob": -0.38698, "p_task_1": 0.5, "uncertainty": 0.6931471805599453}, "Oral and Maxillofacial Surgeons_9374_9377": {"llm_label": "TASK_1", "label_logprob": -4e-06, "p_task_1": 0.999996000008, "uncertainty": 5.371675735315082e-05}, "Oral and Maxillofacial Surgeons_9374_9378": {"llm_label": "CANNOT_DECIDE", "label_logprob": -0.047014, "p_task_1": 0.5, "uncertainty": 0.6931471805599453}, "Oral and Maxillofacial Surgeons_9374_9379": {"llm_label": "TASK_2", "label_logprob": -0.000159, "p_task_1": 0.00015898736016994874, "uncertainty": 0.0015495872152828344}, "Oral and Maxillofacial Surgeons_9374_9380": {"llm_label": "TASK_2", "label_logprob": 0.0, "p_task_1": 0.0, "uncertainty": 0.0},