{"Recreational Therapists_387_388": {"llm_label": "TASK_2", "label_logprob": -0.001562, "p_task_1": 0.0015607807129247586, "uncertainty": 0.011646215308181138}, "Recreational Therapists_387_389": {"llm_label": "TASK_1", "label_logprob": -0.181611, "p_task_1": 0.8339256744160302, "uncertainty": 0.449606608346711}, "Recreational Therapists_387_390": {"llm_label": "TASK_1", "label_logprob": -0.037653, "p_task_1": 0.9630470602480447, "uncertainty": 0.15813647383721605}, "Recreational Therapists_387_391": {"llm_label": "TASK_1", "label_logprob": -0.000224, "p_task_1": 0.9997760250861268, "uncertainty": 0.002106229743298907}, "Recreational Therapists_387_392": {"llm_label": "TASK_2", "label_logprob": -0.029013, "p_task_1": 0.02859616386534891, "uncertainty": 0.12982790926453627}, "Recreational Therapists_387_393": {"llm_label": "TASK_2", "label_logprob": -0.515002, "p_task_1": 0.4025006003817567, "uncertainty": 0.6740125551082372}, "Recreational Therapists_387_394": {"llm_label": "TASK_1", "label_logprob": -0.576744, "p_task_1": 0.5617243667620588, "uncertainty": 0.6855079129477248}, "Recreational Therapists_387_395": {"llm_label": "TASK_2", "label_logprob": -7.7e-05, "p_task_1": 7.699703557606519e-05, "uncertainty": 0.0008062902529262152}, "Recreational Therapists_387_396": {"llm_label": "TASK_1", "label_logprob": -0.000212, "p_task_1": 0.9997880224704121, "uncertainty": 0.00200507940252832}, "Recreational Therapists_387_20893": {"llm_label": "TASK_2", "label_logprob": -0.023342, "p_task_1": 0.023071682850423603, "uncertainty": 0.10976407721508724}, "Recreational Therapists_388_389": {"llm_label": "TASK_1", "label_logprob": -0.003027, "p_task_1": 0.9969775767453992, "uncertainty": 0.020553033141052255}, "Recreational Therapists_388_390": {"llm_label": "TASK_1", "label_logprob": -0.000336, "p_task_1": 0.9996640564416783, "uncertainty": 0.003022954314544321}, "Recreational Therapists_388_391": {"llm_label": "TASK_1", "label_logprob": -1.1e-05, "p_task_1": 0.9999890000604997, "uncertainty": 0.0001365930168744248}, "Recreational Therapists_388_392": {"llm_label": "TASK_2", "label_logprob": -1e-06, "p_task_1": 9.999994999843054e-07, "uncertainty": 1.4815503149992376e-05}, "Recreational Therapists_388_393": {"llm_label": "TASK_1", "label_logprob": -0.029878, "p_task_1": 0.9705639351259505, "uncertainty": 0.13277637622170899}, "Recreational Therapists_388_394": {"llm_label": "TASK_1", "label_logprob": -0.581447, "p_task_1": 0.5590887795064791, "uncertainty": 0.6861478674007893}, "Recreational Therapists_388_395": {"llm_label": "TASK_2", "label_logprob": -0.000111, "p_task_1": 0.000110993839727902, "uncertainty": 0.001121701564056563}, "Recreational Therapists_388_396": {"llm_label": "TASK_1", "label_logprob": -7.6e-05, "p_task_1": 0.9999240028879268, "uncertainty": 0.0007968127892924509}, "Recreational Therapists_388_20893": {"llm_label": "TASK_1", "label_logprob": -0.000255, "p_task_1": 0.9997450325097366, "uncertainty": 0.002364631485629027}, "Recreational Therapists_389_390": {"llm_label": "EQUAL_TIME", "label_logprob": -0.101318, "p_task_1": 0.5, "uncertainty": 0.6931471805599453}, "Recreational Therapists_389_391": {"llm_label": "TASK_1", "label_logprob": -0.083461, "p_task_1": 0.9199269631232029, "uncertainty": 0.27894771693913906}, "Recreational Therapists_389_392": {"llm_label": "TASK_2", "label_logprob": -0.00086, "p_task_1": 0.0008596303059865695, "uncertainty": 0.006927398043481559}, "Recreational Therapists_389_393": {"llm_label": "TASK_2", "label_logprob": -0.103984, "p_task_1": 0.098760282858679, "uncertainty": 0.32235046653222144}, "Recreational Therapists_389_394": {"llm_label": "TASK_2", "label_logprob": -0.008858, "p_task_1": 0.008818883501188535, "uncertainty": 0.0505007855669168}, "Recreational Therapists_389_395": {"llm_label": "TASK_2", "label_logprob": -4e-06, "p_task_1": 3.9999919999589295e-06, "uncertainty": 5.371675735315082e-05}, "Recreational Therapists_389_396": {"llm_label": "TASK_1", "label_logprob": -0.03815, "p_task_1": 0.9625685447800449, "uncertainty": 0.15969344914111464}, "Recreational Therapists_389_20893": {"llm_label": "TASK_2", "label_logprob": -1.5e-05, "p_task_1": 1.4999887500533049e-05, "uncertainty": 0.00018161054327026476}, "Recreational Therapists_390_391": {"llm_label": "EQUAL_TIME", "label_logprob": -0.365026, "p_task_1": 0.5, "uncertainty": 0.6931471805599453}, "Recreational Therapists_390_392": {"llm_label": "TASK_2", "label_logprob": -1e-06, "p_task_1": 9.999994999843054e-07, "uncertainty": 1.4815503149992376e-05}, "Recreational Therapists_390_393": {"llm_label": "TASK_2", "label_logprob": -0.000543, "p_task_1": 0.0005428526021802327, "uncertainty": 0.004624236285149213}, "Recreational Therapists_390_394": {"llm_label": "TASK_2", "label_logprob": -0.000421, "p_task_1": 0.0004209113919351193, "uncertainty": 0.003692604177312523}, "Recreational Therapists_390_395": {"llm_label": "TASK_2", "label_logprob": -2e-06, "p_task_1": 1.9999979999907325e-06, "uncertainty": 2.8244698509961958e-05}, "Recreational Therapists_390_396": {"llm_label": "TASK_2", "label_logprob": -0.051132, "p_task_1": 0.049846757973619815, "uncertainty": 0.19806378411981918}, "Recreational Therapists_390_20893": {"llm_label": "TASK_2", "label_logprob": -2e-05, "p_task_1": 1.999980000133572e-05, "uncertainty": 0.00023639320174866763}, "Recreational Therapists_391_392": {"llm_label": "TASK_2", "label_logprob": 0.0, "p_task_1": 0.0, "uncertainty": 0.0}, "Recreational Therapists_391_393": {"llm_label": "TASK_2", "label_logprob": -1.5e-05, "p_task_1": 1.4999887500533049e-05, "uncertainty": 0.00018161054327026476}, "Recreational Therapists_391_394": {"llm_label": "TASK_2", "label_logprob": -5.5e-05, "p_task_1": 5.49984875277687e-05, "uncertainty": 0.0005944334084389942}, "Recreational Therapists_391_395": {"llm_label": "TASK_2", "label_logprob": -2e-06, "p_task_1": 1.9999979999907325e-06, "uncertainty": 2.8244698509961958e-05}, "Recreational Therapists_391_396": {"llm_label": "TASK_2", "label_logprob": -0.00535, "p_task_1": 0.005335714237630351, "uncertainty": 0.033245020795234774}, "Recreational Therapists_391_20893": {"llm_label": "TASK_2", "label_logprob": -0.000297, "p_task_1": 0.0002969558998660027, "uncertainty": 0.0027087659199318517}, "Recreational Therapists_392_393": {"llm_label": "EQUAL_TIME", "label_logprob": -0.000733, "p_task_1": 0.5, "uncertainty": 0.6931471805599453}, "Recreational Therapists_392_394": {"llm_label": "TASK_1", "label_logprob": -0.038991, "p_task_1": 0.9617593649417001, "uncertainty": 0.1623119079007796}, "Recreational Therapists_392_395": {"llm_label": "TASK_2", "label_logprob": -0.000772, "p_task_1": 0.0007717020846684797, "uncertainty": 0.006302125163989685}, "Recreational Therapists_392_396": {"llm_label": "TASK_1", "label_logprob": -1.4e-05, "p_task_1": 0.9999860000979995, "uncertainty": 0.0001704691519101948}, "Recreational Therapists_392_20893": {"llm_label": "TASK_1", "label_logprob": -0.079212, "p_task_1": 0.9238440487446623, "uncertainty": 0.2692789807851851}, "Recreational Therapists_393_394": {"llm_label": "TASK_1", "label_logprob": -0.063101, "p_task_1": 0.9388486451872106, "uncertainty": 0.23012383369576808}, "Recreational Therapists_393_395": {"llm_label": "TASK_2", "label_logprob": -2e-06, "p_task_1": 1.9999979999907325e-06, "uncertainty": 2.8244698509961958e-05}, "Recreational Therapists_393_396": {"llm_label": "TASK_1", "label_logprob": -0.001958, "p_task_1": 0.9980439156315272, "uncertainty": 0.014153897661951532}, "Recreational Therapists_393_20893": {"llm_label": "TASK_2", "label_logprob": -0.014169, "p_task_1": 0.01406909214094576, "uncertainty": 0.0739570974536522}, "Recreational Therapists_394_395": {"llm_label": "TASK_2", "label_logprob": -3e-06, "p_task_1": 2.9999955000192813e-06, "uncertainty": 4.1150633082097105e-05}, "Recreational Therapists_394_396": {"llm_label": "TASK_1", "label_logprob": -0.180524, "p_task_1": 0.8348326444730425, "uncertainty": 0.44814004860809686},