{"Urologists_17282_17283": {"llm_label": "TASK_2", "label_logprob": -0.152016, "p_task_1": 0.1410254629614185, "uncertainty": 0.40682063957917813}, "Urologists_17282_17284": {"llm_label": "CANNOT_DECIDE", "label_logprob": -0.207485, "p_task_1": 0.5, "uncertainty": 0.6931471805599453}, "Urologists_17282_17285": {"llm_label": "TASK_1", "label_logprob": -9.7e-05, "p_task_1": 0.9999030047043479, "uncertainty": 0.0009933093829617684}, "Urologists_17282_17286": {"llm_label": "TASK_1", "label_logprob": -0.023292, "p_task_1": 0.9769771647866146, "uncertainty": 0.10958105041330952}, "Urologists_17282_17287": {"llm_label": "TASK_2", "label_logprob": -0.005269, "p_task_1": 0.005255143167399279, "uncertainty": 0.03282318197447614}, "Urologists_17282_17288": {"llm_label": "TASK_2", "label_logprob": -0.029904, "p_task_1": 0.029461299208315084, "uncertainty": 0.13286457564920895}, "Urologists_17282_17289": {"llm_label": "TASK_1", "label_logprob": -0.007697, "p_task_1": 0.9923325460505851, "uncertainty": 0.04498439340153565}, "Urologists_17282_17290": {"llm_label": "TASK_1", "label_logprob": -0.003429, "p_task_1": 0.9965768723065361, "uncertainty": 0.02285104474369149}, "Urologists_17282_17291": {"llm_label": "TASK_2", "label_logprob": 0.0, "p_task_1": 0.0, "uncertainty": 0.0}, "Urologists_17282_17292": {"llm_label": "TASK_2", "label_logprob": 0.0, "p_task_1": 0.0, "uncertainty": 0.0}, "Urologists_17282_17293": {"llm_label": "TASK_2", "label_logprob": -0.006736, "p_task_1": 0.0067133640058693045, "uncertainty": 0.040282136903197624}, "Urologists_17282_17294": {"llm_label": "TASK_2", "label_logprob": -0.192729, "p_task_1": 0.17529456096777474, "uncertainty": 0.46418288493767457}, "Urologists_17282_17295": {"llm_label": "TASK_2", "label_logprob": -0.003223, "p_task_1": 0.0032178117109485926, "uncertainty": 0.02167982333789605}, "Urologists_17283_17284": {"llm_label": "TASK_2", "label_logprob": -0.033928, "p_task_1": 0.03335889970874595, "uncertainty": 0.14623082541769863}, "Urologists_17283_17285": {"llm_label": "TASK_1", "label_logprob": -5.9e-05, "p_task_1": 0.9999410017404657, "uncertainty": 0.0006335217246636567}, "Urologists_17283_17286": {"llm_label": "TASK_2", "label_logprob": -0.869519, "p_task_1": 0.5808468865848768, "uncertainty": 0.6800171753424891}, "Urologists_17283_17287": {"llm_label": "TASK_2", "label_logprob": 0.0, "p_task_1": 0.0, "uncertainty": 0.0}, "Urologists_17283_17288": {"llm_label": "TASK_2", "label_logprob": -3e-06, "p_task_1": 2.9999955000192813e-06, "uncertainty": 4.1150633082097105e-05}, "Urologists_17283_17289": {"llm_label": "TASK_1", "label_logprob": -0.002972, "p_task_1": 0.9970324120200765, "uncertainty": 0.020234559536486042}, "Urologists_17283_17290": {"llm_label": "TASK_1", "label_logprob": -7.1e-05, "p_task_1": 0.9999290025204404, "uncertainty": 0.0007492243805800099}, "Urologists_17283_17291": {"llm_label": "TASK_2", "label_logprob": 0.0, "p_task_1": 0.0, "uncertainty": 0.0}, "Urologists_17283_17292": {"llm_label": "TASK_2", "label_logprob": 0.0, "p_task_1": 0.0, "uncertainty": 0.0}, "Urologists_17283_17293": {"llm_label": "TASK_2", "label_logprob": -0.021697, "p_task_1": 0.021463313247404803, "uncertainty": 0.10368070010964872}, "Urologists_17283_17294": {"llm_label": "TASK_2", "label_logprob": -0.010575, "p_task_1": 0.01051928126898971, "uncertainty": 0.058374302657126585}, "Urologists_17283_17295": {"llm_label": "TASK_2", "label_logprob": -0.000431, "p_task_1": 0.00043090713284243964, "uncertainty": 0.003770179934845539}, "Urologists_17284_17285": {"llm_label": "TASK_1", "label_logprob": -5.5e-05, "p_task_1": 0.9999450015124722, "uncertainty": 0.0005944334084389942}, "Urologists_17284_17286": {"llm_label": "CANNOT_DECIDE", "label_logprob": -0.055838, "p_task_1": 0.5, "uncertainty": 0.6931471805599453}, "Urologists_17284_17287": {"llm_label": "TASK_2", "label_logprob": -5e-06, "p_task_1": 4.999987500031722e-06, "uncertainty": 6.603019815215604e-05}, "Urologists_17284_17288": {"llm_label": "TASK_2", "label_logprob": -2e-06, "p_task_1": 1.9999979999907325e-06, "uncertainty": 2.8244698509961958e-05}, "Urologists_17284_17289": {"llm_label": "TASK_1", "label_logprob": -0.69659, "p_task_1": 0.49828155013367526, "uncertainty": 0.6931412744084315}, "Urologists_17284_17290": {"llm_label": "TASK_1", "label_logprob": -8.1e-05, "p_task_1": 0.9999190032804114, "uncertainty": 0.0008440717883202269}, "Urologists_17284_17291": {"llm_label": "TASK_2", "label_logprob": 0.0, "p_task_1": 0.0, "uncertainty": 0.0}, "Urologists_17284_17292": {"llm_label": "TASK_2", "label_logprob": 0.0, "p_task_1": 0.0, "uncertainty": 0.0}, "Urologists_17284_17293": {"llm_label": "TASK_2", "label_logprob": -0.111443, "p_task_1": 0.10545762113429324, "uncertainty": 0.3369117211333016}, "Urologists_17284_17294": {"llm_label": "TASK_2", "label_logprob": -0.044342, "p_task_1": 0.04337326482220716, "uncertainty": 0.17852023283447518}, "Urologists_17284_17295": {"llm_label": "TASK_2", "label_logprob": -0.004079, "p_task_1": 0.004070692179205637, "uncertainty": 0.026467250218282612}, "Urologists_17285_17286": {"llm_label": "TASK_2", "label_logprob": -0.002082, "p_task_1": 0.0020798341413666988, "uncertainty": 0.0149216171573856}, "Urologists_17285_17287": {"llm_label": "TASK_2", "label_logprob": 0.0, "p_task_1": 0.0, "uncertainty": 0.0}, "Urologists_17285_17288": {"llm_label": "TASK_2", "label_logprob": 0.0, "p_task_1": 0.0, "uncertainty": 0.0}, "Urologists_17285_17289": {"llm_label": "TASK_2", "label_logprob": -0.015054, "p_task_1": 0.014941255005408549, "uncertainty": 0.0776365686749103}, "Urologists_17285_17290": {"llm_label": "EQUAL_TIME", "label_logprob": -0.483611, "p_task_1": 0.5, "uncertainty": 0.6931471805599453}, "Urologists_17285_17291": {"llm_label": "TASK_2", "label_logprob": 0.0, "p_task_1": 0.0, "uncertainty": 0.0}, "Urologists_17285_17292": {"llm_label": "TASK_2", "label_logprob": 0.0, "p_task_1": 0.0, "uncertainty": 0.0}, "Urologists_17285_17293": {"llm_label": "TASK_2", "label_logprob": -1e-06, "p_task_1": 9.999994999843054e-07, "uncertainty": 1.4815503149992376e-05}, "Urologists_17285_17294": {"llm_label": "TASK_2", "label_logprob": 0.0, "p_task_1": 0.0, "uncertainty": 0.0}, "Urologists_17285_17295": {"llm_label": "TASK_2", "label_logprob": 0.0, "p_task_1": 0.0, "uncertainty": 0.0}, "Urologists_17286_17287": {"llm_label": "TASK_2", "label_logprob": -1.7e-05, "p_task_1": 1.6999855500854366e-05, "uncertainty": 0.000203697321204896}, "Urologists_17286_17288": {"llm_label": "TASK_2", "label_logprob": -5e-06, "p_task_1": 4.999987500031722e-06, "uncertainty": 6.603019815215604e-05}, "Urologists_17286_17289": {"llm_label": "TASK_1", "label_logprob": -0.038052, "p_task_1": 0.9626628811198386, "uncertainty": 0.15938700659179966}, "Urologists_17286_17290": {"llm_label": "TASK_1", "label_logprob": -0.001177, "p_task_1": 0.9988236923928245, "uncertainty": 0.009110251285811412}, "Urologists_17286_17291": {"llm_label": "TASK_2", "label_logprob": 0.0, "p_task_1": 0.0, "uncertainty": 0.0}, "Urologists_17286_17292": {"llm_label": "TASK_2", "label_logprob": 0.0, "p_task_1": 0.0, "uncertainty": 0.0}, "Urologists_17286_17293": {"llm_label": "TASK_2", "label_logprob": -0.000841, "p_task_1": 0.0008406464586163676, "uncertainty": 0.006793195878736386}, "Urologists_17286_17294": {"llm_label": "TASK_2", "label_logprob": -0.001489, "p_task_1": 0.0014878919895108256, "uncertainty": 0.011173548998041733}, "Urologists_17286_17295": {"llm_label": "TASK_2", "label_logprob": -7.5e-05, "p_task_1": 7.49971875703137e-05, "uncertainty": 0.0007873221583997021}, "Urologists_17287_17288": {"llm_label": "CANNOT_DECIDE", "label_logprob": -0.009185, "p_task_1": 0.5, "uncertainty": 0.6931471805599453}, "Urologists_17287_17289": {"llm_label": "TASK_1", "label_logprob": -2e-06, "p_task_1": 0.999998000002, "uncertainty": 2.8244698509961958e-05}, "Urologists_17287_17290": {"llm_label": "TASK_1", "label_logprob": -1e-06, "p_task_1": 0.9999990000005, "uncertainty": 1.4815503149992376e-05},