{"Surgical Technologists_1959_1960": {"llm_label": "TASK_2", "label_logprob": -6e-05, "p_task_1": 5.999820003599332e-05, "uncertainty": 0.0006432506620406343}, "Surgical Technologists_1959_1961": {"llm_label": "TASK_1", "label_logprob": -0.52823, "p_task_1": 0.5896477230391735, "uncertainty": 0.6769865068652594}, "Surgical Technologists_1959_1963": {"llm_label": "TASK_2", "label_logprob": -0.00059, "p_task_1": 0.0005898259842247455, "uncertainty": 0.004975411050396976}, "Surgical Technologists_1959_1964": {"llm_label": "TASK_2", "label_logprob": -0.002139, "p_task_1": 0.002136713969730031, "uncertainty": 0.015271985835829364}, "Surgical Technologists_1959_1965": {"llm_label": "TASK_1", "label_logprob": -0.504857, "p_task_1": 0.6035918828951635, "uncertainty": 0.6715283783424909}, "Surgical Technologists_1959_1967": {"llm_label": "TASK_2", "label_logprob": -0.464581, "p_task_1": 0.3716016510555694, "uncertainty": 0.6598026070241374}, "Surgical Technologists_1959_1968": {"llm_label": "TASK_2", "label_logprob": -0.125688, "p_task_1": 0.1181100464699667, "uncertainty": 0.3631424010252883}, "Surgical Technologists_1959_1969": {"llm_label": "TASK_2", "label_logprob": -0.018279, "p_task_1": 0.018112952347083544, "uncertainty": 0.09060128361797512}, "Surgical Technologists_1959_1970": {"llm_label": "TASK_1", "label_logprob": -0.391185, "p_task_1": 0.6762550372842636, "uncertainty": 0.6296601448954728}, "Surgical Technologists_1959_1971": {"llm_label": "TASK_2", "label_logprob": -0.373732, "p_task_1": 0.3118386856498163, "uncertainty": 0.6205639381944379}, "Surgical Technologists_1959_1972": {"llm_label": "TASK_2", "label_logprob": -0.599253, "p_task_1": 0.450778248454761, "uncertainty": 0.6882937619228919}, "Surgical Technologists_1959_15242": {"llm_label": "TASK_2", "label_logprob": -1e-06, "p_task_1": 9.999994999843054e-07, "uncertainty": 1.4815503149992376e-05}, "Surgical Technologists_1959_15243": {"llm_label": "TASK_2", "label_logprob": -3e-06, "p_task_1": 2.9999955000192813e-06, "uncertainty": 4.1150633082097105e-05}, "Surgical Technologists_1959_15244": {"llm_label": "TASK_2", "label_logprob": -1e-05, "p_task_1": 9.999950000172397e-06, "uncertainty": 0.00012512862900562218}, "Surgical Technologists_1959_15245": {"llm_label": "TASK_1", "label_logprob": -0.011079, "p_task_1": 0.9889821460996268, "uncertainty": 0.060628043474195474}, "Surgical Technologists_1960_1961": {"llm_label": "TASK_1", "label_logprob": -1e-05, "p_task_1": 0.9999900000499998, "uncertainty": 0.00012512862900562218}, "Surgical Technologists_1960_1963": {"llm_label": "EQUAL_TIME", "label_logprob": -0.58404, "p_task_1": 0.5, "uncertainty": 0.6931471805599453}, "Surgical Technologists_1960_1964": {"llm_label": "TASK_1", "label_logprob": -0.004202, "p_task_1": 0.9958068160493309, "uncertainty": 0.02713910592827967}, "Surgical Technologists_1960_1965": {"llm_label": "TASK_1", "label_logprob": -0.000339, "p_task_1": 0.9996610574540075, "uncertainty": 0.0030469275609703384}, "Surgical Technologists_1960_1967": {"llm_label": "TASK_1", "label_logprob": -1.4e-05, "p_task_1": 0.9999860000979995, "uncertainty": 0.0001704691519101948}, "Surgical Technologists_1960_1968": {"llm_label": "TASK_1", "label_logprob": -0.039498, "p_task_1": 0.9612718765324287, "uncertainty": 0.16388077481582164}, "Surgical Technologists_1960_1969": {"llm_label": "EQUAL_TIME", "label_logprob": -0.140031, "p_task_1": 0.5, "uncertainty": 0.6931471805599453}, "Surgical Technologists_1960_1970": {"llm_label": "TASK_1", "label_logprob": -0.010131, "p_task_1": 0.9899201457156985, "uncertainty": 0.056368153151084247}, "Surgical Technologists_1960_1971": {"llm_label": "TASK_1", "label_logprob": -0.002004, "p_task_1": 0.9979980066673224, "uncertainty": 0.014439597657915141}, "Surgical Technologists_1960_1972": {"llm_label": "TASK_1", "label_logprob": -0.000554, "p_task_1": 0.9994461534296654, "uncertainty": 0.004706779721373754}, "Surgical Technologists_1960_15242": {"llm_label": "TASK_2", "label_logprob": -0.316247, "p_task_1": 0.27112060527880455, "uncertainty": 0.5843702366254149}, "Surgical Technologists_1960_15243": {"llm_label": "TASK_1", "label_logprob": -0.00021, "p_task_1": 0.9997900220484566, "uncertainty": 0.001988155872434698}, "Surgical Technologists_1960_15244": {"llm_label": "TASK_1", "label_logprob": -0.015064, "p_task_1": 0.9850488944563943, "uncertainty": 0.07767782509822915}, "Surgical Technologists_1960_15245": {"llm_label": "TASK_1", "label_logprob": -1.5e-05, "p_task_1": 0.9999850001124995, "uncertainty": 0.00018161054327026476}, "Surgical Technologists_1961_1963": {"llm_label": "TASK_2", "label_logprob": -0.001294, "p_task_1": 0.0012931631430032065, "uncertainty": 0.009892720225177268}, "Surgical Technologists_1961_1964": {"llm_label": "TASK_2", "label_logprob": -0.000327, "p_task_1": 0.0003269465413271444, "uncertainty": 0.0029508724840821114}, "Surgical Technologists_1961_1965": {"llm_label": "TASK_2", "label_logprob": -0.082685, "p_task_1": 0.07935889650278494, "uncertainty": 0.2772007754924042}, "Surgical Technologists_1961_1967": {"llm_label": "TASK_2", "label_logprob": -0.074695, "p_task_1": 0.07197350875206054, "uncertainty": 0.25871414381986146}, "Surgical Technologists_1961_1968": {"llm_label": "TASK_2", "label_logprob": -0.086967, "p_task_1": 0.08329265352355564, "uncertainty": 0.2867384262992683}, "Surgical Technologists_1961_1969": {"llm_label": "TASK_2", "label_logprob": -0.005238, "p_task_1": 0.00522430559885767, "uncertainty": 0.03266140086392523}, "Surgical Technologists_1961_1970": {"llm_label": "TASK_1", "label_logprob": -0.39321, "p_task_1": 0.6748870064324821, "uncertainty": 0.6306635848749869}, "Surgical Technologists_1961_1971": {"llm_label": "TASK_1", "label_logprob": -0.105441, "p_task_1": 0.8999275670069437, "uncertainty": 0.3252420958028189}, "Surgical Technologists_1961_1972": {"llm_label": "TASK_2", "label_logprob": -0.00672, "p_task_1": 0.0066974712925520485, "uncertainty": 0.040202703346678005}, "Surgical Technologists_1961_15242": {"llm_label": "TASK_2", "label_logprob": -1.3e-05, "p_task_1": 1.2999915500411241e-05, "uncertainty": 0.00015925626043919854}, "Surgical Technologists_1961_15243": {"llm_label": "TASK_2", "label_logprob": -0.0003, "p_task_1": 0.0002999550044996413, "uncertainty": 0.0027331084393530337}, "Surgical Technologists_1961_15244": {"llm_label": "TASK_2", "label_logprob": -1.1e-05, "p_task_1": 1.0999939500266898e-05, "uncertainty": 0.0001365930168744248}, "Surgical Technologists_1961_15245": {"llm_label": "TASK_1", "label_logprob": -0.474086, "p_task_1": 0.6224537192459317, "uncertainty": 0.6628501244901335}, "Surgical Technologists_1963_1964": {"llm_label": "TASK_1", "label_logprob": -0.745062, "p_task_1": 0.47470486732573663, "uncertainty": 0.6918669466596525}, "Surgical Technologists_1963_1965": {"llm_label": "TASK_1", "label_logprob": -0.018904, "p_task_1": 0.9812735599830005, "uncertainty": 0.0930403814539152}, "Surgical Technologists_1963_1967": {"llm_label": "TASK_1", "label_logprob": -0.00219, "p_task_1": 0.9978123963003815, "uncertainty": 0.01558416922372828}, "Surgical Technologists_1963_1968": {"llm_label": "TASK_1", "label_logprob": -0.025264, "p_task_1": 0.9750524641961663, "uncertainty": 0.11671458682076548}, "Surgical Technologists_1963_1969": {"llm_label": "EQUAL_TIME", "label_logprob": -0.879149, "p_task_1": 0.5, "uncertainty": 0.6931471805599453}, "Surgical Technologists_1963_1970": {"llm_label": "TASK_1", "label_logprob": -0.162665, "p_task_1": 0.8498758491407186, "uncertainty": 0.4229243795864087}, "Surgical Technologists_1963_1971": {"llm_label": "TASK_1", "label_logprob": -0.000478, "p_task_1": 0.9995221142237997, "uncertainty": 0.004131752553596039}, "Surgical Technologists_1963_1972": {"llm_label": "TASK_1", "label_logprob": -0.000606, "p_task_1": 0.9993941835809148, "uncertainty": 0.005094086471745602}, "Surgical Technologists_1963_15242": {"llm_label": "TASK_2", "label_logprob": -0.005102, "p_task_1": 0.005089006904316351,