{"Orthotists and Prosthetists_9383_9384": {"llm_label": "TASK_2", "label_logprob": -3.3e-05, "p_task_1": 3.29994555059443e-05, "uncertainty": 0.00037352093575612164}, "Orthotists and Prosthetists_9383_9385": {"llm_label": "EQUAL_TIME", "label_logprob": -0.314605, "p_task_1": 0.5, "uncertainty": 0.6931471805599453}, "Orthotists and Prosthetists_9383_9386": {"llm_label": "TASK_2", "label_logprob": 0.0, "p_task_1": 0.0, "uncertainty": 0.0}, "Orthotists and Prosthetists_9383_9387": {"llm_label": "TASK_1", "label_logprob": -1e-06, "p_task_1": 0.9999990000005, "uncertainty": 1.4815503149992376e-05}, "Orthotists and Prosthetists_9383_9388": {"llm_label": "TASK_2", "label_logprob": -0.006002, "p_task_1": 0.00598402398000486, "uncertainty": 0.036596280226902436}, "Orthotists and Prosthetists_9383_9389": {"llm_label": "TASK_1", "label_logprob": 0.0, "p_task_1": 1.0, "uncertainty": 0.0}, "Orthotists and Prosthetists_9383_9390": {"llm_label": "TASK_1", "label_logprob": -3e-06, "p_task_1": 0.9999970000045, "uncertainty": 4.1150633082097105e-05}, "Orthotists and Prosthetists_9383_9391": {"llm_label": "TASK_2", "label_logprob": -1.2e-05, "p_task_1": 1.1999928000272497e-05, "uncertainty": 0.00014796635909808146}, "Orthotists and Prosthetists_9383_9392": {"llm_label": "TASK_2", "label_logprob": 0.0, "p_task_1": 0.0, "uncertainty": 0.0}, "Orthotists and Prosthetists_9383_9393": {"llm_label": "TASK_1", "label_logprob": -0.129194, "p_task_1": 0.8788034611357298, "uncertainty": 0.36930225185188953}, "Orthotists and Prosthetists_9383_9394": {"llm_label": "TASK_2", "label_logprob": -0.062164, "p_task_1": 0.06027124136349071, "uncertainty": 0.22771320137568166}, "Orthotists and Prosthetists_9383_9395": {"llm_label": "TASK_1", "label_logprob": -1e-06, "p_task_1": 0.9999990000005, "uncertainty": 1.4815503149992376e-05}, "Orthotists and Prosthetists_9383_9396": {"llm_label": "TASK_2", "label_logprob": -0.576486, "p_task_1": 0.4381306896543983, "uncertainty": 0.6854719006059617}, "Orthotists and Prosthetists_9383_9397": {"llm_label": "TASK_2", "label_logprob": -0.00188, "p_task_1": 0.0018782339069249865, "uncertainty": 0.013666938313501409}, "Orthotists and Prosthetists_9384_9385": {"llm_label": "TASK_1", "label_logprob": -1e-06, "p_task_1": 0.9999990000005, "uncertainty": 1.4815503149992376e-05}, "Orthotists and Prosthetists_9384_9386": {"llm_label": "TASK_2", "label_logprob": -0.000282, "p_task_1": 0.00028196024173732237, "uncertainty": 0.002586591457738557}, "Orthotists and Prosthetists_9384_9387": {"llm_label": "TASK_1", "label_logprob": -1e-06, "p_task_1": 0.9999990000005, "uncertainty": 1.4815503149992376e-05}, "Orthotists and Prosthetists_9384_9388": {"llm_label": "TASK_2", "label_logprob": -0.315073, "p_task_1": 0.2702643983742897, "uncertainty": 0.5835216394193048}, "Orthotists and Prosthetists_9384_9389": {"llm_label": "TASK_1", "label_logprob": -1e-06, "p_task_1": 0.9999990000005, "uncertainty": 1.4815503149992376e-05}, "Orthotists and Prosthetists_9384_9390": {"llm_label": "TASK_1", "label_logprob": -1e-06, "p_task_1": 0.9999990000005, "uncertainty": 1.4815503149992376e-05}, "Orthotists and Prosthetists_9384_9391": {"llm_label": "TASK_2", "label_logprob": -0.239114, "p_task_1": 0.21267487780747507, "uncertainty": 0.5174791868506755}, "Orthotists and Prosthetists_9384_9392": {"llm_label": "TASK_2", "label_logprob": -1.3e-05, "p_task_1": 1.2999915500411241e-05, "uncertainty": 0.00015925626043919854}, "Orthotists and Prosthetists_9384_9393": {"llm_label": "TASK_1", "label_logprob": -0.000432, "p_task_1": 0.9995680932985646, "uncertainty": 0.0037779246198059507}, "Orthotists and Prosthetists_9384_9394": {"llm_label": "TASK_1", "label_logprob": -0.002739, "p_task_1": 0.9972647476381256, "uncertainty": 0.018873686326020062}, "Orthotists and Prosthetists_9384_9395": {"llm_label": "TASK_1", "label_logprob": 0.0, "p_task_1": 1.0, "uncertainty": 0.0}, "Orthotists and Prosthetists_9384_9396": {"llm_label": "TASK_1", "label_logprob": -0.007143, "p_task_1": 0.9928824505905901, "uncertainty": 0.042289806297833694}, "Orthotists and Prosthetists_9384_9397": {"llm_label": "TASK_2", "label_logprob": -0.202376, "p_task_1": 0.1832122419991018, "uncertainty": 0.4762295684014153}, "Orthotists and Prosthetists_9385_9386": {"llm_label": "TASK_2", "label_logprob": 0.0, "p_task_1": 0.0, "uncertainty": 0.0}, "Orthotists and Prosthetists_9385_9387": {"llm_label": "TASK_1", "label_logprob": -0.000221, "p_task_1": 0.9997790244187011, "uncertainty": 0.002081003917321509}, "Orthotists and Prosthetists_9385_9388": {"llm_label": "TASK_2", "label_logprob": -0.000192, "p_task_1": 0.00019198156917954456, "uncertainty": 0.0018349627539329346}, "Orthotists and Prosthetists_9385_9389": {"llm_label": "TASK_1", "label_logprob": -0.003612, "p_task_1": 0.9963945154250675, "uncertainty": 0.023880906123503184}, "Orthotists and Prosthetists_9385_9390": {"llm_label": "TASK_1", "label_logprob": -0.001984, "p_task_1": 0.9980179668270567, "uncertainty": 0.014315512936687615}, "Orthotists and Prosthetists_9385_9391": {"llm_label": "TASK_2", "label_logprob": 0.0, "p_task_1": 0.0, "uncertainty": 0.0}, "Orthotists and Prosthetists_9385_9392": {"llm_label": "TASK_2", "label_logprob": 0.0, "p_task_1": 0.0, "uncertainty": 0.0}, "Orthotists and Prosthetists_9385_9393": {"llm_label": "TASK_2", "label_logprob": -0.102835, "p_task_1": 0.09772416328698019, "uncertainty": 0.32005347810200413}, "Orthotists and Prosthetists_9385_9394": {"llm_label": "TASK_2", "label_logprob": -0.024181, "p_task_1": 0.02389098196447359, "uncertainty": 0.11281829226432359}, "Orthotists and Prosthetists_9385_9395": {"llm_label": "TASK_1", "label_logprob": -1.8e-05, "p_task_1": 0.999982000161999, "uncertainty": 0.0002146505665408007}, "Orthotists and Prosthetists_9385_9396": {"llm_label": "TASK_2", "label_logprob": -0.00153, "p_task_1": 0.0015288301467012433, "uncertainty": 0.011439452678056527}, "Orthotists and Prosthetists_9385_9397": {"llm_label": "TASK_2", "label_logprob": -0.000283, "p_task_1": 0.0002829599592772958, "uncertainty": 0.002594760840838868}, "Orthotists and Prosthetists_9386_9387": {"llm_label": "TASK_1", "label_logprob": 0.0, "p_task_1": 1.0, "uncertainty": 0.0}, "Orthotists and Prosthetists_9386_9388": {"llm_label": "TASK_1", "label_logprob": -0.000434, "p_task_1": 0.999566094164377, "uncertainty": 0.0037934070288954255}, "Orthotists and Prosthetists_9386_9389": {"llm_label": "TASK_1", "label_logprob": -1e-06, "p_task_1": 0.9999990000005, "uncertainty": 1.4815503149992376e-05}, "Orthotists and Prosthetists_9386_9390": {"llm_label": "TASK_1", "label_logprob": 0.0, "p_task_1": 1.0, "uncertainty": 0.0}, "Orthotists and Prosthetists_9386_9391": {"llm_label": "TASK_1", "label_logprob": -0.007427, "p_task_1": 0.9926005120117956, "uncertainty": 0.04367648098889146}, "Orthotists and Prosthetists_9386_9392": {"llm_label": "TASK_2", "label_logprob": -0.000574, "p_task_1": 0.0005738352935154012, "uncertainty": 0.004856299903256003}, "Orthotists and Prosthetists_9386_9393": {"llm_label": "TASK_1", "label_logprob": -0.000362, "p_task_1": 0.9996380655140944, "uncertainty": 0.0032298549802561665}, "Orthotists and Prosthetists_9386_9394": {"llm_label": "TASK_1", "label_logprob": -0.001763, "p_task_1": 0.9982385531716187, "uncertainty": 0.012930320557738108}, "Orthotists and Prosthetists_9386_9395": {"llm_label": "TASK_1", "label_logprob": 0.0, "p_task_1": 1.0, "uncertainty": 0.0}, "Orthotists and Prosthetists_9386_9396": {"llm_label": "TASK_1", "label_logprob": -0.001706, "p_task_1": 0.9982954543908189, "uncertainty": 0.012568644238825678}, "Orthotists and Prosthetists_9386_9397": {"llm_label": "TASK_1", "label_logprob": -0.58217, "p_task_1": 0.5586847044096452, "uncertainty": 0.6862434898305005}, "Orthotists and Prosthetists_9387_9388": {"llm_label": "TASK_2", "label_logprob": 0.0, "p_task_1": 0.0, "uncertainty": 0.0}, "Orthotists and Prosthetists_9387_9389": {"llm_label": "TASK_1", "label_logprob": -0.063472, "p_task_1": 0.9385003969438898,