{"Medical and Clinical Laboratory Technologists_1886_1887": {"llm_label": "TASK_2", "label_logprob": -5e-05, "p_task_1": 4.999875002087428e-05, "uncertainty": 0.0005451607485001352}, "Medical and Clinical Laboratory Technologists_1886_1888": {"llm_label": "TASK_2", "label_logprob": -0.000873, "p_task_1": 0.000872619046365597, "uncertainty": 0.007018976775434505}, "Medical and Clinical Laboratory Technologists_1886_1889": {"llm_label": "TASK_1", "label_logprob": -2.8e-05, "p_task_1": 0.9999720003919963, "uncertainty": 0.0003215280679255237}, "Medical and Clinical Laboratory Technologists_1886_1890": {"llm_label": "TASK_2", "label_logprob": -0.001229, "p_task_1": 0.0012282450887936003, "uncertainty": 0.009459396504621322}, "Medical and Clinical Laboratory Technologists_1886_1892": {"llm_label": "TASK_2", "label_logprob": -0.048751, "p_task_1": 0.04758174767965895, "uncertainty": 0.1913323259827604}, "Medical and Clinical Laboratory Technologists_1886_1893": {"llm_label": "TASK_1", "label_logprob": -0.075535, "p_task_1": 0.9272472763113824, "uncertainty": 0.26070188094986546}, "Medical and Clinical Laboratory Technologists_1886_1894": {"llm_label": "TASK_2", "label_logprob": -0.002839, "p_task_1": 0.0028349738504807043, "uncertainty": 0.01946012159706281}, "Medical and Clinical Laboratory Technologists_1886_1895": {"llm_label": "TASK_2", "label_logprob": -3e-06, "p_task_1": 2.9999955000192813e-06, "uncertainty": 4.1150633082097105e-05}, "Medical and Clinical Laboratory Technologists_1886_1896": {"llm_label": "TASK_2", "label_logprob": -0.000126, "p_task_1": 0.0001259920623334354, "uncertainty": 0.0012573035983213026}, "Medical and Clinical Laboratory Technologists_1886_1898": {"llm_label": "TASK_2", "label_logprob": -2e-06, "p_task_1": 1.9999979999907325e-06, "uncertainty": 2.8244698509961958e-05}, "Medical and Clinical Laboratory Technologists_1886_1899": {"llm_label": "TASK_2", "label_logprob": -0.00051, "p_task_1": 0.0005098699721056699, "uncertainty": 0.004375245137628914}, "Medical and Clinical Laboratory Technologists_1886_1901": {"llm_label": "TASK_2", "label_logprob": -0.015429, "p_task_1": 0.015310582781495441, "uncertainty": 0.07917892906587459}, "Medical and Clinical Laboratory Technologists_1886_15232": {"llm_label": "TASK_2", "label_logprob": -4e-06, "p_task_1": 3.9999919999589295e-06, "uncertainty": 5.371675735315082e-05}, "Medical and Clinical Laboratory Technologists_1886_15233": {"llm_label": "TASK_2", "label_logprob": -3e-06, "p_task_1": 2.9999955000192813e-06, "uncertainty": 4.1150633082097105e-05}, "Medical and Clinical Laboratory Technologists_1887_1888": {"llm_label": "TASK_2", "label_logprob": -0.013814, "p_task_1": 0.013719024535332247, "uncertainty": 0.07246499416371488}, "Medical and Clinical Laboratory Technologists_1887_1889": {"llm_label": "TASK_1", "label_logprob": -1e-06, "p_task_1": 0.9999990000005, "uncertainty": 1.4815503149992376e-05}, "Medical and Clinical Laboratory Technologists_1887_1890": {"llm_label": "EQUAL_TIME", "label_logprob": -0.023246, "p_task_1": 0.5, "uncertainty": 0.6931471805599453}, "Medical and Clinical Laboratory Technologists_1887_1892": {"llm_label": "TASK_1", "label_logprob": -0.008157, "p_task_1": 0.9918761780520887, "uncertainty": 0.04719031981068458}, "Medical and Clinical Laboratory Technologists_1887_1893": {"llm_label": "TASK_1", "label_logprob": -3.4e-05, "p_task_1": 0.9999660005779935, "uncertainty": 0.00038382457608067405}, "Medical and Clinical Laboratory Technologists_1887_1894": {"llm_label": "TASK_1", "label_logprob": -0.708171, "p_task_1": 0.4925442375338636, "uncertainty": 0.6930359996515832}, "Medical and Clinical Laboratory Technologists_1887_1895": {"llm_label": "TASK_2", "label_logprob": 0.0, "p_task_1": 0.0, "uncertainty": 0.0}, "Medical and Clinical Laboratory Technologists_1887_1896": {"llm_label": "TASK_2", "label_logprob": -0.000931, "p_task_1": 0.0009305667539610818, "uncertainty": 0.007425225996916392}, "Medical and Clinical Laboratory Technologists_1887_1898": {"llm_label": "TASK_2", "label_logprob": -0.107812, "p_task_1": 0.10220363371756724, "uncertainty": 0.32989804797218525}, "Medical and Clinical Laboratory Technologists_1887_1899": {"llm_label": "TASK_2", "label_logprob": -0.092418, "p_task_1": 0.08827603073519075, "uncertainty": 0.2985309376655989}, "Medical and Clinical Laboratory Technologists_1887_1901": {"llm_label": "TASK_1", "label_logprob": -0.777892, "p_task_1": 0.459373350394244, "uncertainty": 0.6898424893082935}, "Medical and Clinical Laboratory Technologists_1887_15232": {"llm_label": "TASK_2", "label_logprob": -0.00869, "p_task_1": 0.008652351085285503, "uncertainty": 0.049712822817149685}, "Medical and Clinical Laboratory Technologists_1887_15233": {"llm_label": "EQUAL_TIME", "label_logprob": -0.161605, "p_task_1": 0.5, "uncertainty": 0.6931471805599453}, "Medical and Clinical Laboratory Technologists_1888_1889": {"llm_label": "TASK_1", "label_logprob": -3e-05, "p_task_1": 0.9999700004499955, "uncertainty": 0.00034242425890051087}, "Medical and Clinical Laboratory Technologists_1888_1890": {"llm_label": "TASK_2", "label_logprob": -0.006151, "p_task_1": 0.0061321213269054375, "uncertainty": 0.03735162289910565}, "Medical and Clinical Laboratory Technologists_1888_1892": {"llm_label": "EQUAL_TIME", "label_logprob": -0.408485, "p_task_1": 0.5, "uncertainty": 0.6931471805599453}, "Medical and Clinical Laboratory Technologists_1888_1893": {"llm_label": "TASK_1", "label_logprob": -0.00089, "p_task_1": 0.9991103959325313, "uncertainty": 0.007138440247029463}, "Medical and Clinical Laboratory Technologists_1888_1894": {"llm_label": "TASK_2", "label_logprob": -0.11021, "p_task_1": 0.10435397012012404, "uncertainty": 0.33454563600097653}, "Medical and Clinical Laboratory Technologists_1888_1895": {"llm_label": "TASK_2", "label_logprob": -1e-06, "p_task_1": 9.999994999843054e-07, "uncertainty": 1.4815503149992376e-05}, "Medical and Clinical Laboratory Technologists_1888_1896": {"llm_label": "TASK_2", "label_logprob": -0.003237, "p_task_1": 0.003231766563900451, "uncertainty": 0.021759835699068402}, "Medical and Clinical Laboratory Technologists_1888_1898": {"llm_label": "TASK_2", "label_logprob": -0.002638, "p_task_1": 0.002634523535642863, "uncertainty": 0.01827762486287972}, "Medical and Clinical Laboratory Technologists_1888_1899": {"llm_label": "TASK_2", "label_logprob": -0.732277, "p_task_1": 0.5191870683441416, "uncertainty": 0.6924107125638623}, "Medical and Clinical Laboratory Technologists_1888_1901": {"llm_label": "TASK_1", "label_logprob": -0.477779, "p_task_1": 0.6201592370298945, "uncertainty": 0.6639861185433462}, "Medical and Clinical Laboratory Technologists_1888_15232": {"llm_label": "TASK_2", "label_logprob": -4.9e-05, "p_task_1": 4.899879951958397e-05, "uncertainty": 0.0005352477090615269}, "Medical and Clinical Laboratory Technologists_1888_15233": {"llm_label": "TASK_2", "label_logprob": -0.000992, "p_task_1": 0.0009915081306582918, "uncertainty": 0.007848567658565923}, "Medical and Clinical Laboratory Technologists_1889_1890": {"llm_label": "TASK_2", "label_logprob": 0.0, "p_task_1": 0.0, "uncertainty": 0.0}, "Medical and Clinical Laboratory Technologists_1889_1892": {"llm_label": "TASK_2", "label_logprob": -0.004106, "p_task_1": 0.004097581907503867, "uncertainty": 0.026615051065396803}, "Medical and Clinical Laboratory Technologists_1889_1893": {"llm_label": "TASK_2", "label_logprob": -0.000663, "p_task_1": 0.0006627802640642999, "uncertainty": 0.005513493768432354}, "Medical and Clinical Laboratory Technologists_1889_1894": {"llm_label": "TASK_2", "label_logprob": -0.00011, "p_task_1": 0.00010999395022182057, "uncertainty": 0.0011125921275054254}, "Medical and Clinical Laboratory Technologists_1889_1895": {"llm_label": "TASK_2", "label_logprob": 0.0, "p_task_1": 0.0, "uncertainty": 0.0}, "Medical and Clinical Laboratory Technologists_1889_1896": {"llm_label": "TASK_2", "label_logprob": 0.0, "p_task_1": 0.0, "uncertainty": 0.0},