{"Dietetic Technicians_4165_4166": {"llm_label": "TASK_2", "label_logprob": -0.100463, "p_task_1": 0.0955814247190111, "uncertainty": 0.3152644528741079}, "Dietetic Technicians_4165_4167": {"llm_label": "TASK_2", "label_logprob": -0.024746, "p_task_1": 0.024442327789801044, "uncertainty": 0.11485735642313744}, "Dietetic Technicians_4165_4169": {"llm_label": "TASK_2", "label_logprob": -0.000437, "p_task_1": 0.000436904529407367, "uncertainty": 0.0038166133203022807}, "Dietetic Technicians_4165_4170": {"llm_label": "TASK_1", "label_logprob": -0.008615, "p_task_1": 0.9914220027766181, "uncertainty": 0.049359970557838334}, "Dietetic Technicians_4165_4171": {"llm_label": "TASK_1", "label_logprob": -0.127165, "p_task_1": 0.8805883635295062, "uncertainty": 0.3657510766391165}, "Dietetic Technicians_4165_4172": {"llm_label": "TASK_2", "label_logprob": -0.030185, "p_task_1": 0.029733982269473103, "uncertainty": 0.13381624489600957}, "Dietetic Technicians_4165_4173": {"llm_label": "TASK_1", "label_logprob": -0.011595, "p_task_1": 0.9884719629508117, "uncertainty": 0.06291065288386492}, "Dietetic Technicians_4165_4174": {"llm_label": "TASK_1", "label_logprob": -0.038264, "p_task_1": 0.9624588182204727, "uncertainty": 0.16004957465752465}, "Dietetic Technicians_4165_4175": {"llm_label": "TASK_1", "label_logprob": -0.00097, "p_task_1": 0.9990304702979247, "uncertainty": 0.0076963347640837}, "Dietetic Technicians_4165_20421": {"llm_label": "TASK_2", "label_logprob": -1.7e-05, "p_task_1": 1.6999855500854366e-05, "uncertainty": 0.000203697321204896}, "Dietetic Technicians_4165_23922": {"llm_label": "TASK_1", "label_logprob": -0.474816, "p_task_1": 0.6219994938433255, "uncertainty": 0.6630767874428736}, "Dietetic Technicians_4165_23923": {"llm_label": "TASK_1", "label_logprob": -0.02982, "p_task_1": 0.9706202294667079, "uncertainty": 0.1325795350381962}, "Dietetic Technicians_4166_4167": {"llm_label": "TASK_2", "label_logprob": -0.010768, "p_task_1": 0.010710232620306681, "uncertainty": 0.05924023878767222}, "Dietetic Technicians_4166_4169": {"llm_label": "TASK_2", "label_logprob": -2.2e-05, "p_task_1": 2.1999758001767233e-05, "uncertainty": 0.0002579354610012207}, "Dietetic Technicians_4166_4170": {"llm_label": "TASK_1", "label_logprob": -0.013106, "p_task_1": 0.9869795096472181, "uncertainty": 0.06946030956604282}, "Dietetic Technicians_4166_4171": {"llm_label": "TASK_2", "label_logprob": -0.329507, "p_task_1": 0.2807217497862856, "uncertainty": 0.5936336911179966}, "Dietetic Technicians_4166_4172": {"llm_label": "TASK_2", "label_logprob": -0.00199, "p_task_1": 0.001988021262779971, "uncertainty": 0.014352759670045451}, "Dietetic Technicians_4166_4173": {"llm_label": "TASK_1", "label_logprob": -0.048489, "p_task_1": 0.9526678185942032, "uncertainty": 0.19058379857670424}, "Dietetic Technicians_4166_4174": {"llm_label": "TASK_2", "label_logprob": -0.043093, "p_task_1": 0.042177691549886154, "uncertainty": 0.174804265016429}, "Dietetic Technicians_4166_4175": {"llm_label": "TASK_1", "label_logprob": -1.2e-05, "p_task_1": 0.9999880000719997, "uncertainty": 0.00014796635909808146}, "Dietetic Technicians_4166_20421": {"llm_label": "TASK_2", "label_logprob": -7.3e-05, "p_task_1": 7.299733556487276e-05, "uncertainty": 0.0007683006882278183}, "Dietetic Technicians_4166_23922": {"llm_label": "TASK_2", "label_logprob": -0.203651, "p_task_1": 0.18425298277731894, "uncertainty": 0.47778158530960446}, "Dietetic Technicians_4166_23923": {"llm_label": "TASK_2", "label_logprob": -0.48151, "p_task_1": 0.3821502660264201, "uncertainty": 0.6651069801187262}, "Dietetic Technicians_4167_4169": {"llm_label": "TASK_2", "label_logprob": -0.000103, "p_task_1": 0.00010299469568209041, "uncertainty": 0.001048566499626208}, "Dietetic Technicians_4167_4170": {"llm_label": "TASK_1", "label_logprob": -0.132984, "p_task_1": 0.875479099662305, "uncertainty": 0.37583682590015344}, "Dietetic Technicians_4167_4171": {"llm_label": "TASK_2", "label_logprob": -0.497985, "p_task_1": 0.39224594885511466, "uncertainty": 0.6697421328160478}, "Dietetic Technicians_4167_4172": {"llm_label": "TASK_2", "label_logprob": -0.063496, "p_task_1": 0.06152212679535096, "uncertainty": 0.23113532906289783}, "Dietetic Technicians_4167_4173": {"llm_label": "TASK_1", "label_logprob": -0.051684, "p_task_1": 0.9496289021678966, "uncertainty": 0.199606472035937}, "Dietetic Technicians_4167_4174": {"llm_label": "TASK_1", "label_logprob": -0.474817, "p_task_1": 0.6219988718441427, "uncertainty": 0.6630770972248528}, "Dietetic Technicians_4167_4175": {"llm_label": "TASK_1", "label_logprob": -6.3e-05, "p_task_1": 0.9999370019844583, "uncertainty": 0.0006723384985142869}, "Dietetic Technicians_4167_20421": {"llm_label": "TASK_2", "label_logprob": -2.2e-05, "p_task_1": 2.1999758001767233e-05, "uncertainty": 0.0002579354610012207}, "Dietetic Technicians_4167_23922": {"llm_label": "TASK_2", "label_logprob": -0.097805, "p_task_1": 0.0931742824710643, "uncertainty": 0.30982107973225415}, "Dietetic Technicians_4167_23923": {"llm_label": "TASK_1", "label_logprob": -0.033782, "p_task_1": 0.9667822401948588, "uncertainty": 0.1457553682498134}, "Dietetic Technicians_4169_4170": {"llm_label": "TASK_1", "label_logprob": -2.3e-05, "p_task_1": 0.999977000264498, "uncertainty": 0.00026863728652655293}, "Dietetic Technicians_4169_4171": {"llm_label": "TASK_1", "label_logprob": -0.001046, "p_task_1": 0.998954546867309, "uncertainty": 0.00822017003062712}, "Dietetic Technicians_4169_4172": {"llm_label": "TASK_2", "label_logprob": -0.004832, "p_task_1": 0.004820344668410859, "uncertainty": 0.030524812324805205}, "Dietetic Technicians_4169_4173": {"llm_label": "TASK_1", "label_logprob": -0.004434, "p_task_1": 0.995575815665088, "uncertainty": 0.028396423583502098}, "Dietetic Technicians_4169_4174": {"llm_label": "TASK_1", "label_logprob": -0.142963, "p_task_1": 0.8667861393893386, "uncertainty": 0.39245077614822027}, "Dietetic Technicians_4169_4175": {"llm_label": "TASK_1", "label_logprob": 0.0, "p_task_1": 1.0, "uncertainty": 0.0}, "Dietetic Technicians_4169_20421": {"llm_label": "TASK_2", "label_logprob": -1e-06, "p_task_1": 9.999994999843054e-07, "uncertainty": 1.4815503149992376e-05}, "Dietetic Technicians_4169_23922": {"llm_label": "TASK_1", "label_logprob": -0.004147, "p_task_1": 0.995861586930399, "uncertainty": 0.02683914333904474}, "Dietetic Technicians_4169_23923": {"llm_label": "TASK_1", "label_logprob": -0.002008, "p_task_1": 0.9979940146832798, "uncertainty": 0.01446439031228608}, "Dietetic Technicians_4170_4171": {"llm_label": "TASK_2", "label_logprob": -0.007059, "p_task_1": 0.007034143780572877, "uncertainty": 0.04187745112311368}, "Dietetic Technicians_4170_4172": {"llm_label": "TASK_2", "label_logprob": -4.7e-05, "p_task_1": 4.699889551729175e-05, "uncertainty": 0.0005153599478945111}, "Dietetic Technicians_4170_4173": {"llm_label": "TASK_2", "label_logprob": -0.051132, "p_task_1": 0.049846757973619815, "uncertainty": 0.19806378411981918}, "Dietetic Technicians_4170_4174": {"llm_label": "TASK_2", "label_logprob": -0.003028, "p_task_1": 0.003023420231679008, "uncertainty": 0.020558814116583606}, "Dietetic Technicians_4170_4175": {"llm_label": "TASK_1", "label_logprob": -0.000527, "p_task_1": 0.9994731388401094, "uncertainty": 0.004503772532766237}, "Dietetic Technicians_4170_20421": {"llm_label": "TASK_2", "label_logprob": 0.0, "p_task_1": 0.0, "uncertainty": 0.0}, "Dietetic Technicians_4170_23922": {"llm_label": "TASK_2", "label_logprob": -0.251977, "p_task_1": 0.22273738509649543, "uncertainty": 0.5303508087090852}, "Dietetic Technicians_4170_23923": {"llm_label": "TASK_2", "label_logprob": -0.003063, "p_task_1": 0.003058313801329815, "uncertainty": 0.020760937651638604}, "Dietetic Technicians_4171_4172": {"llm_label": "TASK_2", "label_logprob": -0.113044, "p_task_1": 0.10688863764847245, "uncertainty": 0.33996042812511307}, "Dietetic Technicians_4171_4173": {"llm_label": "TASK_2", "label_logprob": -0.171841,