{"Cytotechnologists_17395_17396": {"llm_label": "TASK_1", "label_logprob": -0.001006, "p_task_1": 0.9989945058483579, "uncertainty": 0.007945186789946669}, "Cytotechnologists_17395_17397": {"llm_label": "TASK_2", "label_logprob": -0.000267, "p_task_1": 0.0002669643586721282, "uncertainty": 0.00246361702046855}, "Cytotechnologists_17395_17398": {"llm_label": "TASK_1", "label_logprob": -1e-06, "p_task_1": 0.9999990000005, "uncertainty": 1.4815503149992376e-05}, "Cytotechnologists_17395_17399": {"llm_label": "TASK_1", "label_logprob": -0.008818, "p_task_1": 0.9912207645364269, "uncertainty": 0.0503134774019548}, "Cytotechnologists_17395_17400": {"llm_label": "TASK_1", "label_logprob": -0.780438, "p_task_1": 0.4582052734370742, "uncertainty": 0.689649502399766}, "Cytotechnologists_17395_17401": {"llm_label": "TASK_1", "label_logprob": 0.0, "p_task_1": 1.0, "uncertainty": 0.0}, "Cytotechnologists_17395_17402": {"llm_label": "TASK_1", "label_logprob": -0.001072, "p_task_1": 0.9989285743867341, "uncertainty": 0.008398079596331499}, "Cytotechnologists_17395_17404": {"llm_label": "TASK_1", "label_logprob": -0.011252, "p_task_1": 0.9888110669871214, "uncertainty": 0.06139607729887052}, "Cytotechnologists_17395_17405": {"llm_label": "TASK_1", "label_logprob": -1e-06, "p_task_1": 0.9999990000005, "uncertainty": 1.4815503149992376e-05}, "Cytotechnologists_17395_17406": {"llm_label": "TASK_1", "label_logprob": -0.001188, "p_task_1": 0.9988127053926369, "uncertainty": 0.009184298577276265}, "Cytotechnologists_17395_17407": {"llm_label": "TASK_1", "label_logprob": -1.9e-05, "p_task_1": 0.9999810001804988, "uncertainty": 0.00022554821728270377}, "Cytotechnologists_17395_17408": {"llm_label": "TASK_2", "label_logprob": -0.048591, "p_task_1": 0.04742934856768388, "uncertainty": 0.19087539714311785}, "Cytotechnologists_17396_17397": {"llm_label": "TASK_2", "label_logprob": -6e-06, "p_task_1": 5.9999820000156134e-06, "uncertainty": 7.814227210513045e-05}, "Cytotechnologists_17396_17398": {"llm_label": "TASK_1", "label_logprob": -4e-05, "p_task_1": 0.9999600007999894, "uncertainty": 0.00044505634297012944}, "Cytotechnologists_17396_17399": {"llm_label": "TASK_2", "label_logprob": -0.041111, "p_task_1": 0.04027740517281675, "uncertainty": 0.16882475651795295}, "Cytotechnologists_17396_17400": {"llm_label": "TASK_2", "label_logprob": -0.228546, "p_task_1": 0.2043103053633213, "uncertainty": 0.5063200262260463}, "Cytotechnologists_17396_17401": {"llm_label": "TASK_1", "label_logprob": -2e-06, "p_task_1": 0.999998000002, "uncertainty": 2.8244698509961958e-05}, "Cytotechnologists_17396_17402": {"llm_label": "TASK_1", "label_logprob": -0.554968, "p_task_1": 0.5740906318027225, "uncertainty": 0.6821278016857067}, "Cytotechnologists_17396_17404": {"llm_label": "TASK_2", "label_logprob": -1.6e-05, "p_task_1": 1.5999872000738158e-05, "uncertainty": 0.00019268520788660168}, "Cytotechnologists_17396_17405": {"llm_label": "TASK_1", "label_logprob": -1e-06, "p_task_1": 0.9999990000005, "uncertainty": 1.4815503149992376e-05}, "Cytotechnologists_17396_17406": {"llm_label": "TASK_1", "label_logprob": -0.079692, "p_task_1": 0.923400710011073, "uncertainty": 0.2703840535504592}, "Cytotechnologists_17396_17407": {"llm_label": "TASK_1", "label_logprob": -0.018809, "p_task_1": 0.9813667853993361, "uncertainty": 0.09267107310356162}, "Cytotechnologists_17396_17408": {"llm_label": "TASK_2", "label_logprob": -0.000204, "p_task_1": 0.00020397919341486048, "uncertainty": 0.0019372700671688274}, "Cytotechnologists_17397_17398": {"llm_label": "TASK_1", "label_logprob": -1e-06, "p_task_1": 0.9999990000005, "uncertainty": 1.4815503149992376e-05}, "Cytotechnologists_17397_17399": {"llm_label": "TASK_1", "label_logprob": -0.000567, "p_task_1": 0.9994331607141236, "uncertainty": 0.004804048692239079}, "Cytotechnologists_17397_17400": {"llm_label": "TASK_1", "label_logprob": -0.100629, "p_task_1": 0.9042684542578819, "uncertainty": 0.3156016916292642}, "Cytotechnologists_17397_17401": {"llm_label": "TASK_1", "label_logprob": -1e-06, "p_task_1": 0.9999990000005, "uncertainty": 1.4815503149992376e-05}, "Cytotechnologists_17397_17402": {"llm_label": "TASK_1", "label_logprob": -0.003005, "p_task_1": 0.996999510493358, "uncertainty": 0.020425766567476758}, "Cytotechnologists_17397_17404": {"llm_label": "TASK_1", "label_logprob": -0.000716, "p_task_1": 0.999284256266834, "uncertainty": 0.005899038467466428}, "Cytotechnologists_17397_17405": {"llm_label": "TASK_1", "label_logprob": -1e-06, "p_task_1": 0.9999990000005, "uncertainty": 1.4815503149992376e-05}, "Cytotechnologists_17397_17406": {"llm_label": "TASK_1", "label_logprob": -0.010768, "p_task_1": 0.9892897673796933, "uncertainty": 0.05924023878767222}, "Cytotechnologists_17397_17407": {"llm_label": "TASK_1", "label_logprob": -8.6e-05, "p_task_1": 0.999914003697894, "uncertainty": 0.0008910217260505452}, "Cytotechnologists_17397_17408": {"llm_label": "TASK_1", "label_logprob": -0.134539, "p_task_1": 0.8741187875790806, "uncertainty": 0.3784813786984438}, "Cytotechnologists_17398_17399": {"llm_label": "TASK_2", "label_logprob": -0.002004, "p_task_1": 0.0020019933326775874, "uncertainty": 0.014439597657915141}, "Cytotechnologists_17398_17400": {"llm_label": "TASK_2", "label_logprob": -0.001188, "p_task_1": 0.0011872946073631097, "uncertainty": 0.009184298577276265}, "Cytotechnologists_17398_17401": {"llm_label": "TASK_1", "label_logprob": -0.009651, "p_task_1": 0.9903954214426913, "uncertainty": 0.05417652343770982}, "Cytotechnologists_17398_17402": {"llm_label": "CANNOT_DECIDE", "label_logprob": -0.024399, "p_task_1": 0.5, "uncertainty": 0.6931471805599453}, "Cytotechnologists_17398_17404": {"llm_label": "TASK_2", "label_logprob": -1e-06, "p_task_1": 9.999994999843054e-07, "uncertainty": 1.4815503149992376e-05}, "Cytotechnologists_17398_17405": {"llm_label": "TASK_1", "label_logprob": -0.000168, "p_task_1": 0.9998320141112098, "uncertainty": 0.0016280430659486949}, "Cytotechnologists_17398_17406": {"llm_label": "TASK_2", "label_logprob": -0.291023, "p_task_1": 0.252501514644787, "uncertainty": 0.5650666893688583}, "Cytotechnologists_17398_17407": {"llm_label": "TASK_1", "label_logprob": -0.837258, "p_task_1": 0.43289589809028994, "uncertainty": 0.6841140273513564}, "Cytotechnologists_17398_17408": {"llm_label": "TASK_2", "label_logprob": -0.000328, "p_task_1": 0.00032794621388076983, "uncertainty": 0.0029588937158356787}, "Cytotechnologists_17399_17400": {"llm_label": "TASK_2", "label_logprob": -0.129907, "p_task_1": 0.12182290240692162, "uncertainty": 0.37054133151769186}, "Cytotechnologists_17399_17401": {"llm_label": "TASK_1", "label_logprob": -1.6e-05, "p_task_1": 0.9999840001279993, "uncertainty": 0.00019268520788660168}, "Cytotechnologists_17399_17402": {"llm_label": "TASK_2", "label_logprob": -0.43286, "p_task_1": 0.3513487033699818, "uncertainty": 0.6482775438598715}, "Cytotechnologists_17399_17404": {"llm_label": "TASK_2", "label_logprob": -4.3e-05, "p_task_1": 4.299907551330584e-05, "uncertainty": 0.0004753251294579815}, "Cytotechnologists_17399_17405": {"llm_label": "TASK_1", "label_logprob": -1.6e-05, "p_task_1": 0.9999840001279993, "uncertainty": 0.00019268520788660168}, "Cytotechnologists_17399_17406": {"llm_label": "CANNOT_DECIDE", "label_logprob": -0.085113, "p_task_1": 0.5, "uncertainty": 0.6931471805599453}, "Cytotechnologists_17399_17407": {"llm_label": "TASK_1", "label_logprob": -0.024865, "p_task_1": 0.9754415877543681, "uncertainty": 0.11528504203004838}, "Cytotechnologists_17399_17408": {"llm_label": "TASK_2", "label_logprob": -0.325032, "p_task_1": 0.27749576686331434, "uncertainty": 0.5905725833642659}, "Cytotechnologists_17400_17401": {"llm_label": "TASK_1", "label_logprob": -1.1e-05, "p_task_1": 0.9999890000604997, "uncertainty": 0.0001365930168744248}, "Cytotechnologists_17400_17402": {"llm_label": "TASK_1", "label_logprob": -0.358957, "p_task_1": 0.6984043820943381, "uncertainty": 0.612210209915657},