{"Patient Representatives_17667_17668": {"llm_label": "TASK_2", "label_logprob": -0.000515, "p_task_1": 0.0005148674102621875, "uncertainty": 0.004413105516991403}, "Patient Representatives_17667_17669": {"llm_label": "TASK_2", "label_logprob": -1.1e-05, "p_task_1": 1.0999939500266898e-05, "uncertainty": 0.0001365930168744248}, "Patient Representatives_17667_17670": {"llm_label": "TASK_2", "label_logprob": -0.005219, "p_task_1": 0.005205404681105863, "uncertainty": 0.03256215184209584}, "Patient Representatives_17667_17671": {"llm_label": "EQUAL_TIME", "label_logprob": -0.257633, "p_task_1": 0.5, "uncertainty": 0.6931471805599453}, "Patient Representatives_17667_17672": {"llm_label": "TASK_2", "label_logprob": -0.002605, "p_task_1": 0.0026016099318481034, "uncertainty": 0.0180820290511419}, "Patient Representatives_17667_17673": {"llm_label": "TASK_2", "label_logprob": -1.9e-05, "p_task_1": 1.8999819501153148e-05, "uncertainty": 0.00022554821728270377}, "Patient Representatives_17667_17674": {"llm_label": "TASK_2", "label_logprob": 2.7e-05, "p_task_1": 0.0, "uncertainty": 0.0}, "Patient Representatives_17667_17675": {"llm_label": "TASK_2", "label_logprob": 0.0, "p_task_1": 0.0, "uncertainty": 0.0}, "Patient Representatives_17667_17676": {"llm_label": "TASK_2", "label_logprob": -0.010059, "p_task_1": 0.010008577467875313, "uncertainty": 0.05604094513299049}, "Patient Representatives_17667_17677": {"llm_label": "TASK_2", "label_logprob": -1.5e-05, "p_task_1": 1.4999887500533049e-05, "uncertainty": 0.00018161054327026476}, "Patient Representatives_17667_17678": {"llm_label": "TASK_2", "label_logprob": -0.023281, "p_task_1": 0.023012088405465425, "uncertainty": 0.10954076905966442}, "Patient Representatives_17667_17679": {"llm_label": "TASK_2", "label_logprob": 4e-06, "p_task_1": 0.0, "uncertainty": 0.0}, "Patient Representatives_17668_17669": {"llm_label": "TASK_2", "label_logprob": -4e-06, "p_task_1": 3.9999919999589295e-06, "uncertainty": 5.371675735315082e-05}, "Patient Representatives_17668_17670": {"llm_label": "TASK_2", "label_logprob": -0.004623, "p_task_1": 0.004612330383711005, "uncertainty": 0.02941150400238788}, "Patient Representatives_17668_17671": {"llm_label": "TASK_1", "label_logprob": -0.544109, "p_task_1": 0.5803586525998632, "uncertainty": 0.6801759726327473}, "Patient Representatives_17668_17672": {"llm_label": "TASK_2", "label_logprob": -0.25703, "p_task_1": 0.2266549869329516, "uncertainty": 0.5352028266228358}, "Patient Representatives_17668_17673": {"llm_label": "TASK_2", "label_logprob": -3.4e-05, "p_task_1": 3.39994220065476e-05, "uncertainty": 0.00038382457608067405}, "Patient Representatives_17668_17674": {"llm_label": "TASK_2", "label_logprob": 2.3e-05, "p_task_1": 0.0, "uncertainty": 0.0}, "Patient Representatives_17668_17675": {"llm_label": "TASK_2", "label_logprob": -0.000168, "p_task_1": 0.00016798588879018972, "uncertainty": 0.0016280430659486949}, "Patient Representatives_17668_17676": {"llm_label": "TASK_2", "label_logprob": -0.000904, "p_task_1": 0.0009035915150994445, "uncertainty": 0.0072365764080304425}, "Patient Representatives_17668_17677": {"llm_label": "TASK_2", "label_logprob": -0.007618, "p_task_1": 0.007589056581621678, "uncertainty": 0.04460273596228595}, "Patient Representatives_17668_17678": {"llm_label": "TASK_1", "label_logprob": -0.483002, "p_task_1": 0.6169285895151345, "uncertainty": 0.6655477305364833}, "Patient Representatives_17668_17679": {"llm_label": "TASK_2", "label_logprob": -4e-06, "p_task_1": 3.9999919999589295e-06, "uncertainty": 5.371675735315082e-05}, "Patient Representatives_17669_17670": {"llm_label": "TASK_1", "label_logprob": -0.002831, "p_task_1": 0.9971730035016378, "uncertainty": 0.01941334004421507}, "Patient Representatives_17669_17671": {"llm_label": "TASK_1", "label_logprob": 1.5e-05, "p_task_1": 1.0, "uncertainty": 0.0}, "Patient Representatives_17669_17672": {"llm_label": "TASK_1", "label_logprob": -0.00079, "p_task_1": 0.999210311967843, "uncertainty": 0.006430806831267034}, "Patient Representatives_17669_17673": {"llm_label": "TASK_2", "label_logprob": -0.01767, "p_task_1": 0.01751480101646974, "uncertainty": 0.08820278647538425}, "Patient Representatives_17669_17674": {"llm_label": "TASK_2", "label_logprob": -0.031639, "p_task_1": 0.031143723928703904, "uncertainty": 0.13869566103764644}, "Patient Representatives_17669_17675": {"llm_label": "TASK_1", "label_logprob": -0.731903, "p_task_1": 0.480992789323585, "uncertainty": 0.6924244583186192}, "Patient Representatives_17669_17676": {"llm_label": "TASK_1", "label_logprob": -0.0163, "p_task_1": 0.9838321261405697, "uncertainty": 0.08272456346177949}, "Patient Representatives_17669_17677": {"llm_label": "TASK_2", "label_logprob": -0.010731, "p_task_1": 0.010673628221736453, "uncertainty": 0.059074511751720744}, "Patient Representatives_17669_17678": {"llm_label": "TASK_1", "label_logprob": -0.00341, "p_task_1": 0.9965958074469932, "uncertainty": 0.02274355843434661}, "Patient Representatives_17669_17679": {"llm_label": "TASK_2", "label_logprob": -0.00774, "p_task_1": 0.007710123331496788, "uncertainty": 0.045191778324650864}, "Patient Representatives_17670_17671": {"llm_label": "TASK_1", "label_logprob": -0.000549, "p_task_1": 0.9994511506729256, "uncertainty": 0.004669287422153753}, "Patient Representatives_17670_17672": {"llm_label": "TASK_1", "label_logprob": -0.008789, "p_task_1": 0.9912495103554108, "uncertainty": 0.05017756138067304}, "Patient Representatives_17670_17673": {"llm_label": "TASK_2", "label_logprob": -0.001583, "p_task_1": 0.0015817477163755367, "uncertainty": 0.011781542841321697}, "Patient Representatives_17670_17674": {"llm_label": "TASK_2", "label_logprob": -0.000126, "p_task_1": 0.0001259920623334354, "uncertainty": 0.0012573035983213026}, "Patient Representatives_17670_17675": {"llm_label": "TASK_2", "label_logprob": -0.00523, "p_task_1": 0.0052163473614695866, "uncertainty": 0.03261962042457276}, "Patient Representatives_17670_17676": {"llm_label": "TASK_2", "label_logprob": -0.079182, "p_task_1": 0.07612823551814141, "uncertainty": 0.26920980349580886}, "Patient Representatives_17670_17677": {"llm_label": "TASK_2", "label_logprob": -8.8e-05, "p_task_1": 8.79961281136099e-05, "uncertainty": 0.0009097192612209179}, "Patient Representatives_17670_17678": {"llm_label": "TASK_1", "label_logprob": -0.164696, "p_task_1": 0.8481515029574013, "uncertainty": 0.42590213799902493}, "Patient Representatives_17670_17679": {"llm_label": "TASK_2", "label_logprob": -9.2e-05, "p_task_1": 9.199576812979338e-05, "uncertainty": 0.000946978860581264}, "Patient Representatives_17671_17672": {"llm_label": "TASK_2", "label_logprob": -3.4e-05, "p_task_1": 3.39994220065476e-05, "uncertainty": 0.00038382457608067405}, "Patient Representatives_17671_17673": {"llm_label": "TASK_2", "label_logprob": -1.1e-05, "p_task_1": 1.0999939500266898e-05, "uncertainty": 0.0001365930168744248}, "Patient Representatives_17671_17674": {"llm_label": "TASK_2", "label_logprob": -1.5e-05, "p_task_1": 1.4999887500533049e-05, "uncertainty": 0.00018161054327026476}, "Patient Representatives_17671_17675": {"llm_label": "TASK_2", "label_logprob": -4.6e-05, "p_task_1": 4.599894201617882e-05, "uncertainty": 0.0005053843575021392}, "Patient Representatives_17671_17676": {"llm_label": "TASK_2", "label_logprob": -0.002113, "p_task_1": 0.0021107691870125844, "uncertainty": 0.01511236169993892}, "Patient Representatives_17671_17677": {"llm_label": "TASK_2", "label_logprob": -0.000484, "p_task_1": 0.00048388289089440484, "uncertainty": 0.004177566967170598}, "Patient Representatives_17671_17678": {"llm_label": "TASK_2", "label_logprob": -0.128452, "p_task_1": 0.12054422471748738, "uncertainty": 0.3680079204728956}, "Patient Representatives_17671_17679": {"llm_label": "TASK_2", "label_logprob": 1.5e-05, "p_task_1": 0.0, "uncertainty": 0.0}, "Patient Representatives_17672_17673": {"llm_label": "TASK_2", "label_logprob": -3.8e-05,