{"Histology Technicians_22794_22795": {"llm_label": "TASK_2", "label_logprob": -0.000697, "p_task_1": 0.0006967571519249649, "uncertainty": 0.005761293397719823}, "Histology Technicians_22794_22796": {"llm_label": "TASK_2", "label_logprob": -2.5e-05, "p_task_1": 2.4999687502580414e-05, "uncertainty": 0.0002899122444096467}, "Histology Technicians_22794_22797": {"llm_label": "TASK_2", "label_logprob": -0.483043, "p_task_1": 0.38309670403851415, "uncertainty": 0.6655597823670283}, "Histology Technicians_22794_22798": {"llm_label": "TASK_2", "label_logprob": -0.000767, "p_task_1": 0.0007667059306885049, "uncertainty": 0.0062663058046345255}, "Histology Technicians_22794_22799": {"llm_label": "TASK_2", "label_logprob": -0.006117, "p_task_1": 0.0060983292445684345, "uncertainty": 0.037179592782847964}, "Histology Technicians_22794_22800": {"llm_label": "TASK_2", "label_logprob": -0.002884, "p_task_1": 0.002879845267042991, "uncertainty": 0.019722843228992346}, "Histology Technicians_22794_22801": {"llm_label": "TASK_2", "label_logprob": -0.000166, "p_task_1": 0.00016598622276231545, "uncertainty": 0.0016106510922059244}, "Histology Technicians_22795_22796": {"llm_label": "TASK_2", "label_logprob": -0.000565, "p_task_1": 0.0005648404175561117, "uncertainty": 0.004789103885419416}, "Histology Technicians_22795_22797": {"llm_label": "TASK_1", "label_logprob": -0.010199, "p_task_1": 0.9898528334344334, "uncertainty": 0.056676693796207246}, "Histology Technicians_22795_22798": {"llm_label": "TASK_2", "label_logprob": -0.008141, "p_task_1": 0.008107951802101665, "uncertainty": 0.047114051334459756}, "Histology Technicians_22795_22799": {"llm_label": "TASK_1", "label_logprob": -0.011966, "p_task_1": 0.9881053078712798, "uncertainty": 0.06453693533101448}, "Histology Technicians_22795_22800": {"llm_label": "TASK_2", "label_logprob": -0.000861, "p_task_1": 0.000860629445856631, "uncertainty": 0.006934449539774961}, "Histology Technicians_22795_22801": {"llm_label": "TASK_2", "label_logprob": -0.006826, "p_task_1": 0.006802755780418557, "uncertainty": 0.04072822382346938}, "Histology Technicians_22796_22797": {"llm_label": "TASK_1", "label_logprob": -0.002683, "p_task_1": 0.9973205960277336, "uncertainty": 0.018543672619371017}, "Histology Technicians_22796_22798": {"llm_label": "TASK_2", "label_logprob": -0.029002, "p_task_1": 0.0285854783643813, "uncertainty": 0.1297902357991983}, "Histology Technicians_22796_22799": {"llm_label": "TASK_1", "label_logprob": -0.001116, "p_task_1": 0.9988846224964097, "uncertainty": 0.008697718755295493}, "Histology Technicians_22796_22800": {"llm_label": "TASK_2", "label_logprob": -0.03777, "p_task_1": 0.03706560966668593, "uncertainty": 0.1585036510751287}, "Histology Technicians_22796_22801": {"llm_label": "TASK_2", "label_logprob": -0.400036, "p_task_1": 0.3297040850516558, "uncertainty": 0.6339688751145729}, "Histology Technicians_22797_22798": {"llm_label": "TASK_2", "label_logprob": -0.084869, "p_task_1": 0.0813673826076472, "uncertainty": 0.2820963581334039}, "Histology Technicians_22797_22799": {"llm_label": "EQUAL_TIME", "label_logprob": -0.695077, "p_task_1": 0.5, "uncertainty": 0.6931471805599453}, "Histology Technicians_22797_22800": {"llm_label": "TASK_2", "label_logprob": -0.011095, "p_task_1": 0.011033677488121785, "uncertainty": 0.06069919318416187}, "Histology Technicians_22797_22801": {"llm_label": "TASK_2", "label_logprob": -0.006851, "p_task_1": 0.0068275854011524695, "uncertainty": 0.040851919189684345}, "Histology Technicians_22798_22799": {"llm_label": "TASK_1", "label_logprob": -0.023974, "p_task_1": 0.9763110935163505, "uncertainty": 0.11206769949957893}, "Histology Technicians_22798_22800": {"llm_label": "TASK_2", "label_logprob": -0.031676, "p_task_1": 0.031179570947744706, "uncertainty": 0.13881886400669333}, "Histology Technicians_22798_22801": {"llm_label": "TASK_2", "label_logprob": -0.134694, "p_task_1": 0.12601669033318474, "uncertainty": 0.3787438349303261}, "Histology Technicians_22799_22800": {"llm_label": "TASK_2", "label_logprob": -0.000715, "p_task_1": 0.0007147444484101317, "uncertainty": 0.005891801476118052}, "Histology Technicians_22799_22801": {"llm_label": "TASK_2", "label_logprob": -3.7e-05, "p_task_1": 3.699931550849023e-05, "uncertainty": 0.00041456225843036797}, "Histology Technicians_22800_22801": {"llm_label": "TASK_1", "label_logprob": -0.213529, "p_task_1": 0.807728735677575, "uncertainty": 0.48949961211310866}}