{"Hearing Aid Specialists_17439_17440": {"llm_label": "TASK_1", "label_logprob": -0.634529, "p_task_1": 0.530185146722505, "uncertainty": 0.6913237858688293}, "Hearing Aid Specialists_17439_17441": {"llm_label": "EQUAL_TIME", "label_logprob": -0.413975, "p_task_1": 0.5, "uncertainty": 0.6931471805599453}, "Hearing Aid Specialists_17439_17442": {"llm_label": "TASK_1", "label_logprob": -0.000193, "p_task_1": 0.9998070186233019, "uncertainty": 0.00184351642647025}, "Hearing Aid Specialists_17439_17443": {"llm_label": "TASK_1", "label_logprob": -0.000374, "p_task_1": 0.9996260699292818, "uncertainty": 0.003324707523564956}, "Hearing Aid Specialists_17439_17444": {"llm_label": "TASK_1", "label_logprob": -6e-06, "p_task_1": 0.999994000018, "uncertainty": 7.814227210513045e-05}, "Hearing Aid Specialists_17439_17445": {"llm_label": "TASK_2", "label_logprob": -0.058958, "p_task_1": 0.057253636327116664, "uncertainty": 0.21934296194613623}, "Hearing Aid Specialists_17439_17446": {"llm_label": "TASK_1", "label_logprob": -0.000394, "p_task_1": 0.9996060776078072, "uncertainty": 0.003481942916324891}, "Hearing Aid Specialists_17439_17447": {"llm_label": "TASK_2", "label_logprob": -0.224273, "p_task_1": 0.20090304887894928, "uncertainty": 0.5016517695475757}, "Hearing Aid Specialists_17439_17448": {"llm_label": "TASK_1", "label_logprob": -0.080369, "p_task_1": 0.9227757792933121, "uncertainty": 0.27193704940297014}, "Hearing Aid Specialists_17439_21189": {"llm_label": "TASK_1", "label_logprob": -0.040613, "p_task_1": 0.9602006557066861, "uncertainty": 0.16730592800067448}, "Hearing Aid Specialists_17440_17441": {"llm_label": "TASK_2", "label_logprob": -0.202584, "p_task_1": 0.18338211618523814, "uncertainty": 0.47648338872859497}, "Hearing Aid Specialists_17440_17442": {"llm_label": "TASK_1", "label_logprob": -0.046157, "p_task_1": 0.9548920323724494, "uncertainty": 0.1838508476376069}, "Hearing Aid Specialists_17440_17443": {"llm_label": "CANNOT_DECIDE", "label_logprob": -0.377489, "p_task_1": 0.5, "uncertainty": 0.6931471805599453}, "Hearing Aid Specialists_17440_17444": {"llm_label": "TASK_1", "label_logprob": -9e-06, "p_task_1": 0.9999910000404999, "uncertainty": 0.0001135640627863842}, "Hearing Aid Specialists_17440_17445": {"llm_label": "TASK_2", "label_logprob": -0.023575, "p_task_1": 0.023299280632148256, "uncertainty": 0.11061546919386298}, "Hearing Aid Specialists_17440_17446": {"llm_label": "TASK_1", "label_logprob": -0.033516, "p_task_1": 0.9670394384766056, "uncertainty": 0.14488734898534011}, "Hearing Aid Specialists_17440_17447": {"llm_label": "TASK_2", "label_logprob": -0.007771, "p_task_1": 0.007740883840883228, "uncertainty": 0.045341135160664715}, "Hearing Aid Specialists_17440_17448": {"llm_label": "TASK_2", "label_logprob": -0.061975, "p_task_1": 0.060093615843025416, "uncertainty": 0.2272250321419681}, "Hearing Aid Specialists_17440_21189": {"llm_label": "TASK_1", "label_logprob": -0.160906, "p_task_1": 0.8513720963229614, "uncertainty": 0.4203216465142824}, "Hearing Aid Specialists_17441_17442": {"llm_label": "TASK_1", "label_logprob": -0.004137, "p_task_1": 0.9958715455960615, "uncertainty": 0.026784524986966502}, "Hearing Aid Specialists_17441_17443": {"llm_label": "TASK_1", "label_logprob": -0.429967, "p_task_1": 0.6505305618776486, "uncertainty": 0.6471175816131002}, "Hearing Aid Specialists_17441_17444": {"llm_label": "TASK_1", "label_logprob": -6.6e-05, "p_task_1": 0.999934002177952, "uncertainty": 0.0007012833412595727}, "Hearing Aid Specialists_17441_17445": {"llm_label": "TASK_2", "label_logprob": -0.001133, "p_task_1": 0.001132358397834654, "uncertainty": 0.008813016718294507}, "Hearing Aid Specialists_17441_17446": {"llm_label": "TASK_1", "label_logprob": -0.006398, "p_task_1": 0.993622423622009, "uncertainty": 0.038595635237974255}, "Hearing Aid Specialists_17441_17447": {"llm_label": "TASK_2", "label_logprob": -0.026154, "p_task_1": 0.025814946441978015, "uncertainty": 0.11987897425596498}, "Hearing Aid Specialists_17441_17448": {"llm_label": "TASK_2", "label_logprob": -0.01939, "p_task_1": 0.01920322309947764, "uncertainty": 0.09492179054577195}, "Hearing Aid Specialists_17441_21189": {"llm_label": "EQUAL_TIME", "label_logprob": -0.477595, "p_task_1": 0.5, "uncertainty": 0.6931471805599453}, "Hearing Aid Specialists_17442_17443": {"llm_label": "TASK_2", "label_logprob": -0.007524, "p_task_1": 0.007495765568331425, "uncertainty": 0.04414750858569289}, "Hearing Aid Specialists_17442_17444": {"llm_label": "TASK_1", "label_logprob": -0.086237, "p_task_1": 0.9173767871554913, "uncertainty": 0.2851298792492259}, "Hearing Aid Specialists_17442_17445": {"llm_label": "TASK_2", "label_logprob": -0.00092, "p_task_1": 0.000919576929751531, "uncertainty": 0.007348465157049141}, "Hearing Aid Specialists_17442_17446": {"llm_label": "TASK_1", "label_logprob": -0.050966, "p_task_1": 0.9503109805564923, "uncertainty": 0.197598560079406}, "Hearing Aid Specialists_17442_17447": {"llm_label": "TASK_2", "label_logprob": -0.000348, "p_task_1": 0.00034793945502342716, "uncertainty": 0.003118688529688137}, "Hearing Aid Specialists_17442_17448": {"llm_label": "TASK_2", "label_logprob": -0.002551, "p_task_1": 0.002547748964551344, "uncertainty": 0.017761046206837865}, "Hearing Aid Specialists_17442_21189": {"llm_label": "TASK_2", "label_logprob": -0.000735, "p_task_1": 0.0007347299536654139, "uncertainty": 0.006036276856236465}, "Hearing Aid Specialists_17443_17444": {"llm_label": "TASK_1", "label_logprob": -0.004733, "p_task_1": 0.9952781829945059, "uncertainty": 0.02999863345180249}, "Hearing Aid Specialists_17443_17445": {"llm_label": "TASK_2", "label_logprob": -9.9e-05, "p_task_1": 9.899509966171394e-05, "uncertainty": 0.0010117685967436802}, "Hearing Aid Specialists_17443_17446": {"llm_label": "TASK_1", "label_logprob": -0.286695, "p_task_1": 0.7507406698260893, "uncertainty": 0.5615199717697685}, "Hearing Aid Specialists_17443_17447": {"llm_label": "TASK_2", "label_logprob": -0.000168, "p_task_1": 0.00016798588879018972, "uncertainty": 0.0016280430659486949}, "Hearing Aid Specialists_17443_17448": {"llm_label": "TASK_2", "label_logprob": -0.001036, "p_task_1": 0.0010354635372744614, "uncertainty": 0.008151570911521194}, "Hearing Aid Specialists_17443_21189": {"llm_label": "TASK_2", "label_logprob": -0.000234, "p_task_1": 0.00023397262413538122, "uncertainty": 0.002190028086824737}, "Hearing Aid Specialists_17444_17445": {"llm_label": "TASK_2", "label_logprob": -3e-06, "p_task_1": 2.9999955000192813e-06, "uncertainty": 4.1150633082097105e-05}, "Hearing Aid Specialists_17444_17446": {"llm_label": "TASK_2", "label_logprob": -0.000991, "p_task_1": 0.0009905091216668716, "uncertainty": 0.007841658716317446}, "Hearing Aid Specialists_17444_17447": {"llm_label": "TASK_2", "label_logprob": -5e-06, "p_task_1": 4.999987500031722e-06, "uncertainty": 6.603019815215604e-05}, "Hearing Aid Specialists_17444_17448": {"llm_label": "TASK_2", "label_logprob": -1.2e-05, "p_task_1": 1.1999928000272497e-05, "uncertainty": 0.00014796635909808146}, "Hearing Aid Specialists_17444_21189": {"llm_label": "TASK_2", "label_logprob": -2e-06, "p_task_1": 1.9999979999907325e-06, "uncertainty": 2.8244698509961958e-05}, "Hearing Aid Specialists_17445_17446": {"llm_label": "TASK_1", "label_logprob": -0.00053, "p_task_1": 0.9994701404251904, "uncertainty": 0.004526396187509791}, "Hearing Aid Specialists_17445_17447": {"llm_label": "CANNOT_DECIDE", "label_logprob": -0.457697, "p_task_1": 0.5, "uncertainty": 0.6931471805599453}, "Hearing Aid Specialists_17445_17448": {"llm_label": "TASK_1", "label_logprob": -0.136705, "p_task_1": 0.8722274952941541, "uncertainty": 0.38213028691497863}, "Hearing Aid Specialists_17445_21189": {"llm_label": "TASK_1", "label_logprob": -0.000552, "p_task_1": 0.9994481523239711, "uncertainty": 0.00469178826076561}, "Hearing Aid Specialists_17446_17447": {"llm_label": "TASK_2", "label_logprob": -0.000132, "p_task_1": 0.0001319912883833707,