{"Medical and Clinical Laboratory Technicians_1902_1904": {"llm_label": "TASK_1", "label_logprob": -0.476826, "p_task_1": 0.6207505304893659, "uncertainty": 0.6636955099397908}, "Medical and Clinical Laboratory Technicians_1902_1905": {"llm_label": "TASK_1", "label_logprob": -0.007973, "p_task_1": 0.9920587000603601, "uncertainty": 0.04631125578180807}, "Medical and Clinical Laboratory Technicians_1902_1906": {"llm_label": "TASK_2", "label_logprob": -0.006398, "p_task_1": 0.006377576377990968, "uncertainty": 0.038595635237974255}, "Medical and Clinical Laboratory Technicians_1902_1907": {"llm_label": "CANNOT_DECIDE", "label_logprob": -0.174388, "p_task_1": 0.5, "uncertainty": 0.6931471805599453}, "Medical and Clinical Laboratory Technicians_1902_1908": {"llm_label": "TASK_2", "label_logprob": -0.000137, "p_task_1": 0.0001369906159285339, "uncertainty": 0.0013555946993525322}, "Medical and Clinical Laboratory Technicians_1902_1909": {"llm_label": "TASK_1", "label_logprob": -0.067236, "p_task_1": 0.9349745213105284, "uncertainty": 0.24057702645778684}, "Medical and Clinical Laboratory Technicians_1902_1910": {"llm_label": "TASK_1", "label_logprob": -1.6e-05, "p_task_1": 0.9999840001279993, "uncertainty": 0.00019268520788660168}, "Medical and Clinical Laboratory Technicians_1902_1911": {"llm_label": "TASK_1", "label_logprob": -0.000169, "p_task_1": 0.9998310142796956, "uncertainty": 0.0016367300940866053}, "Medical and Clinical Laboratory Technicians_1902_1914": {"llm_label": "TASK_1", "label_logprob": -0.321354, "p_task_1": 0.7251664966074977, "uncertainty": 0.58800730592135}, "Medical and Clinical Laboratory Technicians_1902_1915": {"llm_label": "TASK_1", "label_logprob": -0.001593, "p_task_1": 0.9984082681510225, "uncertainty": 0.011845885458760514}, "Medical and Clinical Laboratory Technicians_1902_1917": {"llm_label": "CANNOT_DECIDE", "label_logprob": -0.008461, "p_task_1": 0.5, "uncertainty": 0.6931471805599453}, "Medical and Clinical Laboratory Technicians_1902_18535": {"llm_label": "TASK_2", "label_logprob": -0.253552, "p_task_1": 0.2239606101723577, "uncertainty": 0.5318752611255966}, "Medical and Clinical Laboratory Technicians_1904_1905": {"llm_label": "TASK_2", "label_logprob": -0.000204, "p_task_1": 0.00020397919341486048, "uncertainty": 0.0019372700671688274}, "Medical and Clinical Laboratory Technicians_1904_1906": {"llm_label": "TASK_2", "label_logprob": -0.00013, "p_task_1": 0.00012999155036619303, "uncertainty": 0.0012931528373123986}, "Medical and Clinical Laboratory Technicians_1904_1907": {"llm_label": "TASK_2", "label_logprob": -0.017172, "p_task_1": 0.017025401537019924, "uncertainty": 0.08622493182118068}, "Medical and Clinical Laboratory Technicians_1904_1908": {"llm_label": "TASK_2", "label_logprob": -5.3e-05, "p_task_1": 5.2998595524766934e-05, "uncertainty": 0.0005747813563191094}, "Medical and Clinical Laboratory Technicians_1904_1909": {"llm_label": "TASK_1", "label_logprob": -0.374946, "p_task_1": 0.6873263934141127, "uncertainty": 0.621223185810531}, "Medical and Clinical Laboratory Technicians_1904_1910": {"llm_label": "TASK_1", "label_logprob": -0.000928, "p_task_1": 0.9990724304588344, "uncertainty": 0.007404304254517992}, "Medical and Clinical Laboratory Technicians_1904_1911": {"llm_label": "TASK_1", "label_logprob": -0.001245, "p_task_1": 0.9987557746909699, "uncertainty": 0.009566375363653576}, "Medical and Clinical Laboratory Technicians_1904_1914": {"llm_label": "TASK_1", "label_logprob": -0.084882, "p_task_1": 0.9186206752459508, "uncertainty": 0.28212530388893686}, "Medical and Clinical Laboratory Technicians_1904_1915": {"llm_label": "TASK_1", "label_logprob": -0.030291, "p_task_1": 0.9701631749834093, "uncertainty": 0.13417449753502095}, "Medical and Clinical Laboratory Technicians_1904_1917": {"llm_label": "CANNOT_DECIDE", "label_logprob": -0.634528, "p_task_1": 0.5, "uncertainty": 0.6931471805599453}, "Medical and Clinical Laboratory Technicians_1904_18535": {"llm_label": "TASK_2", "label_logprob": -0.011271, "p_task_1": 0.011207720244671981, "uncertainty": 0.06148025780329113}, "Medical and Clinical Laboratory Technicians_1905_1906": {"llm_label": "TASK_2", "label_logprob": -0.005396, "p_task_1": 0.005381467742436752, "uncertainty": 0.033484022657732995}, "Medical and Clinical Laboratory Technicians_1905_1907": {"llm_label": "TASK_2", "label_logprob": -0.011201, "p_task_1": 0.011138502362491587, "uncertainty": 0.06116995329247396}, "Medical and Clinical Laboratory Technicians_1905_1908": {"llm_label": "TASK_2", "label_logprob": -8e-05, "p_task_1": 7.999680008530241e-05, "uncertainty": 0.0008346453276260399}, "Medical and Clinical Laboratory Technicians_1905_1909": {"llm_label": "TASK_2", "label_logprob": -0.589128, "p_task_1": 0.4451891310611339, "uncertainty": 0.6871266257583186}, "Medical and Clinical Laboratory Technicians_1905_1910": {"llm_label": "TASK_1", "label_logprob": -0.000432, "p_task_1": 0.9995680932985646, "uncertainty": 0.0037779246198059507}, "Medical and Clinical Laboratory Technicians_1905_1911": {"llm_label": "TASK_1", "label_logprob": -0.00097, "p_task_1": 0.9990304702979247, "uncertainty": 0.0076963347640837}, "Medical and Clinical Laboratory Technicians_1905_1914": {"llm_label": "TASK_1", "label_logprob": -0.453, "p_task_1": 0.6357181336264143, "uncertainty": 0.6558421073392546}, "Medical and Clinical Laboratory Technicians_1905_1915": {"llm_label": "TASK_1", "label_logprob": -0.004384, "p_task_1": 0.9956255957003618, "uncertainty": 0.028126520838463925}, "Medical and Clinical Laboratory Technicians_1905_1917": {"llm_label": "TASK_2", "label_logprob": -0.00209, "p_task_1": 0.002087817470760145, "uncertainty": 0.014970885990183336}, "Medical and Clinical Laboratory Technicians_1905_18535": {"llm_label": "TASK_2", "label_logprob": -0.57825, "p_task_1": 0.4391209534483983, "uncertainty": 0.6857162393280787}, "Medical and Clinical Laboratory Technicians_1906_1907": {"llm_label": "TASK_1", "label_logprob": -0.002906, "p_task_1": 0.9970982183308542, "uncertainty": 0.019851024750082907}, "Medical and Clinical Laboratory Technicians_1906_1908": {"llm_label": "TASK_1", "label_logprob": -0.160513, "p_task_1": 0.8517067513122145, "uncertainty": 0.41973709575584006}, "Medical and Clinical Laboratory Technicians_1906_1909": {"llm_label": "TASK_1", "label_logprob": -0.004237, "p_task_1": 0.9957719634206936, "uncertainty": 0.02732960799299497}, "Medical and Clinical Laboratory Technicians_1906_1910": {"llm_label": "TASK_1", "label_logprob": -0.000204, "p_task_1": 0.9997960208065851, "uncertainty": 0.0019372700671688274}, "Medical and Clinical Laboratory Technicians_1906_1911": {"llm_label": "TASK_1", "label_logprob": -0.169647, "p_task_1": 0.8439626828469423, "uncertainty": 0.4330400335426429}, "Medical and Clinical Laboratory Technicians_1906_1914": {"llm_label": "TASK_1", "label_logprob": -0.004089, "p_task_1": 0.9959193485775125, "uncertainty": 0.026522012471283322}, "Medical and Clinical Laboratory Technicians_1906_1915": {"llm_label": "TASK_1", "label_logprob": -0.000984, "p_task_1": 0.999016483969245, "uncertainty": 0.007793267629539322}, "Medical and Clinical Laboratory Technicians_1906_1917": {"llm_label": "CANNOT_DECIDE", "label_logprob": -0.358946, "p_task_1": 0.5, "uncertainty": 0.6931471805599453}, "Medical and Clinical Laboratory Technicians_1906_18535": {"llm_label": "TASK_1", "label_logprob": -0.026352, "p_task_1": 0.9739921840121326, "uncertainty": 0.1205784778239533}, "Medical and Clinical Laboratory Technicians_1907_1908": {"llm_label": "TASK_2", "label_logprob": -3.2e-05, "p_task_1": 3.199948800547414e-05, "uncertainty": 0.0003631869779441248}, "Medical and Clinical Laboratory Technicians_1907_1909": {"llm_label": "TASK_1", "label_logprob": -0.247913, "p_task_1": 0.7804278375464573, "uncertainty": 0.5263659282392876}, "Medical and Clinical Laboratory Technicians_1907_1910": {"llm_label": "TASK_1", "label_logprob": -0.000605, "p_task_1": 0.999395182975598,