{"Histotechnologists_22778_22779": {"llm_label": "TASK_1", "label_logprob": -0.132885, "p_task_1": 0.8755657763835984, "uncertainty": 0.3756677460251033}, "Histotechnologists_22778_22780": {"llm_label": "TASK_2", "label_logprob": -0.018155, "p_task_1": 0.01799119080411493, "uncertainty": 0.09011469043204018}, "Histotechnologists_22778_22781": {"llm_label": "TASK_2", "label_logprob": -0.014169, "p_task_1": 0.01406909214094576, "uncertainty": 0.0739570974536522}, "Histotechnologists_22778_22782": {"llm_label": "TASK_2", "label_logprob": -0.001075, "p_task_1": 0.0010744223944938458, "uncertainty": 0.008418566475264132}, "Histotechnologists_22778_22783": {"llm_label": "TASK_2", "label_logprob": -0.007265, "p_task_1": 0.007238673679651253, "uncertainty": 0.04288689163558217}, "Histotechnologists_22778_22784": {"llm_label": "TASK_2", "label_logprob": -0.041113, "p_task_1": 0.040279324616086964, "uncertainty": 0.16883084274396476}, "Histotechnologists_22778_22785": {"llm_label": "TASK_2", "label_logprob": 0.0, "p_task_1": 0.0, "uncertainty": 0.0}, "Histotechnologists_22778_22786": {"llm_label": "TASK_2", "label_logprob": -1e-06, "p_task_1": 9.999994999843054e-07, "uncertainty": 1.4815503149992376e-05}, "Histotechnologists_22778_22787": {"llm_label": "TASK_2", "label_logprob": -0.001507, "p_task_1": 0.0015058650456969414, "uncertainty": 0.011290425649638714}, "Histotechnologists_22778_22788": {"llm_label": "TASK_2", "label_logprob": -9.8e-05, "p_task_1": 9.799519815689717e-05, "uncertainty": 0.0010025440963472379}, "Histotechnologists_22778_22789": {"llm_label": "TASK_2", "label_logprob": -0.000313, "p_task_1": 0.0003129510206103525, "uncertainty": 0.0028382489981418108}, "Histotechnologists_22778_22790": {"llm_label": "TASK_2", "label_logprob": 0.0, "p_task_1": 0.0, "uncertainty": 0.0}, "Histotechnologists_22778_22791": {"llm_label": "TASK_2", "label_logprob": -0.000143, "p_task_1": 0.00014298977598736773, "uncertainty": 0.001408830494002634}, "Histotechnologists_22778_22792": {"llm_label": "TASK_2", "label_logprob": -0.018208, "p_task_1": 0.01804323589179535, "uncertainty": 0.09032277952320195}, "Histotechnologists_22778_22793": {"llm_label": "TASK_2", "label_logprob": -0.002811, "p_task_1": 0.0028070528388561833, "uncertainty": 0.019296285618517504}, "Histotechnologists_22779_22780": {"llm_label": "TASK_2", "label_logprob": -0.000647, "p_task_1": 0.0006467907406326745, "uncertainty": 0.005396281404466918}, "Histotechnologists_22779_22781": {"llm_label": "TASK_2", "label_logprob": -0.000216, "p_task_1": 0.0002159766736795632, "uncertainty": 0.002038869939000189}, "Histotechnologists_22779_22782": {"llm_label": "TASK_2", "label_logprob": -8e-06, "p_task_1": 7.999968000049762e-06, "uncertainty": 0.00010188814457675767}, "Histotechnologists_22779_22783": {"llm_label": "TASK_2", "label_logprob": -0.000915, "p_task_1": 0.0009145815151475611, "uncertainty": 0.007313530222396456}, "Histotechnologists_22779_22784": {"llm_label": "TASK_2", "label_logprob": -0.000568, "p_task_1": 0.0005678387185373834, "uncertainty": 0.004811518438129683}, "Histotechnologists_22779_22785": {"llm_label": "TASK_2", "label_logprob": 0.0, "p_task_1": 0.0, "uncertainty": 0.0}, "Histotechnologists_22779_22786": {"llm_label": "TASK_2", "label_logprob": 0.0, "p_task_1": 0.0, "uncertainty": 0.0}, "Histotechnologists_22779_22787": {"llm_label": "TASK_2", "label_logprob": -0.000124, "p_task_1": 0.00012399231231774444, "uncertainty": 0.0012393315549874347}, "Histotechnologists_22779_22788": {"llm_label": "TASK_2", "label_logprob": -0.000925, "p_task_1": 0.0009245723193783695, "uncertainty": 0.0073833727555459765}, "Histotechnologists_22779_22789": {"llm_label": "TASK_2", "label_logprob": -0.000203, "p_task_1": 0.0002029793968941762, "uncertainty": 0.0019287720528829704}, "Histotechnologists_22779_22790": {"llm_label": "TASK_2", "label_logprob": -0.000911, "p_task_1": 0.000910585165480926, "uncertainty": 0.007285562492818102}, "Histotechnologists_22779_22791": {"llm_label": "TASK_2", "label_logprob": -5e-05, "p_task_1": 4.999875002087428e-05, "uncertainty": 0.0005451607485001352}, "Histotechnologists_22779_22792": {"llm_label": "TASK_2", "label_logprob": -0.002493, "p_task_1": 0.0024898950562441957, "uncertainty": 0.017414995141338645}, "Histotechnologists_22779_22793": {"llm_label": "TASK_2", "label_logprob": -0.023246, "p_task_1": 0.02297789323014754, "uncertainty": 0.10941256397937878}, "Histotechnologists_22780_22781": {"llm_label": "TASK_2", "label_logprob": -0.000405, "p_task_1": 0.0004049179985705642, "uncertainty": 0.0035679849508428465}, "Histotechnologists_22780_22782": {"llm_label": "EQUAL_TIME", "label_logprob": -0.613981, "p_task_1": 0.5, "uncertainty": 0.6931471805599453}, "Histotechnologists_22780_22783": {"llm_label": "TASK_2", "label_logprob": -0.080057, "p_task_1": 0.07693626974553425, "uncertainty": 0.271222154748556}, "Histotechnologists_22780_22784": {"llm_label": "TASK_2", "label_logprob": -0.000374, "p_task_1": 0.00037393007071817586, "uncertainty": 0.003324707523564956}, "Histotechnologists_22780_22785": {"llm_label": "TASK_2", "label_logprob": -7e-06, "p_task_1": 6.999975500021627e-06, "uncertainty": 9.008688755748087e-05}, "Histotechnologists_22780_22786": {"llm_label": "TASK_2", "label_logprob": -3.4e-05, "p_task_1": 3.39994220065476e-05, "uncertainty": 0.00038382457608067405}, "Histotechnologists_22780_22787": {"llm_label": "TASK_2", "label_logprob": -0.387574, "p_task_1": 0.32129859151114404, "uncertainty": 0.6278444271413554}, "Histotechnologists_22780_22788": {"llm_label": "TASK_2", "label_logprob": -0.007891, "p_task_1": 0.007859947790842425, "uncertainty": 0.04591809012319705}, "Histotechnologists_22780_22789": {"llm_label": "TASK_2", "label_logprob": -0.334567, "p_task_1": 0.2843521051873583, "uncertainty": 0.5970168847826998}, "Histotechnologists_22780_22790": {"llm_label": "TASK_2", "label_logprob": -0.050019, "p_task_1": 0.04878864868665567, "uncertainty": 0.19493292767148196}, "Histotechnologists_22780_22791": {"llm_label": "TASK_2", "label_logprob": -0.000481, "p_task_1": 0.0004808843380451622, "uncertainty": 0.004154669148063962}, "Histotechnologists_22780_22792": {"llm_label": "TASK_2", "label_logprob": -0.012659, "p_task_1": 0.012579211893581466, "uncertainty": 0.06754273897145269}, "Histotechnologists_22780_22793": {"llm_label": "TASK_2", "label_logprob": -0.47481, "p_task_1": 0.3779967741485154, "uncertainty": 0.6630749287099369}, "Histotechnologists_22781_22782": {"llm_label": "TASK_1", "label_logprob": -0.006157, "p_task_1": 0.993861915483712, "uncertainty": 0.03738196106913323}, "Histotechnologists_22781_22783": {"llm_label": "TASK_2", "label_logprob": -0.137298, "p_task_1": 0.12828958228190157, "uncertainty": 0.3831222907956185}, "Histotechnologists_22781_22784": {"llm_label": "TASK_2", "label_logprob": -0.011454, "p_task_1": 0.01138865267604483, "uncertainty": 0.06228934443788631}, "Histotechnologists_22781_22785": {"llm_label": "TASK_2", "label_logprob": -2e-06, "p_task_1": 1.9999979999907325e-06, "uncertainty": 2.8244698509961958e-05}, "Histotechnologists_22781_22786": {"llm_label": "TASK_2", "label_logprob": -1.8e-05, "p_task_1": 1.7999838000992696e-05, "uncertainty": 0.0002146505665408007}, "Histotechnologists_22781_22787": {"llm_label": "CANNOT_DECIDE", "label_logprob": -0.638191, "p_task_1": 0.5, "uncertainty": 0.6931471805599453}, "Histotechnologists_22781_22788": {"llm_label": "CANNOT_DECIDE", "label_logprob": -0.104949, "p_task_1": 0.5, "uncertainty": 0.6931471805599453}, "Histotechnologists_22781_22789": {"llm_label": "TASK_1", "label_logprob": -0.855186, "p_task_1": 0.4252040957648254, "uncertainty": 0.6819162177522891}, "Histotechnologists_22781_22790": {"llm_label": "CANNOT_DECIDE", "label_logprob": -0.08373, "p_task_1": 0.5, "uncertainty": 0.6931471805599453}, "Histotechnologists_22781_22791": {"llm_label": "TASK_2", "label_logprob": -0.009365, "p_task_1": 0.009321284957722331, "uncertainty": 0.05285895255960869},