{"Neurodiagnostic Technologists_17423_17424": {"llm_label": "TASK_2", "label_logprob": -0.000372, "p_task_1": 0.0003719308165790469, "uncertainty": 0.003308925917539146}, "Neurodiagnostic Technologists_17423_17425": {"llm_label": "TASK_2", "label_logprob": 0.0, "p_task_1": 0.0, "uncertainty": 0.0}, "Neurodiagnostic Technologists_17423_17426": {"llm_label": "TASK_2", "label_logprob": -0.189015, "p_task_1": 0.1722259100097413, "uncertainty": 0.45939817982413184}, "Neurodiagnostic Technologists_17423_17427": {"llm_label": "TASK_2", "label_logprob": 0.0, "p_task_1": 0.0, "uncertainty": 0.0}, "Neurodiagnostic Technologists_17423_17428": {"llm_label": "TASK_2", "label_logprob": 0.0, "p_task_1": 0.0, "uncertainty": 0.0}, "Neurodiagnostic Technologists_17423_17429": {"llm_label": "TASK_1", "label_logprob": -0.011084, "p_task_1": 0.9889772012012585, "uncertainty": 0.06065028034773285}, "Neurodiagnostic Technologists_17423_17430": {"llm_label": "TASK_1", "label_logprob": -0.032908, "p_task_1": 0.9676275772312629, "uncertainty": 0.14289461315800553}, "Neurodiagnostic Technologists_17423_17431": {"llm_label": "TASK_2", "label_logprob": 0.0, "p_task_1": 0.0, "uncertainty": 0.0}, "Neurodiagnostic Technologists_17423_17432": {"llm_label": "TASK_2", "label_logprob": -0.000197, "p_task_1": 0.00019698059677419888, "uncertainty": 0.0018776794881742581}, "Neurodiagnostic Technologists_17423_17433": {"llm_label": "TASK_1", "label_logprob": -0.015697, "p_task_1": 0.9844255558136975, "uncertainty": 0.0802752943456046}, "Neurodiagnostic Technologists_17423_17434": {"llm_label": "TASK_1", "label_logprob": -0.024834, "p_task_1": 0.975471826912293, "uncertainty": 0.11517368732172961}, "Neurodiagnostic Technologists_17423_17435": {"llm_label": "TASK_2", "label_logprob": -0.061969, "p_task_1": 0.06008797638780217, "uncertainty": 0.22720952405408318}, "Neurodiagnostic Technologists_17423_17436": {"llm_label": "TASK_2", "label_logprob": -0.169653, "p_task_1": 0.15604238091396339, "uncertainty": 0.4330485811399698}, "Neurodiagnostic Technologists_17423_17437": {"llm_label": "TASK_1", "label_logprob": -0.000384, "p_task_1": 0.9996160737185638, "uncertainty": 0.0034034558110862135}, "Neurodiagnostic Technologists_17423_17438": {"llm_label": "TASK_2", "label_logprob": -6.6e-05, "p_task_1": 6.599782204796956e-05, "uncertainty": 0.0007012833412595727}, "Neurodiagnostic Technologists_17424_17425": {"llm_label": "TASK_2", "label_logprob": 0.0, "p_task_1": 0.0, "uncertainty": 0.0}, "Neurodiagnostic Technologists_17424_17426": {"llm_label": "TASK_1", "label_logprob": -0.051683, "p_task_1": 0.9496298517972735, "uncertainty": 0.1996036832938644}, "Neurodiagnostic Technologists_17424_17427": {"llm_label": "TASK_2", "label_logprob": -9.1e-05, "p_task_1": 9.099585962557555e-05, "uncertainty": 0.0009376805805994633}, "Neurodiagnostic Technologists_17424_17428": {"llm_label": "TASK_2", "label_logprob": -8e-06, "p_task_1": 7.999968000049762e-06, "uncertainty": 0.00010188814457675767}, "Neurodiagnostic Technologists_17424_17429": {"llm_label": "TASK_1", "label_logprob": -1e-05, "p_task_1": 0.9999900000499998, "uncertainty": 0.00012512862900562218}, "Neurodiagnostic Technologists_17424_17430": {"llm_label": "TASK_1", "label_logprob": -4.6e-05, "p_task_1": 0.9999540010579838, "uncertainty": 0.0005053843575021392}, "Neurodiagnostic Technologists_17424_17431": {"llm_label": "TASK_2", "label_logprob": -6e-06, "p_task_1": 5.9999820000156134e-06, "uncertainty": 7.814227210513045e-05}, "Neurodiagnostic Technologists_17424_17432": {"llm_label": "TASK_2", "label_logprob": -0.579032, "p_task_1": 0.439559389411997, "uncertainty": 0.6858231477202468}, "Neurodiagnostic Technologists_17424_17433": {"llm_label": "TASK_1", "label_logprob": -6e-06, "p_task_1": 0.999994000018, "uncertainty": 7.814227210513045e-05}, "Neurodiagnostic Technologists_17424_17434": {"llm_label": "TASK_1", "label_logprob": -0.001615, "p_task_1": 0.9983863034107361, "uncertainty": 0.011987216713096481}, "Neurodiagnostic Technologists_17424_17435": {"llm_label": "EQUAL_TIME", "label_logprob": -0.204179, "p_task_1": 0.5, "uncertainty": 0.6931471805599453}, "Neurodiagnostic Technologists_17424_17436": {"llm_label": "TASK_1", "label_logprob": -0.513194, "p_task_1": 0.5985806556937053, "uncertainty": 0.6735829662950029}, "Neurodiagnostic Technologists_17424_17437": {"llm_label": "TASK_1", "label_logprob": -5.3e-05, "p_task_1": 0.9999470014044752, "uncertainty": 0.0005747813563191094}, "Neurodiagnostic Technologists_17424_17438": {"llm_label": "TASK_2", "label_logprob": -0.033713, "p_task_1": 0.03315104952908965, "uncertainty": 0.1455304260073678}, "Neurodiagnostic Technologists_17425_17426": {"llm_label": "TASK_1", "label_logprob": -1.7e-05, "p_task_1": 0.9999830001444991, "uncertainty": 0.000203697321204896}, "Neurodiagnostic Technologists_17425_17427": {"llm_label": "TASK_1", "label_logprob": -0.213045, "p_task_1": 0.8081197710085595, "uncertainty": 0.4889378591000859}, "Neurodiagnostic Technologists_17425_17428": {"llm_label": "TASK_1", "label_logprob": -0.061995, "p_task_1": 0.9398875862172714, "uncertainty": 0.22727672103000393}, "Neurodiagnostic Technologists_17425_17429": {"llm_label": "TASK_1", "label_logprob": -6.2e-05, "p_task_1": 0.9999380019219603, "uncertainty": 0.0006626587800967377}, "Neurodiagnostic Technologists_17425_17430": {"llm_label": "TASK_1", "label_logprob": -1e-06, "p_task_1": 0.9999990000005, "uncertainty": 1.4815503149992376e-05}, "Neurodiagnostic Technologists_17425_17431": {"llm_label": "TASK_1", "label_logprob": -0.365466, "p_task_1": 0.6938732306014468, "uncertainty": 0.6159664691533377}, "Neurodiagnostic Technologists_17425_17432": {"llm_label": "TASK_1", "label_logprob": -0.000327, "p_task_1": 0.9996730534586729, "uncertainty": 0.0029508724840821114}, "Neurodiagnostic Technologists_17425_17433": {"llm_label": "TASK_1", "label_logprob": -0.000261, "p_task_1": 0.999739034057537, "uncertainty": 0.0024141933641193447}, "Neurodiagnostic Technologists_17425_17434": {"llm_label": "TASK_1", "label_logprob": -1e-06, "p_task_1": 0.9999990000005, "uncertainty": 1.4815503149992376e-05}, "Neurodiagnostic Technologists_17425_17435": {"llm_label": "TASK_1", "label_logprob": -2e-06, "p_task_1": 0.999998000002, "uncertainty": 2.8244698509961958e-05}, "Neurodiagnostic Technologists_17425_17436": {"llm_label": "TASK_1", "label_logprob": -0.000588, "p_task_1": 0.9994121728381221, "uncertainty": 0.0049605462276747884}, "Neurodiagnostic Technologists_17425_17437": {"llm_label": "TASK_1", "label_logprob": -7e-06, "p_task_1": 0.9999930000245, "uncertainty": 9.008688755748087e-05}, "Neurodiagnostic Technologists_17425_17438": {"llm_label": "TASK_1", "label_logprob": -0.577336, "p_task_1": 0.561391924349599, "uncertainty": 0.6855901884987712}, "Neurodiagnostic Technologists_17426_17427": {"llm_label": "TASK_2", "label_logprob": 0.0, "p_task_1": 0.0, "uncertainty": 0.0}, "Neurodiagnostic Technologists_17426_17428": {"llm_label": "TASK_2", "label_logprob": -1e-06, "p_task_1": 9.999994999843054e-07, "uncertainty": 1.4815503149992376e-05}, "Neurodiagnostic Technologists_17426_17429": {"llm_label": "TASK_1", "label_logprob": -0.007448, "p_task_1": 0.9925796676199102, "uncertainty": 0.04377856639378082}, "Neurodiagnostic Technologists_17426_17430": {"llm_label": "TASK_1", "label_logprob": -0.002626, "p_task_1": 0.9973774449218853, "uncertainty": 0.018206547833855495}, "Neurodiagnostic Technologists_17426_17431": {"llm_label": "TASK_2", "label_logprob": -7e-06, "p_task_1": 6.999975500021627e-06, "uncertainty": 9.008688755748087e-05}, "Neurodiagnostic Technologists_17426_17432": {"llm_label": "TASK_2", "label_logprob": -0.003028, "p_task_1": 0.003023420231679008, "uncertainty": 0.020558814116583606}, "Neurodiagnostic Technologists_17426_17433": {"llm_label": "TASK_1", "label_logprob": -0.00028, "p_task_1": 0.9997200391963416, "uncertainty": 0.002570242017582814}, "Neurodiagnostic Technologists_17426_17434": {"llm_label": "TASK_1",