{"Psychiatric Technicians_6944_6945": {"llm_label": "TASK_2", "label_logprob": -0.005474, "p_task_1": 0.005459044962401904, "uncertainty": 0.033888369534519125}, "Psychiatric Technicians_6944_6946": {"llm_label": "TASK_2", "label_logprob": -0.007248, "p_task_1": 0.007221796593648966, "uncertainty": 0.04280381877961888}, "Psychiatric Technicians_6944_6947": {"llm_label": "TASK_1", "label_logprob": -0.038147, "p_task_1": 0.9625714324900109, "uncertainty": 0.1596840723600359}, "Psychiatric Technicians_6944_6948": {"llm_label": "TASK_2", "label_logprob": -0.020264, "p_task_1": 0.020060064988040027, "uncertainty": 0.09827278347372634}, "Psychiatric Technicians_6944_6949": {"llm_label": "TASK_2", "label_logprob": -0.031643, "p_task_1": 0.031147599346057375, "uncertainty": 0.1387089825496285}, "Psychiatric Technicians_6944_6950": {"llm_label": "TASK_2", "label_logprob": -0.000664, "p_task_1": 0.0006637796007843422, "uncertainty": 0.005520806564812372}, "Psychiatric Technicians_6944_6951": {"llm_label": "TASK_1", "label_logprob": -0.621231, "p_task_1": 0.5372826354148096, "uncertainty": 0.6903646088921741}, "Psychiatric Technicians_6944_6952": {"llm_label": "TASK_2", "label_logprob": -0.011753, "p_task_1": 0.011684203281877248, "uncertainty": 0.0636047424918201}, "Psychiatric Technicians_6944_6953": {"llm_label": "TASK_1", "label_logprob": -0.101021, "p_task_1": 0.9039140504914893, "uncertainty": 0.31639680841083795}, "Psychiatric Technicians_6944_6954": {"llm_label": "TASK_2", "label_logprob": -0.60358, "p_task_1": 0.453149596861538, "uncertainty": 0.6887508135439913}, "Psychiatric Technicians_6944_6955": {"llm_label": "TASK_2", "label_logprob": -5.7e-05, "p_task_1": 5.699837553085896e-05, "uncertainty": 0.0006140126800174265}, "Psychiatric Technicians_6944_6956": {"llm_label": "TASK_2", "label_logprob": -0.000717, "p_task_1": 0.0007167430169225941, "uncertainty": 0.005906274055430561}, "Psychiatric Technicians_6944_6957": {"llm_label": "TASK_2", "label_logprob": -0.216824, "p_task_1": 0.19492835055291402, "uncertainty": 0.4932907277400981}, "Psychiatric Technicians_6944_20575": {"llm_label": "TASK_2", "label_logprob": -0.001209, "p_task_1": 0.0012082694539397032, "uncertainty": 0.009325377451254401}, "Psychiatric Technicians_6944_20576": {"llm_label": "TASK_2", "label_logprob": -0.174515, "p_task_1": 0.16013574382911733, "uncertainty": 0.43989490509515006}, "Psychiatric Technicians_6945_6946": {"llm_label": "CANNOT_DECIDE", "label_logprob": -0.179161, "p_task_1": 0.5, "uncertainty": 0.6931471805599453}, "Psychiatric Technicians_6945_6947": {"llm_label": "TASK_1", "label_logprob": -1.5e-05, "p_task_1": 0.9999850001124995, "uncertainty": 0.00018161054327026476}, "Psychiatric Technicians_6945_6948": {"llm_label": "CANNOT_DECIDE", "label_logprob": -0.09671, "p_task_1": 0.5, "uncertainty": 0.6931471805599453}, "Psychiatric Technicians_6945_6949": {"llm_label": "TASK_1", "label_logprob": -0.142174, "p_task_1": 0.8674703035205743, "uncertainty": 0.39116741878338424}, "Psychiatric Technicians_6945_6950": {"llm_label": "TASK_2", "label_logprob": -0.616875, "p_task_1": 0.46037185661775204, "uncertainty": 0.6900031046089836}, "Psychiatric Technicians_6945_6951": {"llm_label": "TASK_1", "label_logprob": -0.00309, "p_task_1": 0.9969147691365248, "uncertainty": 0.02091658360599015}, "Psychiatric Technicians_6945_6952": {"llm_label": "TASK_1", "label_logprob": -0.499966, "p_task_1": 0.6065512821056424, "uncertainty": 0.6702657696532439}, "Psychiatric Technicians_6945_6953": {"llm_label": "TASK_1", "label_logprob": -8.8e-05, "p_task_1": 0.9999120038718864, "uncertainty": 0.0009097192612209179}, "Psychiatric Technicians_6945_6954": {"llm_label": "TASK_1", "label_logprob": -0.001953, "p_task_1": 0.9980489058635809, "uncertainty": 0.014122777917511887}, "Psychiatric Technicians_6945_6955": {"llm_label": "TASK_2", "label_logprob": -0.070408, "p_task_1": 0.06798651917812415, "uncertainty": 0.24839927987533472}, "Psychiatric Technicians_6945_6956": {"llm_label": "TASK_2", "label_logprob": -0.002331, "p_task_1": 0.0023282853292089234, "uncertainty": 0.01644108940258733}, "Psychiatric Technicians_6945_6957": {"llm_label": "TASK_1", "label_logprob": -0.00042, "p_task_1": 0.9995800881876533, "uncertainty": 0.003684833589474493}, "Psychiatric Technicians_6945_20575": {"llm_label": "TASK_2", "label_logprob": -0.208481, "p_task_1": 0.18818354093126588, "uncertainty": 0.48357833454626753}, "Psychiatric Technicians_6945_20576": {"llm_label": "CANNOT_DECIDE", "label_logprob": -0.094963, "p_task_1": 0.5, "uncertainty": 0.6931471805599453}, "Psychiatric Technicians_6946_6947": {"llm_label": "TASK_1", "label_logprob": 1.1e-05, "p_task_1": 1.0, "uncertainty": 0.0}, "Psychiatric Technicians_6946_6948": {"llm_label": "EQUAL_TIME", "label_logprob": -0.331703, "p_task_1": 0.5, "uncertainty": 0.6931471805599453}, "Psychiatric Technicians_6946_6949": {"llm_label": "CANNOT_DECIDE", "label_logprob": -0.414143, "p_task_1": 0.5, "uncertainty": 0.6931471805599453}, "Psychiatric Technicians_6946_6950": {"llm_label": "TASK_2", "label_logprob": -0.035019, "p_task_1": 0.03441293007105173, "uncertainty": 0.14976216732719322}, "Psychiatric Technicians_6946_6951": {"llm_label": "TASK_1", "label_logprob": -0.000183, "p_task_1": 0.9998170167434787, "uncertainty": 0.0017577416281281165}, "Psychiatric Technicians_6946_6952": {"llm_label": "CANNOT_DECIDE", "label_logprob": -0.664982, "p_task_1": 0.5, "uncertainty": 0.6931471805599453}, "Psychiatric Technicians_6946_6953": {"llm_label": "TASK_1", "label_logprob": -8e-06, "p_task_1": 0.999992000032, "uncertainty": 0.00010188814457675767}, "Psychiatric Technicians_6946_6954": {"llm_label": "TASK_1", "label_logprob": -0.00679, "p_task_1": 0.9932329999639729, "uncertainty": 0.040549936666569746}, "Psychiatric Technicians_6946_6955": {"llm_label": "TASK_2", "label_logprob": -0.065197, "p_task_1": 0.06311712073075026, "uncertainty": 0.23545961274175548}, "Psychiatric Technicians_6946_6956": {"llm_label": "TASK_2", "label_logprob": -0.000137, "p_task_1": 0.0001369906159285339, "uncertainty": 0.0013555946993525322}, "Psychiatric Technicians_6946_6957": {"llm_label": "TASK_1", "label_logprob": -0.001553, "p_task_1": 0.9984482052804857, "uncertainty": 0.0115881307826503}, "Psychiatric Technicians_6946_20575": {"llm_label": "TASK_2", "label_logprob": -0.037117, "p_task_1": 0.0364366081631583, "uncertainty": 0.15644923427914004}, "Psychiatric Technicians_6946_20576": {"llm_label": "TASK_1", "label_logprob": -0.100372, "p_task_1": 0.9045008811161982, "uncertainty": 0.315079446644261}, "Psychiatric Technicians_6947_6948": {"llm_label": "TASK_2", "label_logprob": 3.4e-05, "p_task_1": 0.0, "uncertainty": 0.0}, "Psychiatric Technicians_6947_6949": {"llm_label": "TASK_2", "label_logprob": 1.5e-05, "p_task_1": 0.0, "uncertainty": 0.0}, "Psychiatric Technicians_6947_6950": {"llm_label": "TASK_2", "label_logprob": -4.2e-05, "p_task_1": 4.199911801239242e-05, "uncertainty": 0.0004652595489512129}, "Psychiatric Technicians_6947_6951": {"llm_label": "TASK_2", "label_logprob": -0.018059, "p_task_1": 0.017896913433190775, "uncertainty": 0.08973735555677488}, "Psychiatric Technicians_6947_6952": {"llm_label": "TASK_2", "label_logprob": 1.9e-05, "p_task_1": 0.0, "uncertainty": 0.0}, "Psychiatric Technicians_6947_6953": {"llm_label": "TASK_2", "label_logprob": -0.014538, "p_task_1": 0.014432833531531908, "uncertainty": 0.0754981258529381}, "Psychiatric Technicians_6947_6954": {"llm_label": "TASK_2", "label_logprob": -0.011322, "p_task_1": 0.011258147365037052, "uncertainty": 0.06170605076341343}, "Psychiatric Technicians_6947_6955": {"llm_label": "TASK_2", "label_logprob": 3.8e-05, "p_task_1": 0.0, "uncertainty": 0.0}, "Psychiatric Technicians_6947_6956": {"llm_label": "TASK_2", "label_logprob": 1.9e-05, "p_task_1": 0.0, "uncertainty": 0.0}, "Psychiatric Technicians_6947_6957": {"llm_label": "TASK_2", "label_logprob": -0.000721, "p_task_1": 0.0007207401419563331,