{"Home Health Aides_4240_4241": {"llm_label": "TASK_2", "label_logprob": -1.9e-05, "p_task_1": 1.8999819501153148e-05, "uncertainty": 0.00022554821728270377}, "Home Health Aides_4240_4242": {"llm_label": "TASK_2", "label_logprob": -8e-06, "p_task_1": 7.999968000049762e-06, "uncertainty": 0.00010188814457675767}, "Home Health Aides_4240_4244": {"llm_label": "TASK_2", "label_logprob": -0.001587, "p_task_1": 0.001585741381397332, "uncertainty": 0.011807287517786941}, "Home Health Aides_4240_4245": {"llm_label": "TASK_2", "label_logprob": -2.3e-05, "p_task_1": 2.2999735502016172e-05, "uncertainty": 0.00026863728652655293}, "Home Health Aides_4240_4246": {"llm_label": "TASK_2", "label_logprob": -0.106472, "p_task_1": 0.10099978018501854, "uncertainty": 0.3272741782396439}, "Home Health Aides_4240_4247": {"llm_label": "TASK_1", "label_logprob": -2.3e-05, "p_task_1": 0.999977000264498, "uncertainty": 0.00026863728652655293}, "Home Health Aides_4240_4248": {"llm_label": "TASK_1", "label_logprob": -0.314285, "p_task_1": 0.7303108599017852, "uncertainty": 0.5829494066540352}, "Home Health Aides_4240_4249": {"llm_label": "TASK_2", "label_logprob": -0.000244, "p_task_1": 0.0002439702344210204, "uncertainty": 0.002273398163922251}, "Home Health Aides_4240_4250": {"llm_label": "TASK_2", "label_logprob": -2.3e-05, "p_task_1": 2.2999735502016172e-05, "uncertainty": 0.00026863728652655293}, "Home Health Aides_4240_4252": {"llm_label": "TASK_2", "label_logprob": -6.5e-05, "p_task_1": 6.499788754577018e-05, "uncertainty": 0.0006916505348500037}, "Home Health Aides_4240_4253": {"llm_label": "TASK_2", "label_logprob": -0.201496, "p_task_1": 0.18249315241905106, "uncertainty": 0.47515299128012195}, "Home Health Aides_4240_18694": {"llm_label": "TASK_2", "label_logprob": -1.5e-05, "p_task_1": 1.4999887500533049e-05, "uncertainty": 0.00018161054327026476}, "Home Health Aides_4240_18695": {"llm_label": "TASK_1", "label_logprob": -0.004181, "p_task_1": 0.9958277282120448, "uncertainty": 0.027024662001798243}, "Home Health Aides_4240_20577": {"llm_label": "TASK_2", "label_logprob": 8e-06, "p_task_1": 0.0, "uncertainty": 0.0}, "Home Health Aides_4241_4242": {"llm_label": "TASK_2", "label_logprob": -0.696678, "p_task_1": 0.501762296713447, "uncertainty": 0.6931409691676724}, "Home Health Aides_4241_4244": {"llm_label": "TASK_1", "label_logprob": -0.321121, "p_task_1": 0.7253354800870181, "uncertainty": 0.587843280450366}, "Home Health Aides_4241_4245": {"llm_label": "TASK_2", "label_logprob": -0.036716, "p_task_1": 0.03605014176169696, "uncertainty": 0.15518139765553696}, "Home Health Aides_4241_4246": {"llm_label": "TASK_1", "label_logprob": -3.4e-05, "p_task_1": 0.9999660005779935, "uncertainty": 0.00038382457608067405}, "Home Health Aides_4241_4247": {"llm_label": "TASK_1", "label_logprob": 2.7e-05, "p_task_1": 1.0, "uncertainty": 0.0}, "Home Health Aides_4241_4248": {"llm_label": "TASK_1", "label_logprob": -1.5e-05, "p_task_1": 0.9999850001124995, "uncertainty": 0.00018161054327026476}, "Home Health Aides_4241_4249": {"llm_label": "CANNOT_DECIDE", "label_logprob": -0.700371, "p_task_1": 0.5, "uncertainty": 0.6931471805599453}, "Home Health Aides_4241_4250": {"llm_label": "TASK_2", "label_logprob": -0.000912, "p_task_1": 0.0009115842543963026, "uncertainty": 0.007292556078488708}, "Home Health Aides_4241_4252": {"llm_label": "TASK_2", "label_logprob": -0.319611, "p_task_1": 0.27356843600296354, "uncertainty": 0.5867758733649433}, "Home Health Aides_4241_4253": {"llm_label": "TASK_1", "label_logprob": -0.000694, "p_task_1": 0.9993062407623005, "uncertainty": 0.005739496964753488}, "Home Health Aides_4241_18694": {"llm_label": "TASK_2", "label_logprob": -0.008659, "p_task_1": 0.008621618831821665, "uncertainty": 0.04956705888621778}, "Home Health Aides_4241_18695": {"llm_label": "TASK_1", "label_logprob": -4e-06, "p_task_1": 0.999996000008, "uncertainty": 5.371675735315082e-05}, "Home Health Aides_4241_20577": {"llm_label": "TASK_2", "label_logprob": -0.023788, "p_task_1": 0.023507295730979094, "uncertainty": 0.11139161524324934}, "Home Health Aides_4242_4244": {"llm_label": "CANNOT_DECIDE", "label_logprob": -0.359371, "p_task_1": 0.5, "uncertainty": 0.6931471805599453}, "Home Health Aides_4242_4245": {"llm_label": "TASK_2", "label_logprob": -0.020851, "p_task_1": 0.020635120934459517, "uncertainty": 0.10050070459356544}, "Home Health Aides_4242_4246": {"llm_label": "TASK_1", "label_logprob": -0.000198, "p_task_1": 0.9998020196007064, "uncertainty": 0.0018862074780200406}, "Home Health Aides_4242_4247": {"llm_label": "TASK_1", "label_logprob": 1.1e-05, "p_task_1": 1.0, "uncertainty": 0.0}, "Home Health Aides_4242_4248": {"llm_label": "TASK_1", "label_logprob": 8e-06, "p_task_1": 1.0, "uncertainty": 0.0}, "Home Health Aides_4242_4249": {"llm_label": "TASK_2", "label_logprob": -0.051056, "p_task_1": 0.04977454358311373, "uncertainty": 0.19785086486136838}, "Home Health Aides_4242_4250": {"llm_label": "TASK_2", "label_logprob": -3.4e-05, "p_task_1": 3.39994220065476e-05, "uncertainty": 0.00038382457608067405}, "Home Health Aides_4242_4252": {"llm_label": "TASK_2", "label_logprob": -0.386902, "p_task_1": 0.3208423508849584, "uncertainty": 0.6275027682618448}, "Home Health Aides_4242_4253": {"llm_label": "TASK_1", "label_logprob": -0.001865, "p_task_1": 0.9981367380318557, "uncertainty": 0.013572921318296334}, "Home Health Aides_4242_18694": {"llm_label": "TASK_2", "label_logprob": -0.02327, "p_task_1": 0.023001341479329862, "uncertainty": 0.1095004821257875}, "Home Health Aides_4242_18695": {"llm_label": "TASK_1", "label_logprob": -0.000198, "p_task_1": 0.9998020196007064, "uncertainty": 0.0018862074780200406}, "Home Health Aides_4242_20577": {"llm_label": "TASK_2", "label_logprob": -0.049973, "p_task_1": 0.04874489195809817, "uncertainty": 0.19480293911304636}, "Home Health Aides_4244_4245": {"llm_label": "TASK_2", "label_logprob": -0.001156, "p_task_1": 0.001155332089393002, "uncertainty": 0.008968599886971029}, "Home Health Aides_4244_4246": {"llm_label": "TASK_1", "label_logprob": -0.314163, "p_task_1": 0.7303999632618876, "uncertainty": 0.5828606217019298}, "Home Health Aides_4244_4247": {"llm_label": "TASK_1", "label_logprob": 0.0, "p_task_1": 1.0, "uncertainty": 0.0}, "Home Health Aides_4244_4248": {"llm_label": "TASK_1", "label_logprob": -0.100224, "p_task_1": 0.9046347571531858, "uncertainty": 0.3147783538791319}, "Home Health Aides_4244_4249": {"llm_label": "CANNOT_DECIDE", "label_logprob": -0.474087, "p_task_1": 0.5, "uncertainty": 0.6931471805599453}, "Home Health Aides_4244_4250": {"llm_label": "TASK_2", "label_logprob": -8e-06, "p_task_1": 7.999968000049762e-06, "uncertainty": 0.00010188814457675767}, "Home Health Aides_4244_4252": {"llm_label": "TASK_2", "label_logprob": -0.001553, "p_task_1": 0.0015517947195142767, "uncertainty": 0.0115881307826503}, "Home Health Aides_4244_4253": {"llm_label": "EQUAL_TIME", "label_logprob": -0.34404, "p_task_1": 0.5, "uncertainty": 0.6931471805599453}, "Home Health Aides_4244_18694": {"llm_label": "TASK_2", "label_logprob": -0.000511, "p_task_1": 0.0005108694617359522, "uncertainty": 0.004382821133914991}, "Home Health Aides_4244_18695": {"llm_label": "TASK_1", "label_logprob": -0.001186, "p_task_1": 0.9988147030200453, "uncertainty": 0.009170843092972851}, "Home Health Aides_4244_20577": {"llm_label": "TASK_2", "label_logprob": -0.004494, "p_task_1": 0.004483917091851253, "uncertainty": 0.02871954702532668}, "Home Health Aides_4245_4246": {"llm_label": "TASK_1", "label_logprob": -1.1e-05, "p_task_1": 0.9999890000604997, "uncertainty": 0.0001365930168744248}, "Home Health Aides_4245_4247": {"llm_label": "TASK_1", "label_logprob": 3.4e-05, "p_task_1": 1.0, "uncertainty": 0.0}, "Home Health Aides_4245_4248": {"llm_label": "TASK_1", "label_logprob": -2.3e-05, "p_task_1": 0.999977000264498, "uncertainty": 0.00026863728652655293}, "Home Health Aides_4245_4249": {"llm_label": "CANNOT_DECIDE", "label_logprob": -0.116669,