{"Personal Care Aides_2369_2370": {"llm_label": "TASK_2", "label_logprob": -8.8e-05, "p_task_1": 8.79961281136099e-05, "uncertainty": 0.0009097192612209179}, "Personal Care Aides_2369_2371": {"llm_label": "TASK_1", "label_logprob": -0.022892, "p_task_1": 0.9773680338211246, "uncertainty": 0.10811266727455962}, "Personal Care Aides_2369_2372": {"llm_label": "TASK_2", "label_logprob": -0.00251, "p_task_1": 0.00250685258388883, "uncertainty": 0.01751656421430949}, "Personal Care Aides_2369_2373": {"llm_label": "TASK_2", "label_logprob": -0.000202, "p_task_1": 0.00020197959937362508, "uncertainty": 0.0019202691044677253}, "Personal Care Aides_2369_2374": {"llm_label": "CANNOT_DECIDE", "label_logprob": -0.00967, "p_task_1": 0.5, "uncertainty": 0.6931471805599453}, "Personal Care Aides_2369_2375": {"llm_label": "TASK_2", "label_logprob": -0.000114, "p_task_1": 0.00011399350224694516, "uncertainty": 0.0011489760876716034}, "Personal Care Aides_2369_2376": {"llm_label": "TASK_2", "label_logprob": -0.003006, "p_task_1": 0.0030014865056540163, "uncertainty": 0.020431554952529813}, "Personal Care Aides_2369_2377": {"llm_label": "TASK_2", "label_logprob": -0.011089, "p_task_1": 0.011027743672385237, "uncertainty": 0.06067251486706507}, "Personal Care Aides_2369_2378": {"llm_label": "TASK_2", "label_logprob": -0.006081, "p_task_1": 0.00606254814036522, "uncertainty": 0.036997231491471605}, "Personal Care Aides_2369_2379": {"llm_label": "CANNOT_DECIDE", "label_logprob": -0.285572, "p_task_1": 0.5, "uncertainty": 0.6931471805599453}, "Personal Care Aides_2370_2371": {"llm_label": "TASK_1", "label_logprob": -8e-06, "p_task_1": 0.999992000032, "uncertainty": 0.00010188814457675767}, "Personal Care Aides_2370_2372": {"llm_label": "CANNOT_DECIDE", "label_logprob": -0.038368, "p_task_1": 0.5, "uncertainty": 0.6931471805599453}, "Personal Care Aides_2370_2373": {"llm_label": "TASK_2", "label_logprob": -0.003887, "p_task_1": 0.003879455393960174, "uncertainty": 0.025410891601813958}, "Personal Care Aides_2370_2374": {"llm_label": "TASK_1", "label_logprob": -0.001297, "p_task_1": 0.9987038407409804, "uncertainty": 0.009912639036521044}, "Personal Care Aides_2370_2375": {"llm_label": "TASK_2", "label_logprob": -0.004478, "p_task_1": 0.00446798870709797, "uncertainty": 0.028633461264919998}, "Personal Care Aides_2370_2376": {"llm_label": "TASK_1", "label_logprob": -0.062092, "p_task_1": 0.9397964215429665, "uncertainty": 0.2275273087894466}, "Personal Care Aides_2370_2377": {"llm_label": "TASK_2", "label_logprob": -0.029831, "p_task_1": 0.029390447297093947, "uncertainty": 0.13261687639754294}, "Personal Care Aides_2370_2378": {"llm_label": "TASK_2", "label_logprob": -0.394405, "p_task_1": 0.32591900185433664, "uncertainty": 0.6312507913674186}, "Personal Care Aides_2370_2379": {"llm_label": "TASK_1", "label_logprob": -0.003326, "p_task_1": 0.9966795250109072, "uncertainty": 0.02226705666224516}, "Personal Care Aides_2371_2372": {"llm_label": "TASK_2", "label_logprob": -3.1e-05, "p_task_1": 3.0999519504915085e-05, "uncertainty": 0.0003528217551931141}, "Personal Care Aides_2371_2373": {"llm_label": "TASK_2", "label_logprob": -3.1e-05, "p_task_1": 3.0999519504915085e-05, "uncertainty": 0.0003528217551931141}, "Personal Care Aides_2371_2374": {"llm_label": "TASK_2", "label_logprob": -0.003258, "p_task_1": 0.0032526984770168132, "uncertainty": 0.021879738875402788}, "Personal Care Aides_2371_2375": {"llm_label": "TASK_2", "label_logprob": 2.3e-05, "p_task_1": 0.0, "uncertainty": 0.0}, "Personal Care Aides_2371_2376": {"llm_label": "TASK_2", "label_logprob": -9.2e-05, "p_task_1": 9.199576812979338e-05, "uncertainty": 0.000946978860581264}, "Personal Care Aides_2371_2377": {"llm_label": "TASK_2", "label_logprob": -0.001984, "p_task_1": 0.0019820331729433205, "uncertainty": 0.014315512936687615}, "Personal Care Aides_2371_2378": {"llm_label": "TASK_2", "label_logprob": 2.7e-05, "p_task_1": 0.0, "uncertainty": 0.0}, "Personal Care Aides_2371_2379": {"llm_label": "TASK_2", "label_logprob": -0.023262, "p_task_1": 0.022993525458797626, "uncertainty": 0.10947117903113665}, "Personal Care Aides_2372_2373": {"llm_label": "TASK_2", "label_logprob": -0.204788, "p_task_1": 0.18517996004945803, "uncertainty": 0.4791578822529854}, "Personal Care Aides_2372_2374": {"llm_label": "TASK_1", "label_logprob": -0.001923, "p_task_1": 0.9980788477798833, "uncertainty": 0.013935786469342185}, "Personal Care Aides_2372_2375": {"llm_label": "TASK_1", "label_logprob": -0.072723, "p_task_1": 0.9298583651226741, "uncertainty": 0.25400515837159104}, "Personal Care Aides_2372_2376": {"llm_label": "TASK_1", "label_logprob": -0.018459, "p_task_1": 0.9817103238899547, "uncertainty": 0.09130603967747881}, "Personal Care Aides_2372_2377": {"llm_label": "CANNOT_DECIDE", "label_logprob": -0.095654, "p_task_1": 0.5, "uncertainty": 0.6931471805599453}, "Personal Care Aides_2372_2378": {"llm_label": "TASK_2", "label_logprob": -0.744526, "p_task_1": 0.5250406226627871, "uncertainty": 0.6918925902398103}, "Personal Care Aides_2372_2379": {"llm_label": "TASK_1", "label_logprob": -0.048626, "p_task_1": 0.9525373120429588, "uncertainty": 0.1909754004482404}, "Personal Care Aides_2373_2374": {"llm_label": "TASK_1", "label_logprob": -0.000919, "p_task_1": 0.9990814221511711, "uncertainty": 0.00734148036174368}, "Personal Care Aides_2373_2375": {"llm_label": "TASK_1", "label_logprob": -0.017666, "p_task_1": 0.9824891289321861, "uncertainty": 0.08818695997015415}, "Personal Care Aides_2373_2376": {"llm_label": "TASK_1", "label_logprob": -0.00985, "p_task_1": 0.990198352362848, "uncertainty": 0.05508808128573997}, "Personal Care Aides_2373_2377": {"llm_label": "TASK_1", "label_logprob": -0.669178, "p_task_1": 0.5121293751615102, "uncertainty": 0.6928529082097898}, "Personal Care Aides_2373_2378": {"llm_label": "TASK_1", "label_logprob": -0.005299, "p_task_1": 0.9947150149345264, "uncertainty": 0.032979566354976605}, "Personal Care Aides_2373_2379": {"llm_label": "TASK_1", "label_logprob": -8.4e-05, "p_task_1": 0.9999160035279012, "uncertainty": 0.0008722776396170715}, "Personal Care Aides_2374_2375": {"llm_label": "TASK_2", "label_logprob": 2.3e-05, "p_task_1": 0.0, "uncertainty": 0.0}, "Personal Care Aides_2374_2376": {"llm_label": "TASK_2", "label_logprob": -6.1e-05, "p_task_1": 6.099813953786004e-05, "uncertainty": 0.0006529629227593847}, "Personal Care Aides_2374_2377": {"llm_label": "TASK_2", "label_logprob": -0.000172, "p_task_1": 0.0001719852088480911, "uncertainty": 0.001662755765075375}, "Personal Care Aides_2374_2378": {"llm_label": "TASK_2", "label_logprob": -0.00037, "p_task_1": 0.00036993155844133874, "uncertainty": 0.0032931335291987245}, "Personal Care Aides_2374_2379": {"llm_label": "TASK_2", "label_logprob": -0.03656, "p_task_1": 0.035899753853859906, "uncertainty": 0.1546868778189802}, "Personal Care Aides_2375_2376": {"llm_label": "TASK_2", "label_logprob": -0.316986, "p_task_1": 0.27165904817234976, "uncertainty": 0.584901993526146}, "Personal Care Aides_2375_2377": {"llm_label": "CANNOT_DECIDE", "label_logprob": -0.079491, "p_task_1": 0.5, "uncertainty": 0.6931471805599453}, "Personal Care Aides_2375_2378": {"llm_label": "TASK_2", "label_logprob": -0.266361, "p_task_1": 0.23383750708846107, "uncertainty": 0.5438718282862488}, "Personal Care Aides_2375_2379": {"llm_label": "TASK_1", "label_logprob": -0.002499, "p_task_1": 0.9975041199010812, "uncertainty": 0.01745085642663493}, "Personal Care Aides_2376_2377": {"llm_label": "TASK_2", "label_logprob": -0.014305, "p_task_1": 0.014203169626938905, "uncertainty": 0.07452622796195987}, "Personal Care Aides_2376_2378": {"llm_label": "TASK_2", "label_logprob": -0.006516, "p_task_1": 0.006494816906651102, "uncertainty": 0.03918645414783374}, "Personal Care Aides_2376_2379": {"llm_label": "TASK_1", "label_logprob": -0.103962, "p_task_1": 0.9012595446331997, "uncertainty": 0.3223066242371791}, "Personal Care Aides_2377_2378": {"llm_label": "TASK_1",