{"Occupational Therapy Aides_9398_9399": {"llm_label": "TASK_1", "label_logprob": -0.00025, "p_task_1": 0.999750031247396, "uncertainty": 0.0023232219958266615}, "Occupational Therapy Aides_9398_9400": {"llm_label": "TASK_2", "label_logprob": -0.348114, "p_task_1": 0.2939816144694479, "uncertainty": 0.6056783625231512}, "Occupational Therapy Aides_9398_9401": {"llm_label": "TASK_1", "label_logprob": -0.665206, "p_task_1": 0.5141675982710309, "uncertainty": 0.6927456851426728}, "Occupational Therapy Aides_9398_9402": {"llm_label": "TASK_2", "label_logprob": -0.000171, "p_task_1": 0.00017098538033333277, "uncertainty": 0.0016540864090397091}, "Occupational Therapy Aides_9398_9403": {"llm_label": "TASK_1", "label_logprob": -0.021459, "p_task_1": 0.9787696062003571, "uncertainty": 0.10278971849563365}, "Occupational Therapy Aides_9398_9404": {"llm_label": "TASK_2", "label_logprob": -0.000555, "p_task_1": 0.0005548460159883195, "uncertainty": 0.004714272731971069}, "Occupational Therapy Aides_9398_9405": {"llm_label": "TASK_2", "label_logprob": -0.005009, "p_task_1": 0.004996475879332496, "uncertainty": 0.03146041045375909}, "Occupational Therapy Aides_9398_9406": {"llm_label": "TASK_2", "label_logprob": -0.002827, "p_task_1": 0.002823007798370747, "uncertainty": 0.019389940665832387}, "Occupational Therapy Aides_9398_9407": {"llm_label": "TASK_2", "label_logprob": -0.939239, "p_task_1": 0.6090747837196819, "uncertainty": 0.6691601487820111}, "Occupational Therapy Aides_9398_9408": {"llm_label": "TASK_1", "label_logprob": -0.8546, "p_task_1": 0.4254533383858991, "uncertainty": 0.6819912237998}, "Occupational Therapy Aides_9398_9409": {"llm_label": "TASK_1", "label_logprob": -0.003889, "p_task_1": 0.9961185523669429, "uncertainty": 0.025421944376524598}, "Occupational Therapy Aides_9398_9410": {"llm_label": "TASK_1", "label_logprob": -0.341239, "p_task_1": 0.7108889854339285, "uncertainty": 0.6013537789311549}, "Occupational Therapy Aides_9398_9411": {"llm_label": "TASK_2", "label_logprob": -0.003189, "p_task_1": 0.003183920540400176, "uncertainty": 0.02148524963676217}, "Occupational Therapy Aides_9398_9412": {"llm_label": "TASK_2", "label_logprob": -0.002417, "p_task_1": 0.0024140814073863037, "uncertainty": 0.016959473312988062}, "Occupational Therapy Aides_9399_9400": {"llm_label": "TASK_2", "label_logprob": -0.000138, "p_task_1": 0.00013799047843798817, "uncertainty": 0.0013644852969058765}, "Occupational Therapy Aides_9399_9401": {"llm_label": "TASK_2", "label_logprob": -0.321376, "p_task_1": 0.27484945687993867, "uncertainty": 0.588022783927594}, "Occupational Therapy Aides_9399_9402": {"llm_label": "TASK_2", "label_logprob": -2.9e-05, "p_task_1": 2.8999579504085382e-05, "uncertainty": 0.000331993413184829}, "Occupational Therapy Aides_9399_9403": {"llm_label": "TASK_2", "label_logprob": -4e-05, "p_task_1": 3.999920001063195e-05, "uncertainty": 0.00044505634297012944}, "Occupational Therapy Aides_9399_9404": {"llm_label": "TASK_2", "label_logprob": -1e-06, "p_task_1": 9.999994999843054e-07, "uncertainty": 1.4815503149992376e-05}, "Occupational Therapy Aides_9399_9405": {"llm_label": "TASK_2", "label_logprob": -2e-06, "p_task_1": 1.9999979999907325e-06, "uncertainty": 2.8244698509961958e-05}, "Occupational Therapy Aides_9399_9406": {"llm_label": "TASK_2", "label_logprob": 0.0, "p_task_1": 0.0, "uncertainty": 0.0}, "Occupational Therapy Aides_9399_9407": {"llm_label": "TASK_2", "label_logprob": -0.00097, "p_task_1": 0.0009695297020753113, "uncertainty": 0.0076963347640837}, "Occupational Therapy Aides_9399_9408": {"llm_label": "TASK_2", "label_logprob": -0.005487, "p_task_1": 0.005471973910779027, "uncertainty": 0.033955649424626845}, "Occupational Therapy Aides_9399_9409": {"llm_label": "TASK_1", "label_logprob": -0.475781, "p_task_1": 0.6213995538493704, "uncertainty": 0.6633748185364234}, "Occupational Therapy Aides_9399_9410": {"llm_label": "TASK_2", "label_logprob": -0.000288, "p_task_1": 0.00028795853198104737, "uncertainty": 0.0026355548852896285}, "Occupational Therapy Aides_9399_9411": {"llm_label": "TASK_2", "label_logprob": -0.000137, "p_task_1": 0.0001369906159285339, "uncertainty": 0.0013555946993525322}, "Occupational Therapy Aides_9399_9412": {"llm_label": "TASK_2", "label_logprob": -6e-06, "p_task_1": 5.9999820000156134e-06, "uncertainty": 7.814227210513045e-05}, "Occupational Therapy Aides_9400_9401": {"llm_label": "TASK_1", "label_logprob": -0.258659, "p_task_1": 0.772086259573839, "uncertainty": 0.5367431762894789}, "Occupational Therapy Aides_9400_9402": {"llm_label": "TASK_2", "label_logprob": -0.000452, "p_task_1": 0.00045189786338917237, "uncertainty": 0.003932337655503984}, "Occupational Therapy Aides_9400_9403": {"llm_label": "TASK_2", "label_logprob": -0.139062, "p_task_1": 0.12982592400696913, "uncertainty": 0.38605566099055216}, "Occupational Therapy Aides_9400_9404": {"llm_label": "TASK_2", "label_logprob": -4.6e-05, "p_task_1": 4.599894201617882e-05, "uncertainty": 0.0005053843575021392}, "Occupational Therapy Aides_9400_9405": {"llm_label": "TASK_2", "label_logprob": -4.6e-05, "p_task_1": 4.599894201617882e-05, "uncertainty": 0.0005053843575021392}, "Occupational Therapy Aides_9400_9406": {"llm_label": "TASK_2", "label_logprob": -7e-06, "p_task_1": 6.999975500021627e-06, "uncertainty": 9.008688755748087e-05}, "Occupational Therapy Aides_9400_9407": {"llm_label": "TASK_2", "label_logprob": -0.905351, "p_task_1": 0.5956000841815854, "uncertainty": 0.6747553962256552}, "Occupational Therapy Aides_9400_9408": {"llm_label": "TASK_2", "label_logprob": -0.003342, "p_task_1": 0.003336421733918682, "uncertainty": 0.022357983661676267}, "Occupational Therapy Aides_9400_9409": {"llm_label": "TASK_1", "label_logprob": -0.005842, "p_task_1": 0.9941750313002415, "uncertainty": 0.035780939102871404}, "Occupational Therapy Aides_9400_9410": {"llm_label": "TASK_2", "label_logprob": -0.006729, "p_task_1": 0.0067064109750817336, "uncertainty": 0.040247389544566387}, "Occupational Therapy Aides_9400_9411": {"llm_label": "TASK_2", "label_logprob": -0.000111, "p_task_1": 0.000110993839727902, "uncertainty": 0.001121701564056563}, "Occupational Therapy Aides_9400_9412": {"llm_label": "TASK_2", "label_logprob": -0.001561, "p_task_1": 0.0015597822732063005, "uncertainty": 0.011639764062124457}, "Occupational Therapy Aides_9401_9402": {"llm_label": "TASK_2", "label_logprob": -0.008623, "p_task_1": 0.008585928567678702, "uncertainty": 0.049397640268597144}, "Occupational Therapy Aides_9401_9403": {"llm_label": "TASK_2", "label_logprob": -0.000134, "p_task_1": 0.00013399102240096994, "uncertainty": 0.0013288788448026945}, "Occupational Therapy Aides_9401_9404": {"llm_label": "TASK_2", "label_logprob": -0.000204, "p_task_1": 0.00020397919341486048, "uncertainty": 0.0019372700671688274}, "Occupational Therapy Aides_9401_9405": {"llm_label": "TASK_2", "label_logprob": -2.2e-05, "p_task_1": 2.1999758001767233e-05, "uncertainty": 0.0002579354610012207}, "Occupational Therapy Aides_9401_9406": {"llm_label": "TASK_2", "label_logprob": -3.2e-05, "p_task_1": 3.199948800547414e-05, "uncertainty": 0.0003631869779441248}, "Occupational Therapy Aides_9401_9407": {"llm_label": "TASK_2", "label_logprob": -0.086857, "p_task_1": 0.08319181016916044, "uncertainty": 0.2864964941646352}, "Occupational Therapy Aides_9401_9408": {"llm_label": "TASK_2", "label_logprob": -0.001329, "p_task_1": 0.0013281172705924549, "uncertainty": 0.010124674336995557}, "Occupational Therapy Aides_9401_9409": {"llm_label": "TASK_2", "label_logprob": -0.331695, "p_task_1": 0.28229381013656396, "uncertainty": 0.5951067052091655}, "Occupational Therapy Aides_9401_9410": {"llm_label": "TASK_2", "label_logprob": -1.1e-05, "p_task_1": 1.0999939500266898e-05, "uncertainty": 0.0001365930168744248}, "Occupational Therapy Aides_9401_9411": {"llm_label": "TASK_2", "label_logprob": -3.1e-05, "p_task_1": 3.0999519504915085e-05, "uncertainty": 0.0003528217551931141},