{"Medical Equipment Preparers_4291_4292": {"llm_label": "TASK_2", "label_logprob": -0.166233, "p_task_1": 0.15315110459230563, "uncertainty": 0.42813628023139194}, "Medical Equipment Preparers_4291_4293": {"llm_label": "TASK_2", "label_logprob": -0.010533, "p_task_1": 0.010477722206068796, "uncertainty": 0.05818537642976208}, "Medical Equipment Preparers_4291_4294": {"llm_label": "TASK_1", "label_logprob": 0.0, "p_task_1": 1.0, "uncertainty": 0.0}, "Medical Equipment Preparers_4291_4295": {"llm_label": "TASK_2", "label_logprob": -0.006263, "p_task_1": 0.006243428296010212, "uncertainty": 0.03791694946157781}, "Medical Equipment Preparers_4291_4296": {"llm_label": "TASK_1", "label_logprob": -0.000869, "p_task_1": 0.9991313774711513, "uncertainty": 0.006990819575319731}, "Medical Equipment Preparers_4291_4297": {"llm_label": "TASK_1", "label_logprob": -8e-06, "p_task_1": 0.999992000032, "uncertainty": 0.00010188814457675767}, "Medical Equipment Preparers_4291_4298": {"llm_label": "TASK_1", "label_logprob": 0.0, "p_task_1": 1.0, "uncertainty": 0.0}, "Medical Equipment Preparers_4291_4299": {"llm_label": "TASK_1", "label_logprob": 0.0, "p_task_1": 1.0, "uncertainty": 0.0}, "Medical Equipment Preparers_4291_4301": {"llm_label": "TASK_2", "label_logprob": -0.251978, "p_task_1": 0.22273816235872168, "uncertainty": 0.5303517801178927}, "Medical Equipment Preparers_4291_4302": {"llm_label": "TASK_1", "label_logprob": -0.000262, "p_task_1": 0.9997380343190028, "uncertainty": 0.0024224401534331287}, "Medical Equipment Preparers_4291_4303": {"llm_label": "TASK_1", "label_logprob": -0.11303, "p_task_1": 0.8931238659981258, "uncertainty": 0.33993388301782973}, "Medical Equipment Preparers_4291_4304": {"llm_label": "TASK_1", "label_logprob": -0.216624, "p_task_1": 0.8052326798794818, "uncertainty": 0.49306225576769996}, "Medical Equipment Preparers_4291_18702": {"llm_label": "TASK_1", "label_logprob": -9e-06, "p_task_1": 0.9999910000404999, "uncertainty": 0.0001135640627863842}, "Medical Equipment Preparers_4291_18703": {"llm_label": "TASK_1", "label_logprob": -0.000435, "p_task_1": 0.9995650945987827, "uncertainty": 0.0038011447636947643}, "Medical Equipment Preparers_4292_4293": {"llm_label": "TASK_2", "label_logprob": -0.000156, "p_task_1": 0.0001559878326327091, "uncertainty": 0.0015233232877639182}, "Medical Equipment Preparers_4292_4294": {"llm_label": "TASK_1", "label_logprob": 0.0, "p_task_1": 1.0, "uncertainty": 0.0}, "Medical Equipment Preparers_4292_4295": {"llm_label": "TASK_2", "label_logprob": -3.5e-05, "p_task_1": 3.499938750717302e-05, "uncertainty": 0.00039409879060961955}, "Medical Equipment Preparers_4292_4296": {"llm_label": "TASK_1", "label_logprob": -0.181149, "p_task_1": 0.8343110370895336, "uncertainty": 0.44898420871737665}, "Medical Equipment Preparers_4292_4297": {"llm_label": "TASK_1", "label_logprob": -0.006824, "p_task_1": 0.9931992306160563, "uncertainty": 0.04071832412301603}, "Medical Equipment Preparers_4292_4298": {"llm_label": "TASK_1", "label_logprob": -3e-06, "p_task_1": 0.9999970000045, "uncertainty": 4.1150633082097105e-05}, "Medical Equipment Preparers_4292_4299": {"llm_label": "TASK_1", "label_logprob": -8e-06, "p_task_1": 0.999992000032, "uncertainty": 0.00010188814457675767}, "Medical Equipment Preparers_4292_4301": {"llm_label": "TASK_2", "label_logprob": -0.003206, "p_task_1": 0.003200866269711833, "uncertainty": 0.02158258231400716}, "Medical Equipment Preparers_4292_4302": {"llm_label": "TASK_1", "label_logprob": -0.816372, "p_task_1": 0.4420324426223415, "uncertainty": 0.6864115686845738}, "Medical Equipment Preparers_4292_4303": {"llm_label": "TASK_2", "label_logprob": -0.005419, "p_task_1": 0.005404343705604053, "uncertainty": 0.03360337260126273}, "Medical Equipment Preparers_4292_4304": {"llm_label": "TASK_2", "label_logprob": -0.011099, "p_task_1": 0.01103763334550012, "uncertainty": 0.06071697684722897}, "Medical Equipment Preparers_4292_18702": {"llm_label": "TASK_1", "label_logprob": -0.085932, "p_task_1": 0.9176566297493999, "uncertainty": 0.2844557173067294}, "Medical Equipment Preparers_4292_18703": {"llm_label": "TASK_1", "label_logprob": -0.313527, "p_task_1": 0.730864645391776, "uncertainty": 0.5823969464954537}, "Medical Equipment Preparers_4293_4294": {"llm_label": "TASK_1", "label_logprob": -2e-06, "p_task_1": 0.999998000002, "uncertainty": 2.8244698509961958e-05}, "Medical Equipment Preparers_4293_4295": {"llm_label": "TASK_2", "label_logprob": -0.022417, "p_task_1": 0.02216760608601931, "uncertainty": 0.10635921231542239}, "Medical Equipment Preparers_4293_4296": {"llm_label": "TASK_1", "label_logprob": -0.005496, "p_task_1": 0.9945190753772644, "uncertainty": 0.03400220930023077}, "Medical Equipment Preparers_4293_4297": {"llm_label": "TASK_1", "label_logprob": -0.006036, "p_task_1": 0.9939821800513452, "uncertainty": 0.03676897169491915}, "Medical Equipment Preparers_4293_4298": {"llm_label": "TASK_1", "label_logprob": 0.0, "p_task_1": 1.0, "uncertainty": 0.0}, "Medical Equipment Preparers_4293_4299": {"llm_label": "TASK_1", "label_logprob": -0.000597, "p_task_1": 0.9994031781690426, "uncertainty": 0.005027384471693339}, "Medical Equipment Preparers_4293_4301": {"llm_label": "TASK_1", "label_logprob": -0.101409, "p_task_1": 0.9035633998705181, "uncertainty": 0.31718208161806144}, "Medical Equipment Preparers_4293_4302": {"llm_label": "TASK_1", "label_logprob": -0.001251, "p_task_1": 0.9987497821742993, "uncertainty": 0.009606438872639464}, "Medical Equipment Preparers_4293_4303": {"llm_label": "TASK_1", "label_logprob": -0.134586, "p_task_1": 0.8740777049615134, "uncertainty": 0.3785609841131903}, "Medical Equipment Preparers_4293_4304": {"llm_label": "TASK_2", "label_logprob": -0.680319, "p_task_1": 0.4935445926807899, "uncertainty": 0.693063833677038}, "Medical Equipment Preparers_4293_18702": {"llm_label": "TASK_1", "label_logprob": -0.004311, "p_task_1": 0.9956982790217569, "uncertainty": 0.027731414912114172}, "Medical Equipment Preparers_4293_18703": {"llm_label": "TASK_1", "label_logprob": -0.128584, "p_task_1": 0.879339694781657, "uncertainty": 0.36823854216057994}, "Medical Equipment Preparers_4294_4295": {"llm_label": "TASK_2", "label_logprob": 0.0, "p_task_1": 0.0, "uncertainty": 0.0}, "Medical Equipment Preparers_4294_4296": {"llm_label": "TASK_2", "label_logprob": -5e-06, "p_task_1": 4.999987500031722e-06, "uncertainty": 6.603019815215604e-05}, "Medical Equipment Preparers_4294_4297": {"llm_label": "TASK_2", "label_logprob": -3.6e-05, "p_task_1": 3.599935200782056e-05, "uncertainty": 0.0004043444200614643}, "Medical Equipment Preparers_4294_4298": {"llm_label": "EQUAL_TIME", "label_logprob": -0.038134, "p_task_1": 0.5, "uncertainty": 0.6931471805599453}, "Medical Equipment Preparers_4294_4299": {"llm_label": "EQUAL_TIME", "label_logprob": -0.017485, "p_task_1": 0.5, "uncertainty": 0.6931471805599453}, "Medical Equipment Preparers_4294_4301": {"llm_label": "TASK_2", "label_logprob": 0.0, "p_task_1": 0.0, "uncertainty": 0.0}, "Medical Equipment Preparers_4294_4302": {"llm_label": "TASK_2", "label_logprob": 0.0, "p_task_1": 0.0, "uncertainty": 0.0}, "Medical Equipment Preparers_4294_4303": {"llm_label": "TASK_2", "label_logprob": -1.8e-05, "p_task_1": 1.7999838000992696e-05, "uncertainty": 0.0002146505665408007}, "Medical Equipment Preparers_4294_4304": {"llm_label": "TASK_2", "label_logprob": -8.1e-05, "p_task_1": 8.099671958861077e-05, "uncertainty": 0.0008440717883202269}, "Medical Equipment Preparers_4294_18702": {"llm_label": "TASK_2", "label_logprob": -0.000437, "p_task_1": 0.000436904529407367, "uncertainty": 0.0038166133203022807}, "Medical Equipment Preparers_4294_18703": {"llm_label": "TASK_2", "label_logprob": -6.7e-05, "p_task_1": 6.699775555008003e-05, "uncertainty": 0.0007109009864475162}, "Medical Equipment Preparers_4295_4296": {"llm_label": "TASK_1", "label_logprob": -0.003889, "p_task_1": 0.9961185523669429, "uncertainty": 0.025421944376524598},