{"Speech-Language Pathology Assistants_17531_17532": {"llm_label": "TASK_2", "label_logprob": -0.005532, "p_task_1": 0.0055167266650085756, "uncertainty": 0.034188297879500174}, "Speech-Language Pathology Assistants_17531_17533": {"llm_label": "TASK_2", "label_logprob": -2.5e-05, "p_task_1": 2.4999687502580414e-05, "uncertainty": 0.0002899122444096467}, "Speech-Language Pathology Assistants_17531_17534": {"llm_label": "TASK_1", "label_logprob": -0.001758, "p_task_1": 0.9982435443768626, "uncertainty": 0.012898669940838565}, "Speech-Language Pathology Assistants_17531_17535": {"llm_label": "TASK_1", "label_logprob": -0.000199, "p_task_1": 0.9998010197991867, "uncertainty": 0.0018947304093142206}, "Speech-Language Pathology Assistants_17531_17536": {"llm_label": "TASK_1", "label_logprob": -1.3e-05, "p_task_1": 0.9999870000844996, "uncertainty": 0.00015925626043919854}, "Speech-Language Pathology Assistants_17531_17537": {"llm_label": "TASK_2", "label_logprob": -0.185628, "p_task_1": 0.16941748578531912, "uncertainty": 0.45496135909338364}, "Speech-Language Pathology Assistants_17531_17538": {"llm_label": "TASK_2", "label_logprob": -0.005589, "p_task_1": 0.005573410596081296, "uncertainty": 0.034482447243863505}, "Speech-Language Pathology Assistants_17531_17539": {"llm_label": "TASK_1", "label_logprob": -0.000441, "p_task_1": 0.9995590972262072, "uncertainty": 0.0038475229284026112}, "Speech-Language Pathology Assistants_17531_17540": {"llm_label": "TASK_1", "label_logprob": -2e-06, "p_task_1": 0.999998000002, "uncertainty": 2.8244698509961958e-05}, "Speech-Language Pathology Assistants_17531_17541": {"llm_label": "TASK_1", "label_logprob": -4.2e-05, "p_task_1": 0.9999580008819876, "uncertainty": 0.0004652595489512129}, "Speech-Language Pathology Assistants_17532_17533": {"llm_label": "CANNOT_DECIDE", "label_logprob": -0.12721, "p_task_1": 0.5, "uncertainty": 0.6931471805599453}, "Speech-Language Pathology Assistants_17532_17534": {"llm_label": "TASK_1", "label_logprob": -0.000329, "p_task_1": 0.9996710541145652, "uncertainty": 0.0029669118912845245}, "Speech-Language Pathology Assistants_17532_17535": {"llm_label": "TASK_1", "label_logprob": -0.000552, "p_task_1": 0.9994481523239711, "uncertainty": 0.00469178826076561}, "Speech-Language Pathology Assistants_17532_17536": {"llm_label": "TASK_1", "label_logprob": -4e-06, "p_task_1": 0.999996000008, "uncertainty": 5.371675735315082e-05}, "Speech-Language Pathology Assistants_17532_17537": {"llm_label": "CANNOT_DECIDE", "label_logprob": -0.289909, "p_task_1": 0.5, "uncertainty": 0.6931471805599453}, "Speech-Language Pathology Assistants_17532_17538": {"llm_label": "TASK_2", "label_logprob": -0.000408, "p_task_1": 0.00040791677931839576, "uncertainty": 0.003591398608186449}, "Speech-Language Pathology Assistants_17532_17539": {"llm_label": "TASK_1", "label_logprob": -0.000125, "p_task_1": 0.9998750078121745, "uncertainty": 0.0012483215809395145}, "Speech-Language Pathology Assistants_17532_17540": {"llm_label": "TASK_1", "label_logprob": -4.7e-05, "p_task_1": 0.9999530011044827, "uncertainty": 0.0005153599478945111}, "Speech-Language Pathology Assistants_17532_17541": {"llm_label": "TASK_1", "label_logprob": -7e-06, "p_task_1": 0.9999930000245, "uncertainty": 9.008688755748087e-05}, "Speech-Language Pathology Assistants_17533_17534": {"llm_label": "TASK_1", "label_logprob": -0.000316, "p_task_1": 0.9996840499227413, "uncertainty": 0.002862434509666552}, "Speech-Language Pathology Assistants_17533_17535": {"llm_label": "TASK_1", "label_logprob": -0.000227, "p_task_1": 0.9997730257625506, "uncertainty": 0.0021314153183861866}, "Speech-Language Pathology Assistants_17533_17536": {"llm_label": "TASK_1", "label_logprob": -0.00057, "p_task_1": 0.9994301624191388, "uncertainty": 0.004826452630408231}, "Speech-Language Pathology Assistants_17533_17537": {"llm_label": "TASK_1", "label_logprob": -0.50369, "p_task_1": 0.6042966857950056, "uncertainty": 0.671231002879882}, "Speech-Language Pathology Assistants_17533_17538": {"llm_label": "TASK_2", "label_logprob": -0.009087, "p_task_1": 0.009045837989586025, "uncertainty": 0.05156954352137006}, "Speech-Language Pathology Assistants_17533_17539": {"llm_label": "TASK_1", "label_logprob": -0.023262, "p_task_1": 0.9770064745412024, "uncertainty": 0.10947117903113665}, "Speech-Language Pathology Assistants_17533_17540": {"llm_label": "TASK_1", "label_logprob": -0.001504, "p_task_1": 0.9984971304412011, "uncertainty": 0.0112709613426276}, "Speech-Language Pathology Assistants_17533_17541": {"llm_label": "TASK_1", "label_logprob": -7.3e-05, "p_task_1": 0.9999270026644351, "uncertainty": 0.0007683006882278183}, "Speech-Language Pathology Assistants_17534_17535": {"llm_label": "EQUAL_TIME", "label_logprob": -0.320659, "p_task_1": 0.5, "uncertainty": 0.6931471805599453}, "Speech-Language Pathology Assistants_17534_17536": {"llm_label": "TASK_1", "label_logprob": -0.000107, "p_task_1": 0.9998930057242958, "uncertainty": 0.001085208884754943}, "Speech-Language Pathology Assistants_17534_17537": {"llm_label": "TASK_2", "label_logprob": -0.001626, "p_task_1": 0.0016246787781992733, "uncertainty": 0.012057768624162434}, "Speech-Language Pathology Assistants_17534_17538": {"llm_label": "TASK_2", "label_logprob": 0.0, "p_task_1": 0.0, "uncertainty": 0.0}, "Speech-Language Pathology Assistants_17534_17539": {"llm_label": "CANNOT_DECIDE", "label_logprob": -0.025749, "p_task_1": 0.5, "uncertainty": 0.6931471805599453}, "Speech-Language Pathology Assistants_17534_17540": {"llm_label": "TASK_1", "label_logprob": -0.004678, "p_task_1": 0.9953329247999564, "uncertainty": 0.02970539937382894}, "Speech-Language Pathology Assistants_17534_17541": {"llm_label": "TASK_1", "label_logprob": -0.171474, "p_task_1": 0.8424221707117265, "uncertainty": 0.4356314517429623}, "Speech-Language Pathology Assistants_17535_17536": {"llm_label": "TASK_1", "label_logprob": -0.00846, "p_task_1": 0.9915756850971206, "uncertainty": 0.048628591901415864}, "Speech-Language Pathology Assistants_17535_17537": {"llm_label": "TASK_2", "label_logprob": -0.032155, "p_task_1": 0.03164352480744048, "uncertainty": 0.14040961021603426}, "Speech-Language Pathology Assistants_17535_17538": {"llm_label": "TASK_2", "label_logprob": 0.0, "p_task_1": 0.0, "uncertainty": 0.0}, "Speech-Language Pathology Assistants_17535_17539": {"llm_label": "CANNOT_DECIDE", "label_logprob": -0.513644, "p_task_1": 0.5, "uncertainty": 0.6931471805599453}, "Speech-Language Pathology Assistants_17535_17540": {"llm_label": "TASK_1", "label_logprob": -0.029897, "p_task_1": 0.9705454945863687, "uncertainty": 0.13284083206659636}, "Speech-Language Pathology Assistants_17535_17541": {"llm_label": "TASK_1", "label_logprob": -0.220222, "p_task_1": 0.8023406585635358, "uncertainty": 0.49714041047497204}, "Speech-Language Pathology Assistants_17536_17537": {"llm_label": "TASK_2", "label_logprob": -2.8e-05, "p_task_1": 2.7999608003703713e-05, "uncertainty": 0.0003215280679255237}, "Speech-Language Pathology Assistants_17536_17538": {"llm_label": "TASK_2", "label_logprob": 0.0, "p_task_1": 0.0, "uncertainty": 0.0}, "Speech-Language Pathology Assistants_17536_17539": {"llm_label": "TASK_2", "label_logprob": -0.001141, "p_task_1": 0.0011403493070037962, "uncertainty": 0.00886718545803293}, "Speech-Language Pathology Assistants_17536_17540": {"llm_label": "TASK_2", "label_logprob": -0.001079, "p_task_1": 0.0010784180888129269, "uncertainty": 0.00844586920601705}, "Speech-Language Pathology Assistants_17536_17541": {"llm_label": "TASK_2", "label_logprob": -0.032214, "p_task_1": 0.03170065615408546, "uncertainty": 0.14060500713704804}, "Speech-Language Pathology Assistants_17537_17538": {"llm_label": "TASK_2", "label_logprob": -0.00041, "p_task_1": 0.0004099159614856518, "uncertainty": 0.003606995411573336}, "Speech-Language Pathology Assistants_17537_17539": {"llm_label": "TASK_1", "label_logprob": -0.74463, "p_task_1": 0.47490998413046115,