{"Endoscopy Technicians_17519_17520": {"llm_label": "TASK_1", "label_logprob": -0.000835, "p_task_1": 0.9991653485154898, "uncertainty": 0.0067507270291413705}, "Endoscopy Technicians_17519_17521": {"llm_label": "TASK_1", "label_logprob": -4e-06, "p_task_1": 0.999996000008, "uncertainty": 5.371675735315082e-05}, "Endoscopy Technicians_17519_17522": {"llm_label": "TASK_1", "label_logprob": -0.003432, "p_task_1": 0.9965738825804038, "uncertainty": 0.022868006457256083}, "Endoscopy Technicians_17519_17523": {"llm_label": "TASK_1", "label_logprob": -0.694124, "p_task_1": 0.4995118287463748, "uncertainty": 0.6931467039375239}, "Endoscopy Technicians_17519_17524": {"llm_label": "TASK_1", "label_logprob": -0.000591, "p_task_1": 0.9994091746061009, "uncertainty": 0.00498284090754845}, "Endoscopy Technicians_17519_17525": {"llm_label": "TASK_2", "label_logprob": -0.000364, "p_task_1": 0.00036393376003740485, "uncertainty": 0.0032456910856747566}, "Endoscopy Technicians_17519_17526": {"llm_label": "TASK_2", "label_logprob": -0.048665, "p_task_1": 0.047499836187815725, "uncertainty": 0.19108679962113112}, "Endoscopy Technicians_17519_17527": {"llm_label": "TASK_1", "label_logprob": -0.000412, "p_task_1": 0.9995880848603454, "uncertainty": 0.003622582429640045}, "Endoscopy Technicians_17519_17528": {"llm_label": "TASK_2", "label_logprob": -0.00032, "p_task_1": 0.0003199488054609345, "uncertainty": 0.0028946374945601643}, "Endoscopy Technicians_17519_17529": {"llm_label": "TASK_1", "label_logprob": -0.39321, "p_task_1": 0.6748870064324821, "uncertainty": 0.6306635848749869}, "Endoscopy Technicians_17519_17530": {"llm_label": "TASK_1", "label_logprob": -2.7e-05, "p_task_1": 0.9999730003644968, "uncertainty": 0.00031102699079997}, "Endoscopy Technicians_17520_17521": {"llm_label": "TASK_1", "label_logprob": -0.008675, "p_task_1": 0.9913625192409754, "uncertainty": 0.04964230622055147}, "Endoscopy Technicians_17520_17522": {"llm_label": "TASK_2", "label_logprob": -2.7e-05, "p_task_1": 2.6999635503233144e-05, "uncertainty": 0.00031102699079997}, "Endoscopy Technicians_17520_17523": {"llm_label": "TASK_2", "label_logprob": -3.1e-05, "p_task_1": 3.0999519504915085e-05, "uncertainty": 0.0003528217551931141}, "Endoscopy Technicians_17520_17524": {"llm_label": "TASK_1", "label_logprob": -0.064235, "p_task_1": 0.937784594254474, "uncertainty": 0.2330202710491813}, "Endoscopy Technicians_17520_17525": {"llm_label": "TASK_2", "label_logprob": -2.5e-05, "p_task_1": 2.4999687502580414e-05, "uncertainty": 0.0002899122444096467}, "Endoscopy Technicians_17520_17526": {"llm_label": "TASK_2", "label_logprob": -0.000134, "p_task_1": 0.00013399102240096994, "uncertainty": 0.0013288788448026945}, "Endoscopy Technicians_17520_17527": {"llm_label": "TASK_2", "label_logprob": -0.081366, "p_task_1": 0.07814376968730641, "uncertainty": 0.2742122383609927}, "Endoscopy Technicians_17520_17528": {"llm_label": "TASK_2", "label_logprob": 0.0, "p_task_1": 0.0, "uncertainty": 0.0}, "Endoscopy Technicians_17520_17529": {"llm_label": "TASK_2", "label_logprob": -0.000261, "p_task_1": 0.00026096594246305393, "uncertainty": 0.0024141933641193447}, "Endoscopy Technicians_17520_17530": {"llm_label": "TASK_1", "label_logprob": -0.011075, "p_task_1": 0.988986102036123, "uncertainty": 0.060610252279645914}, "Endoscopy Technicians_17521_17522": {"llm_label": "TASK_2", "label_logprob": -2.2e-05, "p_task_1": 2.1999758001767233e-05, "uncertainty": 0.0002579354610012207}, "Endoscopy Technicians_17521_17523": {"llm_label": "TASK_2", "label_logprob": 0.0, "p_task_1": 0.0, "uncertainty": 0.0}, "Endoscopy Technicians_17521_17524": {"llm_label": "TASK_2", "label_logprob": -0.00451, "p_task_1": 0.0044998452217523965, "uncertainty": 0.028805574571768834}, "Endoscopy Technicians_17521_17525": {"llm_label": "TASK_2", "label_logprob": 0.0, "p_task_1": 0.0, "uncertainty": 0.0}, "Endoscopy Technicians_17521_17526": {"llm_label": "TASK_2", "label_logprob": 0.0, "p_task_1": 0.0, "uncertainty": 0.0}, "Endoscopy Technicians_17521_17527": {"llm_label": "TASK_2", "label_logprob": -0.000614, "p_task_1": 0.0006138115405733835, "uncertainty": 0.00515326439228778}, "Endoscopy Technicians_17521_17528": {"llm_label": "TASK_2", "label_logprob": 0.0, "p_task_1": 0.0, "uncertainty": 0.0}, "Endoscopy Technicians_17521_17529": {"llm_label": "TASK_2", "label_logprob": -0.000168, "p_task_1": 0.00016798588879018972, "uncertainty": 0.0016280430659486949}, "Endoscopy Technicians_17521_17530": {"llm_label": "TASK_2", "label_logprob": -0.007151, "p_task_1": 0.0071254924372424755, "uncertainty": 0.042329024894619885}, "Endoscopy Technicians_17522_17523": {"llm_label": "TASK_2", "label_logprob": -0.00018, "p_task_1": 0.0001799838009719501, "uncertainty": 0.0017319037914989032}, "Endoscopy Technicians_17522_17524": {"llm_label": "TASK_1", "label_logprob": -0.059973, "p_task_1": 0.9417899615699318, "uncertainty": 0.2220137076498945}, "Endoscopy Technicians_17522_17525": {"llm_label": "TASK_2", "label_logprob": -6e-06, "p_task_1": 5.9999820000156134e-06, "uncertainty": 7.814227210513045e-05}, "Endoscopy Technicians_17522_17526": {"llm_label": "TASK_2", "label_logprob": -0.004117, "p_task_1": 0.004108536773850924, "uncertainty": 0.026675214218581666}, "Endoscopy Technicians_17522_17527": {"llm_label": "TASK_1", "label_logprob": -0.290581, "p_task_1": 0.7478289527136461, "uncertainty": 0.5647077387906922}, "Endoscopy Technicians_17522_17528": {"llm_label": "TASK_2", "label_logprob": -1e-06, "p_task_1": 9.999994999843054e-07, "uncertainty": 1.4815503149992376e-05}, "Endoscopy Technicians_17522_17529": {"llm_label": "TASK_2", "label_logprob": -0.023256, "p_task_1": 0.022987663402364245, "uncertainty": 0.1094491997717515}, "Endoscopy Technicians_17522_17530": {"llm_label": "TASK_1", "label_logprob": -0.001262, "p_task_1": 0.9987387959871196, "uncertainty": 0.00967981342052723}, "Endoscopy Technicians_17523_17524": {"llm_label": "TASK_1", "label_logprob": -0.001539, "p_task_1": 0.998462183653208, "uncertainty": 0.011497672334375911}, "Endoscopy Technicians_17523_17525": {"llm_label": "TASK_2", "label_logprob": -6e-05, "p_task_1": 5.999820003599332e-05, "uncertainty": 0.0006432506620406343}, "Endoscopy Technicians_17523_17526": {"llm_label": "TASK_2", "label_logprob": -0.033711, "p_task_1": 0.03314911582925506, "uncertainty": 0.14552390364156084}, "Endoscopy Technicians_17523_17527": {"llm_label": "TASK_1", "label_logprob": -0.100535, "p_task_1": 0.9043534594877654, "uncertainty": 0.3154107639740136}, "Endoscopy Technicians_17523_17528": {"llm_label": "TASK_2", "label_logprob": -0.000984, "p_task_1": 0.0009835160307549717, "uncertainty": 0.007793267629539322}, "Endoscopy Technicians_17523_17529": {"llm_label": "CANNOT_DECIDE", "label_logprob": -0.048685, "p_task_1": 0.5, "uncertainty": 0.6931471805599453}, "Endoscopy Technicians_17523_17530": {"llm_label": "TASK_1", "label_logprob": -0.00046, "p_task_1": 0.9995401057837792, "uncertainty": 0.003993852019167917}, "Endoscopy Technicians_17524_17525": {"llm_label": "TASK_2", "label_logprob": 0.0, "p_task_1": 0.0, "uncertainty": 0.0}, "Endoscopy Technicians_17524_17526": {"llm_label": "TASK_2", "label_logprob": -4.7e-05, "p_task_1": 4.699889551729175e-05, "uncertainty": 0.0005153599478945111}, "Endoscopy Technicians_17524_17527": {"llm_label": "EQUAL_TIME", "label_logprob": -0.317609, "p_task_1": 0.5, "uncertainty": 0.6931471805599453}, "Endoscopy Technicians_17524_17528": {"llm_label": "TASK_2", "label_logprob": 0.0, "p_task_1": 0.0, "uncertainty": 0.0}, "Endoscopy Technicians_17524_17529": {"llm_label": "TASK_2", "label_logprob": -0.000166, "p_task_1": 0.00016598622276231545, "uncertainty": 0.0016106510922059244}, "Endoscopy Technicians_17524_17530": {"llm_label": "EQUAL_TIME", "label_logprob": -0.633588, "p_task_1": 0.5, "uncertainty": 0.6931471805599453}, "Endoscopy Technicians_17525_17526": {"llm_label": "TASK_1", "label_logprob": -0.007248, "p_task_1": 0.992778203406351,