{"Medical Transcriptionists_9413_9414": {"llm_label": "TASK_1", "label_logprob": -0.014662, "p_task_1": 0.9854449637165532, "uncertainty": 0.07601375156146854}, "Medical Transcriptionists_9413_9415": {"llm_label": "TASK_1", "label_logprob": -0.000508, "p_task_1": 0.9994921290101534, "uncertainty": 0.004360087237614633}, "Medical Transcriptionists_9413_9416": {"llm_label": "TASK_1", "label_logprob": -2e-06, "p_task_1": 0.999998000002, "uncertainty": 2.8244698509961958e-05}, "Medical Transcriptionists_9413_9417": {"llm_label": "TASK_1", "label_logprob": -0.000397, "p_task_1": 0.9996030787940726, "uncertainty": 0.003505439114980701}, "Medical Transcriptionists_9413_9419": {"llm_label": "TASK_1", "label_logprob": -2.9e-05, "p_task_1": 0.9999710004204959, "uncertainty": 0.000331993413184829}, "Medical Transcriptionists_9413_9420": {"llm_label": "TASK_1", "label_logprob": -5e-06, "p_task_1": 0.9999950000125, "uncertainty": 6.603019815215604e-05}, "Medical Transcriptionists_9413_9421": {"llm_label": "CANNOT_DECIDE", "label_logprob": -0.39544, "p_task_1": 0.5, "uncertainty": 0.6931471805599453}, "Medical Transcriptionists_9413_9422": {"llm_label": "TASK_1", "label_logprob": -1e-06, "p_task_1": 0.9999990000005, "uncertainty": 1.4815503149992376e-05}, "Medical Transcriptionists_9413_9423": {"llm_label": "TASK_1", "label_logprob": -0.005784, "p_task_1": 0.9942326951242917, "uncertainty": 0.03548427286852885}, "Medical Transcriptionists_9413_9424": {"llm_label": "TASK_1", "label_logprob": -0.039171, "p_task_1": 0.9615862638355774, "uncertainty": 0.16286972892950582}, "Medical Transcriptionists_9413_9425": {"llm_label": "TASK_1", "label_logprob": -1.4e-05, "p_task_1": 0.9999860000979995, "uncertainty": 0.0001704691519101948}, "Medical Transcriptionists_9413_9426": {"llm_label": "TASK_1", "label_logprob": -0.000154, "p_task_1": 0.9998460118573913, "uncertainty": 0.0015057819771188924}, "Medical Transcriptionists_9413_9427": {"llm_label": "TASK_1", "label_logprob": -1e-05, "p_task_1": 0.9999900000499998, "uncertainty": 0.00012512862900562218}, "Medical Transcriptionists_9413_20254": {"llm_label": "EQUAL_TIME", "label_logprob": -0.009878, "p_task_1": 0.5, "uncertainty": 0.6931471805599453}, "Medical Transcriptionists_9414_9415": {"llm_label": "EQUAL_TIME", "label_logprob": -0.583934, "p_task_1": 0.5, "uncertainty": 0.6931471805599453}, "Medical Transcriptionists_9414_9416": {"llm_label": "TASK_1", "label_logprob": -4e-06, "p_task_1": 0.999996000008, "uncertainty": 5.371675735315082e-05}, "Medical Transcriptionists_9414_9417": {"llm_label": "TASK_1", "label_logprob": -0.08006, "p_task_1": 0.9230609610674287, "uncertainty": 0.27122903535137804}, "Medical Transcriptionists_9414_9419": {"llm_label": "TASK_1", "label_logprob": -0.048789, "p_task_1": 0.9523820611143902, "uncertainty": 0.19144076047562192}, "Medical Transcriptionists_9414_9420": {"llm_label": "TASK_1", "label_logprob": -0.001671, "p_task_1": 0.9983303953431857, "uncertainty": 0.012345613054117674}, "Medical Transcriptionists_9414_9421": {"llm_label": "TASK_2", "label_logprob": -0.002641, "p_task_1": 0.002637515627584186, "uncertainty": 0.018295385459225492}, "Medical Transcriptionists_9414_9422": {"llm_label": "TASK_1", "label_logprob": -1e-06, "p_task_1": 0.9999990000005, "uncertainty": 1.4815503149992376e-05}, "Medical Transcriptionists_9414_9423": {"llm_label": "TASK_2", "label_logprob": -0.062399, "p_task_1": 0.06049205167554239, "uncertainty": 0.2283192791238792}, "Medical Transcriptionists_9414_9424": {"llm_label": "TASK_1", "label_logprob": -0.103091, "p_task_1": 0.9020448836620731, "uncertainty": 0.3205665316916657}, "Medical Transcriptionists_9414_9425": {"llm_label": "TASK_1", "label_logprob": -0.000902, "p_task_1": 0.9990984066797157, "uncertainty": 0.0072225703878280225}, "Medical Transcriptionists_9414_9426": {"llm_label": "TASK_1", "label_logprob": -0.017696, "p_task_1": 0.9824596547004338, "uncertainty": 0.08830563534878519}, "Medical Transcriptionists_9414_9427": {"llm_label": "TASK_1", "label_logprob": -2.6e-05, "p_task_1": 0.9999740003379971, "uncertainty": 0.0003004888581468068}, "Medical Transcriptionists_9414_20254": {"llm_label": "TASK_2", "label_logprob": -0.02555, "p_task_1": 0.025226360934699543, "uncertainty": 0.11773508839106438}, "Medical Transcriptionists_9415_9416": {"llm_label": "TASK_1", "label_logprob": -0.014326, "p_task_1": 0.98577612885699, "uncertainty": 0.07461398678563014}, "Medical Transcriptionists_9415_9417": {"llm_label": "EQUAL_TIME", "label_logprob": -0.00518, "p_task_1": 0.5, "uncertainty": 0.6931471805599453}, "Medical Transcriptionists_9415_9419": {"llm_label": "TASK_2", "label_logprob": -0.003551, "p_task_1": 0.003544702655661758, "uncertainty": 0.023538692098270003}, "Medical Transcriptionists_9415_9420": {"llm_label": "TASK_2", "label_logprob": -0.452312, "p_task_1": 0.36384434180645797, "uncertainty": 0.6555980683150341}, "Medical Transcriptionists_9415_9421": {"llm_label": "TASK_2", "label_logprob": -3.8e-05, "p_task_1": 3.7999278009182014e-05, "uncertainty": 0.0004247530567765096}, "Medical Transcriptionists_9415_9422": {"llm_label": "TASK_1", "label_logprob": -0.000263, "p_task_1": 0.9997370345814683, "uncertainty": 0.002430683118198707}, "Medical Transcriptionists_9415_9423": {"llm_label": "TASK_2", "label_logprob": -0.000245, "p_task_1": 0.0002449699899508273, "uncertainty": 0.00228171230455956}, "Medical Transcriptionists_9415_9424": {"llm_label": "CANNOT_DECIDE", "label_logprob": -0.134896, "p_task_1": 0.5, "uncertainty": 0.6931471805599453}, "Medical Transcriptionists_9415_9425": {"llm_label": "TASK_1", "label_logprob": -0.012977, "p_task_1": 0.9871068382164788, "uncertainty": 0.0689085827734314}, "Medical Transcriptionists_9415_9426": {"llm_label": "TASK_2", "label_logprob": -0.612748, "p_task_1": 0.4581402094335232, "uncertainty": 0.6896385911037768}, "Medical Transcriptionists_9415_9427": {"llm_label": "TASK_1", "label_logprob": -5.6e-05, "p_task_1": 0.9999440015679707, "uncertainty": 0.000604231977919192}, "Medical Transcriptionists_9415_20254": {"llm_label": "TASK_2", "label_logprob": -0.002057, "p_task_1": 0.002054885825367503, "uncertainty": 0.014767451048902517}, "Medical Transcriptionists_9416_9417": {"llm_label": "TASK_1", "label_logprob": -0.483172, "p_task_1": 0.61682372056903, "uncertainty": 0.6655976806634283}, "Medical Transcriptionists_9416_9419": {"llm_label": "TASK_1", "label_logprob": -0.065844, "p_task_1": 0.936276912097881, "uncertainty": 0.23709115372059789}, "Medical Transcriptionists_9416_9420": {"llm_label": "EQUAL_TIME", "label_logprob": -0.328342, "p_task_1": 0.5, "uncertainty": 0.6931471805599453}, "Medical Transcriptionists_9416_9421": {"llm_label": "TASK_2", "label_logprob": -0.002228, "p_task_1": 0.002225519850266422, "uncertainty": 0.015815993233844063}, "Medical Transcriptionists_9416_9422": {"llm_label": "TASK_1", "label_logprob": -8.5e-05, "p_task_1": 0.9999150036123976, "uncertainty": 0.0008816555697587658}, "Medical Transcriptionists_9416_9423": {"llm_label": "TASK_2", "label_logprob": -0.049101, "p_task_1": 0.04791503573915834, "uncertainty": 0.1923298191281348}, "Medical Transcriptionists_9416_9424": {"llm_label": "CANNOT_DECIDE", "label_logprob": -0.052481, "p_task_1": 0.5, "uncertainty": 0.6931471805599453}, "Medical Transcriptionists_9416_9425": {"llm_label": "TASK_1", "label_logprob": -0.062459, "p_task_1": 0.9394515795386386, "uncertainty": 0.2284738619805739}, "Medical Transcriptionists_9416_9426": {"llm_label": "CANNOT_DECIDE", "label_logprob": -0.191361, "p_task_1": 0.5, "uncertainty": 0.6931471805599453}, "Medical Transcriptionists_9416_9427": {"llm_label": "TASK_1", "label_logprob": -0.004258, "p_task_1": 0.995751052429028, "uncertainty": 0.027443767395513196}, "Medical Transcriptionists_9416_20254": {"llm_label": "TASK_2", "label_logprob": -5.9e-05, "p_task_1": 5.8998259534259745e-05, "uncertainty": 0.0006335217246636567}, "Medical Transcriptionists_9417_9419": {"llm_label": "TASK_2",