{"Crossing Guards and Flaggers_11116_11117": {"llm_label": "TASK_2", "label_logprob": -0.095707, "p_task_1": 0.09126976497541328, "uncertainty": 0.3054657939936546}, "Crossing Guards and Flaggers_11116_11118": {"llm_label": "EQUAL_TIME", "label_logprob": -0.638409, "p_task_1": 0.5, "uncertainty": 0.6931471805599453}, "Crossing Guards and Flaggers_11116_11119": {"llm_label": "EQUAL_TIME", "label_logprob": -0.66492, "p_task_1": 0.5, "uncertainty": 0.6931471805599453}, "Crossing Guards and Flaggers_11116_11120": {"llm_label": "TASK_1", "label_logprob": -0.001166, "p_task_1": 0.99883467951387, "uncertainty": 0.009036100434510185}, "Crossing Guards and Flaggers_11116_11121": {"llm_label": "TASK_1", "label_logprob": -0.266093, "p_task_1": 0.7663678519765248, "uncertainty": 0.5436279970363642}, "Crossing Guards and Flaggers_11116_11122": {"llm_label": "EQUAL_TIME", "label_logprob": -0.145078, "p_task_1": 0.5, "uncertainty": 0.6931471805599453}, "Crossing Guards and Flaggers_11116_11123": {"llm_label": "TASK_2", "label_logprob": -0.162643, "p_task_1": 0.15010545338492887, "uncertainty": 0.42289196375771965}, "Crossing Guards and Flaggers_11116_11124": {"llm_label": "CANNOT_DECIDE", "label_logprob": -0.414685, "p_task_1": 0.5, "uncertainty": 0.6931471805599453}, "Crossing Guards and Flaggers_11116_11125": {"llm_label": "TASK_2", "label_logprob": -0.403723, "p_task_1": 0.3321709156932815, "uncertainty": 0.6357053997801054}, "Crossing Guards and Flaggers_11116_11126": {"llm_label": "TASK_1", "label_logprob": -0.579728, "p_task_1": 0.5600506796347462, "uncertainty": 0.6859175730354737}, "Crossing Guards and Flaggers_11116_11127": {"llm_label": "TASK_1", "label_logprob": -0.056193, "p_task_1": 0.9453566644462302, "uncertainty": 0.21196667024961738}, "Crossing Guards and Flaggers_11117_11118": {"llm_label": "CANNOT_DECIDE", "label_logprob": -0.389045, "p_task_1": 0.5, "uncertainty": 0.6931471805599453}, "Crossing Guards and Flaggers_11117_11119": {"llm_label": "TASK_1", "label_logprob": -0.052564, "p_task_1": 0.9487935963224658, "uncertainty": 0.20205222059274444}, "Crossing Guards and Flaggers_11117_11120": {"llm_label": "TASK_1", "label_logprob": -0.387385, "p_task_1": 0.6788296951777706, "uncertainty": 0.6277484552838852}, "Crossing Guards and Flaggers_11117_11121": {"llm_label": "TASK_1", "label_logprob": -0.282041, "p_task_1": 0.7542427599459814, "uncertainty": 0.5576258108613407}, "Crossing Guards and Flaggers_11117_11122": {"llm_label": "EQUAL_TIME", "label_logprob": -0.014511, "p_task_1": 0.5, "uncertainty": 0.6931471805599453}, "Crossing Guards and Flaggers_11117_11123": {"llm_label": "TASK_2", "label_logprob": -0.023608, "p_task_1": 0.023331511224079615, "uncertainty": 0.1107358520645444}, "Crossing Guards and Flaggers_11117_11124": {"llm_label": "EQUAL_TIME", "label_logprob": -0.054672, "p_task_1": 0.5, "uncertainty": 0.6931471805599453}, "Crossing Guards and Flaggers_11117_11125": {"llm_label": "TASK_2", "label_logprob": -0.12126, "p_task_1": 0.11419637929126603, "uncertainty": 0.35519992618726737}, "Crossing Guards and Flaggers_11117_11126": {"llm_label": "TASK_2", "label_logprob": -0.10175, "p_task_1": 0.09674466272118065, "uncertainty": 0.31787081544739904}, "Crossing Guards and Flaggers_11117_11127": {"llm_label": "TASK_1", "label_logprob": -0.142963, "p_task_1": 0.8667861393893386, "uncertainty": 0.39245077614822027}, "Crossing Guards and Flaggers_11118_11119": {"llm_label": "TASK_1", "label_logprob": -0.599254, "p_task_1": 0.5492212023237621, "uncertainty": 0.6882938704082155}, "Crossing Guards and Flaggers_11118_11120": {"llm_label": "TASK_1", "label_logprob": -0.003978, "p_task_1": 0.9960299017607928, "uncertainty": 0.025912738933899677}, "Crossing Guards and Flaggers_11118_11121": {"llm_label": "TASK_1", "label_logprob": -0.0064, "p_task_1": 0.993620436379149, "uncertainty": 0.03860566765936901}, "Crossing Guards and Flaggers_11118_11122": {"llm_label": "EQUAL_TIME", "label_logprob": -0.000261, "p_task_1": 0.5, "uncertainty": 0.6931471805599453}, "Crossing Guards and Flaggers_11118_11123": {"llm_label": "TASK_1", "label_logprob": -0.072445, "p_task_1": 0.930116901683095, "uncertainty": 0.2533364535680209}, "Crossing Guards and Flaggers_11118_11124": {"llm_label": "CANNOT_DECIDE", "label_logprob": -0.399097, "p_task_1": 0.5, "uncertainty": 0.6931471805599453}, "Crossing Guards and Flaggers_11118_11125": {"llm_label": "TASK_1", "label_logprob": -0.000262, "p_task_1": 0.9997380343190028, "uncertainty": 0.0024224401534331287}, "Crossing Guards and Flaggers_11118_11126": {"llm_label": "TASK_1", "label_logprob": -0.031948, "p_task_1": 0.9685569457309093, "uncertainty": 0.13972313001216374}, "Crossing Guards and Flaggers_11118_11127": {"llm_label": "TASK_1", "label_logprob": -0.001149, "p_task_1": 0.9988516598477541, "uncertainty": 0.008921297705033424}, "Crossing Guards and Flaggers_11119_11120": {"llm_label": "TASK_1", "label_logprob": -0.065357, "p_task_1": 0.936732990000028, "uncertainty": 0.23586375914392654}, "Crossing Guards and Flaggers_11119_11121": {"llm_label": "EQUAL_TIME", "label_logprob": -0.33687, "p_task_1": 0.5, "uncertainty": 0.6931471805599453}, "Crossing Guards and Flaggers_11119_11122": {"llm_label": "EQUAL_TIME", "label_logprob": -0.725845, "p_task_1": 0.5, "uncertainty": 0.6931471805599453}, "Crossing Guards and Flaggers_11119_11123": {"llm_label": "TASK_2", "label_logprob": -0.000639, "p_task_1": 0.0006387958829792151, "uncertainty": 0.005337526789635309}, "Crossing Guards and Flaggers_11119_11124": {"llm_label": "EQUAL_TIME", "label_logprob": -0.213528, "p_task_1": 0.5, "uncertainty": 0.6931471805599453}, "Crossing Guards and Flaggers_11119_11125": {"llm_label": "TASK_2", "label_logprob": -0.016092, "p_task_1": 0.015963215493460914, "uncertainty": 0.08188241697263514}, "Crossing Guards and Flaggers_11119_11126": {"llm_label": "TASK_2", "label_logprob": -0.063734, "p_task_1": 0.061745457951711935, "uncertainty": 0.23174344428755977}, "Crossing Guards and Flaggers_11119_11127": {"llm_label": "EQUAL_TIME", "label_logprob": -0.000968, "p_task_1": 0.5, "uncertainty": 0.6931471805599453}, "Crossing Guards and Flaggers_11120_11121": {"llm_label": "EQUAL_TIME", "label_logprob": -0.0233, "p_task_1": 0.5, "uncertainty": 0.6931471805599453}, "Crossing Guards and Flaggers_11120_11122": {"llm_label": "TASK_2", "label_logprob": -0.002212, "p_task_1": 0.002209555330868307, "uncertainty": 0.01571846374898286}, "Crossing Guards and Flaggers_11120_11123": {"llm_label": "TASK_2", "label_logprob": -0.008266, "p_task_1": 0.00823193055929261, "uncertainty": 0.047709037746690816}, "Crossing Guards and Flaggers_11120_11124": {"llm_label": "EQUAL_TIME", "label_logprob": -0.804948, "p_task_1": 0.5, "uncertainty": 0.6931471805599453}, "Crossing Guards and Flaggers_11120_11125": {"llm_label": "TASK_2", "label_logprob": -0.000393, "p_task_1": 0.0003929227856154238, "uncertainty": 0.003474105767846778}, "Crossing Guards and Flaggers_11120_11126": {"llm_label": "TASK_2", "label_logprob": -0.000773, "p_task_1": 0.0007727013124667614, "uncertainty": 0.006309285123128443}, "Crossing Guards and Flaggers_11120_11127": {"llm_label": "EQUAL_TIME", "label_logprob": -0.003298, "p_task_1": 0.5, "uncertainty": 0.6931471805599453}, "Crossing Guards and Flaggers_11121_11122": {"llm_label": "TASK_2", "label_logprob": -0.003978, "p_task_1": 0.003970098239207243, "uncertainty": 0.025912738933899677}, "Crossing Guards and Flaggers_11121_11123": {"llm_label": "TASK_2", "label_logprob": -9.9e-05, "p_task_1": 9.899509966171394e-05, "uncertainty": 0.0010117685967436802}, "Crossing Guards and Flaggers_11121_11124": {"llm_label": "TASK_2", "label_logprob": -0.07247, "p_task_1": 0.06990635094878794, "uncertainty": 0.253396638532017}, "Crossing Guards and Flaggers_11121_11125": {"llm_label": "TASK_2", "label_logprob": -0.00466, "p_task_1": 0.0046491590461523735, "uncertainty": 0.029609288603796288}, "Crossing Guards and Flaggers_11121_11126": {"llm_label": "TASK_2",