{"Security Guards_2131_2132": {"llm_label": "TASK_1", "label_logprob": -0.201777, "p_task_1": 0.8172771604293348, "uncertainty": 0.4754972411218862}, "Security Guards_2131_2133": {"llm_label": "TASK_1", "label_logprob": -0.095987, "p_task_1": 0.9084758261776806, "uncertainty": 0.3060500938479803}, "Security Guards_2131_2134": {"llm_label": "TASK_1", "label_logprob": -0.000172, "p_task_1": 0.9998280147911519, "uncertainty": 0.001662755765075375}, "Security Guards_2131_2135": {"llm_label": "TASK_1", "label_logprob": -2e-06, "p_task_1": 0.999998000002, "uncertainty": 2.8244698509961958e-05}, "Security Guards_2131_2136": {"llm_label": "EQUAL_TIME", "label_logprob": -0.00071, "p_task_1": 0.5, "uncertainty": 0.6931471805599453}, "Security Guards_2131_2137": {"llm_label": "TASK_1", "label_logprob": -3e-06, "p_task_1": 0.9999970000045, "uncertainty": 4.1150633082097105e-05}, "Security Guards_2131_2138": {"llm_label": "TASK_1", "label_logprob": -0.021978, "p_task_1": 0.9782617565731171, "uncertainty": 0.10472906254688823}, "Security Guards_2131_2139": {"llm_label": "TASK_1", "label_logprob": -0.002099, "p_task_1": 0.9979032013600124, "uncertainty": 0.015026276397210249}, "Security Guards_2131_2140": {"llm_label": "CANNOT_DECIDE", "label_logprob": -0.018849, "p_task_1": 0.5, "uncertainty": 0.6931471805599453}, "Security Guards_2131_2141": {"llm_label": "TASK_1", "label_logprob": -0.06812, "p_task_1": 0.9341483690467907, "uncertainty": 0.2427737425064941}, "Security Guards_2131_2143": {"llm_label": "TASK_1", "label_logprob": -0.000372, "p_task_1": 0.999628069183421, "uncertainty": 0.003308925917539146}, "Security Guards_2131_20894": {"llm_label": "TASK_1", "label_logprob": -1e-06, "p_task_1": 0.9999990000005, "uncertainty": 1.4815503149992376e-05}, "Security Guards_2131_20895": {"llm_label": "TASK_1", "label_logprob": -0.018849, "p_task_1": 0.981327531513003, "uncertainty": 0.09282663342754643}, "Security Guards_2132_2133": {"llm_label": "TASK_1", "label_logprob": -0.062959, "p_task_1": 0.9389819711607472, "uncertainty": 0.2297595252478398}, "Security Guards_2132_2134": {"llm_label": "TASK_1", "label_logprob": -0.498492, "p_task_1": 0.6074459979390413, "uncertainty": 0.6698768245090813}, "Security Guards_2132_2135": {"llm_label": "TASK_1", "label_logprob": -6.1e-05, "p_task_1": 0.9999390018604621, "uncertainty": 0.0006529629227593847}, "Security Guards_2132_2136": {"llm_label": "TASK_1", "label_logprob": -0.507062, "p_task_1": 0.6022624290548917, "uncertainty": 0.6720836605027449}, "Security Guards_2132_2137": {"llm_label": "TASK_1", "label_logprob": 0.0, "p_task_1": 1.0, "uncertainty": 0.0}, "Security Guards_2132_2138": {"llm_label": "TASK_2", "label_logprob": -0.589927, "p_task_1": 0.44563224789666633, "uncertainty": 0.6872237707580899}, "Security Guards_2132_2139": {"llm_label": "TASK_1", "label_logprob": -0.001604, "p_task_1": 0.9983972857204763, "uncertainty": 0.011916589162847312}, "Security Guards_2132_2140": {"llm_label": "TASK_2", "label_logprob": -0.078898, "p_task_1": 0.07586581867560072, "uncertainty": 0.268554280565402}, "Security Guards_2132_2141": {"llm_label": "TASK_1", "label_logprob": -0.456139, "p_task_1": 0.6337257430978672, "uncertainty": 0.6569429608128072}, "Security Guards_2132_2143": {"llm_label": "TASK_1", "label_logprob": -0.102836, "p_task_1": 0.9022749344376342, "uncertainty": 0.32005548364933617}, "Security Guards_2132_20894": {"llm_label": "TASK_1", "label_logprob": -5.7e-05, "p_task_1": 0.9999430016244691, "uncertainty": 0.0006140126800174265}, "Security Guards_2132_20895": {"llm_label": "CANNOT_DECIDE", "label_logprob": -0.148105, "p_task_1": 0.5, "uncertainty": 0.6931471805599453}, "Security Guards_2133_2134": {"llm_label": "TASK_2", "label_logprob": -0.004342, "p_task_1": 0.004332587146464673, "uncertainty": 0.02789935262523184}, "Security Guards_2133_2135": {"llm_label": "TASK_1", "label_logprob": -0.001219, "p_task_1": 0.9987817426786942, "uncertainty": 0.009392428305677736}, "Security Guards_2133_2136": {"llm_label": "EQUAL_TIME", "label_logprob": -0.500913, "p_task_1": 0.5, "uncertainty": 0.6931471805599453}, "Security Guards_2133_2137": {"llm_label": "TASK_1", "label_logprob": -0.120107, "p_task_1": 0.8868255413074237, "uncertainty": 0.35310126906159023}, "Security Guards_2133_2138": {"llm_label": "TASK_2", "label_logprob": -0.153188, "p_task_1": 0.14203159141238852, "uncertainty": 0.40863434125392434}, "Security Guards_2133_2139": {"llm_label": "EQUAL_TIME", "label_logprob": -0.230923, "p_task_1": 0.5, "uncertainty": 0.6931471805599453}, "Security Guards_2133_2140": {"llm_label": "TASK_2", "label_logprob": -0.008737, "p_task_1": 0.0086989433298581, "uncertainty": 0.0499336012420922}, "Security Guards_2133_2141": {"llm_label": "TASK_2", "label_logprob": -0.000379, "p_task_1": 0.00037892818857243604, "uncertainty": 0.003364114741997992}, "Security Guards_2133_2143": {"llm_label": "CANNOT_DECIDE", "label_logprob": -0.372029, "p_task_1": 0.5, "uncertainty": 0.6931471805599453}, "Security Guards_2133_20894": {"llm_label": "TASK_1", "label_logprob": -0.001523, "p_task_1": 0.9984781591759503, "uncertainty": 0.011394133803204271}, "Security Guards_2133_20895": {"llm_label": "TASK_2", "label_logprob": -0.010106, "p_task_1": 0.010055105971305878, "uncertainty": 0.056254599808484705}, "Security Guards_2134_2135": {"llm_label": "TASK_1", "label_logprob": -4e-06, "p_task_1": 0.999996000008, "uncertainty": 5.371675735315082e-05}, "Security Guards_2134_2136": {"llm_label": "TASK_2", "label_logprob": -0.387259, "p_task_1": 0.3210847668918606, "uncertainty": 0.6276844220227968}, "Security Guards_2134_2137": {"llm_label": "TASK_1", "label_logprob": -7e-06, "p_task_1": 0.9999930000245, "uncertainty": 9.008688755748087e-05}, "Security Guards_2134_2138": {"llm_label": "CANNOT_DECIDE", "label_logprob": -0.604137, "p_task_1": 0.5, "uncertainty": 0.6931471805599453}, "Security Guards_2134_2139": {"llm_label": "TASK_1", "label_logprob": -0.00525, "p_task_1": 0.9947637571644331, "uncertainty": 0.032724048052628886}, "Security Guards_2134_2140": {"llm_label": "TASK_2", "label_logprob": -0.002476, "p_task_1": 0.002472937240319162, "uncertainty": 0.01731330855964866}, "Security Guards_2134_2141": {"llm_label": "TASK_1", "label_logprob": -0.171018, "p_task_1": 0.8428064028198338, "uncertainty": 0.4349867832773282}, "Security Guards_2134_2143": {"llm_label": "TASK_1", "label_logprob": -0.003432, "p_task_1": 0.9965738825804038, "uncertainty": 0.022868006457256083}, "Security Guards_2134_20894": {"llm_label": "TASK_1", "label_logprob": -6.2e-05, "p_task_1": 0.9999380019219603, "uncertainty": 0.0006626587800967377}, "Security Guards_2134_20895": {"llm_label": "TASK_1", "label_logprob": -0.480986, "p_task_1": 0.6181735720723541, "uncertainty": 0.6649511760300109}, "Security Guards_2135_2136": {"llm_label": "TASK_2", "label_logprob": -1.6e-05, "p_task_1": 1.5999872000738158e-05, "uncertainty": 0.00019268520788660168}, "Security Guards_2135_2137": {"llm_label": "EQUAL_TIME", "label_logprob": -0.02969, "p_task_1": 0.5, "uncertainty": 0.6931471805599453}, "Security Guards_2135_2138": {"llm_label": "TASK_2", "label_logprob": -1.1e-05, "p_task_1": 1.0999939500266898e-05, "uncertainty": 0.0001365930168744248}, "Security Guards_2135_2139": {"llm_label": "TASK_2", "label_logprob": -0.00138, "p_task_1": 0.001379048237860947, "uncertainty": 0.010461007410370118}, "Security Guards_2135_2140": {"llm_label": "TASK_2", "label_logprob": -2e-06, "p_task_1": 1.9999979999907325e-06, "uncertainty": 2.8244698509961958e-05}, "Security Guards_2135_2141": {"llm_label": "TASK_2", "label_logprob": -3e-06, "p_task_1": 2.9999955000192813e-06, "uncertainty": 4.1150633082097105e-05}, "Security Guards_2135_2143": {"llm_label": "TASK_2", "label_logprob": -0.117627, "p_task_1": 0.11097240192837365, "uncertainty": 0.34854356076704507}, "Security Guards_2135_20894": {"llm_label": "TASK_2", "label_logprob": -0.002102, "p_task_1": 0.002099792345101159, "uncertainty": 0.015044731180753732},