{"Gambling Surveillance Officers and Gambling Investigators_4407_4408": {"llm_label": "TASK_1", "label_logprob": -0.001931, "p_task_1": 0.9980708631810395, "uncertainty": 0.013985696823010124}, "Gambling Surveillance Officers and Gambling Investigators_4407_4409": {"llm_label": "EQUAL_TIME", "label_logprob": -0.006717, "p_task_1": 0.5, "uncertainty": 0.6931471805599453}, "Gambling Surveillance Officers and Gambling Investigators_4407_4410": {"llm_label": "CANNOT_DECIDE", "label_logprob": -0.065872, "p_task_1": 0.5, "uncertainty": 0.6931471805599453}, "Gambling Surveillance Officers and Gambling Investigators_4407_4411": {"llm_label": "TASK_1", "label_logprob": -0.006579, "p_task_1": 0.9934425942383835, "uncertainty": 0.039500988201711294}, "Gambling Surveillance Officers and Gambling Investigators_4407_21145": {"llm_label": "TASK_1", "label_logprob": -0.000285, "p_task_1": 0.9997150406086421, "uncertainty": 0.0026110889957517}, "Gambling Surveillance Officers and Gambling Investigators_4407_21146": {"llm_label": "TASK_1", "label_logprob": -0.006474, "p_task_1": 0.9935469111873226, "uncertainty": 0.03897641682433671}, "Gambling Surveillance Officers and Gambling Investigators_4407_21147": {"llm_label": "CANNOT_DECIDE", "label_logprob": -0.010421, "p_task_1": 0.5, "uncertainty": 0.6931471805599453}, "Gambling Surveillance Officers and Gambling Investigators_4408_4409": {"llm_label": "TASK_2", "label_logprob": -0.002638, "p_task_1": 0.002634523535642863, "uncertainty": 0.01827762486287972}, "Gambling Surveillance Officers and Gambling Investigators_4408_4410": {"llm_label": "TASK_2", "label_logprob": -0.126934, "p_task_1": 0.11920819706217145, "uncertainty": 0.36534440503480403}, "Gambling Surveillance Officers and Gambling Investigators_4408_4411": {"llm_label": "TASK_2", "label_logprob": -5.9e-05, "p_task_1": 5.8998259534259745e-05, "uncertainty": 0.0006335217246636567}, "Gambling Surveillance Officers and Gambling Investigators_4408_21145": {"llm_label": "TASK_2", "label_logprob": -0.003852, "p_task_1": 0.0038445905647679357, "uncertainty": 0.025217297733067696}, "Gambling Surveillance Officers and Gambling Investigators_4408_21146": {"llm_label": "TASK_2", "label_logprob": -0.001667, "p_task_1": 0.001665611327246297, "uncertainty": 0.012320076924470635}, "Gambling Surveillance Officers and Gambling Investigators_4408_21147": {"llm_label": "TASK_2", "label_logprob": -1e-06, "p_task_1": 9.999994999843054e-07, "uncertainty": 1.4815503149992376e-05}, "Gambling Surveillance Officers and Gambling Investigators_4409_4410": {"llm_label": "CANNOT_DECIDE", "label_logprob": -0.474648, "p_task_1": 0.5, "uncertainty": 0.6931471805599453}, "Gambling Surveillance Officers and Gambling Investigators_4409_4411": {"llm_label": "TASK_1", "label_logprob": -0.161225, "p_task_1": 0.8511005519378665, "uncertainty": 0.4207953097888155}, "Gambling Surveillance Officers and Gambling Investigators_4409_21145": {"llm_label": "TASK_1", "label_logprob": -0.008734, "p_task_1": 0.9913040305777727, "uncertainty": 0.04991951684775554}, "Gambling Surveillance Officers and Gambling Investigators_4409_21146": {"llm_label": "TASK_1", "label_logprob": -0.140721, "p_task_1": 0.8687316540208136, "uncertainty": 0.38879068741029305}, "Gambling Surveillance Officers and Gambling Investigators_4409_21147": {"llm_label": "TASK_2", "label_logprob": -0.536046, "p_task_1": 0.41494299964930903, "uncertainty": 0.6786071856441659}, "Gambling Surveillance Officers and Gambling Investigators_4410_4411": {"llm_label": "TASK_2", "label_logprob": -0.475624, "p_task_1": 0.37850287876183564, "uncertainty": 0.6633264543595898}, "Gambling Surveillance Officers and Gambling Investigators_4410_21145": {"llm_label": "TASK_2", "label_logprob": -0.586273, "p_task_1": 0.44360288273829485, "uncertainty": 0.6867723531899399}, "Gambling Surveillance Officers and Gambling Investigators_4410_21146": {"llm_label": "TASK_2", "label_logprob": -0.693268, "p_task_1": 0.50006040607084, "uncertainty": 0.6931471732621586}, "Gambling Surveillance Officers and Gambling Investigators_4410_21147": {"llm_label": "TASK_2", "label_logprob": -0.038466, "p_task_1": 0.03773557882604506, "uncertainty": 0.16067968685065312}, "Gambling Surveillance Officers and Gambling Investigators_4411_21145": {"llm_label": "TASK_2", "label_logprob": -0.210903, "p_task_1": 0.190147381224531, "uncertainty": 0.4864365983817184}, "Gambling Surveillance Officers and Gambling Investigators_4411_21146": {"llm_label": "TASK_1", "label_logprob": -0.102451, "p_task_1": 0.9026223771658263, "uncertainty": 0.31928251618186165}, "Gambling Surveillance Officers and Gambling Investigators_4411_21147": {"llm_label": "TASK_2", "label_logprob": -0.002359, "p_task_1": 0.002356219746135979, "uncertainty": 0.016610212830042485}, "Gambling Surveillance Officers and Gambling Investigators_21145_21146": {"llm_label": "TASK_1", "label_logprob": -0.036069, "p_task_1": 0.964573735599146, "uncertainty": 0.15312562487537246}, "Gambling Surveillance Officers and Gambling Investigators_21145_21147": {"llm_label": "TASK_2", "label_logprob": -0.000173, "p_task_1": 0.00017298503636287155, "uncertainty": 0.0016714192989570422}, "Gambling Surveillance Officers and Gambling Investigators_21146_21147": {"llm_label": "TASK_2", "label_logprob": -0.000786, "p_task_1": 0.0007856911829153823, "uncertainty": 0.006402246867317703}}