{"Private Detectives and Investigators_13095_13096": {"llm_label": "TASK_2", "label_logprob": -0.212713, "p_task_1": 0.19161188868543977, "uncertainty": 0.4885517966987709}, "Private Detectives and Investigators_13095_13097": {"llm_label": "TASK_2", "label_logprob": -1.7e-05, "p_task_1": 1.6999855500854366e-05, "uncertainty": 0.000203697321204896}, "Private Detectives and Investigators_13095_13099": {"llm_label": "TASK_2", "label_logprob": -0.000124, "p_task_1": 0.00012399231231774444, "uncertainty": 0.0012393315549874347}, "Private Detectives and Investigators_13095_13100": {"llm_label": "TASK_2", "label_logprob": -0.052332, "p_task_1": 0.050986258027279296, "uncertainty": 0.20140904408121127}, "Private Detectives and Investigators_13095_13101": {"llm_label": "TASK_2", "label_logprob": -0.001527, "p_task_1": 0.0015258347286986051, "uncertainty": 0.011420034269099344}, "Private Detectives and Investigators_13095_13102": {"llm_label": "TASK_2", "label_logprob": -0.00071, "p_task_1": 0.0007097480096412978, "uncertainty": 0.0058555953999920585}, "Private Detectives and Investigators_13095_13103": {"llm_label": "TASK_1", "label_logprob": 0.0, "p_task_1": 1.0, "uncertainty": 0.0}, "Private Detectives and Investigators_13095_13104": {"llm_label": "TASK_2", "label_logprob": -0.00071, "p_task_1": 0.0007097480096412978, "uncertainty": 0.0058555953999920585}, "Private Detectives and Investigators_13095_13105": {"llm_label": "TASK_2", "label_logprob": -2.2e-05, "p_task_1": 2.1999758001767233e-05, "uncertainty": 0.0002579354610012207}, "Private Detectives and Investigators_13095_13106": {"llm_label": "TASK_2", "label_logprob": -0.001513, "p_task_1": 0.0015118559925337838, "uncertainty": 0.01132933619748709}, "Private Detectives and Investigators_13095_13107": {"llm_label": "TASK_1", "label_logprob": -6.3e-05, "p_task_1": 0.9999370019844583, "uncertainty": 0.0006723384985142869}, "Private Detectives and Investigators_13095_13109": {"llm_label": "TASK_1", "label_logprob": -2.7e-05, "p_task_1": 0.9999730003644968, "uncertainty": 0.00031102699079997}, "Private Detectives and Investigators_13095_20758": {"llm_label": "TASK_2", "label_logprob": 0.0, "p_task_1": 0.0, "uncertainty": 0.0}, "Private Detectives and Investigators_13096_13097": {"llm_label": "TASK_2", "label_logprob": -0.000339, "p_task_1": 0.0003389425459925377, "uncertainty": 0.0030469275609703384}, "Private Detectives and Investigators_13096_13099": {"llm_label": "TASK_2", "label_logprob": -0.006716, "p_task_1": 0.006693498074490711, "uncertainty": 0.04018283883007445}, "Private Detectives and Investigators_13096_13100": {"llm_label": "TASK_2", "label_logprob": -0.014495, "p_task_1": 0.014390453232203892, "uncertainty": 0.07531906049815479}, "Private Detectives and Investigators_13096_13101": {"llm_label": "CANNOT_DECIDE", "label_logprob": -0.079642, "p_task_1": 0.5, "uncertainty": 0.6931471805599453}, "Private Detectives and Investigators_13096_13102": {"llm_label": "TASK_2", "label_logprob": -0.000124, "p_task_1": 0.00012399231231774444, "uncertainty": 0.0012393315549874347}, "Private Detectives and Investigators_13096_13103": {"llm_label": "TASK_1", "label_logprob": 0.0, "p_task_1": 1.0, "uncertainty": 0.0}, "Private Detectives and Investigators_13096_13104": {"llm_label": "TASK_2", "label_logprob": -5.2e-05, "p_task_1": 5.1998648023410254e-05, "uncertainty": 0.000564927187419359}, "Private Detectives and Investigators_13096_13105": {"llm_label": "TASK_2", "label_logprob": -7.7e-05, "p_task_1": 7.699703557606519e-05, "uncertainty": 0.0008062902529262152}, "Private Detectives and Investigators_13096_13106": {"llm_label": "TASK_2", "label_logprob": -0.014166, "p_task_1": 0.014066134343785563, "uncertainty": 0.07394452766591471}, "Private Detectives and Investigators_13096_13107": {"llm_label": "TASK_1", "label_logprob": -2.7e-05, "p_task_1": 0.9999730003644968, "uncertainty": 0.00031102699079997}, "Private Detectives and Investigators_13096_13109": {"llm_label": "TASK_1", "label_logprob": -4.8e-05, "p_task_1": 0.9999520011519816, "uncertainty": 0.0005253142506203896}, "Private Detectives and Investigators_13096_20758": {"llm_label": "TASK_2", "label_logprob": -1e-06, "p_task_1": 9.999994999843054e-07, "uncertainty": 1.4815503149992376e-05}, "Private Detectives and Investigators_13097_13099": {"llm_label": "CANNOT_DECIDE", "label_logprob": -0.010802, "p_task_1": 0.5, "uncertainty": 0.6931471805599453}, "Private Detectives and Investigators_13097_13100": {"llm_label": "TASK_1", "label_logprob": -0.017297, "p_task_1": 0.9828517343173413, "uncertainty": 0.08672280372217814}, "Private Detectives and Investigators_13097_13101": {"llm_label": "CANNOT_DECIDE", "label_logprob": -0.251991, "p_task_1": 0.5, "uncertainty": 0.6931471805599453}, "Private Detectives and Investigators_13097_13102": {"llm_label": "CANNOT_DECIDE", "label_logprob": -0.136697, "p_task_1": 0.5, "uncertainty": 0.6931471805599453}, "Private Detectives and Investigators_13097_13103": {"llm_label": "TASK_1", "label_logprob": 0.0, "p_task_1": 1.0, "uncertainty": 0.0}, "Private Detectives and Investigators_13097_13104": {"llm_label": "TASK_2", "label_logprob": -0.040428, "p_task_1": 0.03962169073956112, "uncertainty": 0.1667399913687906}, "Private Detectives and Investigators_13097_13105": {"llm_label": "CANNOT_DECIDE", "label_logprob": -0.458476, "p_task_1": 0.5, "uncertainty": 0.6931471805599453}, "Private Detectives and Investigators_13097_13106": {"llm_label": "CANNOT_DECIDE", "label_logprob": -0.101709, "p_task_1": 0.5, "uncertainty": 0.6931471805599453}, "Private Detectives and Investigators_13097_13107": {"llm_label": "TASK_1", "label_logprob": -2e-06, "p_task_1": 0.999998000002, "uncertainty": 2.8244698509961958e-05}, "Private Detectives and Investigators_13097_13109": {"llm_label": "TASK_1", "label_logprob": -1e-06, "p_task_1": 0.9999990000005, "uncertainty": 1.4815503149992376e-05}, "Private Detectives and Investigators_13097_20758": {"llm_label": "EQUAL_TIME", "label_logprob": -0.413468, "p_task_1": 0.5, "uncertainty": 0.6931471805599453}, "Private Detectives and Investigators_13099_13100": {"llm_label": "TASK_1", "label_logprob": -0.001837, "p_task_1": 0.9981646862517938, "uncertainty": 0.013397095903695899}, "Private Detectives and Investigators_13099_13101": {"llm_label": "TASK_1", "label_logprob": -0.001329, "p_task_1": 0.9986718827294075, "uncertainty": 0.010124674336995557}, "Private Detectives and Investigators_13099_13102": {"llm_label": "TASK_1", "label_logprob": -0.0474, "p_task_1": 0.9537058389481509, "uncertainty": 0.18745555113455323}, "Private Detectives and Investigators_13099_13103": {"llm_label": "TASK_1", "label_logprob": -3e-06, "p_task_1": 0.9999970000045, "uncertainty": 4.1150633082097105e-05}, "Private Detectives and Investigators_13099_13104": {"llm_label": "TASK_2", "label_logprob": -0.626176, "p_task_1": 0.4653676689391405, "uncertainty": 0.690746462084963}, "Private Detectives and Investigators_13099_13105": {"llm_label": "EQUAL_TIME", "label_logprob": -0.566993, "p_task_1": 0.5, "uncertainty": 0.6931471805599453}, "Private Detectives and Investigators_13099_13106": {"llm_label": "CANNOT_DECIDE", "label_logprob": -0.001507, "p_task_1": 0.5, "uncertainty": 0.6931471805599453}, "Private Detectives and Investigators_13099_13107": {"llm_label": "TASK_1", "label_logprob": -5.2e-05, "p_task_1": 0.9999480013519766, "uncertainty": 0.000564927187419359}, "Private Detectives and Investigators_13099_13109": {"llm_label": "TASK_1", "label_logprob": -0.000263, "p_task_1": 0.9997370345814683, "uncertainty": 0.002430683118198707}, "Private Detectives and Investigators_13099_20758": {"llm_label": "CANNOT_DECIDE", "label_logprob": -0.208911, "p_task_1": 0.5, "uncertainty": 0.6931471805599453}, "Private Detectives and Investigators_13100_13101": {"llm_label": "TASK_2", "label_logprob": -0.202992, "p_task_1": 0.18371522832233766, "uncertainty": 0.4769805544472612},