{"Animal Control Workers_7958_7959": {"llm_label": "TASK_1", "label_logprob": -0.314363, "p_task_1": 0.7302538978762607, "uncertainty": 0.5830061440052317}, "Animal Control Workers_7958_7960": {"llm_label": "TASK_1", "label_logprob": -8e-06, "p_task_1": 0.999992000032, "uncertainty": 0.00010188814457675767}, "Animal Control Workers_7958_7961": {"llm_label": "TASK_1", "label_logprob": 0.0, "p_task_1": 1.0, "uncertainty": 0.0}, "Animal Control Workers_7958_7962": {"llm_label": "TASK_1", "label_logprob": -4e-06, "p_task_1": 0.999996000008, "uncertainty": 5.371675735315082e-05}, "Animal Control Workers_7958_7963": {"llm_label": "TASK_1", "label_logprob": -2.9e-05, "p_task_1": 0.9999710004204959, "uncertainty": 0.000331993413184829}, "Animal Control Workers_7958_7964": {"llm_label": "TASK_1", "label_logprob": -1.1e-05, "p_task_1": 0.9999890000604997, "uncertainty": 0.0001365930168744248}, "Animal Control Workers_7958_7965": {"llm_label": "TASK_1", "label_logprob": -0.464371, "p_task_1": 0.6285303264548625, "uncertainty": 0.6597332351002807}, "Animal Control Workers_7958_7966": {"llm_label": "TASK_1", "label_logprob": -0.000239, "p_task_1": 0.9997610285582248, "uncertainty": 0.002231765528406796}, "Animal Control Workers_7958_7967": {"llm_label": "TASK_1", "label_logprob": 0.0, "p_task_1": 1.0, "uncertainty": 0.0}, "Animal Control Workers_7958_7968": {"llm_label": "TASK_1", "label_logprob": -2e-06, "p_task_1": 0.999998000002, "uncertainty": 2.8244698509961958e-05}, "Animal Control Workers_7958_7969": {"llm_label": "TASK_1", "label_logprob": 0.0, "p_task_1": 1.0, "uncertainty": 0.0}, "Animal Control Workers_7958_7970": {"llm_label": "TASK_1", "label_logprob": 0.0, "p_task_1": 1.0, "uncertainty": 0.0}, "Animal Control Workers_7958_7971": {"llm_label": "TASK_1", "label_logprob": -0.001744, "p_task_1": 0.9982575198843122, "uncertainty": 0.012809971653799546}, "Animal Control Workers_7958_7972": {"llm_label": "TASK_1", "label_logprob": -7.5e-05, "p_task_1": 0.9999250028124297, "uncertainty": 0.0007873221583997021}, "Animal Control Workers_7958_7973": {"llm_label": "TASK_1", "label_logprob": -0.22046, "p_task_1": 0.8021497242088871, "uncertainty": 0.497407792348431}, "Animal Control Workers_7959_7960": {"llm_label": "TASK_1", "label_logprob": -0.033928, "p_task_1": 0.966641100291254, "uncertainty": 0.14623082541769863}, "Animal Control Workers_7959_7961": {"llm_label": "TASK_1", "label_logprob": -1.4e-05, "p_task_1": 0.9999860000979995, "uncertainty": 0.0001704691519101948}, "Animal Control Workers_7959_7962": {"llm_label": "TASK_1", "label_logprob": -0.004085, "p_task_1": 0.9959233322628741, "uncertainty": 0.0265001105678579}, "Animal Control Workers_7959_7963": {"llm_label": "TASK_1", "label_logprob": -0.0026, "p_task_1": 0.9974033770725698, "uncertainty": 0.01805235646771429}, "Animal Control Workers_7959_7964": {"llm_label": "TASK_1", "label_logprob": -0.441877, "p_task_1": 0.6428286985229712, "uncertainty": 0.6517732786109953}, "Animal Control Workers_7959_7965": {"llm_label": "TASK_2", "label_logprob": -0.00533, "p_task_1": 0.005315820752980871, "uncertainty": 0.033140980674930494}, "Animal Control Workers_7959_7966": {"llm_label": "TASK_1", "label_logprob": -0.577342, "p_task_1": 0.5613885560081578, "uncertainty": 0.6855910198262924}, "Animal Control Workers_7959_7967": {"llm_label": "TASK_1", "label_logprob": -2e-06, "p_task_1": 0.999998000002, "uncertainty": 2.8244698509961958e-05}, "Animal Control Workers_7959_7968": {"llm_label": "TASK_1", "label_logprob": -0.313354, "p_task_1": 0.7309910959130835, "uncertainty": 0.5822705800247732}, "Animal Control Workers_7959_7969": {"llm_label": "TASK_1", "label_logprob": -0.00071, "p_task_1": 0.9992902519903587, "uncertainty": 0.0058555953999920585}, "Animal Control Workers_7959_7970": {"llm_label": "TASK_1", "label_logprob": -9e-06, "p_task_1": 0.9999910000404999, "uncertainty": 0.0001135640627863842}, "Animal Control Workers_7959_7971": {"llm_label": "CANNOT_DECIDE", "label_logprob": -0.185758, "p_task_1": 0.5, "uncertainty": 0.6931471805599453}, "Animal Control Workers_7959_7972": {"llm_label": "TASK_2", "label_logprob": -0.432863, "p_task_1": 0.3513506493209527, "uncertainty": 0.6482787369454178}, "Animal Control Workers_7959_7973": {"llm_label": "TASK_2", "label_logprob": -0.025665, "p_task_1": 0.025338453457748433, "uncertainty": 0.11814445474797972}, "Animal Control Workers_7960_7961": {"llm_label": "TASK_1", "label_logprob": -2.4e-05, "p_task_1": 0.9999760002879977, "uncertainty": 0.0002792956099024647}, "Animal Control Workers_7960_7962": {"llm_label": "TASK_1", "label_logprob": -0.000996, "p_task_1": 0.9990044958433664, "uncertainty": 0.007876193292977578}, "Animal Control Workers_7960_7963": {"llm_label": "TASK_1", "label_logprob": -0.019304, "p_task_1": 0.9808811290504262, "uncertainty": 0.09458982015712426}, "Animal Control Workers_7960_7964": {"llm_label": "TASK_2", "label_logprob": -0.005819, "p_task_1": 0.005802102411077259, "uncertainty": 0.03566336667154484}, "Animal Control Workers_7960_7965": {"llm_label": "TASK_2", "label_logprob": -0.001626, "p_task_1": 0.0016246787781992733, "uncertainty": 0.012057768624162434}, "Animal Control Workers_7960_7966": {"llm_label": "TASK_2", "label_logprob": -0.127199, "p_task_1": 0.11944157596587957, "uncertainty": 0.3658108918968733}, "Animal Control Workers_7960_7967": {"llm_label": "TASK_1", "label_logprob": -2e-06, "p_task_1": 0.999998000002, "uncertainty": 2.8244698509961958e-05}, "Animal Control Workers_7960_7968": {"llm_label": "TASK_2", "label_logprob": -0.474969, "p_task_1": 0.3780956647994106, "uncertainty": 0.6631241613534427}, "Animal Control Workers_7960_7969": {"llm_label": "TASK_1", "label_logprob": -0.000171, "p_task_1": 0.9998290146196667, "uncertainty": 0.0016540864090397091}, "Animal Control Workers_7960_7970": {"llm_label": "TASK_1", "label_logprob": -2e-06, "p_task_1": 0.999998000002, "uncertainty": 2.8244698509961958e-05}, "Animal Control Workers_7960_7971": {"llm_label": "TASK_2", "label_logprob": -0.001115, "p_task_1": 0.0011143786184683036, "uncertainty": 0.00869092843934336}, "Animal Control Workers_7960_7972": {"llm_label": "TASK_2", "label_logprob": -0.001623, "p_task_1": 0.0016216836477428442, "uncertainty": 0.012038534666163328}, "Animal Control Workers_7960_7973": {"llm_label": "TASK_2", "label_logprob": -5.9e-05, "p_task_1": 5.8998259534259745e-05, "uncertainty": 0.0006335217246636567}, "Animal Control Workers_7961_7962": {"llm_label": "TASK_1", "label_logprob": -0.361935, "p_task_1": 0.696327627666609, "uncertainty": 0.6139438592620683}, "Animal Control Workers_7961_7963": {"llm_label": "TASK_2", "label_logprob": -0.00014, "p_task_1": 0.00013999020045729615, "uncertainty": 0.0013822447796715976}, "Animal Control Workers_7961_7964": {"llm_label": "TASK_2", "label_logprob": -4e-06, "p_task_1": 3.9999919999589295e-06, "uncertainty": 5.371675735315082e-05}, "Animal Control Workers_7961_7965": {"llm_label": "TASK_2", "label_logprob": -1e-06, "p_task_1": 9.999994999843054e-07, "uncertainty": 1.4815503149992376e-05}, "Animal Control Workers_7961_7966": {"llm_label": "TASK_2", "label_logprob": -0.000984, "p_task_1": 0.0009835160307549717, "uncertainty": 0.007793267629539322}, "Animal Control Workers_7961_7967": {"llm_label": "TASK_1", "label_logprob": -0.027814, "p_task_1": 0.9725692478588888, "uncertainty": 0.12569450972440804}, "Animal Control Workers_7961_7968": {"llm_label": "TASK_2", "label_logprob": -0.000719, "p_task_1": 0.0007187415814380316, "uncertainty": 0.005920741028996271}, "Animal Control Workers_7961_7969": {"llm_label": "TASK_2", "label_logprob": -0.156506, "p_task_1": 0.14487361307080404, "uncertainty": 0.4137128090635634}, "Animal Control Workers_7961_7970": {"llm_label": "TASK_1", "label_logprob": -0.024479, "p_task_1": 0.9758181808850395, "uncertainty": 0.11389551293892261}, "Animal Control Workers_7961_7971": {"llm_label": "TASK_2", "label_logprob": -8e-06, "p_task_1": 7.999968000049762e-06,