{"Food Servers, Nonrestaurant_11149_11150": {"llm_label": "TASK_2", "label_logprob": -0.070752, "p_task_1": 0.06830707667647606, "uncertainty": 0.24923770187160083}, "Food Servers, Nonrestaurant_11149_11151": {"llm_label": "TASK_1", "label_logprob": -0.002193, "p_task_1": 0.9978094028676827, "uncertainty": 0.015602495237729254}, "Food Servers, Nonrestaurant_11149_11152": {"llm_label": "TASK_1", "label_logprob": -0.09568, "p_task_1": 0.9087547710721676, "uncertainty": 0.30540940091518937}, "Food Servers, Nonrestaurant_11149_11153": {"llm_label": "TASK_1", "label_logprob": -0.072544, "p_task_1": 0.9300248246677159, "uncertainty": 0.2535747284845111}, "Food Servers, Nonrestaurant_11149_11154": {"llm_label": "TASK_2", "label_logprob": -0.421273, "p_task_1": 0.34378906863069025, "uncertainty": 0.6435168124741558}, "Food Servers, Nonrestaurant_11149_11155": {"llm_label": "TASK_1", "label_logprob": -0.652005, "p_task_1": 0.521000123596204, "uncertainty": 0.6922649106805816}, "Food Servers, Nonrestaurant_11149_11156": {"llm_label": "TASK_1", "label_logprob": -0.129339, "p_task_1": 0.8786760438718401, "uncertainty": 0.3695546080864994}, "Food Servers, Nonrestaurant_11149_11157": {"llm_label": "TASK_2", "label_logprob": -0.0021, "p_task_1": 0.0020977965426900447, "uncertainty": 0.015032428473491788}, "Food Servers, Nonrestaurant_11149_11158": {"llm_label": "EQUAL_TIME", "label_logprob": -0.000431, "p_task_1": 0.5, "uncertainty": 0.6931471805599453}, "Food Servers, Nonrestaurant_11149_11159": {"llm_label": "TASK_1", "label_logprob": -0.010642, "p_task_1": 0.9894144257436952, "uncertainty": 0.05867532535478545}, "Food Servers, Nonrestaurant_11149_11160": {"llm_label": "TASK_1", "label_logprob": -0.218992, "p_task_1": 0.8033281447530781, "uncertainty": 0.49575387571085205}, "Food Servers, Nonrestaurant_11149_11161": {"llm_label": "TASK_1", "label_logprob": -0.000723, "p_task_1": 0.9992772613015225, "uncertainty": 0.005949658220916434}, "Food Servers, Nonrestaurant_11149_11162": {"llm_label": "TASK_2", "label_logprob": -0.262977, "p_task_1": 0.23124042142186774, "uncertainty": 0.5407708180597715}, "Food Servers, Nonrestaurant_11150_11151": {"llm_label": "TASK_1", "label_logprob": -9.7e-05, "p_task_1": 0.9999030047043479, "uncertainty": 0.0009933093829617684}, "Food Servers, Nonrestaurant_11150_11152": {"llm_label": "TASK_1", "label_logprob": -0.001284, "p_task_1": 0.9987168239753008, "uncertainty": 0.00982627346527577}, "Food Servers, Nonrestaurant_11150_11153": {"llm_label": "TASK_1", "label_logprob": -2.6e-05, "p_task_1": 0.9999740003379971, "uncertainty": 0.0003004888581468068}, "Food Servers, Nonrestaurant_11150_11154": {"llm_label": "TASK_1", "label_logprob": -0.020472, "p_task_1": 0.9797361287020685, "uncertainty": 0.09906428432910214}, "Food Servers, Nonrestaurant_11150_11155": {"llm_label": "TASK_1", "label_logprob": -0.031534, "p_task_1": 0.9689580113212907, "uncertainty": 0.13834577406784734}, "Food Servers, Nonrestaurant_11150_11156": {"llm_label": "TASK_1", "label_logprob": -9.7e-05, "p_task_1": 0.9999030047043479, "uncertainty": 0.0009933093829617684}, "Food Servers, Nonrestaurant_11150_11157": {"llm_label": "EQUAL_TIME", "label_logprob": -0.187682, "p_task_1": 0.5, "uncertainty": 0.6931471805599453}, "Food Servers, Nonrestaurant_11150_11158": {"llm_label": "TASK_1", "label_logprob": -0.005367, "p_task_1": 0.9946473766132399, "uncertainty": 0.0333333946229607}, "Food Servers, Nonrestaurant_11150_11159": {"llm_label": "TASK_1", "label_logprob": -0.017172, "p_task_1": 0.9829745984629801, "uncertainty": 0.08622493182118068}, "Food Servers, Nonrestaurant_11150_11160": {"llm_label": "TASK_1", "label_logprob": -0.007153, "p_task_1": 0.9928725218157282, "uncertainty": 0.042338828100992876}, "Food Servers, Nonrestaurant_11150_11161": {"llm_label": "TASK_1", "label_logprob": -5e-06, "p_task_1": 0.9999950000125, "uncertainty": 6.603019815215604e-05}, "Food Servers, Nonrestaurant_11150_11162": {"llm_label": "TASK_1", "label_logprob": -0.00035, "p_task_1": 0.9996500612428548, "uncertainty": 0.003134603505391951}, "Food Servers, Nonrestaurant_11151_11152": {"llm_label": "TASK_2", "label_logprob": -0.011059, "p_task_1": 0.010998074059653473, "uncertainty": 0.0605390724173872}, "Food Servers, Nonrestaurant_11151_11153": {"llm_label": "EQUAL_TIME", "label_logprob": -0.480974, "p_task_1": 0.5, "uncertainty": 0.6931471805599453}, "Food Servers, Nonrestaurant_11151_11154": {"llm_label": "TASK_2", "label_logprob": -1e-06, "p_task_1": 9.999994999843054e-07, "uncertainty": 1.4815503149992376e-05}, "Food Servers, Nonrestaurant_11151_11155": {"llm_label": "TASK_2", "label_logprob": -7.6e-05, "p_task_1": 7.599711207317839e-05, "uncertainty": 0.0007968127892924509}, "Food Servers, Nonrestaurant_11151_11156": {"llm_label": "TASK_2", "label_logprob": -0.006729, "p_task_1": 0.0067064109750817336, "uncertainty": 0.040247389544566387}, "Food Servers, Nonrestaurant_11151_11157": {"llm_label": "TASK_2", "label_logprob": -1e-06, "p_task_1": 9.999994999843054e-07, "uncertainty": 1.4815503149992376e-05}, "Food Servers, Nonrestaurant_11151_11158": {"llm_label": "TASK_2", "label_logprob": -5.9e-05, "p_task_1": 5.8998259534259745e-05, "uncertainty": 0.0006335217246636567}, "Food Servers, Nonrestaurant_11151_11159": {"llm_label": "TASK_2", "label_logprob": -0.000258, "p_task_1": 0.0002579667208620906, "uncertainty": 0.0023894299020492285}, "Food Servers, Nonrestaurant_11151_11160": {"llm_label": "TASK_2", "label_logprob": -2e-06, "p_task_1": 1.9999979999907325e-06, "uncertainty": 2.8244698509961958e-05}, "Food Servers, Nonrestaurant_11151_11161": {"llm_label": "TASK_2", "label_logprob": -0.000554, "p_task_1": 0.0005538465703346374, "uncertainty": 0.004706779721373754}, "Food Servers, Nonrestaurant_11151_11162": {"llm_label": "TASK_2", "label_logprob": -8e-06, "p_task_1": 7.999968000049762e-06, "uncertainty": 0.00010188814457675767}, "Food Servers, Nonrestaurant_11152_11153": {"llm_label": "EQUAL_TIME", "label_logprob": -0.313273, "p_task_1": 0.5, "uncertainty": 0.6931471805599453}, "Food Servers, Nonrestaurant_11152_11154": {"llm_label": "EQUAL_TIME", "label_logprob": -0.576071, "p_task_1": 0.5, "uncertainty": 0.6931471805599453}, "Food Servers, Nonrestaurant_11152_11155": {"llm_label": "TASK_2", "label_logprob": -0.009528, "p_task_1": 0.009482752428317864, "uncertainty": 0.05361097061619169}, "Food Servers, Nonrestaurant_11152_11156": {"llm_label": "EQUAL_TIME", "label_logprob": -0.002148, "p_task_1": 0.5, "uncertainty": 0.6931471805599453}, "Food Servers, Nonrestaurant_11152_11157": {"llm_label": "TASK_2", "label_logprob": 0.0, "p_task_1": 0.0, "uncertainty": 0.0}, "Food Servers, Nonrestaurant_11152_11158": {"llm_label": "TASK_2", "label_logprob": -0.252897, "p_task_1": 0.22345213786551898, "uncertainty": 0.5312426215755035}, "Food Servers, Nonrestaurant_11152_11159": {"llm_label": "EQUAL_TIME", "label_logprob": -0.017302, "p_task_1": 0.5, "uncertainty": 0.6931471805599453}, "Food Servers, Nonrestaurant_11152_11160": {"llm_label": "TASK_2", "label_logprob": -0.009175, "p_task_1": 0.00913303811898103, "uncertainty": 0.05197864423890876}, "Food Servers, Nonrestaurant_11152_11161": {"llm_label": "TASK_1", "label_logprob": -6.3e-05, "p_task_1": 0.9999370019844583, "uncertainty": 0.0006723384985142869}, "Food Servers, Nonrestaurant_11152_11162": {"llm_label": "TASK_2", "label_logprob": -0.39352, "p_task_1": 0.32532217611454195, "uncertainty": 0.6308162663488077}, "Food Servers, Nonrestaurant_11153_11154": {"llm_label": "TASK_2", "label_logprob": -0.000121, "p_task_1": 0.00012099267979526207, "uncertainty": 0.001212312775168364}, "Food Servers, Nonrestaurant_11153_11155": {"llm_label": "TASK_2", "label_logprob": -0.0068, "p_task_1": 0.006776932316365336, "uncertainty": 0.040599480558449016}, "Food Servers, Nonrestaurant_11153_11156": {"llm_label": "EQUAL_TIME", "label_logprob": -0.006761, "p_task_1": 0.5, "uncertainty": 0.6931471805599453},