{"Dishwashers_11186_11187": {"llm_label": "TASK_1", "label_logprob": -0.000221, "p_task_1": 0.9997790244187011, "uncertainty": 0.002081003917321509}, "Dishwashers_11186_11188": {"llm_label": "TASK_1", "label_logprob": -0.038994, "p_task_1": 0.9617564796679331, "uncertainty": 0.1623212124076778}, "Dishwashers_11186_11189": {"llm_label": "TASK_1", "label_logprob": -0.007084, "p_task_1": 0.9929410323833209, "uncertainty": 0.0420002830723635}, "Dishwashers_11186_11190": {"llm_label": "TASK_1", "label_logprob": -0.036697, "p_task_1": 0.9639681734596036, "uncertainty": 0.15512120665785678}, "Dishwashers_11186_11191": {"llm_label": "TASK_1", "label_logprob": -0.000267, "p_task_1": 0.9997330356413279, "uncertainty": 0.00246361702046855}, "Dishwashers_11186_11192": {"llm_label": "TASK_1", "label_logprob": -3.1e-05, "p_task_1": 0.9999690004804951, "uncertainty": 0.0003528217551931141}, "Dishwashers_11186_11193": {"llm_label": "TASK_1", "label_logprob": -0.692142, "p_task_1": 0.5005028429616186, "uncertainty": 0.6931466748577719}, "Dishwashers_11186_11194": {"llm_label": "TASK_2", "label_logprob": -0.475807, "p_task_1": 0.3786166023289984, "uncertainty": 0.6633828232527346}, "Dishwashers_11186_11195": {"llm_label": "TASK_1", "label_logprob": -0.000175, "p_task_1": 0.9998250153116068, "uncertainty": 0.0016887290343299416}, "Dishwashers_11186_11196": {"llm_label": "TASK_1", "label_logprob": -0.000248, "p_task_1": 0.999752030749458, "uncertainty": 0.002306630255988093}, "Dishwashers_11186_11197": {"llm_label": "TASK_1", "label_logprob": -0.001999, "p_task_1": 0.9980029966698307, "uncertainty": 0.014408595482290192}, "Dishwashers_11186_11198": {"llm_label": "TASK_1", "label_logprob": -0.007004, "p_task_1": 0.9930204708434076, "uncertainty": 0.041606899014263274}, "Dishwashers_11187_11188": {"llm_label": "TASK_2", "label_logprob": -0.006603, "p_task_1": 0.006581248097768944, "uncertainty": 0.039620647008452414}, "Dishwashers_11187_11189": {"llm_label": "EQUAL_TIME", "label_logprob": -0.002251, "p_task_1": 0.5, "uncertainty": 0.6931471805599453}, "Dishwashers_11187_11190": {"llm_label": "TASK_2", "label_logprob": -0.001358, "p_task_1": 0.0013570783352541138, "uncertainty": 0.010316159821729499}, "Dishwashers_11187_11191": {"llm_label": "TASK_2", "label_logprob": -0.039867, "p_task_1": 0.039082767354190584, "uncertainty": 0.16501809720039495}, "Dishwashers_11187_11192": {"llm_label": "EQUAL_TIME", "label_logprob": -0.01997, "p_task_1": 0.5, "uncertainty": 0.6931471805599453}, "Dishwashers_11187_11193": {"llm_label": "TASK_2", "label_logprob": -0.039303, "p_task_1": 0.038540657174277904, "uncertainty": 0.16327821822965094}, "Dishwashers_11187_11194": {"llm_label": "TASK_2", "label_logprob": -0.003422, "p_task_1": 0.003416151630941555, "uncertainty": 0.022811457020583105}, "Dishwashers_11187_11195": {"llm_label": "EQUAL_TIME", "label_logprob": -0.006149, "p_task_1": 0.5, "uncertainty": 0.6931471805599453}, "Dishwashers_11187_11196": {"llm_label": "TASK_2", "label_logprob": -0.065876, "p_task_1": 0.06375304828393746, "uncertainty": 0.23717166066072343}, "Dishwashers_11187_11197": {"llm_label": "EQUAL_TIME", "label_logprob": -0.106285, "p_task_1": 0.5, "uncertainty": 0.6931471805599453}, "Dishwashers_11187_11198": {"llm_label": "TASK_2", "label_logprob": -0.00111, "p_task_1": 0.0011093841778753166, "uncertainty": 0.008656963296162206}, "Dishwashers_11188_11189": {"llm_label": "EQUAL_TIME", "label_logprob": -0.57785, "p_task_1": 0.5, "uncertainty": 0.6931471805599453}, "Dishwashers_11188_11190": {"llm_label": "TASK_1", "label_logprob": -0.05405, "p_task_1": 0.9473847360807436, "uncertainty": 0.20614489146729176}, "Dishwashers_11188_11191": {"llm_label": "TASK_1", "label_logprob": -0.008701, "p_task_1": 0.9913367441505527, "uncertainty": 0.049764517929004236}, "Dishwashers_11188_11192": {"llm_label": "TASK_1", "label_logprob": -0.000206, "p_task_1": 0.9997940212165431, "uncertainty": 0.0019542513897298306}, "Dishwashers_11188_11193": {"llm_label": "CANNOT_DECIDE", "label_logprob": -0.062752, "p_task_1": 0.5, "uncertainty": 0.6931471805599453}, "Dishwashers_11188_11194": {"llm_label": "TASK_2", "label_logprob": -0.172497, "p_task_1": 0.15843918650957334, "uncertainty": 0.43707260765389955}, "Dishwashers_11188_11195": {"llm_label": "TASK_1", "label_logprob": -0.004944, "p_task_1": 0.9950682014517258, "uncertainty": 0.031117585263097033}, "Dishwashers_11188_11196": {"llm_label": "TASK_1", "label_logprob": -0.167233, "p_task_1": 0.8460024697956282, "uncertainty": 0.4295809924984339}, "Dishwashers_11188_11197": {"llm_label": "TASK_1", "label_logprob": -0.004585, "p_task_1": 0.9954254950664134, "uncertainty": 0.02920805869284493}, "Dishwashers_11188_11198": {"llm_label": "TASK_2", "label_logprob": -0.39119, "p_task_1": 0.32374834398246966, "uncertainty": 0.6296626355585375}, "Dishwashers_11189_11190": {"llm_label": "TASK_2", "label_logprob": -0.075314, "p_task_1": 0.07254777939504253, "uncertainty": 0.2601799545922245}, "Dishwashers_11189_11191": {"llm_label": "TASK_1", "label_logprob": -0.030849, "p_task_1": 0.9696219749406231, "uncertainty": 0.1360537751480635}, "Dishwashers_11189_11192": {"llm_label": "TASK_1", "label_logprob": -0.038486, "p_task_1": 0.962245176077983, "uncertainty": 0.16074201057240545}, "Dishwashers_11189_11193": {"llm_label": "TASK_2", "label_logprob": -0.127323, "p_task_1": 0.11955075844100638, "uncertainty": 0.366028952229965}, "Dishwashers_11189_11194": {"llm_label": "TASK_2", "label_logprob": -7.6e-05, "p_task_1": 7.599711207317839e-05, "uncertainty": 0.0007968127892924509}, "Dishwashers_11189_11195": {"llm_label": "EQUAL_TIME", "label_logprob": -0.002922, "p_task_1": 0.5, "uncertainty": 0.6931471805599453}, "Dishwashers_11189_11196": {"llm_label": "TASK_2", "label_logprob": -0.870724, "p_task_1": 0.5813516618983368, "uncertainty": 0.6798519686018731}, "Dishwashers_11189_11197": {"llm_label": "TASK_1", "label_logprob": -0.024799, "p_task_1": 0.9755059690237183, "uncertainty": 0.11504791417802684}, "Dishwashers_11189_11198": {"llm_label": "TASK_2", "label_logprob": -0.000114, "p_task_1": 0.00011399350224694516, "uncertainty": 0.0011489760876716034}, "Dishwashers_11190_11191": {"llm_label": "EQUAL_TIME", "label_logprob": -0.126743, "p_task_1": 0.5, "uncertainty": 0.6931471805599453}, "Dishwashers_11190_11192": {"llm_label": "EQUAL_TIME", "label_logprob": -0.314461, "p_task_1": 0.5, "uncertainty": 0.6931471805599453}, "Dishwashers_11190_11193": {"llm_label": "CANNOT_DECIDE", "label_logprob": -1.080074, "p_task_1": 0.5, "uncertainty": 0.6931471805599453}, "Dishwashers_11190_11194": {"llm_label": "TASK_2", "label_logprob": -0.058578, "p_task_1": 0.056895324634010924, "uncertainty": 0.21833802956184378}, "Dishwashers_11190_11195": {"llm_label": "EQUAL_TIME", "label_logprob": -0.166252, "p_task_1": 0.5, "uncertainty": 0.6931471805599453}, "Dishwashers_11190_11196": {"llm_label": "TASK_2", "label_logprob": -0.44212, "p_task_1": 0.35732748987311125, "uncertainty": 0.651865011596284}, "Dishwashers_11190_11197": {"llm_label": "TASK_1", "label_logprob": -0.008198, "p_task_1": 0.9918355119624491, "uncertainty": 0.047385609691598315}, "Dishwashers_11190_11198": {"llm_label": "TASK_2", "label_logprob": -0.144432, "p_task_1": 0.1344862346618726, "uncertainty": 0.3948267331424154}, "Dishwashers_11191_11192": {"llm_label": "TASK_1", "label_logprob": -0.060452, "p_task_1": 0.9413389522037063, "uncertainty": 0.22326734273762794}, "Dishwashers_11191_11193": {"llm_label": "TASK_2", "label_logprob": -0.016739, "p_task_1": 0.01659968137412171, "uncertainty": 0.0844928036031935}, "Dishwashers_11191_11194": {"llm_label": "TASK_2", "label_logprob": -0.000717, "p_task_1": 0.0007167430169225941, "uncertainty": 0.005906274055430561}, "Dishwashers_11191_11195": {"llm_label": "EQUAL_TIME", "label_logprob": -0.225895, "p_task_1": 0.5, "uncertainty": 0.6931471805599453}, "Dishwashers_11191_11196": {"llm_label": "TASK_2", "label_logprob": -0.017155, "p_task_1": 0.01700869082680545,