{"Pest Control Workers_7974_7975": {"llm_label": "TASK_2", "label_logprob": 0.0, "p_task_1": 0.0, "uncertainty": 0.0}, "Pest Control Workers_7974_7976": {"llm_label": "TASK_2", "label_logprob": -1e-06, "p_task_1": 9.999994999843054e-07, "uncertainty": 1.4815503149992376e-05}, "Pest Control Workers_7974_7977": {"llm_label": "TASK_2", "label_logprob": -7e-06, "p_task_1": 6.999975500021627e-06, "uncertainty": 9.008688755748087e-05}, "Pest Control Workers_7974_7978": {"llm_label": "TASK_2", "label_logprob": -1e-06, "p_task_1": 9.999994999843054e-07, "uncertainty": 1.4815503149992376e-05}, "Pest Control Workers_7974_7979": {"llm_label": "TASK_2", "label_logprob": -0.000554, "p_task_1": 0.0005538465703346374, "uncertainty": 0.004706779721373754}, "Pest Control Workers_7974_7981": {"llm_label": "TASK_2", "label_logprob": -0.000101, "p_task_1": 0.00010099489967174691, "uncertainty": 0.0010301873688587978}, "Pest Control Workers_7974_7982": {"llm_label": "TASK_2", "label_logprob": 0.0, "p_task_1": 0.0, "uncertainty": 0.0}, "Pest Control Workers_7974_7983": {"llm_label": "TASK_2", "label_logprob": 0.0, "p_task_1": 0.0, "uncertainty": 0.0}, "Pest Control Workers_7974_7985": {"llm_label": "TASK_2", "label_logprob": -3.7e-05, "p_task_1": 3.699931550849023e-05, "uncertainty": 0.00041456225843036797}, "Pest Control Workers_7974_7986": {"llm_label": "TASK_2", "label_logprob": 0.0, "p_task_1": 0.0, "uncertainty": 0.0}, "Pest Control Workers_7974_20759": {"llm_label": "TASK_2", "label_logprob": -9e-06, "p_task_1": 8.999959500100019e-06, "uncertainty": 0.0001135640627863842}, "Pest Control Workers_7974_20760": {"llm_label": "TASK_2", "label_logprob": 0.0, "p_task_1": 0.0, "uncertainty": 0.0}, "Pest Control Workers_7975_7976": {"llm_label": "TASK_1", "label_logprob": -0.032596, "p_task_1": 0.9679295241366269, "uncertainty": 0.14186727668042604}, "Pest Control Workers_7975_7977": {"llm_label": "TASK_1", "label_logprob": -3e-06, "p_task_1": 0.9999970000045, "uncertainty": 4.1150633082097105e-05}, "Pest Control Workers_7975_7978": {"llm_label": "TASK_2", "label_logprob": -0.00056, "p_task_1": 0.0005598432292652777, "uncertainty": 0.0047517107177102915}, "Pest Control Workers_7975_7979": {"llm_label": "CANNOT_DECIDE", "label_logprob": -0.252382, "p_task_1": 0.5, "uncertainty": 0.6931471805599453}, "Pest Control Workers_7975_7981": {"llm_label": "TASK_1", "label_logprob": 0.0, "p_task_1": 1.0, "uncertainty": 0.0}, "Pest Control Workers_7975_7982": {"llm_label": "TASK_2", "label_logprob": -0.476093, "p_task_1": 0.37879429256981667, "uncertainty": 0.6634707881979628}, "Pest Control Workers_7975_7983": {"llm_label": "TASK_1", "label_logprob": -1.6e-05, "p_task_1": 0.9999840001279993, "uncertainty": 0.00019268520788660168}, "Pest Control Workers_7975_7985": {"llm_label": "TASK_1", "label_logprob": -0.000295, "p_task_1": 0.9997050435082215, "uncertainty": 0.0026925207192168383}, "Pest Control Workers_7975_7986": {"llm_label": "TASK_1", "label_logprob": -0.082058, "p_task_1": 0.9212185264722937, "uncertainty": 0.27578317312630996}, "Pest Control Workers_7975_20759": {"llm_label": "TASK_1", "label_logprob": 0.0, "p_task_1": 1.0, "uncertainty": 0.0}, "Pest Control Workers_7975_20760": {"llm_label": "TASK_1", "label_logprob": -0.000795, "p_task_1": 0.9992053159287734, "uncertainty": 0.006466478167713923}, "Pest Control Workers_7976_7977": {"llm_label": "TASK_1", "label_logprob": -0.000155, "p_task_1": 0.9998450120118794, "uncertainty": 0.0015145558624056635}, "Pest Control Workers_7976_7978": {"llm_label": "TASK_2", "label_logprob": -0.000869, "p_task_1": 0.0008686225288486726, "uncertainty": 0.006990819575319731}, "Pest Control Workers_7976_7979": {"llm_label": "TASK_1", "label_logprob": -0.420157, "p_task_1": 0.6569436715616955, "uncertainty": 0.6430419392897664}, "Pest Control Workers_7976_7981": {"llm_label": "TASK_1", "label_logprob": -7.6e-05, "p_task_1": 0.9999240028879268, "uncertainty": 0.0007968127892924509}, "Pest Control Workers_7976_7982": {"llm_label": "TASK_2", "label_logprob": -2e-05, "p_task_1": 1.999980000133572e-05, "uncertainty": 0.00023639320174866763}, "Pest Control Workers_7976_7983": {"llm_label": "TASK_1", "label_logprob": -0.032343, "p_task_1": 0.9681744412869466, "uncertainty": 0.1410318206582819}, "Pest Control Workers_7976_7985": {"llm_label": "EQUAL_TIME", "label_logprob": -0.084043, "p_task_1": 0.5, "uncertainty": 0.6931471805599453}, "Pest Control Workers_7976_7986": {"llm_label": "TASK_2", "label_logprob": -0.958761, "p_task_1": 0.6166324157242942, "uncertainty": 0.6656886812136384}, "Pest Control Workers_7976_20759": {"llm_label": "TASK_1", "label_logprob": -0.000452, "p_task_1": 0.9995481021366108, "uncertainty": 0.003932337655503984}, "Pest Control Workers_7976_20760": {"llm_label": "TASK_1", "label_logprob": -0.000445, "p_task_1": 0.9995550989978148, "uncertainty": 0.003878396139259034}, "Pest Control Workers_7977_7978": {"llm_label": "TASK_2", "label_logprob": -2.2e-05, "p_task_1": 2.1999758001767233e-05, "uncertainty": 0.0002579354610012207}, "Pest Control Workers_7977_7979": {"llm_label": "TASK_2", "label_logprob": -0.002695, "p_task_1": 0.0026913717476119148, "uncertainty": 0.018614488841510277}, "Pest Control Workers_7977_7981": {"llm_label": "TASK_1", "label_logprob": -0.000247, "p_task_1": 0.9997530305019886, "uncertainty": 0.0022983283340639125}, "Pest Control Workers_7977_7982": {"llm_label": "TASK_2", "label_logprob": -2e-06, "p_task_1": 1.9999979999907325e-06, "uncertainty": 2.8244698509961958e-05}, "Pest Control Workers_7977_7983": {"llm_label": "TASK_2", "label_logprob": -3.8e-05, "p_task_1": 3.7999278009182014e-05, "uncertainty": 0.0004247530567765096}, "Pest Control Workers_7977_7985": {"llm_label": "TASK_2", "label_logprob": -0.001416, "p_task_1": 0.0014149979450257533, "uncertainty": 0.010697270369225659}, "Pest Control Workers_7977_7986": {"llm_label": "TASK_2", "label_logprob": -0.000216, "p_task_1": 0.0002159766736795632, "uncertainty": 0.002038869939000189}, "Pest Control Workers_7977_20759": {"llm_label": "TASK_1", "label_logprob": -0.400019, "p_task_1": 0.6703073100757566, "uncertainty": 0.6339607897073889}, "Pest Control Workers_7977_20760": {"llm_label": "TASK_2", "label_logprob": -7e-05, "p_task_1": 6.999755005721031e-05, "uncertainty": 0.0007396651835453089}, "Pest Control Workers_7978_7979": {"llm_label": "TASK_1", "label_logprob": -0.110212, "p_task_1": 0.8956442385896075, "uncertainty": 0.33454948682188823}, "Pest Control Workers_7978_7981": {"llm_label": "TASK_1", "label_logprob": -4e-06, "p_task_1": 0.999996000008, "uncertainty": 5.371675735315082e-05}, "Pest Control Workers_7978_7982": {"llm_label": "TASK_2", "label_logprob": -0.038098, "p_task_1": 0.037381400354211225, "uncertainty": 0.1595308815088565}, "Pest Control Workers_7978_7983": {"llm_label": "TASK_1", "label_logprob": -9e-06, "p_task_1": 0.9999910000404999, "uncertainty": 0.0001135640627863842}, "Pest Control Workers_7978_7985": {"llm_label": "TASK_1", "label_logprob": -1.3e-05, "p_task_1": 0.9999870000844996, "uncertainty": 0.00015925626043919854}, "Pest Control Workers_7978_7986": {"llm_label": "TASK_1", "label_logprob": -0.001983, "p_task_1": 0.9980189648455225, "uncertainty": 0.014309303365180926}, "Pest Control Workers_7978_20759": {"llm_label": "TASK_1", "label_logprob": -5e-06, "p_task_1": 0.9999950000125, "uncertainty": 6.603019815215604e-05}, "Pest Control Workers_7978_20760": {"llm_label": "TASK_1", "label_logprob": -1e-05, "p_task_1": 0.9999900000499998, "uncertainty": 0.00012512862900562218}, "Pest Control Workers_7979_7981": {"llm_label": "TASK_1", "label_logprob": -0.002588, "p_task_1": 0.997415345984908, "uncertainty": 0.01798110244687101}, "Pest Control Workers_7979_7982": {"llm_label": "TASK_2", "label_logprob": -3e-06, "p_task_1": 2.9999955000192813e-06, "uncertainty": 4.1150633082097105e-05}, "Pest Control Workers_7979_7983": {"llm_label": "TASK_1", "label_logprob": -0.008677, "p_task_1": 0.9913605365179197,