{"Pesticide Handlers, Sprayers, and Applicators, Vegetation_11227_11228": {"llm_label": "EQUAL_TIME", "label_logprob": -0.031745, "p_task_1": 0.5, "uncertainty": 0.6931471805599453}, "Pesticide Handlers, Sprayers, and Applicators, Vegetation_11227_11229": {"llm_label": "TASK_2", "label_logprob": 0.0, "p_task_1": 0.0, "uncertainty": 0.0}, "Pesticide Handlers, Sprayers, and Applicators, Vegetation_11227_11230": {"llm_label": "TASK_2", "label_logprob": -3.8e-05, "p_task_1": 3.7999278009182014e-05, "uncertainty": 0.0004247530567765096}, "Pesticide Handlers, Sprayers, and Applicators, Vegetation_11227_11231": {"llm_label": "TASK_1", "label_logprob": -3e-06, "p_task_1": 0.9999970000045, "uncertainty": 4.1150633082097105e-05}, "Pesticide Handlers, Sprayers, and Applicators, Vegetation_11227_11232": {"llm_label": "TASK_1", "label_logprob": -0.000764, "p_task_1": 0.9992362917736902, "uncertainty": 0.006244798477168979}, "Pesticide Handlers, Sprayers, and Applicators, Vegetation_11227_11233": {"llm_label": "TASK_2", "label_logprob": -2e-06, "p_task_1": 1.9999979999907325e-06, "uncertainty": 2.8244698509961958e-05}, "Pesticide Handlers, Sprayers, and Applicators, Vegetation_11227_11234": {"llm_label": "TASK_1", "label_logprob": -0.000741, "p_task_1": 0.999259274472701, "uncertainty": 0.006079512139633818}, "Pesticide Handlers, Sprayers, and Applicators, Vegetation_11227_11235": {"llm_label": "TASK_2", "label_logprob": -3.3e-05, "p_task_1": 3.29994555059443e-05, "uncertainty": 0.00037352093575612164}, "Pesticide Handlers, Sprayers, and Applicators, Vegetation_11227_20762": {"llm_label": "TASK_2", "label_logprob": -0.000161, "p_task_1": 0.0001609870401955149, "uncertainty": 0.001567064945130528}, "Pesticide Handlers, Sprayers, and Applicators, Vegetation_11228_11229": {"llm_label": "TASK_2", "label_logprob": 0.0, "p_task_1": 0.0, "uncertainty": 0.0}, "Pesticide Handlers, Sprayers, and Applicators, Vegetation_11228_11230": {"llm_label": "TASK_2", "label_logprob": -0.000114, "p_task_1": 0.00011399350224694516, "uncertainty": 0.0011489760876716034}, "Pesticide Handlers, Sprayers, and Applicators, Vegetation_11228_11231": {"llm_label": "TASK_1", "label_logprob": -6e-06, "p_task_1": 0.999994000018, "uncertainty": 7.814227210513045e-05}, "Pesticide Handlers, Sprayers, and Applicators, Vegetation_11228_11232": {"llm_label": "TASK_1", "label_logprob": -0.00582, "p_task_1": 0.9941969033915222, "uncertainty": 0.0356684804548931}, "Pesticide Handlers, Sprayers, and Applicators, Vegetation_11228_11233": {"llm_label": "TASK_2", "label_logprob": -0.000497, "p_task_1": 0.000496876515958089, "uncertainty": 0.00427657669211636}, "Pesticide Handlers, Sprayers, and Applicators, Vegetation_11228_11234": {"llm_label": "TASK_1", "label_logprob": -0.000103, "p_task_1": 0.9998970053043179, "uncertainty": 0.001048566499626208}, "Pesticide Handlers, Sprayers, and Applicators, Vegetation_11228_11235": {"llm_label": "TASK_2", "label_logprob": -4.5e-05, "p_task_1": 4.499898751519904e-05, "uncertainty": 0.0004953870167811679}, "Pesticide Handlers, Sprayers, and Applicators, Vegetation_11228_20762": {"llm_label": "TASK_2", "label_logprob": -0.067552, "p_task_1": 0.06532088396171454, "uncertainty": 0.2413637834811332}, "Pesticide Handlers, Sprayers, and Applicators, Vegetation_11229_11230": {"llm_label": "EQUAL_TIME", "label_logprob": -0.062129, "p_task_1": 0.5, "uncertainty": 0.6931471805599453}, "Pesticide Handlers, Sprayers, and Applicators, Vegetation_11229_11231": {"llm_label": "TASK_1", "label_logprob": 0.0, "p_task_1": 1.0, "uncertainty": 0.0}, "Pesticide Handlers, Sprayers, and Applicators, Vegetation_11229_11232": {"llm_label": "TASK_1", "label_logprob": -5e-06, "p_task_1": 0.9999950000125, "uncertainty": 6.603019815215604e-05}, "Pesticide Handlers, Sprayers, and Applicators, Vegetation_11229_11233": {"llm_label": "TASK_1", "label_logprob": -0.05011, "p_task_1": 0.9511247950187459, "uncertainty": 0.19518993984598873}, "Pesticide Handlers, Sprayers, and Applicators, Vegetation_11229_11234": {"llm_label": "TASK_1", "label_logprob": -3.7e-05, "p_task_1": 0.9999630006844915, "uncertainty": 0.00041456225843036797}, "Pesticide Handlers, Sprayers, and Applicators, Vegetation_11229_11235": {"llm_label": "TASK_2", "label_logprob": -0.440037, "p_task_1": 0.3559874078236013, "uncertainty": 0.6510744946026403}, "Pesticide Handlers, Sprayers, and Applicators, Vegetation_11229_20762": {"llm_label": "TASK_1", "label_logprob": -0.000115, "p_task_1": 0.9998850066122466, "uncertainty": 0.0011580499303200113}, "Pesticide Handlers, Sprayers, and Applicators, Vegetation_11230_11231": {"llm_label": "TASK_1", "label_logprob": -4.7e-05, "p_task_1": 0.9999530011044827, "uncertainty": 0.0005153599478945111}, "Pesticide Handlers, Sprayers, and Applicators, Vegetation_11230_11232": {"llm_label": "TASK_1", "label_logprob": -0.000336, "p_task_1": 0.9996640564416783, "uncertainty": 0.003022954314544321}, "Pesticide Handlers, Sprayers, and Applicators, Vegetation_11230_11233": {"llm_label": "TASK_2", "label_logprob": -0.000229, "p_task_1": 0.0002289737815013293, "uncertainty": 0.0021481836030495267}, "Pesticide Handlers, Sprayers, and Applicators, Vegetation_11230_11234": {"llm_label": "TASK_1", "label_logprob": -0.023984, "p_task_1": 0.9763013304542307, "uncertainty": 0.1121040040648674}, "Pesticide Handlers, Sprayers, and Applicators, Vegetation_11230_11235": {"llm_label": "TASK_2", "label_logprob": -0.000722, "p_task_1": 0.0007217394207165162, "uncertainty": 0.0059424310125148145}, "Pesticide Handlers, Sprayers, and Applicators, Vegetation_11230_20762": {"llm_label": "TASK_2", "label_logprob": -0.128693, "p_task_1": 0.12075614802154655, "uncertainty": 0.3684288610987275}, "Pesticide Handlers, Sprayers, and Applicators, Vegetation_11231_11232": {"llm_label": "TASK_2", "label_logprob": -2.2e-05, "p_task_1": 2.1999758001767233e-05, "uncertainty": 0.0002579354610012207}, "Pesticide Handlers, Sprayers, and Applicators, Vegetation_11231_11233": {"llm_label": "TASK_2", "label_logprob": 0.0, "p_task_1": 0.0, "uncertainty": 0.0}, "Pesticide Handlers, Sprayers, and Applicators, Vegetation_11231_11234": {"llm_label": "EQUAL_TIME", "label_logprob": -0.736601, "p_task_1": 0.5, "uncertainty": 0.6931471805599453}, "Pesticide Handlers, Sprayers, and Applicators, Vegetation_11231_11235": {"llm_label": "TASK_2", "label_logprob": -1e-06, "p_task_1": 9.999994999843054e-07, "uncertainty": 1.4815503149992376e-05}, "Pesticide Handlers, Sprayers, and Applicators, Vegetation_11231_20762": {"llm_label": "TASK_2", "label_logprob": -5e-05, "p_task_1": 4.999875002087428e-05, "uncertainty": 0.0005451607485001352}, "Pesticide Handlers, Sprayers, and Applicators, Vegetation_11232_11233": {"llm_label": "TASK_2", "label_logprob": -2e-06, "p_task_1": 1.9999979999907325e-06, "uncertainty": 2.8244698509961958e-05}, "Pesticide Handlers, Sprayers, and Applicators, Vegetation_11232_11234": {"llm_label": "TASK_1", "label_logprob": -0.003379, "p_task_1": 0.9966267023958932, "uncertainty": 0.022567954493016774}, "Pesticide Handlers, Sprayers, and Applicators, Vegetation_11232_11235": {"llm_label": "TASK_2", "label_logprob": 0.0, "p_task_1": 0.0, "uncertainty": 0.0}, "Pesticide Handlers, Sprayers, and Applicators, Vegetation_11232_20762": {"llm_label": "TASK_2", "label_logprob": -0.000462, "p_task_1": 0.00046189329443324656, "uncertainty": 0.0040092087036858485}, "Pesticide Handlers, Sprayers, and Applicators, Vegetation_11233_11234": {"llm_label": "TASK_1", "label_logprob": -2.1e-05, "p_task_1": 0.9999790002204985, "uncertainty": 0.0002471881550406985}, "Pesticide Handlers, Sprayers, and Applicators, Vegetation_11233_11235": {"llm_label": "TASK_2", "label_logprob": -6e-05, "p_task_1": 5.999820003599332e-05, "uncertainty": 0.0006432506620406343}, "Pesticide Handlers, Sprayers, and Applicators, Vegetation_11233_20762": {"llm_label": "TASK_1", "label_logprob": -0.120343, "p_task_1": 0.8866162751740502, "uncertainty": 0.35353187092283195},