{"Animal Trainers_7988_7989": {"llm_label": "TASK_1", "label_logprob": -0.111934, "p_task_1": 0.8941032663686235, "uncertainty": 0.3378495242821419}, "Animal Trainers_7988_7990": {"llm_label": "TASK_1", "label_logprob": -0.006014, "p_task_1": 0.9940040478998519, "uncertainty": 0.03665725269800065}, "Animal Trainers_7988_7991": {"llm_label": "EQUAL_TIME", "label_logprob": -0.163702, "p_task_1": 0.5, "uncertainty": 0.6931471805599453}, "Animal Trainers_7988_7992": {"llm_label": "TASK_2", "label_logprob": -5e-06, "p_task_1": 4.999987500031722e-06, "uncertainty": 6.603019815215604e-05}, "Animal Trainers_7988_7993": {"llm_label": "TASK_2", "label_logprob": -0.002136, "p_task_1": 0.0021337203753816203, "uncertainty": 0.01525358406318913}, "Animal Trainers_7988_7995": {"llm_label": "TASK_2", "label_logprob": -0.283241, "p_task_1": 0.24666178852832332, "uncertainty": 0.558637939188696}, "Animal Trainers_7988_7996": {"llm_label": "TASK_2", "label_logprob": -0.200724, "p_task_1": 0.1818617934595168, "uncertainty": 0.4742049019494529}, "Animal Trainers_7988_7998": {"llm_label": "TASK_2", "label_logprob": -2e-06, "p_task_1": 1.9999979999907325e-06, "uncertainty": 2.8244698509961958e-05}, "Animal Trainers_7988_7999": {"llm_label": "TASK_2", "label_logprob": -3.6e-05, "p_task_1": 3.599935200782056e-05, "uncertainty": 0.0004043444200614643}, "Animal Trainers_7988_8001": {"llm_label": "TASK_2", "label_logprob": -4e-06, "p_task_1": 3.9999919999589295e-06, "uncertainty": 5.371675735315082e-05}, "Animal Trainers_7988_8002": {"llm_label": "TASK_2", "label_logprob": 0.0, "p_task_1": 0.0, "uncertainty": 0.0}, "Animal Trainers_7988_8004": {"llm_label": "TASK_2", "label_logprob": -1e-06, "p_task_1": 9.999994999843054e-07, "uncertainty": 1.4815503149992376e-05}, "Animal Trainers_7988_20593": {"llm_label": "TASK_2", "label_logprob": 0.0, "p_task_1": 0.0, "uncertainty": 0.0}, "Animal Trainers_7988_20594": {"llm_label": "TASK_2", "label_logprob": -0.007754, "p_task_1": 0.0077240152925261985, "uncertainty": 0.04525924565785088}, "Animal Trainers_7989_7990": {"llm_label": "EQUAL_TIME", "label_logprob": -0.303804, "p_task_1": 0.5, "uncertainty": 0.6931471805599453}, "Animal Trainers_7989_7991": {"llm_label": "TASK_2", "label_logprob": -0.000203, "p_task_1": 0.0002029793968941762, "uncertainty": 0.0019287720528829704}, "Animal Trainers_7989_7992": {"llm_label": "TASK_2", "label_logprob": -3e-06, "p_task_1": 2.9999955000192813e-06, "uncertainty": 4.1150633082097105e-05}, "Animal Trainers_7989_7993": {"llm_label": "TASK_2", "label_logprob": -0.001628, "p_task_1": 0.001626675526844923, "uncertainty": 0.012070588157611771}, "Animal Trainers_7989_7995": {"llm_label": "TASK_2", "label_logprob": -0.003375, "p_task_1": 0.003369311089324145, "uncertainty": 0.02254527489699365}, "Animal Trainers_7989_7996": {"llm_label": "TASK_2", "label_logprob": -0.00298, "p_task_1": 0.002975564207314707, "uncertainty": 0.020280946779199043}, "Animal Trainers_7989_7998": {"llm_label": "TASK_2", "label_logprob": -1e-06, "p_task_1": 9.999994999843054e-07, "uncertainty": 1.4815503149992376e-05}, "Animal Trainers_7989_7999": {"llm_label": "TASK_2", "label_logprob": -0.000712, "p_task_1": 0.0007117465881466556, "uncertainty": 0.005870082062186919}, "Animal Trainers_7989_8001": {"llm_label": "TASK_2", "label_logprob": -2.3e-05, "p_task_1": 2.2999735502016172e-05, "uncertainty": 0.00026863728652655293}, "Animal Trainers_7989_8002": {"llm_label": "TASK_2", "label_logprob": 0.0, "p_task_1": 0.0, "uncertainty": 0.0}, "Animal Trainers_7989_8004": {"llm_label": "TASK_2", "label_logprob": -1e-06, "p_task_1": 9.999994999843054e-07, "uncertainty": 1.4815503149992376e-05}, "Animal Trainers_7989_20593": {"llm_label": "TASK_2", "label_logprob": 0.0, "p_task_1": 0.0, "uncertainty": 0.0}, "Animal Trainers_7989_20594": {"llm_label": "TASK_2", "label_logprob": -4e-06, "p_task_1": 3.9999919999589295e-06, "uncertainty": 5.371675735315082e-05}, "Animal Trainers_7990_7991": {"llm_label": "TASK_2", "label_logprob": -5.7e-05, "p_task_1": 5.699837553085896e-05, "uncertainty": 0.0006140126800174265}, "Animal Trainers_7990_7992": {"llm_label": "TASK_2", "label_logprob": -1e-06, "p_task_1": 9.999994999843054e-07, "uncertainty": 1.4815503149992376e-05}, "Animal Trainers_7990_7993": {"llm_label": "TASK_2", "label_logprob": -4.9e-05, "p_task_1": 4.899879951958397e-05, "uncertainty": 0.0005352477090615269}, "Animal Trainers_7990_7995": {"llm_label": "TASK_2", "label_logprob": -2.3e-05, "p_task_1": 2.2999735502016172e-05, "uncertainty": 0.00026863728652655293}, "Animal Trainers_7990_7996": {"llm_label": "TASK_2", "label_logprob": -0.000408, "p_task_1": 0.00040791677931839576, "uncertainty": 0.003591398608186449}, "Animal Trainers_7990_7998": {"llm_label": "TASK_2", "label_logprob": 0.0, "p_task_1": 0.0, "uncertainty": 0.0}, "Animal Trainers_7990_7999": {"llm_label": "TASK_2", "label_logprob": -3e-06, "p_task_1": 2.9999955000192813e-06, "uncertainty": 4.1150633082097105e-05}, "Animal Trainers_7990_8001": {"llm_label": "TASK_2", "label_logprob": -1e-06, "p_task_1": 9.999994999843054e-07, "uncertainty": 1.4815503149992376e-05}, "Animal Trainers_7990_8002": {"llm_label": "TASK_2", "label_logprob": 0.0, "p_task_1": 0.0, "uncertainty": 0.0}, "Animal Trainers_7990_8004": {"llm_label": "TASK_2", "label_logprob": 0.0, "p_task_1": 0.0, "uncertainty": 0.0}, "Animal Trainers_7990_20593": {"llm_label": "TASK_2", "label_logprob": 0.0, "p_task_1": 0.0, "uncertainty": 0.0}, "Animal Trainers_7990_20594": {"llm_label": "TASK_2", "label_logprob": -2.3e-05, "p_task_1": 2.2999735502016172e-05, "uncertainty": 0.00026863728652655293}, "Animal Trainers_7991_7992": {"llm_label": "TASK_2", "label_logprob": -0.000836, "p_task_1": 0.0008356506493591986, "uncertainty": 0.006757808172864459}, "Animal Trainers_7991_7993": {"llm_label": "TASK_2", "label_logprob": -0.165343, "p_task_1": 0.15239707358136523, "uncertainty": 0.42684461902335236}, "Animal Trainers_7991_7995": {"llm_label": "TASK_1", "label_logprob": -0.113843, "p_task_1": 0.8923980513786905, "uncertainty": 0.3414720731760978}, "Animal Trainers_7991_7996": {"llm_label": "TASK_1", "label_logprob": -0.011546, "p_task_1": 0.9885203992636763, "uncertainty": 0.06269494145162538}, "Animal Trainers_7991_7998": {"llm_label": "TASK_2", "label_logprob": -1e-06, "p_task_1": 9.999994999843054e-07, "uncertainty": 1.4815503149992376e-05}, "Animal Trainers_7991_7999": {"llm_label": "TASK_2", "label_logprob": -7.6e-05, "p_task_1": 7.599711207317839e-05, "uncertainty": 0.0007968127892924509}, "Animal Trainers_7991_8001": {"llm_label": "TASK_2", "label_logprob": -1.1e-05, "p_task_1": 1.0999939500266898e-05, "uncertainty": 0.0001365930168744248}, "Animal Trainers_7991_8002": {"llm_label": "TASK_2", "label_logprob": 0.0, "p_task_1": 0.0, "uncertainty": 0.0}, "Animal Trainers_7991_8004": {"llm_label": "TASK_2", "label_logprob": -6e-06, "p_task_1": 5.9999820000156134e-06, "uncertainty": 7.814227210513045e-05}, "Animal Trainers_7991_20593": {"llm_label": "TASK_2", "label_logprob": 0.0, "p_task_1": 0.0, "uncertainty": 0.0}, "Animal Trainers_7991_20594": {"llm_label": "EQUAL_TIME", "label_logprob": -2e-06, "p_task_1": 0.5, "uncertainty": 0.6931471805599453}, "Animal Trainers_7992_7993": {"llm_label": "TASK_1", "label_logprob": -0.023366, "p_task_1": 0.9769048711513179, "uncertainty": 0.10985188921516639}, "Animal Trainers_7992_7995": {"llm_label": "TASK_1", "label_logprob": -5e-06, "p_task_1": 0.9999950000125, "uncertainty": 6.603019815215604e-05}, "Animal Trainers_7992_7996": {"llm_label": "TASK_1", "label_logprob": -0.000113, "p_task_1": 0.9998870063842595, "uncertainty": 0.001139893464401802}, "Animal Trainers_7992_7998": {"llm_label": "TASK_2", "label_logprob": -8.6e-05, "p_task_1": 8.599630210603948e-05, "uncertainty": 0.0008910217260505452}, "Animal Trainers_7992_7999": {"llm_label": "TASK_2", "label_logprob": -0.002416, "p_task_1": 0.002413083820968942, "uncertainty": 0.01695346362637621},