{"Shampooers_14818_14819": {"llm_label": "TASK_1", "label_logprob": 0.0, "p_task_1": 1.0, "uncertainty": 0.0}, "Shampooers_14818_14820": {"llm_label": "TASK_2", "label_logprob": -0.102499, "p_task_1": 0.09742094766847342, "uncertainty": 0.31937897725374464}, "Shampooers_14818_14821": {"llm_label": "TASK_1", "label_logprob": -2e-06, "p_task_1": 0.999998000002, "uncertainty": 2.8244698509961958e-05}, "Shampooers_14819_14820": {"llm_label": "TASK_2", "label_logprob": 0.0, "p_task_1": 0.0, "uncertainty": 0.0}, "Shampooers_14819_14821": {"llm_label": "TASK_2", "label_logprob": -0.341452, "p_task_1": 0.28926241779495254, "uncertainty": 0.601489941492832}, "Shampooers_14820_14821": {"llm_label": "TASK_1", "label_logprob": -1e-05, "p_task_1": 0.9999900000499998, "uncertainty": 0.00012512862900562218}}