{"Travel Guides_13155_13156": {"llm_label": "TASK_1", "label_logprob": -0.008141, "p_task_1": 0.9918920481978983, "uncertainty": 0.047114051334459756}, "Travel Guides_13155_13157": {"llm_label": "TASK_1", "label_logprob": -0.000124, "p_task_1": 0.9998760076876823, "uncertainty": 0.0012393315549874347}, "Travel Guides_13155_13158": {"llm_label": "TASK_2", "label_logprob": -0.00358, "p_task_1": 0.0035735994402793514, "uncertainty": 0.02370151595749014}, "Travel Guides_13155_13159": {"llm_label": "TASK_1", "label_logprob": -2.4e-05, "p_task_1": 0.9999760002879977, "uncertainty": 0.0002792956099024647}, "Travel Guides_13155_13160": {"llm_label": "TASK_2", "label_logprob": -5e-06, "p_task_1": 4.999987500031722e-06, "uncertainty": 6.603019815215604e-05}, "Travel Guides_13155_13161": {"llm_label": "TASK_1", "label_logprob": -1e-06, "p_task_1": 0.9999990000005, "uncertainty": 1.4815503149992376e-05}, "Travel Guides_13155_13162": {"llm_label": "TASK_1", "label_logprob": -4e-06, "p_task_1": 0.999996000008, "uncertainty": 5.371675735315082e-05}, "Travel Guides_13155_13163": {"llm_label": "TASK_1", "label_logprob": -0.021271, "p_task_1": 0.9789536321842233, "uncertainty": 0.10208392307730185}, "Travel Guides_13155_13164": {"llm_label": "TASK_1", "label_logprob": -1e-06, "p_task_1": 0.9999990000005, "uncertainty": 1.4815503149992376e-05}, "Travel Guides_13155_13165": {"llm_label": "TASK_1", "label_logprob": -6.3e-05, "p_task_1": 0.9999370019844583, "uncertainty": 0.0006723384985142869}, "Travel Guides_13155_13166": {"llm_label": "TASK_1", "label_logprob": -0.000282, "p_task_1": 0.9997180397582627, "uncertainty": 0.002586591457738557}, "Travel Guides_13155_13167": {"llm_label": "TASK_2", "label_logprob": -0.009519, "p_task_1": 0.009473837732973722, "uncertainty": 0.053569524170695486}, "Travel Guides_13155_13168": {"llm_label": "TASK_2", "label_logprob": -0.015651, "p_task_1": 0.015529159569196871, "uncertainty": 0.08008745805026692}, "Travel Guides_13155_13169": {"llm_label": "TASK_2", "label_logprob": -0.084858, "p_task_1": 0.08135727759327849, "uncertainty": 0.2820718637868494}, "Travel Guides_13155_13170": {"llm_label": "TASK_1", "label_logprob": -5e-06, "p_task_1": 0.9999950000125, "uncertainty": 6.603019815215604e-05}, "Travel Guides_13155_13171": {"llm_label": "TASK_1", "label_logprob": -2.7e-05, "p_task_1": 0.9999730003644968, "uncertainty": 0.00031102699079997}, "Travel Guides_13156_13157": {"llm_label": "CANNOT_DECIDE", "label_logprob": -0.182469, "p_task_1": 0.5, "uncertainty": 0.6931471805599453}, "Travel Guides_13156_13158": {"llm_label": "TASK_2", "label_logprob": -1.3e-05, "p_task_1": 1.2999915500411241e-05, "uncertainty": 0.00015925626043919854}, "Travel Guides_13156_13159": {"llm_label": "TASK_1", "label_logprob": -0.475356, "p_task_1": 0.6216637047878548, "uncertainty": 0.6632437853249357}, "Travel Guides_13156_13160": {"llm_label": "TASK_2", "label_logprob": 0.0, "p_task_1": 0.0, "uncertainty": 0.0}, "Travel Guides_13156_13161": {"llm_label": "TASK_1", "label_logprob": -0.011668, "p_task_1": 0.9883998071312358, "uncertainty": 0.06323161774522942}, "Travel Guides_13156_13162": {"llm_label": "TASK_1", "label_logprob": -8.8e-05, "p_task_1": 0.9999120038718864, "uncertainty": 0.0009097192612209179}, "Travel Guides_13156_13163": {"llm_label": "CANNOT_DECIDE", "label_logprob": -4.1e-05, "p_task_1": 0.5, "uncertainty": 0.6931471805599453}, "Travel Guides_13156_13164": {"llm_label": "TASK_1", "label_logprob": -0.000199, "p_task_1": 0.9998010197991867, "uncertainty": 0.0018947304093142206}, "Travel Guides_13156_13165": {"llm_label": "CANNOT_DECIDE", "label_logprob": -0.158943, "p_task_1": 0.5, "uncertainty": 0.6931471805599453}, "Travel Guides_13156_13166": {"llm_label": "CANNOT_DECIDE", "label_logprob": -0.079292, "p_task_1": 0.5, "uncertainty": 0.6931471805599453}, "Travel Guides_13156_13167": {"llm_label": "TASK_2", "label_logprob": -0.011049, "p_task_1": 0.010988183990943812, "uncertainty": 0.06049457273693697}, "Travel Guides_13156_13168": {"llm_label": "TASK_2", "label_logprob": -7.7e-05, "p_task_1": 7.699703557606519e-05, "uncertainty": 0.0008062902529262152}, "Travel Guides_13156_13169": {"llm_label": "TASK_2", "label_logprob": -5e-06, "p_task_1": 4.999987500031722e-06, "uncertainty": 6.603019815215604e-05}, "Travel Guides_13156_13170": {"llm_label": "CANNOT_DECIDE", "label_logprob": -0.314333, "p_task_1": 0.5, "uncertainty": 0.6931471805599453}, "Travel Guides_13156_13171": {"llm_label": "TASK_1", "label_logprob": -0.010178, "p_task_1": 0.9898736205621996, "uncertainty": 0.05658145970620016}, "Travel Guides_13157_13158": {"llm_label": "TASK_2", "label_logprob": 0.0, "p_task_1": 0.0, "uncertainty": 0.0}, "Travel Guides_13157_13159": {"llm_label": "TASK_2", "label_logprob": -0.003718, "p_task_1": 0.003711096796020885, "uncertainty": 0.024473087470706964}, "Travel Guides_13157_13160": {"llm_label": "TASK_2", "label_logprob": 0.0, "p_task_1": 0.0, "uncertainty": 0.0}, "Travel Guides_13157_13161": {"llm_label": "TASK_1", "label_logprob": -0.507494, "p_task_1": 0.60200230787576, "uncertainty": 0.672191443780361}, "Travel Guides_13157_13162": {"llm_label": "TASK_1", "label_logprob": -0.182717, "p_task_1": 0.833003862476095, "uncertainty": 0.4510910811770108}, "Travel Guides_13157_13163": {"llm_label": "CANNOT_DECIDE", "label_logprob": -0.474647, "p_task_1": 0.5, "uncertainty": 0.6931471805599453}, "Travel Guides_13157_13164": {"llm_label": "CANNOT_DECIDE", "label_logprob": -0.223732, "p_task_1": 0.5, "uncertainty": 0.6931471805599453}, "Travel Guides_13157_13165": {"llm_label": "TASK_2", "label_logprob": -0.010199, "p_task_1": 0.010147166565566579, "uncertainty": 0.056676693796207246}, "Travel Guides_13157_13166": {"llm_label": "CANNOT_DECIDE", "label_logprob": -0.564745, "p_task_1": 0.5, "uncertainty": 0.6931471805599453}, "Travel Guides_13157_13167": {"llm_label": "TASK_2", "label_logprob": -0.038047, "p_task_1": 0.03733230555372258, "uncertainty": 0.1593713643289109}, "Travel Guides_13157_13168": {"llm_label": "TASK_2", "label_logprob": -1.9e-05, "p_task_1": 1.8999819501153148e-05, "uncertainty": 0.00022554821728270377}, "Travel Guides_13157_13169": {"llm_label": "TASK_2", "label_logprob": -8e-06, "p_task_1": 7.999968000049762e-06, "uncertainty": 0.00010188814457675767}, "Travel Guides_13157_13170": {"llm_label": "TASK_1", "label_logprob": -0.052847, "p_task_1": 0.948525125725088, "uncertainty": 0.20283523342752607}, "Travel Guides_13157_13171": {"llm_label": "TASK_1", "label_logprob": -0.069374, "p_task_1": 0.9329776811667172, "uncertainty": 0.24586759850046014}, "Travel Guides_13158_13159": {"llm_label": "TASK_1", "label_logprob": -4.9e-05, "p_task_1": 0.9999510012004804, "uncertainty": 0.0005352477090615269}, "Travel Guides_13158_13160": {"llm_label": "TASK_2", "label_logprob": -0.000159, "p_task_1": 0.00015898736016994874, "uncertainty": 0.0015495872152828344}, "Travel Guides_13158_13161": {"llm_label": "TASK_1", "label_logprob": -1e-06, "p_task_1": 0.9999990000005, "uncertainty": 1.4815503149992376e-05}, "Travel Guides_13158_13162": {"llm_label": "TASK_1", "label_logprob": 0.0, "p_task_1": 1.0, "uncertainty": 0.0}, "Travel Guides_13158_13163": {"llm_label": "TASK_1", "label_logprob": -0.009163, "p_task_1": 0.9908788523559043, "uncertainty": 0.05192290955082725}, "Travel Guides_13158_13164": {"llm_label": "TASK_1", "label_logprob": -3.2e-05, "p_task_1": 0.9999680005119945, "uncertainty": 0.0003631869779441248}, "Travel Guides_13158_13165": {"llm_label": "TASK_1", "label_logprob": -0.001019, "p_task_1": 0.9989815190041966, "uncertainty": 0.008034728916170027}, "Travel Guides_13158_13166": {"llm_label": "TASK_1", "label_logprob": -3.2e-05, "p_task_1": 0.9999680005119945, "uncertainty": 0.0003631869779441248}, "Travel Guides_13158_13167": {"llm_label": "TASK_2", "label_logprob": -0.016605, "p_task_1": 0.016467896902063406, "uncertainty": 0.08395437444589504}, "Travel Guides_13158_13168": {"llm_label": "TASK_1", "label_logprob": -0.16596,