{"Gambling Change Persons and Booth Cashiers_6998_6999": {"llm_label": "TASK_2", "label_logprob": -0.162153, "p_task_1": 0.14968890301058024, "uncertainty": 0.4221690788888486}, "Gambling Change Persons and Booth Cashiers_6998_7002": {"llm_label": "TASK_1", "label_logprob": -0.104913, "p_task_1": 0.9004028542271075, "uncertainty": 0.32419690948454777}, "Gambling Change Persons and Booth Cashiers_6998_7003": {"llm_label": "TASK_1", "label_logprob": -0.232633, "p_task_1": 0.7924443472395105, "uncertainty": 0.5107000338788892}, "Gambling Change Persons and Booth Cashiers_6998_7004": {"llm_label": "TASK_1", "label_logprob": -4.2e-05, "p_task_1": 0.9999580008819876, "uncertainty": 0.0004652595489512129}, "Gambling Change Persons and Booth Cashiers_6998_7005": {"llm_label": "TASK_2", "label_logprob": -3.8e-05, "p_task_1": 3.7999278009182014e-05, "uncertainty": 0.0004247530567765096}, "Gambling Change Persons and Booth Cashiers_6998_7006": {"llm_label": "TASK_1", "label_logprob": -0.001568, "p_task_1": 0.9984332286697314, "uncertainty": 0.011684909229588194}, "Gambling Change Persons and Booth Cashiers_6998_7007": {"llm_label": "TASK_1", "label_logprob": -0.0015, "p_task_1": 0.9985011244377109, "uncertainty": 0.01124499953884441}, "Gambling Change Persons and Booth Cashiers_6998_7008": {"llm_label": "TASK_1", "label_logprob": -2.4e-05, "p_task_1": 0.9999760002879977, "uncertainty": 0.0002792956099024647}, "Gambling Change Persons and Booth Cashiers_6998_7009": {"llm_label": "TASK_2", "label_logprob": -8.3e-05, "p_task_1": 8.299655559529384e-05, "uncertainty": 0.0008628877955488379}, "Gambling Change Persons and Booth Cashiers_6998_21152": {"llm_label": "TASK_1", "label_logprob": -0.001201, "p_task_1": 0.9987997209118661, "uncertainty": 0.009271676799602606}, "Gambling Change Persons and Booth Cashiers_6998_21153": {"llm_label": "TASK_1", "label_logprob": -4e-06, "p_task_1": 0.999996000008, "uncertainty": 5.371675735315082e-05}, "Gambling Change Persons and Booth Cashiers_6998_21154": {"llm_label": "TASK_2", "label_logprob": -0.172308, "p_task_1": 0.15828011648417972, "uncertainty": 0.43680688370530063}, "Gambling Change Persons and Booth Cashiers_6999_7002": {"llm_label": "TASK_1", "label_logprob": -0.107172, "p_task_1": 0.898371139864781, "uncertainty": 0.3286472755518535}, "Gambling Change Persons and Booth Cashiers_6999_7003": {"llm_label": "TASK_2", "label_logprob": -0.811462, "p_task_1": 0.5557918410718826, "uncertainty": 0.6869087379466129}, "Gambling Change Persons and Booth Cashiers_6999_7004": {"llm_label": "TASK_1", "label_logprob": -7.6e-05, "p_task_1": 0.9999240028879268, "uncertainty": 0.0007968127892924509}, "Gambling Change Persons and Booth Cashiers_6999_7005": {"llm_label": "TASK_2", "label_logprob": -4e-06, "p_task_1": 3.9999919999589295e-06, "uncertainty": 5.371675735315082e-05}, "Gambling Change Persons and Booth Cashiers_6999_7006": {"llm_label": "TASK_1", "label_logprob": -0.023445, "p_task_1": 0.9768276987148483, "uncertainty": 0.1101407502106268}, "Gambling Change Persons and Booth Cashiers_6999_7007": {"llm_label": "TASK_1", "label_logprob": -0.000267, "p_task_1": 0.9997330356413279, "uncertainty": 0.00246361702046855}, "Gambling Change Persons and Booth Cashiers_6999_7008": {"llm_label": "TASK_1", "label_logprob": -4.9e-05, "p_task_1": 0.9999510012004804, "uncertainty": 0.0005352477090615269}, "Gambling Change Persons and Booth Cashiers_6999_7009": {"llm_label": "TASK_2", "label_logprob": -0.000758, "p_task_1": 0.0007577127905727954, "uncertainty": 0.0062017482552358776}, "Gambling Change Persons and Booth Cashiers_6999_21152": {"llm_label": "TASK_1", "label_logprob": -0.00328, "p_task_1": 0.9967253733235608, "uncertainty": 0.022005204096802365}, "Gambling Change Persons and Booth Cashiers_6999_21153": {"llm_label": "TASK_1", "label_logprob": -5.9e-05, "p_task_1": 0.9999410017404657, "uncertainty": 0.0006335217246636567}, "Gambling Change Persons and Booth Cashiers_6999_21154": {"llm_label": "TASK_2", "label_logprob": -0.034832, "p_task_1": 0.034232348405115465, "uncertainty": 0.14915956165568448}, "Gambling Change Persons and Booth Cashiers_7002_7003": {"llm_label": "TASK_2", "label_logprob": -0.060436, "p_task_1": 0.05864598625256645, "uncertainty": 0.22322553695680375}, "Gambling Change Persons and Booth Cashiers_7002_7004": {"llm_label": "TASK_1", "label_logprob": -0.001358, "p_task_1": 0.9986429216647459, "uncertainty": 0.010316159821729499}, "Gambling Change Persons and Booth Cashiers_7002_7005": {"llm_label": "TASK_2", "label_logprob": -2.8e-05, "p_task_1": 2.7999608003703713e-05, "uncertainty": 0.0003215280679255237}, "Gambling Change Persons and Booth Cashiers_7002_7006": {"llm_label": "EQUAL_TIME", "label_logprob": -0.139438, "p_task_1": 0.5, "uncertainty": 0.6931471805599453}, "Gambling Change Persons and Booth Cashiers_7002_7007": {"llm_label": "EQUAL_TIME", "label_logprob": -0.229058, "p_task_1": 0.5, "uncertainty": 0.6931471805599453}, "Gambling Change Persons and Booth Cashiers_7002_7008": {"llm_label": "TASK_1", "label_logprob": -0.070109, "p_task_1": 0.9322921945182627, "uncertainty": 0.2476689831198976}, "Gambling Change Persons and Booth Cashiers_7002_7009": {"llm_label": "TASK_2", "label_logprob": -6e-06, "p_task_1": 5.9999820000156134e-06, "uncertainty": 7.814227210513045e-05}, "Gambling Change Persons and Booth Cashiers_7002_21152": {"llm_label": "EQUAL_TIME", "label_logprob": -0.591002, "p_task_1": 0.5, "uncertainty": 0.6931471805599453}, "Gambling Change Persons and Booth Cashiers_7002_21153": {"llm_label": "TASK_1", "label_logprob": -0.043914, "p_task_1": 0.9570362590523065, "uncertainty": 0.17725131495375976}, "Gambling Change Persons and Booth Cashiers_7002_21154": {"llm_label": "TASK_2", "label_logprob": -0.100511, "p_task_1": 0.09562483576875103, "uncertainty": 0.31536200022583627}, "Gambling Change Persons and Booth Cashiers_7003_7004": {"llm_label": "TASK_1", "label_logprob": -0.003033, "p_task_1": 0.9969715948978843, "uncertainty": 0.02058771396344656}, "Gambling Change Persons and Booth Cashiers_7003_7005": {"llm_label": "TASK_2", "label_logprob": -2.9e-05, "p_task_1": 2.8999579504085382e-05, "uncertainty": 0.000331993413184829}, "Gambling Change Persons and Booth Cashiers_7003_7006": {"llm_label": "TASK_2", "label_logprob": -0.046341, "p_task_1": 0.04528365159808623, "uncertainty": 0.18438677203535386}, "Gambling Change Persons and Booth Cashiers_7003_7007": {"llm_label": "TASK_2", "label_logprob": -0.187683, "p_task_1": 0.17112258026739535, "uncertainty": 0.4576617491149062}, "Gambling Change Persons and Booth Cashiers_7003_7008": {"llm_label": "TASK_1", "label_logprob": -0.082136, "p_task_1": 0.9211466742295028, "uncertainty": 0.27595982362802707}, "Gambling Change Persons and Booth Cashiers_7003_7009": {"llm_label": "TASK_2", "label_logprob": -0.003734, "p_task_1": 0.00372703729094781, "uncertainty": 0.024562203719430496}, "Gambling Change Persons and Booth Cashiers_7003_21152": {"llm_label": "TASK_2", "label_logprob": -0.10175, "p_task_1": 0.09674466272118065, "uncertainty": 0.31787081544739904}, "Gambling Change Persons and Booth Cashiers_7003_21153": {"llm_label": "TASK_1", "label_logprob": -0.262977, "p_task_1": 0.7687595785781323, "uncertainty": 0.5407708180597715}, "Gambling Change Persons and Booth Cashiers_7003_21154": {"llm_label": "TASK_2", "label_logprob": -0.180081, "p_task_1": 0.1647974427358223, "uncertainty": 0.44754019277007806}, "Gambling Change Persons and Booth Cashiers_7004_7005": {"llm_label": "TASK_2", "label_logprob": 0.0, "p_task_1": 0.0, "uncertainty": 0.0}, "Gambling Change Persons and Booth Cashiers_7004_7006": {"llm_label": "TASK_2", "label_logprob": -0.38803, "p_task_1": 0.32160800880091134, "uncertainty": 0.6280755931258769}, "Gambling Change Persons and Booth Cashiers_7004_7007": {"llm_label": "EQUAL_TIME", "label_logprob": -0.628689, "p_task_1": 0.5, "uncertainty": 0.6931471805599453},