{"Counter and Rental Clerks_678_679": {"llm_label": "TASK_2", "label_logprob": -0.00021, "p_task_1": 0.00020997795154342747, "uncertainty": 0.001988155872434698}, "Counter and Rental Clerks_678_680": {"llm_label": "TASK_2", "label_logprob": -1.8e-05, "p_task_1": 1.7999838000992696e-05, "uncertainty": 0.0002146505665408007}, "Counter and Rental Clerks_678_681": {"llm_label": "EQUAL_TIME", "label_logprob": -0.127338, "p_task_1": 0.5, "uncertainty": 0.6931471805599453}, "Counter and Rental Clerks_678_682": {"llm_label": "TASK_2", "label_logprob": -0.000455, "p_task_1": 0.00045489650319763264, "uncertainty": 0.003955422055419206}, "Counter and Rental Clerks_678_683": {"llm_label": "TASK_2", "label_logprob": -0.456283, "p_task_1": 0.3663655068389857, "uncertainty": 0.6569929691852401}, "Counter and Rental Clerks_678_684": {"llm_label": "TASK_2", "label_logprob": -2e-06, "p_task_1": 1.9999979999907325e-06, "uncertainty": 2.8244698509961958e-05}, "Counter and Rental Clerks_678_685": {"llm_label": "TASK_2", "label_logprob": -0.005777, "p_task_1": 0.005760345222483698, "uncertainty": 0.03544842805489137}, "Counter and Rental Clerks_678_686": {"llm_label": "TASK_2", "label_logprob": -4.8e-05, "p_task_1": 4.79988480184268e-05, "uncertainty": 0.0005253142506203896}, "Counter and Rental Clerks_678_687": {"llm_label": "TASK_2", "label_logprob": -0.086477, "p_task_1": 0.08284335685508804, "uncertainty": 0.2856594965542625}, "Counter and Rental Clerks_678_688": {"llm_label": "TASK_2", "label_logprob": -0.000428, "p_task_1": 0.0004279084210657702, "uncertainty": 0.0037469318937433894}, "Counter and Rental Clerks_678_689": {"llm_label": "TASK_2", "label_logprob": -0.321144, "p_task_1": 0.2746812024371741, "uncertainty": 0.5878594798817787}, "Counter and Rental Clerks_678_690": {"llm_label": "TASK_2", "label_logprob": -2e-06, "p_task_1": 1.9999979999907325e-06, "uncertainty": 2.8244698509961958e-05}, "Counter and Rental Clerks_678_691": {"llm_label": "TASK_2", "label_logprob": -0.319269, "p_task_1": 0.27331995392006236, "uncertainty": 0.586533052259881}, "Counter and Rental Clerks_678_692": {"llm_label": "TASK_2", "label_logprob": -1.4e-05, "p_task_1": 1.3999902000461084e-05, "uncertainty": 0.0001704691519101948}, "Counter and Rental Clerks_678_693": {"llm_label": "TASK_2", "label_logprob": -0.002497, "p_task_1": 0.002493885088683867, "uncertainty": 0.017438904289127404}, "Counter and Rental Clerks_679_680": {"llm_label": "TASK_1", "label_logprob": -0.0161, "p_task_1": 0.9840289122437522, "uncertainty": 0.08191485955712849}, "Counter and Rental Clerks_679_681": {"llm_label": "TASK_1", "label_logprob": -0.000664, "p_task_1": 0.9993362203992157, "uncertainty": 0.005520806564812372}, "Counter and Rental Clerks_679_682": {"llm_label": "TASK_1", "label_logprob": -0.001053, "p_task_1": 0.9989475542099553, "uncertainty": 0.00826813209737707}, "Counter and Rental Clerks_679_683": {"llm_label": "TASK_1", "label_logprob": -0.008756, "p_task_1": 0.9912822221289939, "uncertainty": 0.05002277762286163}, "Counter and Rental Clerks_679_684": {"llm_label": "TASK_1", "label_logprob": -0.701293, "p_task_1": 0.49594363392257534, "uncertainty": 0.6931142719874441}, "Counter and Rental Clerks_679_685": {"llm_label": "TASK_2", "label_logprob": -0.830802, "p_task_1": 0.5643002850092536, "uncertainty": 0.6848551827141228}, "Counter and Rental Clerks_679_686": {"llm_label": "TASK_2", "label_logprob": -0.006196, "p_task_1": 0.006176844375169632, "uncertainty": 0.037579012910792305}, "Counter and Rental Clerks_679_687": {"llm_label": "TASK_1", "label_logprob": -0.000836, "p_task_1": 0.9991643493506408, "uncertainty": 0.006757808172864459}, "Counter and Rental Clerks_679_688": {"llm_label": "TASK_2", "label_logprob": -0.019897, "p_task_1": 0.019700361030251745, "uncertainty": 0.09687067056994456}, "Counter and Rental Clerks_679_689": {"llm_label": "TASK_1", "label_logprob": -0.130304, "p_task_1": 0.8778285304804838, "uncertainty": 0.3712292817501619}, "Counter and Rental Clerks_679_690": {"llm_label": "TASK_2", "label_logprob": -0.002789, "p_task_1": 0.0027851143526962385, "uncertainty": 0.019167358880565713}, "Counter and Rental Clerks_679_691": {"llm_label": "TASK_1", "label_logprob": -0.001587, "p_task_1": 0.9984142586186027, "uncertainty": 0.011807287517786941}, "Counter and Rental Clerks_679_692": {"llm_label": "TASK_1", "label_logprob": -0.010334, "p_task_1": 0.9897192123215478, "uncertainty": 0.057287841867813334}, "Counter and Rental Clerks_679_693": {"llm_label": "TASK_1", "label_logprob": -0.005979, "p_task_1": 0.9940388386503629, "uncertainty": 0.036479347377156066}, "Counter and Rental Clerks_680_681": {"llm_label": "TASK_1", "label_logprob": -0.611883, "p_task_1": 0.5423287020603003, "uncertainty": 0.6895594498630088}, "Counter and Rental Clerks_680_682": {"llm_label": "EQUAL_TIME", "label_logprob": -0.020472, "p_task_1": 0.5, "uncertainty": 0.6931471805599453}, "Counter and Rental Clerks_680_683": {"llm_label": "TASK_1", "label_logprob": -0.05994, "p_task_1": 0.9418210411514738, "uncertainty": 0.22192718184730825}, "Counter and Rental Clerks_680_684": {"llm_label": "TASK_2", "label_logprob": -1.1e-05, "p_task_1": 1.0999939500266898e-05, "uncertainty": 0.0001365930168744248}, "Counter and Rental Clerks_680_685": {"llm_label": "TASK_2", "label_logprob": -0.010398, "p_task_1": 0.010344127681139015, "uncertainty": 0.05757692805987545}, "Counter and Rental Clerks_680_686": {"llm_label": "TASK_2", "label_logprob": -8.8e-05, "p_task_1": 8.79961281136099e-05, "uncertainty": 0.0009097192612209179}, "Counter and Rental Clerks_680_687": {"llm_label": "TASK_1", "label_logprob": -0.51322, "p_task_1": 0.5985650927989759, "uncertainty": 0.6735891840179888}, "Counter and Rental Clerks_680_688": {"llm_label": "TASK_2", "label_logprob": -0.060434, "p_task_1": 0.058644103542656256, "uncertainty": 0.22322031089826472}, "Counter and Rental Clerks_680_689": {"llm_label": "EQUAL_TIME", "label_logprob": -0.440036, "p_task_1": 0.5, "uncertainty": 0.6931471805599453}, "Counter and Rental Clerks_680_690": {"llm_label": "TASK_2", "label_logprob": -0.007339, "p_task_1": 0.0073121352996854405, "uncertainty": 0.04324802588281196}, "Counter and Rental Clerks_680_691": {"llm_label": "EQUAL_TIME", "label_logprob": -0.005662, "p_task_1": 0.5, "uncertainty": 0.6931471805599453}, "Counter and Rental Clerks_680_692": {"llm_label": "EQUAL_TIME", "label_logprob": -0.011407, "p_task_1": 0.5, "uncertainty": 0.6931471805599453}, "Counter and Rental Clerks_680_693": {"llm_label": "EQUAL_TIME", "label_logprob": -0.403744, "p_task_1": 0.5, "uncertainty": 0.6931471805599453}, "Counter and Rental Clerks_681_682": {"llm_label": "TASK_2", "label_logprob": -0.000536, "p_task_1": 0.0005358563776616254, "uncertainty": 0.004571592458921829}, "Counter and Rental Clerks_681_683": {"llm_label": "TASK_2", "label_logprob": -0.104719, "p_task_1": 0.09942245067429567, "uncertainty": 0.3238121115088691}, "Counter and Rental Clerks_681_684": {"llm_label": "TASK_2", "label_logprob": -1e-06, "p_task_1": 9.999994999843054e-07, "uncertainty": 1.4815503149992376e-05}, "Counter and Rental Clerks_681_685": {"llm_label": "TASK_2", "label_logprob": -5.3e-05, "p_task_1": 5.2998595524766934e-05, "uncertainty": 0.0005747813563191094}, "Counter and Rental Clerks_681_686": {"llm_label": "TASK_2", "label_logprob": -2e-06, "p_task_1": 1.9999979999907325e-06, "uncertainty": 2.8244698509961958e-05}, "Counter and Rental Clerks_681_687": {"llm_label": "EQUAL_TIME", "label_logprob": -0.5133, "p_task_1": 0.5, "uncertainty": 0.6931471805599453}, "Counter and Rental Clerks_681_688": {"llm_label": "TASK_2", "label_logprob": -0.000106, "p_task_1": 0.00010599438219849322, "uncertainty": 0.0010760625428955946}, "Counter and Rental Clerks_681_689": {"llm_label": "TASK_2", "label_logprob": -0.117272, "p_task_1": 0.11065674110457702, "uncertainty": 0.34788621356319116}, "Counter and Rental Clerks_681_690": {"llm_label": "TASK_2", "label_logprob": 0.0, "p_task_1": 0.0,