{"Travel Agents_737_738": {"llm_label": "TASK_2", "label_logprob": 0.0, "p_task_1": 0.0, "uncertainty": 0.0}, "Travel Agents_737_739": {"llm_label": "TASK_2", "label_logprob": -1e-06, "p_task_1": 9.999994999843054e-07, "uncertainty": 1.4815503149992376e-05}, "Travel Agents_737_740": {"llm_label": "TASK_2", "label_logprob": 0.0, "p_task_1": 0.0, "uncertainty": 0.0}, "Travel Agents_737_741": {"llm_label": "TASK_2", "label_logprob": 0.0, "p_task_1": 0.0, "uncertainty": 0.0}, "Travel Agents_737_742": {"llm_label": "TASK_2", "label_logprob": -0.100781, "p_task_1": 0.09586898410158529, "uncertainty": 0.3159102111855211}, "Travel Agents_737_743": {"llm_label": "EQUAL_TIME", "label_logprob": -0.075302, "p_task_1": 0.5, "uncertainty": 0.6931471805599453}, "Travel Agents_737_20900": {"llm_label": "TASK_2", "label_logprob": -0.001708, "p_task_1": 0.001706542198093297, "uncertainty": 0.012581366831356184}, "Travel Agents_738_739": {"llm_label": "TASK_1", "label_logprob": -0.059169, "p_task_1": 0.9425474651746779, "uncertainty": 0.21989977145753709}, "Travel Agents_738_740": {"llm_label": "TASK_2", "label_logprob": -0.136696, "p_task_1": 0.12776465462306297, "uncertainty": 0.38211520820810113}, "Travel Agents_738_741": {"llm_label": "TASK_2", "label_logprob": -1e-06, "p_task_1": 9.999994999843054e-07, "uncertainty": 1.4815503149992376e-05}, "Travel Agents_738_742": {"llm_label": "TASK_1", "label_logprob": -1.6e-05, "p_task_1": 0.9999840001279993, "uncertainty": 0.00019268520788660168}, "Travel Agents_738_743": {"llm_label": "TASK_1", "label_logprob": -1e-06, "p_task_1": 0.9999990000005, "uncertainty": 1.4815503149992376e-05}, "Travel Agents_738_20900": {"llm_label": "TASK_1", "label_logprob": -6.5e-05, "p_task_1": 0.9999350021124542, "uncertainty": 0.0006916505348500037}, "Travel Agents_739_740": {"llm_label": "TASK_2", "label_logprob": -0.019344, "p_task_1": 0.01915810541004137, "uncertainty": 0.09474427563698753}, "Travel Agents_739_741": {"llm_label": "TASK_2", "label_logprob": 0.0, "p_task_1": 0.0, "uncertainty": 0.0}, "Travel Agents_739_742": {"llm_label": "TASK_1", "label_logprob": -4.6e-05, "p_task_1": 0.9999540010579838, "uncertainty": 0.0005053843575021392}, "Travel Agents_739_743": {"llm_label": "TASK_1", "label_logprob": -6e-06, "p_task_1": 0.999994000018, "uncertainty": 7.814227210513045e-05}, "Travel Agents_739_20900": {"llm_label": "TASK_1", "label_logprob": -0.043817, "p_task_1": 0.9571290960719573, "uncertainty": 0.176963091801626}, "Travel Agents_740_741": {"llm_label": "TASK_2", "label_logprob": 0.0, "p_task_1": 0.0, "uncertainty": 0.0}, "Travel Agents_740_742": {"llm_label": "TASK_1", "label_logprob": -1.3e-05, "p_task_1": 0.9999870000844996, "uncertainty": 0.00015925626043919854}, "Travel Agents_740_743": {"llm_label": "TASK_1", "label_logprob": -1e-06, "p_task_1": 0.9999990000005, "uncertainty": 1.4815503149992376e-05}, "Travel Agents_740_20900": {"llm_label": "TASK_1", "label_logprob": -0.000141, "p_task_1": 0.9998590099400329, "uncertainty": 0.0013911137684207108}, "Travel Agents_741_742": {"llm_label": "TASK_1", "label_logprob": 0.0, "p_task_1": 1.0, "uncertainty": 0.0}, "Travel Agents_741_743": {"llm_label": "TASK_1", "label_logprob": 0.0, "p_task_1": 1.0, "uncertainty": 0.0}, "Travel Agents_741_20900": {"llm_label": "TASK_1", "label_logprob": -1e-06, "p_task_1": 0.9999990000005, "uncertainty": 1.4815503149992376e-05}, "Travel Agents_742_743": {"llm_label": "TASK_1", "label_logprob": -0.000983, "p_task_1": 0.9990174829862285, "uncertainty": 0.0077863505346756215}, "Travel Agents_742_20900": {"llm_label": "TASK_2", "label_logprob": -0.047622, "p_task_1": 0.04650586024861536, "uncertainty": 0.18809550626065702}, "Travel Agents_743_20900": {"llm_label": "TASK_2", "label_logprob": -0.001534, "p_task_1": 0.0015328240233929424, "uncertainty": 0.011465334658054304}}