{"Solar Sales Representatives and Assessors_17654_17655": {"llm_label": "TASK_2", "label_logprob": -0.000124, "p_task_1": 0.00012399231231774444, "uncertainty": 0.0012393315549874347}, "Solar Sales Representatives and Assessors_17654_17656": {"llm_label": "TASK_2", "label_logprob": -0.002599, "p_task_1": 0.0025956255235545234, "uncertainty": 0.01804642078146856}, "Solar Sales Representatives and Assessors_17654_17657": {"llm_label": "TASK_2", "label_logprob": -3.6e-05, "p_task_1": 3.599935200782056e-05, "uncertainty": 0.0004043444200614643}, "Solar Sales Representatives and Assessors_17654_17658": {"llm_label": "TASK_2", "label_logprob": -0.000169, "p_task_1": 0.0001689857203044376, "uncertainty": 0.0016367300940866053}, "Solar Sales Representatives and Assessors_17654_17659": {"llm_label": "TASK_2", "label_logprob": -0.000204, "p_task_1": 0.00020397919341486048, "uncertainty": 0.0019372700671688274}, "Solar Sales Representatives and Assessors_17654_17660": {"llm_label": "TASK_2", "label_logprob": -6e-06, "p_task_1": 5.9999820000156134e-06, "uncertainty": 7.814227210513045e-05}, "Solar Sales Representatives and Assessors_17654_17661": {"llm_label": "CANNOT_DECIDE", "label_logprob": -0.669173, "p_task_1": 0.5, "uncertainty": 0.6931471805599453}, "Solar Sales Representatives and Assessors_17654_17662": {"llm_label": "TASK_2", "label_logprob": -0.038045, "p_task_1": 0.03733038021640833, "uncertainty": 0.15936510722135552}, "Solar Sales Representatives and Assessors_17654_17663": {"llm_label": "TASK_1", "label_logprob": -0.081232, "p_task_1": 0.9219797673243504, "uncertainty": 0.27390726293401374}, "Solar Sales Representatives and Assessors_17654_17664": {"llm_label": "CANNOT_DECIDE", "label_logprob": -0.504604, "p_task_1": 0.5, "uncertainty": 0.6931471805599453}, "Solar Sales Representatives and Assessors_17654_17665": {"llm_label": "TASK_1", "label_logprob": -0.03284, "p_task_1": 0.9676933781437204, "uncertainty": 0.1426709827448803}, "Solar Sales Representatives and Assessors_17654_17666": {"llm_label": "TASK_2", "label_logprob": -0.086863, "p_task_1": 0.08319731100179684, "uncertainty": 0.2865096945859346}, "Solar Sales Representatives and Assessors_17655_17656": {"llm_label": "TASK_1", "label_logprob": -0.414684, "p_task_1": 0.6605489812066283, "uncertainty": 0.6406706701209983}, "Solar Sales Representatives and Assessors_17655_17657": {"llm_label": "TASK_2", "label_logprob": -0.176247, "p_task_1": 0.16158912972529405, "uncertainty": 0.44229564913715363}, "Solar Sales Representatives and Assessors_17655_17658": {"llm_label": "TASK_1", "label_logprob": -0.037239, "p_task_1": 0.9634458442735847, "uncertainty": 0.15683401353020382}, "Solar Sales Representatives and Assessors_17655_17659": {"llm_label": "TASK_2", "label_logprob": -0.315589, "p_task_1": 0.2706408448131947, "uncertainty": 0.5838951975541506}, "Solar Sales Representatives and Assessors_17655_17660": {"llm_label": "TASK_2", "label_logprob": -6.1e-05, "p_task_1": 6.099813953786004e-05, "uncertainty": 0.0006529629227593847}, "Solar Sales Representatives and Assessors_17655_17661": {"llm_label": "TASK_1", "label_logprob": -4.6e-05, "p_task_1": 0.9999540010579838, "uncertainty": 0.0005053843575021392}, "Solar Sales Representatives and Assessors_17655_17662": {"llm_label": "TASK_2", "label_logprob": -0.001477, "p_task_1": 0.001475909772321482, "uncertainty": 0.011095509424261572}, "Solar Sales Representatives and Assessors_17655_17663": {"llm_label": "TASK_1", "label_logprob": -2.5e-05, "p_task_1": 0.9999750003124974, "uncertainty": 0.0002899122444096467}, "Solar Sales Representatives and Assessors_17655_17664": {"llm_label": "TASK_1", "label_logprob": -0.000124, "p_task_1": 0.9998760076876823, "uncertainty": 0.0012393315549874347}, "Solar Sales Representatives and Assessors_17655_17665": {"llm_label": "TASK_1", "label_logprob": 0.0, "p_task_1": 1.0, "uncertainty": 0.0}, "Solar Sales Representatives and Assessors_17655_17666": {"llm_label": "TASK_1", "label_logprob": -3.6e-05, "p_task_1": 0.9999640006479922, "uncertainty": 0.0004043444200614643}, "Solar Sales Representatives and Assessors_17656_17657": {"llm_label": "TASK_2", "label_logprob": -0.000929, "p_task_1": 0.0009285686130965365, "uncertainty": 0.007411279251166008}, "Solar Sales Representatives and Assessors_17656_17658": {"llm_label": "TASK_2", "label_logprob": -0.001321, "p_task_1": 0.0013201278635730507, "uncertainty": 0.010071739068559158}, "Solar Sales Representatives and Assessors_17656_17659": {"llm_label": "TASK_2", "label_logprob": -0.266222, "p_task_1": 0.23373100310009065, "uncertainty": 0.5437454011201399}, "Solar Sales Representatives and Assessors_17656_17660": {"llm_label": "TASK_2", "label_logprob": -0.000125, "p_task_1": 0.00012499218782546784, "uncertainty": 0.0012483215809395145}, "Solar Sales Representatives and Assessors_17656_17661": {"llm_label": "TASK_1", "label_logprob": -0.000458, "p_task_1": 0.9995421048659898, "uncertainty": 0.0039784866102475155}, "Solar Sales Representatives and Assessors_17656_17662": {"llm_label": "TASK_2", "label_logprob": -4e-06, "p_task_1": 3.9999919999589295e-06, "uncertainty": 5.371675735315082e-05}, "Solar Sales Representatives and Assessors_17656_17663": {"llm_label": "TASK_1", "label_logprob": -0.000703, "p_task_1": 0.9992972470466054, "uncertainty": 0.005804847398853948}, "Solar Sales Representatives and Assessors_17656_17664": {"llm_label": "TASK_1", "label_logprob": -0.000289, "p_task_1": 0.9997110417564774, "uncertainty": 0.0026437032058789383}, "Solar Sales Representatives and Assessors_17656_17665": {"llm_label": "TASK_1", "label_logprob": 0.0, "p_task_1": 1.0, "uncertainty": 0.0}, "Solar Sales Representatives and Assessors_17656_17666": {"llm_label": "TASK_1", "label_logprob": -0.000167, "p_task_1": 0.9998330139437238, "uncertainty": 0.0016193500772053243}, "Solar Sales Representatives and Assessors_17657_17658": {"llm_label": "TASK_1", "label_logprob": -0.062099, "p_task_1": 0.9397898429910407, "uncertainty": 0.2275453858169764}, "Solar Sales Representatives and Assessors_17657_17659": {"llm_label": "TASK_2", "label_logprob": -0.001727, "p_task_1": 0.001725509593600738, "uncertainty": 0.012702113873897528}, "Solar Sales Representatives and Assessors_17657_17660": {"llm_label": "TASK_2", "label_logprob": -1.8e-05, "p_task_1": 1.7999838000992696e-05, "uncertainty": 0.0002146505665408007}, "Solar Sales Representatives and Assessors_17657_17661": {"llm_label": "TASK_1", "label_logprob": -4.8e-05, "p_task_1": 0.9999520011519816, "uncertainty": 0.0005253142506203896}, "Solar Sales Representatives and Assessors_17657_17662": {"llm_label": "TASK_2", "label_logprob": -0.000657, "p_task_1": 0.0006567842227578335, "uncertainty": 0.00546958509280669}, "Solar Sales Representatives and Assessors_17657_17663": {"llm_label": "TASK_1", "label_logprob": -0.001661, "p_task_1": 0.9983403786970557, "uncertainty": 0.012281754549798794}, "Solar Sales Representatives and Assessors_17657_17664": {"llm_label": "TASK_1", "label_logprob": -1e-05, "p_task_1": 0.9999900000499998, "uncertainty": 0.00012512862900562218}, "Solar Sales Representatives and Assessors_17657_17665": {"llm_label": "TASK_1", "label_logprob": 0.0, "p_task_1": 1.0, "uncertainty": 0.0}, "Solar Sales Representatives and Assessors_17657_17666": {"llm_label": "TASK_1", "label_logprob": -0.003005, "p_task_1": 0.996999510493358, "uncertainty": 0.020425766567476758}, "Solar Sales Representatives and Assessors_17658_17659": {"llm_label": "TASK_2", "label_logprob": -0.00284, "p_task_1": 0.0028359710150083206, "uncertainty": 0.019465967680736294}, "Solar Sales Representatives and Assessors_17658_17660": {"llm_label": "TASK_2", "label_logprob": -0.000162, "p_task_1": 0.00016198687870860873, "uncertainty": 0.0015757944614625038}, "Solar Sales Representatives and Assessors_17658_17661": {"llm_label": "TASK_1", "label_logprob": -0.000202, "p_task_1": 0.9997980204006264, "uncertainty": 0.0019202691044677253},