{"Door-to-Door Sales Workers, News and Street Vendors, and Related Workers_13231_13232": {"llm_label": "TASK_1", "label_logprob": -0.004228, "p_task_1": 0.9957809254086933, "uncertainty": 0.0272806500359471}, "Door-to-Door Sales Workers, News and Street Vendors, and Related Workers_13231_13233": {"llm_label": "TASK_2", "label_logprob": -0.000685, "p_task_1": 0.0006847654410606641, "uncertainty": 0.0056740292644987846}, "Door-to-Door Sales Workers, News and Street Vendors, and Related Workers_13231_13235": {"llm_label": "TASK_2", "label_logprob": -4.9e-05, "p_task_1": 4.899879951958397e-05, "uncertainty": 0.0005352477090615269}, "Door-to-Door Sales Workers, News and Street Vendors, and Related Workers_13231_13236": {"llm_label": "TASK_1", "label_logprob": -0.003258, "p_task_1": 0.9967473015229832, "uncertainty": 0.021879738875402788}, "Door-to-Door Sales Workers, News and Street Vendors, and Related Workers_13231_13237": {"llm_label": "TASK_2", "label_logprob": -0.002655, "p_task_1": 0.0026514786046243355, "uncertainty": 0.018378222601069548}, "Door-to-Door Sales Workers, News and Street Vendors, and Related Workers_13231_13238": {"llm_label": "TASK_2", "label_logprob": -0.060217, "p_task_1": 0.05843980714776775, "uncertainty": 0.22265283953816833}, "Door-to-Door Sales Workers, News and Street Vendors, and Related Workers_13231_13239": {"llm_label": "TASK_1", "label_logprob": -7.3e-05, "p_task_1": 0.9999270026644351, "uncertainty": 0.0007683006882278183}, "Door-to-Door Sales Workers, News and Street Vendors, and Related Workers_13231_13240": {"llm_label": "TASK_1", "label_logprob": -0.003543, "p_task_1": 0.9964632690186036, "uncertainty": 0.023493732817654746}, "Door-to-Door Sales Workers, News and Street Vendors, and Related Workers_13231_13241": {"llm_label": "TASK_2", "label_logprob": -0.246477, "p_task_1": 0.2184506630349634, "uncertainty": 0.52494001159578}, "Door-to-Door Sales Workers, News and Street Vendors, and Related Workers_13231_13242": {"llm_label": "TASK_1", "label_logprob": -0.317026, "p_task_1": 0.7283118187722422, "uncertainty": 0.5849307230269678}, "Door-to-Door Sales Workers, News and Street Vendors, and Related Workers_13231_21075": {"llm_label": "TASK_2", "label_logprob": -0.00053, "p_task_1": 0.0005298595748095547, "uncertainty": 0.004526396187509791}, "Door-to-Door Sales Workers, News and Street Vendors, and Related Workers_13232_13233": {"llm_label": "TASK_2", "label_logprob": -4e-06, "p_task_1": 3.9999919999589295e-06, "uncertainty": 5.371675735315082e-05}, "Door-to-Door Sales Workers, News and Street Vendors, and Related Workers_13232_13235": {"llm_label": "TASK_2", "label_logprob": -2.7e-05, "p_task_1": 2.6999635503233144e-05, "uncertainty": 0.00031102699079997}, "Door-to-Door Sales Workers, News and Street Vendors, and Related Workers_13232_13236": {"llm_label": "TASK_2", "label_logprob": -0.299719, "p_task_1": 0.25897358014765703, "uncertainty": 0.571980574015101}, "Door-to-Door Sales Workers, News and Street Vendors, and Related Workers_13232_13237": {"llm_label": "TASK_2", "label_logprob": -0.000431, "p_task_1": 0.00043090713284243964, "uncertainty": 0.003770179934845539}, "Door-to-Door Sales Workers, News and Street Vendors, and Related Workers_13232_13238": {"llm_label": "TASK_2", "label_logprob": -0.00016, "p_task_1": 0.00015998720068266525, "uncertainty": 0.0015583292093465813}, "Door-to-Door Sales Workers, News and Street Vendors, and Related Workers_13232_13239": {"llm_label": "TASK_1", "label_logprob": -2.7e-05, "p_task_1": 0.9999730003644968, "uncertainty": 0.00031102699079997}, "Door-to-Door Sales Workers, News and Street Vendors, and Related Workers_13232_13240": {"llm_label": "TASK_2", "label_logprob": -0.976213, "p_task_1": 0.6232649033793134, "uncertainty": 0.66244315138776}, "Door-to-Door Sales Workers, News and Street Vendors, and Related Workers_13232_13241": {"llm_label": "TASK_2", "label_logprob": -6e-06, "p_task_1": 5.9999820000156134e-06, "uncertainty": 7.814227210513045e-05}, "Door-to-Door Sales Workers, News and Street Vendors, and Related Workers_13232_13242": {"llm_label": "TASK_2", "label_logprob": -0.000523, "p_task_1": 0.0005228632593394789, "uncertainty": 0.004473580978672799}, "Door-to-Door Sales Workers, News and Street Vendors, and Related Workers_13232_21075": {"llm_label": "TASK_2", "label_logprob": -5e-06, "p_task_1": 4.999987500031722e-06, "uncertainty": 6.603019815215604e-05}, "Door-to-Door Sales Workers, News and Street Vendors, and Related Workers_13233_13235": {"llm_label": "TASK_2", "label_logprob": -3.6e-05, "p_task_1": 3.599935200782056e-05, "uncertainty": 0.0004043444200614643}, "Door-to-Door Sales Workers, News and Street Vendors, and Related Workers_13233_13236": {"llm_label": "TASK_1", "label_logprob": -1.4e-05, "p_task_1": 0.9999860000979995, "uncertainty": 0.0001704691519101948}, "Door-to-Door Sales Workers, News and Street Vendors, and Related Workers_13233_13237": {"llm_label": "TASK_2", "label_logprob": -0.201417, "p_task_1": 0.18242856682699482, "uncertainty": 0.47505612819220155}, "Door-to-Door Sales Workers, News and Street Vendors, and Related Workers_13233_13238": {"llm_label": "TASK_2", "label_logprob": -0.153197, "p_task_1": 0.1420393130933183, "uncertainty": 0.40864822858965966}, "Door-to-Door Sales Workers, News and Street Vendors, and Related Workers_13233_13239": {"llm_label": "TASK_1", "label_logprob": -1e-06, "p_task_1": 0.9999990000005, "uncertainty": 1.4815503149992376e-05}, "Door-to-Door Sales Workers, News and Street Vendors, and Related Workers_13233_13240": {"llm_label": "TASK_1", "label_logprob": -2e-05, "p_task_1": 0.9999800001999987, "uncertainty": 0.00023639320174866763}, "Door-to-Door Sales Workers, News and Street Vendors, and Related Workers_13233_13241": {"llm_label": "TASK_2", "label_logprob": -0.034888, "p_task_1": 0.03428642987930941, "uncertainty": 0.1493401361676008}, "Door-to-Door Sales Workers, News and Street Vendors, and Related Workers_13233_13242": {"llm_label": "TASK_2", "label_logprob": -0.382215, "p_task_1": 0.31765166745801254, "uncertainty": 0.6250866626573384}, "Door-to-Door Sales Workers, News and Street Vendors, and Related Workers_13233_21075": {"llm_label": "EQUAL_TIME", "label_logprob": -0.498865, "p_task_1": 0.5, "uncertainty": 0.6931471805599453}, "Door-to-Door Sales Workers, News and Street Vendors, and Related Workers_13235_13236": {"llm_label": "TASK_1", "label_logprob": -3e-06, "p_task_1": 0.9999970000045, "uncertainty": 4.1150633082097105e-05}, "Door-to-Door Sales Workers, News and Street Vendors, and Related Workers_13235_13237": {"llm_label": "CANNOT_DECIDE", "label_logprob": -0.492702, "p_task_1": 0.5, "uncertainty": 0.6931471805599453}, "Door-to-Door Sales Workers, News and Street Vendors, and Related Workers_13235_13238": {"llm_label": "CANNOT_DECIDE", "label_logprob": -0.609915, "p_task_1": 0.5, "uncertainty": 0.6931471805599453}, "Door-to-Door Sales Workers, News and Street Vendors, and Related Workers_13235_13239": {"llm_label": "TASK_1", "label_logprob": -1e-06, "p_task_1": 0.9999990000005, "uncertainty": 1.4815503149992376e-05}, "Door-to-Door Sales Workers, News and Street Vendors, and Related Workers_13235_13240": {"llm_label": "TASK_1", "label_logprob": -2.9e-05, "p_task_1": 0.9999710004204959, "uncertainty": 0.000331993413184829}, "Door-to-Door Sales Workers, News and Street Vendors, and Related Workers_13235_13241": {"llm_label": "TASK_1", "label_logprob": -0.000187, "p_task_1": 0.9998130174834102, "uncertainty": 0.0017921155952290806}, "Door-to-Door Sales Workers, News and Street Vendors, and Related Workers_13235_13242": {"llm_label": "TASK_1", "label_logprob": -9.8e-05, "p_task_1": 0.9999020048018431, "uncertainty": 0.0010025440963472379}, "Door-to-Door Sales Workers, News and Street Vendors, and Related Workers_13235_21075": {"llm_label": "TASK_1", "label_logprob": -0.001075, "p_task_1": 0.9989255776055062, "uncertainty": 0.008418566475264132},