{"Models_13215_13216": {"llm_label": "TASK_2", "label_logprob": -0.003191, "p_task_1": 0.0031859141705654626, "uncertainty": 0.021496705312716118}, "Models_13215_13217": {"llm_label": "TASK_1", "label_logprob": -0.000385, "p_task_1": 0.9996150741029898, "uncertainty": 0.003411316162995266}, "Models_13215_13218": {"llm_label": "EQUAL_TIME", "label_logprob": -0.000494, "p_task_1": 0.5, "uncertainty": 0.6931471805599453}, "Models_13215_13219": {"llm_label": "TASK_2", "label_logprob": -1e-06, "p_task_1": 9.999994999843054e-07, "uncertainty": 1.4815503149992376e-05}, "Models_13215_13220": {"llm_label": "TASK_2", "label_logprob": 0.0, "p_task_1": 0.0, "uncertainty": 0.0}, "Models_13215_13221": {"llm_label": "TASK_2", "label_logprob": 0.0, "p_task_1": 0.0, "uncertainty": 0.0}, "Models_13215_13225": {"llm_label": "TASK_2", "label_logprob": 0.0, "p_task_1": 0.0, "uncertainty": 0.0}, "Models_13215_13226": {"llm_label": "TASK_2", "label_logprob": -0.000607, "p_task_1": 0.0006068158127691126, "uncertainty": 0.005101489483135282}, "Models_13215_23931": {"llm_label": "TASK_2", "label_logprob": 0.0, "p_task_1": 0.0, "uncertainty": 0.0}, "Models_13216_13217": {"llm_label": "TASK_1", "label_logprob": -0.000774, "p_task_1": 0.9992262994607342, "uncertainty": 0.006316443781946596}, "Models_13216_13218": {"llm_label": "TASK_1", "label_logprob": -0.01835, "p_task_1": 0.9818173361473208, "uncertainty": 0.09087949468054397}, "Models_13216_13219": {"llm_label": "TASK_2", "label_logprob": -0.014364, "p_task_1": 0.014261329924185273, "uncertainty": 0.07477270612394638}, "Models_13216_13220": {"llm_label": "TASK_2", "label_logprob": -0.003099, "p_task_1": 0.003094203056022593, "uncertainty": 0.02096841220875149}, "Models_13216_13221": {"llm_label": "TASK_1", "label_logprob": -0.041995, "p_task_1": 0.9588745749333734, "uncertainty": 0.1715044634017209}, "Models_13216_13225": {"llm_label": "CANNOT_DECIDE", "label_logprob": -0.725282, "p_task_1": 0.5, "uncertainty": 0.6931471805599453}, "Models_13216_13226": {"llm_label": "TASK_1", "label_logprob": -0.014873, "p_task_1": 0.9852370567641638, "uncertainty": 0.07688861203784118}, "Models_13216_23931": {"llm_label": "TASK_2", "label_logprob": -0.665175, "p_task_1": 0.48581646228636266, "uncertainty": 0.6927447810977914}, "Models_13217_13218": {"llm_label": "TASK_2", "label_logprob": -0.284397, "p_task_1": 0.24753214433820248, "uncertainty": 0.5596076513982465}, "Models_13217_13219": {"llm_label": "TASK_2", "label_logprob": 0.0, "p_task_1": 0.0, "uncertainty": 0.0}, "Models_13217_13220": {"llm_label": "TASK_2", "label_logprob": 0.0, "p_task_1": 0.0, "uncertainty": 0.0}, "Models_13217_13221": {"llm_label": "TASK_2", "label_logprob": 0.0, "p_task_1": 0.0, "uncertainty": 0.0}, "Models_13217_13225": {"llm_label": "TASK_2", "label_logprob": -1e-06, "p_task_1": 9.999994999843054e-07, "uncertainty": 1.4815503149992376e-05}, "Models_13217_13226": {"llm_label": "TASK_2", "label_logprob": -4.7e-05, "p_task_1": 4.699889551729175e-05, "uncertainty": 0.0005153599478945111}, "Models_13217_23931": {"llm_label": "TASK_2", "label_logprob": 0.0, "p_task_1": 0.0, "uncertainty": 0.0}, "Models_13218_13219": {"llm_label": "TASK_2", "label_logprob": -2e-06, "p_task_1": 1.9999979999907325e-06, "uncertainty": 2.8244698509961958e-05}, "Models_13218_13220": {"llm_label": "TASK_2", "label_logprob": 0.0, "p_task_1": 0.0, "uncertainty": 0.0}, "Models_13218_13221": {"llm_label": "TASK_2", "label_logprob": 0.0, "p_task_1": 0.0, "uncertainty": 0.0}, "Models_13218_13225": {"llm_label": "TASK_2", "label_logprob": 0.0, "p_task_1": 0.0, "uncertainty": 0.0}, "Models_13218_13226": {"llm_label": "TASK_2", "label_logprob": -3.5e-05, "p_task_1": 3.499938750717302e-05, "uncertainty": 0.00039409879060961955}, "Models_13218_23931": {"llm_label": "TASK_2", "label_logprob": 0.0, "p_task_1": 0.0, "uncertainty": 0.0}, "Models_13219_13220": {"llm_label": "TASK_2", "label_logprob": -0.004089, "p_task_1": 0.00408065142248748, "uncertainty": 0.026522012471283322}, "Models_13219_13221": {"llm_label": "TASK_1", "label_logprob": -0.000913, "p_task_1": 0.9990874166576875, "uncertainty": 0.007299548561173971}, "Models_13219_13225": {"llm_label": "CANNOT_DECIDE", "label_logprob": -0.62112, "p_task_1": 0.5, "uncertainty": 0.6931471805599453}, "Models_13219_13226": {"llm_label": "TASK_1", "label_logprob": -0.003183, "p_task_1": 0.9968220603740193, "uncertainty": 0.02145087495438762}, "Models_13219_23931": {"llm_label": "TASK_1", "label_logprob": -0.576932, "p_task_1": 0.5616187725072785, "uncertainty": 0.6855340949179568}, "Models_13220_13221": {"llm_label": "TASK_1", "label_logprob": -0.000164, "p_task_1": 0.9998360134472649, "uncertainty": 0.0015932349886863492}, "Models_13220_13225": {"llm_label": "TASK_1", "label_logprob": -0.163974, "p_task_1": 0.8487640894596529, "uncertainty": 0.42484692292687937}, "Models_13220_13226": {"llm_label": "TASK_1", "label_logprob": -2.1e-05, "p_task_1": 0.9999790002204985, "uncertainty": 0.0002471881550406985}, "Models_13220_23931": {"llm_label": "TASK_1", "label_logprob": -0.002555, "p_task_1": 0.9974482612344241, "uncertainty": 0.017784862164904894}, "Models_13221_13225": {"llm_label": "TASK_2", "label_logprob": -0.169126, "p_task_1": 0.15559749803236222, "uncertainty": 0.4322968780901175}, "Models_13221_13226": {"llm_label": "TASK_1", "label_logprob": -0.004103, "p_task_1": 0.995905405804232, "uncertainty": 0.026598637717180768}, "Models_13221_23931": {"llm_label": "TASK_2", "label_logprob": -0.0312, "p_task_1": 0.030718302650370344, "uncertainty": 0.1372302615685212}, "Models_13225_13226": {"llm_label": "TASK_1", "label_logprob": -0.001941, "p_task_1": 0.9980608825223111, "uncertainty": 0.014048037656750847}, "Models_13225_23931": {"llm_label": "EQUAL_TIME", "label_logprob": -0.161507, "p_task_1": 0.5, "uncertainty": 0.6931471805599453}, "Models_13226_23931": {"llm_label": "TASK_2", "label_logprob": -0.002046, "p_task_1": 0.002043908368735692, "uncertainty": 0.014699520798297259}}