{"Telemarketers_4618_4619": {"llm_label": "EQUAL_TIME", "label_logprob": -0.162783, "p_task_1": 0.5, "uncertainty": 0.6931471805599453}, "Telemarketers_4618_4620": {"llm_label": "EQUAL_TIME", "label_logprob": -0.276076, "p_task_1": 0.5, "uncertainty": 0.6931471805599453}, "Telemarketers_4618_4621": {"llm_label": "TASK_1", "label_logprob": -0.018855, "p_task_1": 0.9813216435654778, "uncertainty": 0.0928499596825617}, "Telemarketers_4618_4622": {"llm_label": "TASK_1", "label_logprob": -0.000121, "p_task_1": 0.9998790073202047, "uncertainty": 0.001212312775168364}, "Telemarketers_4618_4623": {"llm_label": "TASK_1", "label_logprob": -0.582219, "p_task_1": 0.5586573295298192, "uncertainty": 0.6862499440110841}, "Telemarketers_4618_4624": {"llm_label": "TASK_2", "label_logprob": -0.388374, "p_task_1": 0.3218413355113887, "uncertainty": 0.6282496215296651}, "Telemarketers_4618_4625": {"llm_label": "TASK_1", "label_logprob": -0.013286, "p_task_1": 0.9868018693235904, "uncertainty": 0.0702279367892887}, "Telemarketers_4618_4626": {"llm_label": "EQUAL_TIME", "label_logprob": -0.815285, "p_task_1": 0.5, "uncertainty": 0.6931471805599453}, "Telemarketers_4618_4627": {"llm_label": "TASK_1", "label_logprob": -0.030913, "p_task_1": 0.9695599211199702, "uncertainty": 0.13626861379823038}, "Telemarketers_4618_4628": {"llm_label": "TASK_1", "label_logprob": -0.032892, "p_task_1": 0.9676430593963556, "uncertainty": 0.14284200805048952}, "Telemarketers_4618_4629": {"llm_label": "TASK_2", "label_logprob": -0.017706, "p_task_1": 0.017550169846990316, "uncertainty": 0.08834518181071357}, "Telemarketers_4619_4620": {"llm_label": "TASK_1", "label_logprob": -0.48364, "p_task_1": 0.6165351146068664, "uncertainty": 0.6657349063486684}, "Telemarketers_4619_4621": {"llm_label": "TASK_1", "label_logprob": -0.003391, "p_task_1": 0.9966147429472214, "uncertainty": 0.022635964396485655}, "Telemarketers_4619_4622": {"llm_label": "TASK_1", "label_logprob": -0.000169, "p_task_1": 0.9998310142796956, "uncertainty": 0.0016367300940866053}, "Telemarketers_4619_4623": {"llm_label": "TASK_2", "label_logprob": -0.393191, "p_task_1": 0.3251001705925778, "uncertainty": 0.6306542189522191}, "Telemarketers_4619_4624": {"llm_label": "TASK_2", "label_logprob": -0.586371, "p_task_1": 0.44365740698405487, "uncertainty": 0.6867846997731345}, "Telemarketers_4619_4625": {"llm_label": "EQUAL_TIME", "label_logprob": -0.025312, "p_task_1": 0.5, "uncertainty": 0.6931471805599453}, "Telemarketers_4619_4626": {"llm_label": "EQUAL_TIME", "label_logprob": -0.33514, "p_task_1": 0.5, "uncertainty": 0.6931471805599453}, "Telemarketers_4619_4627": {"llm_label": "TASK_1", "label_logprob": -0.014359, "p_task_1": 0.9857435987814869, "uncertainty": 0.07475182805315653}, "Telemarketers_4619_4628": {"llm_label": "EQUAL_TIME", "label_logprob": -0.268265, "p_task_1": 0.5, "uncertainty": 0.6931471805599453}, "Telemarketers_4619_4629": {"llm_label": "TASK_2", "label_logprob": -0.031324, "p_task_1": 0.03083848612931206, "uncertainty": 0.13764485622664335}, "Telemarketers_4620_4621": {"llm_label": "EQUAL_TIME", "label_logprob": -0.172305, "p_task_1": 0.5, "uncertainty": 0.6931471805599453}, "Telemarketers_4620_4622": {"llm_label": "TASK_1", "label_logprob": -0.000279, "p_task_1": 0.9997210389168807, "uncertainty": 0.0025620619351890083}, "Telemarketers_4620_4623": {"llm_label": "TASK_2", "label_logprob": -0.020321, "p_task_1": 0.020115919972453544, "uncertainty": 0.09848991083652953}, "Telemarketers_4620_4624": {"llm_label": "TASK_1", "label_logprob": -0.697543, "p_task_1": 0.4978069140164301, "uncertainty": 0.6931375612768391}, "Telemarketers_4620_4625": {"llm_label": "TASK_1", "label_logprob": -0.203204, "p_task_1": 0.8161117376483218, "uncertainty": 0.4772385135113988}, "Telemarketers_4620_4626": {"llm_label": "TASK_2", "label_logprob": -0.120089, "p_task_1": 0.11315849568916614, "uncertainty": 0.3530684044733364}, "Telemarketers_4620_4627": {"llm_label": "TASK_1", "label_logprob": -0.043697, "p_task_1": 0.957243958455091, "uncertainty": 0.17660619763678706}, "Telemarketers_4620_4628": {"llm_label": "EQUAL_TIME", "label_logprob": -0.092006, "p_task_1": 0.5, "uncertainty": 0.6931471805599453}, "Telemarketers_4620_4629": {"llm_label": "TASK_2", "label_logprob": -0.008169, "p_task_1": 0.008135724390633148, "uncertainty": 0.047247499851877955}, "Telemarketers_4621_4622": {"llm_label": "TASK_1", "label_logprob": -0.079167, "p_task_1": 0.9238856226622619, "uncertainty": 0.2691752099772872}, "Telemarketers_4621_4623": {"llm_label": "TASK_2", "label_logprob": -0.008678, "p_task_1": 0.00864045484212117, "uncertainty": 0.04965641168900128}, "Telemarketers_4621_4624": {"llm_label": "TASK_2", "label_logprob": -0.105054, "p_task_1": 0.09972409362530454, "uncertainty": 0.32447632186477665}, "Telemarketers_4621_4625": {"llm_label": "TASK_1", "label_logprob": -0.031449, "p_task_1": 0.969040376252713, "uncertainty": 0.13806225331160357}, "Telemarketers_4621_4626": {"llm_label": "TASK_2", "label_logprob": -0.04361, "p_task_1": 0.04267275769772849, "uncertainty": 0.1763472210299909}, "Telemarketers_4621_4627": {"llm_label": "TASK_2", "label_logprob": -0.624527, "p_task_1": 0.4644853329391265, "uncertainty": 0.6906224719729235}, "Telemarketers_4621_4628": {"llm_label": "EQUAL_TIME", "label_logprob": -0.628689, "p_task_1": 0.5, "uncertainty": 0.6931471805599453}, "Telemarketers_4621_4629": {"llm_label": "TASK_2", "label_logprob": -0.000233, "p_task_1": 0.00023297285760814912, "uncertainty": 0.0021816678266804784}, "Telemarketers_4622_4623": {"llm_label": "TASK_2", "label_logprob": -0.000221, "p_task_1": 0.00022097558129885453, "uncertainty": 0.002081003917321509}, "Telemarketers_4622_4624": {"llm_label": "TASK_2", "label_logprob": -0.011079, "p_task_1": 0.011017853900373242, "uncertainty": 0.060628043474195474}, "Telemarketers_4622_4625": {"llm_label": "TASK_2", "label_logprob": -0.180281, "p_task_1": 0.1649644665443376, "uncertainty": 0.44781116394580306}, "Telemarketers_4622_4626": {"llm_label": "TASK_2", "label_logprob": -0.000664, "p_task_1": 0.0006637796007843422, "uncertainty": 0.005520806564812372}, "Telemarketers_4622_4627": {"llm_label": "TASK_2", "label_logprob": -0.256906, "p_task_1": 0.22655908620560916, "uncertainty": 0.5350851017778286}, "Telemarketers_4622_4628": {"llm_label": "TASK_2", "label_logprob": -0.054988, "p_task_1": 0.0535034941565935, "uncertainty": 0.20870462568217496}, "Telemarketers_4622_4629": {"llm_label": "TASK_2", "label_logprob": -7e-06, "p_task_1": 6.999975500021627e-06, "uncertainty": 9.008688755748087e-05}, "Telemarketers_4623_4624": {"llm_label": "TASK_1", "label_logprob": -0.104138, "p_task_1": 0.9011009369112332, "uncertainty": 0.3226572119848508}, "Telemarketers_4623_4625": {"llm_label": "TASK_1", "label_logprob": -0.007422, "p_task_1": 0.9926054750267632, "uncertainty": 0.04365216591096614}, "Telemarketers_4623_4626": {"llm_label": "TASK_2", "label_logprob": -0.164767, "p_task_1": 0.15190871366159342, "uncertainty": 0.4260057071051741}, "Telemarketers_4623_4627": {"llm_label": "TASK_1", "label_logprob": -0.036694, "p_task_1": 0.9639710653684619, "uncertainty": 0.15511170182884498}, "Telemarketers_4623_4628": {"llm_label": "TASK_1", "label_logprob": -0.010322, "p_task_1": 0.9897310890233557, "uncertainty": 0.05723359232158656}, "Telemarketers_4623_4629": {"llm_label": "TASK_2", "label_logprob": -0.002004, "p_task_1": 0.0020019933326775874, "uncertainty": 0.014439597657915141}, "Telemarketers_4624_4625": {"llm_label": "TASK_2", "label_logprob": -0.21724, "p_task_1": 0.1952631907075031, "uncertainty": 0.4937652742055768}, "Telemarketers_4624_4626": {"llm_label": "TASK_2", "label_logprob": -0.002855, "p_task_1": 0.002850928363262728, "uncertainty": 0.019553616110223177}, "Telemarketers_4624_4627": {"llm_label": "TASK_2", "label_logprob": -0.524603, "p_task_1": 0.408209741530137, "uncertainty": 0.6762003269866185}, "Telemarketers_4624_4628": {"llm_label": "TASK_1", "label_logprob": -0.759328,