{"Telephone Operators_13243_13244": {"llm_label": "TASK_1", "label_logprob": -0.078031, "p_task_1": 0.9249357530907573, "uncertainty": 0.2665458413981971}, "Telephone Operators_13243_13245": {"llm_label": "TASK_2", "label_logprob": -0.058058, "p_task_1": 0.05640478267296434, "uncertainty": 0.21695835699999044}, "Telephone Operators_13243_13246": {"llm_label": "EQUAL_TIME", "label_logprob": -0.053665, "p_task_1": 0.5, "uncertainty": 0.6931471805599453}, "Telephone Operators_13243_13247": {"llm_label": "EQUAL_TIME", "label_logprob": -0.637074, "p_task_1": 0.5, "uncertainty": 0.6931471805599453}, "Telephone Operators_13243_13248": {"llm_label": "TASK_2", "label_logprob": -0.0161, "p_task_1": 0.01597108775624778, "uncertainty": 0.08191485955712849}, "Telephone Operators_13243_13250": {"llm_label": "TASK_2", "label_logprob": -0.712135, "p_task_1": 0.509404343185184, "uncertainty": 0.692970286787741}, "Telephone Operators_13243_13251": {"llm_label": "TASK_2", "label_logprob": -0.003098, "p_task_1": 0.00309320614972719, "uncertainty": 0.02096265478827511}, "Telephone Operators_13243_13253": {"llm_label": "TASK_1", "label_logprob": -5e-06, "p_task_1": 0.9999950000125, "uncertainty": 6.603019815215604e-05}, "Telephone Operators_13243_13254": {"llm_label": "TASK_2", "label_logprob": -4e-05, "p_task_1": 3.999920001063195e-05, "uncertainty": 0.00044505634297012944}, "Telephone Operators_13243_13255": {"llm_label": "TASK_1", "label_logprob": -0.011343, "p_task_1": 0.9887210892740737, "uncertainty": 0.061798954534747264}, "Telephone Operators_13243_13256": {"llm_label": "TASK_1", "label_logprob": -0.000151, "p_task_1": 0.9998490113999262, "uncertainty": 0.0014794211399297749}, "Telephone Operators_13243_13257": {"llm_label": "TASK_2", "label_logprob": -0.02985, "p_task_1": 0.029408888703401415, "uncertainty": 0.13268136473057113}, "Telephone Operators_13243_13258": {"llm_label": "TASK_1", "label_logprob": -0.255103, "p_task_1": 0.7748366856721943, "uncertainty": 0.5333657453299137}, "Telephone Operators_13244_13245": {"llm_label": "TASK_2", "label_logprob": -0.150078, "p_task_1": 0.13935915617889771, "uncertainty": 0.4037984600364517}, "Telephone Operators_13244_13246": {"llm_label": "TASK_1", "label_logprob": -0.388511, "p_task_1": 0.6780657631154657, "uncertainty": 0.6283188432522333}, "Telephone Operators_13244_13247": {"llm_label": "TASK_2", "label_logprob": -0.108149, "p_task_1": 0.102506140117813, "uncertainty": 0.3305548889202534}, "Telephone Operators_13244_13248": {"llm_label": "TASK_2", "label_logprob": -0.531942, "p_task_1": 0.4125369919691044, "uncertainty": 0.6777686285824926}, "Telephone Operators_13244_13250": {"llm_label": "TASK_2", "label_logprob": -1.179015, "p_task_1": 0.6924184427276345, "uncertainty": 0.6171519300762132}, "Telephone Operators_13244_13251": {"llm_label": "TASK_2", "label_logprob": -0.029873, "p_task_1": 0.02943121204224186, "uncertainty": 0.13275941197570754}, "Telephone Operators_13244_13253": {"llm_label": "TASK_1", "label_logprob": -6e-06, "p_task_1": 0.999994000018, "uncertainty": 7.814227210513045e-05}, "Telephone Operators_13244_13254": {"llm_label": "TASK_2", "label_logprob": -0.000162, "p_task_1": 0.00016198687870860873, "uncertainty": 0.0015757944614625038}, "Telephone Operators_13244_13255": {"llm_label": "TASK_1", "label_logprob": -0.068293, "p_task_1": 0.9339867753572028, "uncertainty": 0.2432021142295927}, "Telephone Operators_13244_13256": {"llm_label": "TASK_1", "label_logprob": -0.000151, "p_task_1": 0.9998490113999262, "uncertainty": 0.0014794211399297749}, "Telephone Operators_13244_13257": {"llm_label": "TASK_2", "label_logprob": -0.098113, "p_task_1": 0.0934535417839214, "uncertainty": 0.3104560672239328}, "Telephone Operators_13244_13258": {"llm_label": "TASK_1", "label_logprob": -0.589107, "p_task_1": 0.5548225200894505, "uncertainty": 0.6871240607381851}, "Telephone Operators_13245_13246": {"llm_label": "TASK_1", "label_logprob": -0.218439, "p_task_1": 0.8037725080722601, "uncertainty": 0.49512793054965243}, "Telephone Operators_13245_13247": {"llm_label": "TASK_2", "label_logprob": -0.672435, "p_task_1": 0.4895359168132851, "uncertainty": 0.6929281704971322}, "Telephone Operators_13245_13248": {"llm_label": "CANNOT_DECIDE", "label_logprob": -0.26486, "p_task_1": 0.5, "uncertainty": 0.6931471805599453}, "Telephone Operators_13245_13250": {"llm_label": "CANNOT_DECIDE", "label_logprob": -0.312705, "p_task_1": 0.5, "uncertainty": 0.6931471805599453}, "Telephone Operators_13245_13251": {"llm_label": "TASK_2", "label_logprob": -0.029807, "p_task_1": 0.02936715238829135, "uncertainty": 0.13253539865729025}, "Telephone Operators_13245_13253": {"llm_label": "TASK_1", "label_logprob": -0.000841, "p_task_1": 0.9991593535413836, "uncertainty": 0.006793195878736386}, "Telephone Operators_13245_13254": {"llm_label": "TASK_2", "label_logprob": -0.000574, "p_task_1": 0.0005738352935154012, "uncertainty": 0.004856299903256003}, "Telephone Operators_13245_13255": {"llm_label": "CANNOT_DECIDE", "label_logprob": -0.075401, "p_task_1": 0.5, "uncertainty": 0.6931471805599453}, "Telephone Operators_13245_13256": {"llm_label": "TASK_1", "label_logprob": -0.000228, "p_task_1": 0.9997720259900247, "uncertainty": 0.002139801657649821}, "Telephone Operators_13245_13257": {"llm_label": "TASK_2", "label_logprob": -0.737518, "p_task_1": 0.5217004169358961, "uncertainty": 0.6922050684739826}, "Telephone Operators_13245_13258": {"llm_label": "TASK_2", "label_logprob": -0.114182, "p_task_1": 0.10790442028888247, "uncertainty": 0.34211146798403813}, "Telephone Operators_13246_13247": {"llm_label": "EQUAL_TIME", "label_logprob": -0.049457, "p_task_1": 0.5, "uncertainty": 0.6931471805599453}, "Telephone Operators_13246_13248": {"llm_label": "TASK_2", "label_logprob": -6.6e-05, "p_task_1": 6.599782204796956e-05, "uncertainty": 0.0007012833412595727}, "Telephone Operators_13246_13250": {"llm_label": "TASK_2", "label_logprob": -0.641676, "p_task_1": 0.4735905778973273, "uncertainty": 0.6917516160873849}, "Telephone Operators_13246_13251": {"llm_label": "TASK_2", "label_logprob": -0.02394, "p_task_1": 0.023655711342155827, "uncertainty": 0.11194423042319966}, "Telephone Operators_13246_13253": {"llm_label": "TASK_1", "label_logprob": -0.001298, "p_task_1": 0.9987028420376389, "uncertainty": 0.009919277085210986}, "Telephone Operators_13246_13254": {"llm_label": "TASK_2", "label_logprob": -3.3e-05, "p_task_1": 3.29994555059443e-05, "uncertainty": 0.00037352093575612164}, "Telephone Operators_13246_13255": {"llm_label": "TASK_2", "label_logprob": -0.008314, "p_task_1": 0.008279534284127199, "uncertainty": 0.04793699098532469}, "Telephone Operators_13246_13256": {"llm_label": "EQUAL_TIME", "label_logprob": -0.576198, "p_task_1": 0.5, "uncertainty": 0.6931471805599453}, "Telephone Operators_13246_13257": {"llm_label": "TASK_2", "label_logprob": -0.020716, "p_task_1": 0.020502897750921623, "uncertainty": 0.09998990158287888}, "Telephone Operators_13246_13258": {"llm_label": "TASK_2", "label_logprob": -0.012044, "p_task_1": 0.011971761336995956, "uncertainty": 0.06487730573581944}, "Telephone Operators_13247_13248": {"llm_label": "TASK_2", "label_logprob": -0.074659, "p_task_1": 0.07194009919700728, "uncertainty": 0.25862871517685676}, "Telephone Operators_13247_13250": {"llm_label": "TASK_1", "label_logprob": -0.74626, "p_task_1": 0.47413651140785074, "uncertainty": 0.6918087432308223}, "Telephone Operators_13247_13251": {"llm_label": "TASK_2", "label_logprob": -0.007267, "p_task_1": 0.007240659200318356, "uncertainty": 0.04289666221232526}, "Telephone Operators_13247_13253": {"llm_label": "TASK_1", "label_logprob": -1.6e-05, "p_task_1": 0.9999840001279993, "uncertainty": 0.00019268520788660168}, "Telephone Operators_13247_13254": {"llm_label": "TASK_2", "label_logprob": -0.002392, "p_task_1": 0.0023891414476733264, "uncertainty": 0.01680910492550006}, "Telephone Operators_13247_13255": {"llm_label": "TASK_1", "label_logprob": -0.821065,