{"Bill and Account Collectors_2472_2473": {"llm_label": "TASK_2", "label_logprob": -0.002939, "p_task_1": 0.0029346853674366846, "uncertainty": 0.02004298030631481}, "Bill and Account Collectors_2472_2474": {"llm_label": "TASK_2", "label_logprob": -0.1627, "p_task_1": 0.1501538959934584, "uncertainty": 0.42297594310646774}, "Bill and Account Collectors_2472_2475": {"llm_label": "TASK_2", "label_logprob": 0.0, "p_task_1": 0.0, "uncertainty": 0.0}, "Bill and Account Collectors_2472_2476": {"llm_label": "TASK_2", "label_logprob": 0.0, "p_task_1": 0.0, "uncertainty": 0.0}, "Bill and Account Collectors_2472_2477": {"llm_label": "TASK_2", "label_logprob": -4e-06, "p_task_1": 3.9999919999589295e-06, "uncertainty": 5.371675735315082e-05}, "Bill and Account Collectors_2472_2478": {"llm_label": "TASK_2", "label_logprob": -2e-06, "p_task_1": 1.9999979999907325e-06, "uncertainty": 2.8244698509961958e-05}, "Bill and Account Collectors_2472_2479": {"llm_label": "TASK_2", "label_logprob": -0.000347, "p_task_1": 0.000346939802463031, "uncertainty": 0.00311072672441283}, "Bill and Account Collectors_2472_2480": {"llm_label": "TASK_2", "label_logprob": -0.034591, "p_task_1": 0.03399957035245249, "uncertainty": 0.148381319347251}, "Bill and Account Collectors_2472_2481": {"llm_label": "TASK_2", "label_logprob": 0.0, "p_task_1": 0.0, "uncertainty": 0.0}, "Bill and Account Collectors_2472_2482": {"llm_label": "TASK_2", "label_logprob": 0.0, "p_task_1": 0.0, "uncertainty": 0.0}, "Bill and Account Collectors_2472_2483": {"llm_label": "TASK_2", "label_logprob": -1e-06, "p_task_1": 9.999994999843054e-07, "uncertainty": 1.4815503149992376e-05}, "Bill and Account Collectors_2472_2484": {"llm_label": "TASK_2", "label_logprob": -0.000282, "p_task_1": 0.00028196024173732237, "uncertainty": 0.002586591457738557}, "Bill and Account Collectors_2472_18559": {"llm_label": "TASK_2", "label_logprob": -0.000814, "p_task_1": 0.0008136687918739449, "uncertainty": 0.006601742604965977}, "Bill and Account Collectors_2472_18560": {"llm_label": "TASK_2", "label_logprob": 0.0, "p_task_1": 0.0, "uncertainty": 0.0}, "Bill and Account Collectors_2473_2474": {"llm_label": "TASK_1", "label_logprob": -0.243862, "p_task_1": 0.7835957630171032, "uncertainty": 0.5223191029827094}, "Bill and Account Collectors_2473_2475": {"llm_label": "TASK_2", "label_logprob": -0.051589, "p_task_1": 0.05028087880106136, "uncertainty": 0.1993414448536122}, "Bill and Account Collectors_2473_2476": {"llm_label": "TASK_2", "label_logprob": -0.01117, "p_task_1": 0.011107847180911956, "uncertainty": 0.06103238695896403}, "Bill and Account Collectors_2473_2477": {"llm_label": "TASK_1", "label_logprob": -0.506728, "p_task_1": 0.6024636183029302, "uncertainty": 0.6720001024173246}, "Bill and Account Collectors_2473_2478": {"llm_label": "TASK_2", "label_logprob": -0.009556, "p_task_1": 0.009510486522970818, "uncertainty": 0.05373985865701698}, "Bill and Account Collectors_2473_2479": {"llm_label": "TASK_2", "label_logprob": -0.764624, "p_task_1": 0.5344910705699923, "uncertainty": 0.6907660220890341}, "Bill and Account Collectors_2473_2480": {"llm_label": "TASK_1", "label_logprob": -0.054082, "p_task_1": 0.9473544202542449, "uncertainty": 0.20623251617997268}, "Bill and Account Collectors_2473_2481": {"llm_label": "TASK_2", "label_logprob": -4.7e-05, "p_task_1": 4.699889551729175e-05, "uncertainty": 0.0005153599478945111}, "Bill and Account Collectors_2473_2482": {"llm_label": "TASK_2", "label_logprob": -0.206032, "p_task_1": 0.18619296595884227, "uncertainty": 0.48065539580024014}, "Bill and Account Collectors_2473_2483": {"llm_label": "TASK_2", "label_logprob": -0.004206, "p_task_1": 0.004197167169966987, "uncertainty": 0.027160892608790937}, "Bill and Account Collectors_2473_2484": {"llm_label": "TASK_1", "label_logprob": -0.012082, "p_task_1": 0.9879906943032821, "uncertainty": 0.06504293550292242}, "Bill and Account Collectors_2473_18559": {"llm_label": "TASK_1", "label_logprob": -0.003543, "p_task_1": 0.9964632690186036, "uncertainty": 0.023493732817654746}, "Bill and Account Collectors_2473_18560": {"llm_label": "TASK_2", "label_logprob": -0.000216, "p_task_1": 0.0002159766736795632, "uncertainty": 0.002038869939000189}, "Bill and Account Collectors_2474_2475": {"llm_label": "TASK_2", "label_logprob": -0.000481, "p_task_1": 0.0004808843380451622, "uncertainty": 0.004154669148063962}, "Bill and Account Collectors_2474_2476": {"llm_label": "TASK_2", "label_logprob": -2e-06, "p_task_1": 1.9999979999907325e-06, "uncertainty": 2.8244698509961958e-05}, "Bill and Account Collectors_2474_2477": {"llm_label": "TASK_2", "label_logprob": -9.2e-05, "p_task_1": 9.199576812979338e-05, "uncertainty": 0.000946978860581264}, "Bill and Account Collectors_2474_2478": {"llm_label": "TASK_2", "label_logprob": -2e-06, "p_task_1": 1.9999979999907325e-06, "uncertainty": 2.8244698509961958e-05}, "Bill and Account Collectors_2474_2479": {"llm_label": "CANNOT_DECIDE", "label_logprob": -0.387973, "p_task_1": 0.5, "uncertainty": 0.6931471805599453}, "Bill and Account Collectors_2474_2480": {"llm_label": "EQUAL_TIME", "label_logprob": -0.013508, "p_task_1": 0.5, "uncertainty": 0.6931471805599453}, "Bill and Account Collectors_2474_2481": {"llm_label": "TASK_2", "label_logprob": 0.0, "p_task_1": 0.0, "uncertainty": 0.0}, "Bill and Account Collectors_2474_2482": {"llm_label": "TASK_2", "label_logprob": -1.2e-05, "p_task_1": 1.1999928000272497e-05, "uncertainty": 0.00014796635909808146}, "Bill and Account Collectors_2474_2483": {"llm_label": "TASK_2", "label_logprob": -0.000266, "p_task_1": 0.00026596462513661656, "uncertainty": 0.002455389209823878}, "Bill and Account Collectors_2474_2484": {"llm_label": "TASK_2", "label_logprob": -0.003257, "p_task_1": 0.0032517017292168493, "uncertainty": 0.021874032328727273}, "Bill and Account Collectors_2474_18559": {"llm_label": "EQUAL_TIME", "label_logprob": -0.501377, "p_task_1": 0.5, "uncertainty": 0.6931471805599453}, "Bill and Account Collectors_2474_18560": {"llm_label": "TASK_2", "label_logprob": -1e-06, "p_task_1": 9.999994999843054e-07, "uncertainty": 1.4815503149992376e-05}, "Bill and Account Collectors_2475_2476": {"llm_label": "TASK_2", "label_logprob": -0.009613, "p_task_1": 0.009566942816219282, "uncertainty": 0.054001974697082684}, "Bill and Account Collectors_2475_2477": {"llm_label": "TASK_1", "label_logprob": -0.036434, "p_task_1": 0.9642217304305036, "uncertainty": 0.15428692461615917}, "Bill and Account Collectors_2475_2478": {"llm_label": "TASK_2", "label_logprob": -0.412235, "p_task_1": 0.3378313518657534, "uncertainty": 0.639586536125593}, "Bill and Account Collectors_2475_2479": {"llm_label": "TASK_1", "label_logprob": -0.154834, "p_task_1": 0.856557354203417, "uncertainty": 0.41116400049213625}, "Bill and Account Collectors_2475_2480": {"llm_label": "TASK_1", "label_logprob": -0.000686, "p_task_1": 0.9993142352442044, "uncertainty": 0.005681309291707876}, "Bill and Account Collectors_2475_2481": {"llm_label": "TASK_2", "label_logprob": -0.006838, "p_task_1": 0.006814674075839244, "uncertainty": 0.04078760935252283}, "Bill and Account Collectors_2475_2482": {"llm_label": "TASK_2", "label_logprob": -0.186074, "p_task_1": 0.1697878429908629, "uncertainty": 0.455549651537757}, "Bill and Account Collectors_2475_2483": {"llm_label": "TASK_2", "label_logprob": -0.106557, "p_task_1": 0.10107619195615658, "uncertainty": 0.3274411948296198}, "Bill and Account Collectors_2475_2484": {"llm_label": "TASK_1", "label_logprob": -0.169404, "p_task_1": 0.8441677906984688, "uncertainty": 0.43269364901910234}, "Bill and Account Collectors_2475_18559": {"llm_label": "TASK_1", "label_logprob": -0.064269, "p_task_1": 0.9377527101203027, "uncertainty": 0.23310676136824549}, "Bill and Account Collectors_2475_18560": {"llm_label": "TASK_2", "label_logprob": -0.00017, "p_task_1": 0.0001699855508188186, "uncertainty": 0.0016454111968458342}, "Bill and Account Collectors_2476_2477": {"llm_label": "TASK_1",