{"Customer Service Representatives_2578_2579": {"llm_label": "TASK_2", "label_logprob": -1.2e-05, "p_task_1": 1.1999928000272497e-05, "uncertainty": 0.00014796635909808146}, "Customer Service Representatives_2578_2580": {"llm_label": "EQUAL_TIME", "label_logprob": -0.56629, "p_task_1": 0.5, "uncertainty": 0.6931471805599453}, "Customer Service Representatives_2578_2581": {"llm_label": "TASK_2", "label_logprob": -0.035615, "p_task_1": 0.034988248502806574, "uncertainty": 0.1516754998619588}, "Customer Service Representatives_2578_2582": {"llm_label": "TASK_1", "label_logprob": -9.8e-05, "p_task_1": 0.9999020048018431, "uncertainty": 0.0010025440963472379}, "Customer Service Representatives_2578_2583": {"llm_label": "EQUAL_TIME", "label_logprob": -0.042424, "p_task_1": 0.5, "uncertainty": 0.6931471805599453}, "Customer Service Representatives_2578_2584": {"llm_label": "EQUAL_TIME", "label_logprob": -0.616324, "p_task_1": 0.5, "uncertainty": 0.6931471805599453}, "Customer Service Representatives_2578_2585": {"llm_label": "TASK_2", "label_logprob": 0.0, "p_task_1": 0.0, "uncertainty": 0.0}, "Customer Service Representatives_2578_2586": {"llm_label": "EQUAL_TIME", "label_logprob": -0.625549, "p_task_1": 0.5, "uncertainty": 0.6931471805599453}, "Customer Service Representatives_2578_2587": {"llm_label": "TASK_2", "label_logprob": -0.000654, "p_task_1": 0.0006537861886134477, "uncertainty": 0.005447610146024157}, "Customer Service Representatives_2578_2589": {"llm_label": "TASK_2", "label_logprob": -0.001892, "p_task_1": 0.0018902112962536632, "uncertainty": 0.01374206475900665}, "Customer Service Representatives_2578_2591": {"llm_label": "TASK_2", "label_logprob": -0.000914, "p_task_1": 0.0009135824292295647, "uncertainty": 0.00730653994207674}, "Customer Service Representatives_2578_18565": {"llm_label": "TASK_2", "label_logprob": -1.2e-05, "p_task_1": 1.1999928000272497e-05, "uncertainty": 0.00014796635909808146}, "Customer Service Representatives_2579_2580": {"llm_label": "TASK_1", "label_logprob": -9e-06, "p_task_1": 0.9999910000404999, "uncertainty": 0.0001135640627863842}, "Customer Service Representatives_2579_2581": {"llm_label": "TASK_1", "label_logprob": -0.009967, "p_task_1": 0.9900825059327698, "uncertainty": 0.05562206496613486}, "Customer Service Representatives_2579_2582": {"llm_label": "TASK_1", "label_logprob": -2e-06, "p_task_1": 0.999998000002, "uncertainty": 2.8244698509961958e-05}, "Customer Service Representatives_2579_2583": {"llm_label": "TASK_1", "label_logprob": -6.6e-05, "p_task_1": 0.999934002177952, "uncertainty": 0.0007012833412595727}, "Customer Service Representatives_2579_2584": {"llm_label": "TASK_1", "label_logprob": -0.00159, "p_task_1": 0.9984112633803197, "uncertainty": 0.011826589345163136}, "Customer Service Representatives_2579_2585": {"llm_label": "TASK_2", "label_logprob": -0.012716, "p_task_1": 0.012635493274469, "uncertainty": 0.0677881701659075}, "Customer Service Representatives_2579_2586": {"llm_label": "TASK_1", "label_logprob": -0.001082, "p_task_1": 0.9989185851509366, "uncertainty": 0.00846633645341962}, "Customer Service Representatives_2579_2587": {"llm_label": "TASK_2", "label_logprob": -0.08112, "p_task_1": 0.07791696515883628, "uncertainty": 0.27365216395629954}, "Customer Service Representatives_2579_2589": {"llm_label": "TASK_1", "label_logprob": -0.063896, "p_task_1": 0.9381025571235876, "uncertainty": 0.2321567961878881}, "Customer Service Representatives_2579_2591": {"llm_label": "TASK_1", "label_logprob": -0.080676, "p_task_1": 0.9224925306099667, "uncertainty": 0.27263913449856403}, "Customer Service Representatives_2579_18565": {"llm_label": "TASK_1", "label_logprob": -0.01391, "p_task_1": 0.9861862970356604, "uncertainty": 0.07286942888860642}, "Customer Service Representatives_2580_2581": {"llm_label": "TASK_2", "label_logprob": -0.042498, "p_task_1": 0.041607617696205246, "uncertainty": 0.17302001536353565}, "Customer Service Representatives_2580_2582": {"llm_label": "TASK_1", "label_logprob": -0.013861, "p_task_1": 0.9862346213481512, "uncertainty": 0.07266308601214605}, "Customer Service Representatives_2580_2583": {"llm_label": "TASK_2", "label_logprob": -0.60569, "p_task_1": 0.45430223475154796, "uncertainty": 0.6889647749639717}, "Customer Service Representatives_2580_2584": {"llm_label": "TASK_2", "label_logprob": -0.077604, "p_task_1": 0.07466921500936452, "uncertainty": 0.2655526406045655}, "Customer Service Representatives_2580_2585": {"llm_label": "TASK_2", "label_logprob": 0.0, "p_task_1": 0.0, "uncertainty": 0.0}, "Customer Service Representatives_2580_2586": {"llm_label": "EQUAL_TIME", "label_logprob": -0.095988, "p_task_1": 0.5, "uncertainty": 0.6931471805599453}, "Customer Service Representatives_2580_2587": {"llm_label": "TASK_2", "label_logprob": -6e-05, "p_task_1": 5.999820003599332e-05, "uncertainty": 0.0006432506620406343}, "Customer Service Representatives_2580_2589": {"llm_label": "TASK_2", "label_logprob": -1.6e-05, "p_task_1": 1.5999872000738158e-05, "uncertainty": 0.00019268520788660168}, "Customer Service Representatives_2580_2591": {"llm_label": "TASK_2", "label_logprob": -0.00074, "p_task_1": 0.0007397262675248317, "uncertainty": 0.006072309660317105}, "Customer Service Representatives_2580_18565": {"llm_label": "TASK_2", "label_logprob": -0.000324, "p_task_1": 0.0003239475176682882, "uncertainty": 0.0029267903574397673}, "Customer Service Representatives_2581_2582": {"llm_label": "TASK_1", "label_logprob": -0.000959, "p_task_1": 0.9990414596935395, "uncertainty": 0.007620030732287746}, "Customer Service Representatives_2581_2583": {"llm_label": "EQUAL_TIME", "label_logprob": -0.278229, "p_task_1": 0.5, "uncertainty": 0.6931471805599453}, "Customer Service Representatives_2581_2584": {"llm_label": "TASK_1", "label_logprob": -0.160733, "p_task_1": 0.8515193964367178, "uncertainty": 0.42006446263874764}, "Customer Service Representatives_2581_2585": {"llm_label": "TASK_2", "label_logprob": 0.0, "p_task_1": 0.0, "uncertainty": 0.0}, "Customer Service Representatives_2581_2586": {"llm_label": "EQUAL_TIME", "label_logprob": -0.029223, "p_task_1": 0.5, "uncertainty": 0.6931471805599453}, "Customer Service Representatives_2581_2587": {"llm_label": "TASK_2", "label_logprob": -0.000315, "p_task_1": 0.00031495039270890146, "uncertainty": 0.0028543758580312326}, "Customer Service Representatives_2581_2589": {"llm_label": "TASK_2", "label_logprob": -0.000197, "p_task_1": 0.00019698059677419888, "uncertainty": 0.0018776794881742581}, "Customer Service Representatives_2581_2591": {"llm_label": "TASK_2", "label_logprob": -0.006718, "p_task_1": 0.0066954846855079575, "uncertainty": 0.040192771395017104}, "Customer Service Representatives_2581_18565": {"llm_label": "EQUAL_TIME", "label_logprob": -0.254523, "p_task_1": 0.5, "uncertainty": 0.6931471805599453}, "Customer Service Representatives_2582_2583": {"llm_label": "TASK_1", "label_logprob": -0.361158, "p_task_1": 0.6968688844843487, "uncertainty": 0.613493993037149}, "Customer Service Representatives_2582_2584": {"llm_label": "TASK_2", "label_logprob": -0.005279, "p_task_1": 0.00526509056623059, "uncertainty": 0.03287532950372176}, "Customer Service Representatives_2582_2585": {"llm_label": "TASK_2", "label_logprob": 0.0, "p_task_1": 0.0, "uncertainty": 0.0}, "Customer Service Representatives_2582_2586": {"llm_label": "TASK_2", "label_logprob": -0.871878, "p_task_1": 0.58183450342736, "uncertainty": 0.6796929608645146}, "Customer Service Representatives_2582_2587": {"llm_label": "TASK_2", "label_logprob": -2.7e-05, "p_task_1": 2.6999635503233144e-05, "uncertainty": 0.00031102699079997}, "Customer Service Representatives_2582_2589": {"llm_label": "TASK_2", "label_logprob": -2e-06, "p_task_1": 1.9999979999907325e-06, "uncertainty": 2.8244698509961958e-05}, "Customer Service Representatives_2582_2591": {"llm_label": "TASK_2", "label_logprob": -1e-05, "p_task_1": 9.999950000172397e-06, "uncertainty": 0.00012512862900562218},