{"Brokerage Clerks_8145_8147": {"llm_label": "TASK_2", "label_logprob": -0.014324, "p_task_1": 0.01422189958878084, "uncertainty": 0.07460563019931346}, "Brokerage Clerks_8145_8148": {"llm_label": "TASK_1", "label_logprob": -0.006804, "p_task_1": 0.9932190947993097, "uncertainty": 0.040619293871615406}, "Brokerage Clerks_8145_8149": {"llm_label": "TASK_1", "label_logprob": -0.001578, "p_task_1": 0.9984232443873662, "uncertainty": 0.011749347645608083}, "Brokerage Clerks_8145_8150": {"llm_label": "TASK_2", "label_logprob": -0.011906, "p_task_1": 0.011835404031622865, "uncertainty": 0.06427475012202333}, "Brokerage Clerks_8145_8151": {"llm_label": "TASK_1", "label_logprob": -0.203442, "p_task_1": 0.8159175261668445, "uncertainty": 0.4775278062919546}, "Brokerage Clerks_8145_8152": {"llm_label": "TASK_2", "label_logprob": -0.001933, "p_task_1": 0.00193113295869074, "uncertainty": 0.013998169170008824}, "Brokerage Clerks_8145_8153": {"llm_label": "TASK_2", "label_logprob": -0.005158, "p_task_1": 0.005144720359938404, "uncertainty": 0.0322430299226354}, "Brokerage Clerks_8145_20622": {"llm_label": "TASK_2", "label_logprob": -0.147013, "p_task_1": 0.136717245332439, "uncertainty": 0.39895928419518323}, "Brokerage Clerks_8145_20623": {"llm_label": "TASK_1", "label_logprob": -9.4e-05, "p_task_1": 0.9999060044178616, "uncertainty": 0.000965542901722332}, "Brokerage Clerks_8147_8148": {"llm_label": "TASK_1", "label_logprob": -0.029001, "p_task_1": 0.971415493050626, "uncertainty": 0.12978681071429043}, "Brokerage Clerks_8147_8149": {"llm_label": "TASK_1", "label_logprob": -0.000175, "p_task_1": 0.9998250153116068, "uncertainty": 0.0016887290343299416}, "Brokerage Clerks_8147_8150": {"llm_label": "TASK_2", "label_logprob": -0.102749, "p_task_1": 0.0976465642283112, "uncertainty": 0.3198809589772548}, "Brokerage Clerks_8147_8151": {"llm_label": "TASK_1", "label_logprob": -0.040051, "p_task_1": 0.9607404401404118, "uncertainty": 0.16558380780847234}, "Brokerage Clerks_8147_8152": {"llm_label": "TASK_2", "label_logprob": -0.000364, "p_task_1": 0.00036393376003740485, "uncertainty": 0.0032456910856747566}, "Brokerage Clerks_8147_8153": {"llm_label": "TASK_2", "label_logprob": -0.000423, "p_task_1": 0.00042291054811316453, "uncertainty": 0.0037081382109132362}, "Brokerage Clerks_8147_20622": {"llm_label": "TASK_2", "label_logprob": -0.018537, "p_task_1": 0.018366246529023522, "uncertainty": 0.09161085351163364}, "Brokerage Clerks_8147_20623": {"llm_label": "TASK_1", "label_logprob": -0.00096, "p_task_1": 0.9990404606525793, "uncertainty": 0.007626972686785421}, "Brokerage Clerks_8148_8149": {"llm_label": "TASK_1", "label_logprob": -0.027544, "p_task_1": 0.9728318770091505, "uncertainty": 0.12475607955702439}, "Brokerage Clerks_8148_8150": {"llm_label": "TASK_2", "label_logprob": -0.000334, "p_task_1": 0.00033394422820942626, "uncertainty": 0.0030069572464444566}, "Brokerage Clerks_8148_8151": {"llm_label": "TASK_2", "label_logprob": -0.001991, "p_task_1": 0.0019890192742597623, "uncertainty": 0.014358965678694062}, "Brokerage Clerks_8148_8152": {"llm_label": "TASK_2", "label_logprob": -0.00016, "p_task_1": 0.00015998720068266525, "uncertainty": 0.0015583292093465813}, "Brokerage Clerks_8148_8153": {"llm_label": "TASK_2", "label_logprob": -2.2e-05, "p_task_1": 2.1999758001767233e-05, "uncertainty": 0.0002579354610012207}, "Brokerage Clerks_8148_20622": {"llm_label": "TASK_2", "label_logprob": -0.252856, "p_task_1": 0.2234202987504741, "uncertainty": 0.5312029579093173}, "Brokerage Clerks_8148_20623": {"llm_label": "TASK_1", "label_logprob": -0.008148, "p_task_1": 0.9918851049778623, "uncertainty": 0.04714742279289792}, "Brokerage Clerks_8149_8150": {"llm_label": "TASK_2", "label_logprob": -3.6e-05, "p_task_1": 3.599935200782056e-05, "uncertainty": 0.0004043444200614643}, "Brokerage Clerks_8149_8151": {"llm_label": "TASK_2", "label_logprob": -3.7e-05, "p_task_1": 3.699931550849023e-05, "uncertainty": 0.00041456225843036797}, "Brokerage Clerks_8149_8152": {"llm_label": "TASK_2", "label_logprob": -3e-06, "p_task_1": 2.9999955000192813e-06, "uncertainty": 4.1150633082097105e-05}, "Brokerage Clerks_8149_8153": {"llm_label": "TASK_2", "label_logprob": -4e-05, "p_task_1": 3.999920001063195e-05, "uncertainty": 0.00044505634297012944}, "Brokerage Clerks_8149_20622": {"llm_label": "TASK_2", "label_logprob": -5.2e-05, "p_task_1": 5.1998648023410254e-05, "uncertainty": 0.000564927187419359}, "Brokerage Clerks_8149_20623": {"llm_label": "CANNOT_DECIDE", "label_logprob": -0.062405, "p_task_1": 0.5, "uncertainty": 0.6931471805599453}, "Brokerage Clerks_8150_8151": {"llm_label": "TASK_2", "label_logprob": -0.004963, "p_task_1": 0.0049507046644931, "uncertainty": 0.031217885683226428}, "Brokerage Clerks_8150_8152": {"llm_label": "TASK_2", "label_logprob": -0.000198, "p_task_1": 0.0001979803992936402, "uncertainty": 0.0018862074780200406}, "Brokerage Clerks_8150_8153": {"llm_label": "TASK_2", "label_logprob": -0.00251, "p_task_1": 0.00250685258388883, "uncertainty": 0.01751656421430949}, "Brokerage Clerks_8150_20622": {"llm_label": "TASK_2", "label_logprob": -0.01908, "p_task_1": 0.01889912896648316, "uncertainty": 0.09372323330065863}, "Brokerage Clerks_8150_20623": {"llm_label": "TASK_1", "label_logprob": -0.016215, "p_task_1": 0.9839157554254859, "uncertainty": 0.08238075825705377}, "Brokerage Clerks_8151_8152": {"llm_label": "TASK_2", "label_logprob": -0.01234, "p_task_1": 0.012264174416369511, "uncertainty": 0.06616418594496108}, "Brokerage Clerks_8151_8153": {"llm_label": "TASK_2", "label_logprob": -0.015054, "p_task_1": 0.014941255005408549, "uncertainty": 0.0776365686749103}, "Brokerage Clerks_8151_20622": {"llm_label": "TASK_2", "label_logprob": -0.263381, "p_task_1": 0.23155093756312928, "uncertainty": 0.5411435762996166}, "Brokerage Clerks_8151_20623": {"llm_label": "TASK_1", "label_logprob": -8.2e-05, "p_task_1": 0.9999180033619081, "uncertainty": 0.0008534858941009366}, "Brokerage Clerks_8152_8153": {"llm_label": "TASK_1", "label_logprob": -0.393191, "p_task_1": 0.6748998294074222, "uncertainty": 0.6306542189522191}, "Brokerage Clerks_8152_20622": {"llm_label": "TASK_1", "label_logprob": -2.4e-05, "p_task_1": 0.9999760002879977, "uncertainty": 0.0002792956099024647}, "Brokerage Clerks_8152_20623": {"llm_label": "TASK_1", "label_logprob": -5.9e-05, "p_task_1": 0.9999410017404657, "uncertainty": 0.0006335217246636567}, "Brokerage Clerks_8153_20622": {"llm_label": "EQUAL_TIME", "label_logprob": -0.582655, "p_task_1": 0.5, "uncertainty": 0.6931471805599453}, "Brokerage Clerks_8153_20623": {"llm_label": "TASK_1", "label_logprob": -0.000176, "p_task_1": 0.9998240154870914, "uncertainty": 0.0016973753018939023}, "Brokerage Clerks_20622_20623": {"llm_label": "TASK_1", "label_logprob": -0.000123, "p_task_1": 0.9998770075641898, "uncertainty": 0.0012303334559378243}}