{"New Accounts Clerks_4722_4723": {"llm_label": "TASK_2", "label_logprob": -3.4e-05, "p_task_1": 3.39994220065476e-05, "uncertainty": 0.00038382457608067405}, "New Accounts Clerks_4722_4724": {"llm_label": "TASK_1", "label_logprob": -4e-06, "p_task_1": 0.999996000008, "uncertainty": 5.371675735315082e-05}, "New Accounts Clerks_4722_4725": {"llm_label": "TASK_2", "label_logprob": -7.1e-05, "p_task_1": 7.099747955963132e-05, "uncertainty": 0.0007492243805800099}, "New Accounts Clerks_4722_4726": {"llm_label": "EQUAL_TIME", "label_logprob": -3.6e-05, "p_task_1": 0.5, "uncertainty": 0.6931471805599453}, "New Accounts Clerks_4722_4727": {"llm_label": "TASK_1", "label_logprob": -0.102533, "p_task_1": 0.9025483651654321, "uncertainty": 0.3194472881295851}, "New Accounts Clerks_4722_4728": {"llm_label": "TASK_1", "label_logprob": -0.003881, "p_task_1": 0.9961265213472377, "uncertainty": 0.025377726980477865}, "New Accounts Clerks_4722_4729": {"llm_label": "TASK_2", "label_logprob": 0.0, "p_task_1": 0.0, "uncertainty": 0.0}, "New Accounts Clerks_4722_4730": {"llm_label": "CANNOT_DECIDE", "label_logprob": -0.094245, "p_task_1": 0.5, "uncertainty": 0.6931471805599453}, "New Accounts Clerks_4722_4731": {"llm_label": "TASK_2", "label_logprob": -0.031534, "p_task_1": 0.03104198867870933, "uncertainty": 0.13834577406784734}, "New Accounts Clerks_4722_4732": {"llm_label": "TASK_1", "label_logprob": -0.014479, "p_task_1": 0.985625316646703, "uncertainty": 0.07525239725560905}, "New Accounts Clerks_4722_4733": {"llm_label": "TASK_1", "label_logprob": -0.004202, "p_task_1": 0.9958068160493309, "uncertainty": 0.02713910592827967}, "New Accounts Clerks_4722_4734": {"llm_label": "TASK_1", "label_logprob": -0.063421, "p_task_1": 0.9385482616846743, "uncertainty": 0.2309434872201624}, "New Accounts Clerks_4722_4735": {"llm_label": "TASK_1", "label_logprob": -0.011487, "p_task_1": 0.9885787236877864, "uncertainty": 0.062434918813963354}, "New Accounts Clerks_4722_20141": {"llm_label": "TASK_2", "label_logprob": 0.0, "p_task_1": 0.0, "uncertainty": 0.0}, "New Accounts Clerks_4723_4724": {"llm_label": "TASK_1", "label_logprob": -2e-06, "p_task_1": 0.999998000002, "uncertainty": 2.8244698509961958e-05}, "New Accounts Clerks_4723_4725": {"llm_label": "TASK_2", "label_logprob": -0.001516, "p_task_1": 0.0015148514524726542, "uncertainty": 0.011348782462044113}, "New Accounts Clerks_4723_4726": {"llm_label": "TASK_1", "label_logprob": -1.1e-05, "p_task_1": 0.9999890000604997, "uncertainty": 0.0001365930168744248}, "New Accounts Clerks_4723_4727": {"llm_label": "TASK_1", "label_logprob": -1.7e-05, "p_task_1": 0.9999830001444991, "uncertainty": 0.000203697321204896}, "New Accounts Clerks_4723_4728": {"llm_label": "TASK_1", "label_logprob": -0.000933, "p_task_1": 0.9990674351091705, "uncertainty": 0.007439168420319553}, "New Accounts Clerks_4723_4729": {"llm_label": "TASK_2", "label_logprob": -5.4e-05, "p_task_1": 5.399854202625676e-05, "uncertainty": 0.0005846166468307636}, "New Accounts Clerks_4723_4730": {"llm_label": "CANNOT_DECIDE", "label_logprob": -0.023295, "p_task_1": 0.5, "uncertainty": 0.6931471805599453}, "New Accounts Clerks_4723_4731": {"llm_label": "TASK_1", "label_logprob": -0.008646, "p_task_1": 0.9913912691709054, "uncertainty": 0.04950589786776618}, "New Accounts Clerks_4723_4732": {"llm_label": "TASK_1", "label_logprob": -1e-06, "p_task_1": 0.9999990000005, "uncertainty": 1.4815503149992376e-05}, "New Accounts Clerks_4723_4733": {"llm_label": "TASK_1", "label_logprob": -6e-06, "p_task_1": 0.999994000018, "uncertainty": 7.814227210513045e-05}, "New Accounts Clerks_4723_4734": {"llm_label": "TASK_1", "label_logprob": -2e-05, "p_task_1": 0.9999800001999987, "uncertainty": 0.00023639320174866763}, "New Accounts Clerks_4723_4735": {"llm_label": "TASK_1", "label_logprob": -7.1e-05, "p_task_1": 0.9999290025204404, "uncertainty": 0.0007492243805800099}, "New Accounts Clerks_4723_20141": {"llm_label": "TASK_2", "label_logprob": -1e-06, "p_task_1": 9.999994999843054e-07, "uncertainty": 1.4815503149992376e-05}, "New Accounts Clerks_4724_4725": {"llm_label": "TASK_2", "label_logprob": 0.0, "p_task_1": 0.0, "uncertainty": 0.0}, "New Accounts Clerks_4724_4726": {"llm_label": "TASK_2", "label_logprob": -0.475963, "p_task_1": 0.37871353057843504, "uncertainty": 0.6634308238858577}, "New Accounts Clerks_4724_4727": {"llm_label": "TASK_2", "label_logprob": -0.052847, "p_task_1": 0.05147487427491204, "uncertainty": 0.20283523342752607}, "New Accounts Clerks_4724_4728": {"llm_label": "TASK_2", "label_logprob": -0.074948, "p_task_1": 0.07220826975582706, "uncertainty": 0.25931395972275667}, "New Accounts Clerks_4724_4729": {"llm_label": "TASK_2", "label_logprob": 0.0, "p_task_1": 0.0, "uncertainty": 0.0}, "New Accounts Clerks_4724_4730": {"llm_label": "CANNOT_DECIDE", "label_logprob": -0.127603, "p_task_1": 0.5, "uncertainty": 0.6931471805599453}, "New Accounts Clerks_4724_4731": {"llm_label": "TASK_2", "label_logprob": -1e-05, "p_task_1": 9.999950000172397e-06, "uncertainty": 0.00012512862900562218}, "New Accounts Clerks_4724_4732": {"llm_label": "TASK_1", "label_logprob": -0.370316, "p_task_1": 0.6905160930722246, "uncertainty": 0.6186871055985146}, "New Accounts Clerks_4724_4733": {"llm_label": "TASK_2", "label_logprob": -0.010029, "p_task_1": 0.009978877279698706, "uncertainty": 0.05590445037397615}, "New Accounts Clerks_4724_4734": {"llm_label": "TASK_2", "label_logprob": -0.067236, "p_task_1": 0.06502547868947162, "uncertainty": 0.24057702645778684}, "New Accounts Clerks_4724_4735": {"llm_label": "TASK_1", "label_logprob": -0.263381, "p_task_1": 0.7684490624368707, "uncertainty": 0.5411435762996166}, "New Accounts Clerks_4724_20141": {"llm_label": "TASK_2", "label_logprob": 0.0, "p_task_1": 0.0, "uncertainty": 0.0}, "New Accounts Clerks_4725_4726": {"llm_label": "TASK_1", "label_logprob": -1.4e-05, "p_task_1": 0.9999860000979995, "uncertainty": 0.0001704691519101948}, "New Accounts Clerks_4725_4727": {"llm_label": "TASK_1", "label_logprob": -9e-06, "p_task_1": 0.9999910000404999, "uncertainty": 0.0001135640627863842}, "New Accounts Clerks_4725_4728": {"llm_label": "TASK_1", "label_logprob": -5.9e-05, "p_task_1": 0.9999410017404657, "uncertainty": 0.0006335217246636567}, "New Accounts Clerks_4725_4729": {"llm_label": "TASK_2", "label_logprob": -0.000652, "p_task_1": 0.0006517874941871504, "uncertainty": 0.005432952505984411}, "New Accounts Clerks_4725_4730": {"llm_label": "CANNOT_DECIDE", "label_logprob": -0.068283, "p_task_1": 0.5, "uncertainty": 0.6931471805599453}, "New Accounts Clerks_4725_4731": {"llm_label": "TASK_1", "label_logprob": -0.000233, "p_task_1": 0.9997670271423919, "uncertainty": 0.0021816678266804784}, "New Accounts Clerks_4725_4732": {"llm_label": "TASK_1", "label_logprob": -1.4e-05, "p_task_1": 0.9999860000979995, "uncertainty": 0.0001704691519101948}, "New Accounts Clerks_4725_4733": {"llm_label": "TASK_1", "label_logprob": -4e-06, "p_task_1": 0.999996000008, "uncertainty": 5.371675735315082e-05}, "New Accounts Clerks_4725_4734": {"llm_label": "TASK_1", "label_logprob": -3.9e-05, "p_task_1": 0.9999610007604901, "uncertainty": 0.0004349175266172239}, "New Accounts Clerks_4725_4735": {"llm_label": "TASK_1", "label_logprob": -9e-06, "p_task_1": 0.9999910000404999, "uncertainty": 0.0001135640627863842}, "New Accounts Clerks_4725_20141": {"llm_label": "TASK_2", "label_logprob": -0.000787, "p_task_1": 0.0007866903967246319, "uncertainty": 0.006409388772627108}, "New Accounts Clerks_4726_4727": {"llm_label": "TASK_1", "label_logprob": -0.702311, "p_task_1": 0.495439020195208, "uncertainty": 0.6931055749093726}, "New Accounts Clerks_4726_4728": {"llm_label": "TASK_1", "label_logprob": -0.420409, "p_task_1": 0.6567781426139855, "uncertainty": 0.643149423262475}, "New Accounts Clerks_4726_4729": {"llm_label": "TASK_2", "label_logprob": 0.0, "p_task_1": 0.0, "uncertainty": 0.0}, "New Accounts Clerks_4726_4730": {"llm_label": "CANNOT_DECIDE",