{"Dispatchers, Except Police, Fire, and Ambulance_2723_2724": {"llm_label": "TASK_2", "label_logprob": -0.39781, "p_task_1": 0.32821034442846697, "uncertainty": 0.6329039786782809}, "Dispatchers, Except Police, Fire, and Ambulance_2723_2725": {"llm_label": "TASK_1", "label_logprob": -0.003346, "p_task_1": 0.9966595916197416, "uncertainty": 0.022380703221010375}, "Dispatchers, Except Police, Fire, and Ambulance_2723_2726": {"llm_label": "EQUAL_TIME", "label_logprob": -0.73303, "p_task_1": 0.5, "uncertainty": 0.6931471805599453}, "Dispatchers, Except Police, Fire, and Ambulance_2723_2727": {"llm_label": "TASK_2", "label_logprob": -0.003344, "p_task_1": 0.003338415059081834, "uncertainty": 0.022369344049789654}, "Dispatchers, Except Police, Fire, and Ambulance_2723_2728": {"llm_label": "TASK_1", "label_logprob": -0.000904, "p_task_1": 0.9990964084849006, "uncertainty": 0.0072365764080304425}, "Dispatchers, Except Police, Fire, and Ambulance_2723_2729": {"llm_label": "TASK_2", "label_logprob": -0.130523, "p_task_1": 0.12236369291846094, "uncertainty": 0.3716081790497389}, "Dispatchers, Except Police, Fire, and Ambulance_2723_2730": {"llm_label": "TASK_1", "label_logprob": -0.793268, "p_task_1": 0.4523640513448072, "uncertainty": 0.6886019227103186}, "Dispatchers, Except Police, Fire, and Ambulance_2723_2731": {"llm_label": "TASK_2", "label_logprob": -0.156652, "p_task_1": 0.14499845240980225, "uncertainty": 0.41393438438646357}, "Dispatchers, Except Police, Fire, and Ambulance_2723_2732": {"llm_label": "TASK_2", "label_logprob": -0.129867, "p_task_1": 0.12178777462046686, "uncertainty": 0.3704719385392604}, "Dispatchers, Except Police, Fire, and Ambulance_2723_2733": {"llm_label": "TASK_1", "label_logprob": -0.003332, "p_task_1": 0.9966735449516974, "uncertainty": 0.022301163442542946}, "Dispatchers, Except Police, Fire, and Ambulance_2723_2735": {"llm_label": "TASK_1", "label_logprob": -0.000947, "p_task_1": 0.9990534482629871, "uncertainty": 0.007536645127819317}, "Dispatchers, Except Police, Fire, and Ambulance_2724_2725": {"llm_label": "TASK_1", "label_logprob": -0.000102, "p_task_1": 0.9998980052018231, "uncertainty": 0.0010393818406264565}, "Dispatchers, Except Police, Fire, and Ambulance_2724_2726": {"llm_label": "TASK_1", "label_logprob": -0.199834, "p_task_1": 0.8188666736640893, "uncertainty": 0.4731076594123482}, "Dispatchers, Except Police, Fire, and Ambulance_2724_2727": {"llm_label": "TASK_2", "label_logprob": -0.001756, "p_task_1": 0.0017544591340521443, "uncertainty": 0.012886005673724065}, "Dispatchers, Except Police, Fire, and Ambulance_2724_2728": {"llm_label": "TASK_1", "label_logprob": -7.8e-05, "p_task_1": 0.9999220030419209, "uncertainty": 0.000815754720211472}, "Dispatchers, Except Police, Fire, and Ambulance_2724_2729": {"llm_label": "TASK_2", "label_logprob": -0.058644, "p_task_1": 0.0569575674885483, "uncertainty": 0.21851276917536855}, "Dispatchers, Except Police, Fire, and Ambulance_2724_2730": {"llm_label": "TASK_1", "label_logprob": -0.060649, "p_task_1": 0.9411535266951344, "uncertainty": 0.22378168529141815}, "Dispatchers, Except Police, Fire, and Ambulance_2724_2731": {"llm_label": "TASK_1", "label_logprob": -0.019781, "p_task_1": 0.9804133603235797, "uncertainty": 0.09642600061148304}, "Dispatchers, Except Police, Fire, and Ambulance_2724_2732": {"llm_label": "TASK_1", "label_logprob": -0.107635, "p_task_1": 0.8979552903036258, "uncertainty": 0.32955257219019146}, "Dispatchers, Except Police, Fire, and Ambulance_2724_2733": {"llm_label": "TASK_1", "label_logprob": -0.000139, "p_task_1": 0.9998610096600524, "uncertainty": 0.0013733686396319694}, "Dispatchers, Except Police, Fire, and Ambulance_2724_2735": {"llm_label": "TASK_1", "label_logprob": -0.208476, "p_task_1": 0.8118205181611772, "uncertainty": 0.48357240068162644}, "Dispatchers, Except Police, Fire, and Ambulance_2725_2726": {"llm_label": "TASK_2", "label_logprob": -1.4e-05, "p_task_1": 1.3999902000461084e-05, "uncertainty": 0.0001704691519101948}, "Dispatchers, Except Police, Fire, and Ambulance_2725_2727": {"llm_label": "TASK_2", "label_logprob": 0.0, "p_task_1": 0.0, "uncertainty": 0.0}, "Dispatchers, Except Police, Fire, and Ambulance_2725_2728": {"llm_label": "TASK_2", "label_logprob": -0.137353, "p_task_1": 0.12833752503643825, "uncertainty": 0.383214146854183}, "Dispatchers, Except Police, Fire, and Ambulance_2725_2729": {"llm_label": "TASK_2", "label_logprob": -0.018163, "p_task_1": 0.017999046843164335, "uncertainty": 0.09014611062676939}, "Dispatchers, Except Police, Fire, and Ambulance_2725_2730": {"llm_label": "TASK_2", "label_logprob": -0.011202, "p_task_1": 0.01113949122349478, "uncertainty": 0.061174389423405875}, "Dispatchers, Except Police, Fire, and Ambulance_2725_2731": {"llm_label": "TASK_2", "label_logprob": -0.0021, "p_task_1": 0.0020977965426900447, "uncertainty": 0.015032428473491788}, "Dispatchers, Except Police, Fire, and Ambulance_2725_2732": {"llm_label": "TASK_2", "label_logprob": -0.0003, "p_task_1": 0.0002999550044996413, "uncertainty": 0.0027331084393530337}, "Dispatchers, Except Police, Fire, and Ambulance_2725_2733": {"llm_label": "EQUAL_TIME", "label_logprob": -0.002375, "p_task_1": 0.5, "uncertainty": 0.6931471805599453}, "Dispatchers, Except Police, Fire, and Ambulance_2725_2735": {"llm_label": "TASK_2", "label_logprob": -0.001304, "p_task_1": 0.0013031501614366725, "uncertainty": 0.009959089090469267}, "Dispatchers, Except Police, Fire, and Ambulance_2726_2727": {"llm_label": "TASK_2", "label_logprob": -2e-06, "p_task_1": 1.9999979999907325e-06, "uncertainty": 2.8244698509961958e-05}, "Dispatchers, Except Police, Fire, and Ambulance_2726_2728": {"llm_label": "TASK_1", "label_logprob": -0.066655, "p_task_1": 0.9355178993434431, "uncertainty": 0.23912608728716467}, "Dispatchers, Except Police, Fire, and Ambulance_2726_2729": {"llm_label": "TASK_2", "label_logprob": -0.004339, "p_task_1": 0.004329600139745593, "uncertainty": 0.02788311049328187}, "Dispatchers, Except Police, Fire, and Ambulance_2726_2730": {"llm_label": "TASK_2", "label_logprob": -0.332452, "p_task_1": 0.2828369081337635, "uncertainty": 0.595612748768927}, "Dispatchers, Except Police, Fire, and Ambulance_2726_2731": {"llm_label": "TASK_2", "label_logprob": -0.266963, "p_task_1": 0.23429859810687215, "uncertainty": 0.5444184431928472}, "Dispatchers, Except Police, Fire, and Ambulance_2726_2732": {"llm_label": "TASK_2", "label_logprob": -0.652004, "p_task_1": 0.478999355403412, "uncertainty": 0.6922648668899869}, "Dispatchers, Except Police, Fire, and Ambulance_2726_2733": {"llm_label": "EQUAL_TIME", "label_logprob": -0.012535, "p_task_1": 0.5, "uncertainty": 0.6931471805599453}, "Dispatchers, Except Police, Fire, and Ambulance_2726_2735": {"llm_label": "TASK_2", "label_logprob": -0.643177, "p_task_1": 0.47438012573601285, "uncertainty": 0.6918338495985108}, "Dispatchers, Except Police, Fire, and Ambulance_2727_2728": {"llm_label": "TASK_1", "label_logprob": -0.002334, "p_task_1": 0.9976687216601366, "uncertainty": 0.016459225994265303}, "Dispatchers, Except Police, Fire, and Ambulance_2727_2729": {"llm_label": "TASK_2", "label_logprob": -0.474817, "p_task_1": 0.3780011281558573, "uncertainty": 0.6630770972248528}, "Dispatchers, Except Police, Fire, and Ambulance_2727_2730": {"llm_label": "TASK_1", "label_logprob": -0.582007, "p_task_1": 0.5587757774387142, "uncertainty": 0.6862219956488496}, "Dispatchers, Except Police, Fire, and Ambulance_2727_2731": {"llm_label": "TASK_1", "label_logprob": -0.009063, "p_task_1": 0.9909779451956993, "uncertainty": 0.05145781745962339}, "Dispatchers, Except Police, Fire, and Ambulance_2727_2732": {"llm_label": "TASK_1", "label_logprob": -0.133815, "p_task_1": 0.8747518787326312, "uncertainty": 0.37725270167208125}, "Dispatchers, Except Police, Fire, and Ambulance_2727_2733": {"llm_label": "TASK_1", "label_logprob": -0.000266, "p_task_1": 0.9997340353748634, "uncertainty": 0.002455389209823878},