{"Couriers and Messengers_7010_7011": {"llm_label": "TASK_1", "label_logprob": -9.9e-05, "p_task_1": 0.9999010049003383, "uncertainty": 0.0010117685967436802}, "Couriers and Messengers_7010_7012": {"llm_label": "TASK_1", "label_logprob": -5e-05, "p_task_1": 0.9999500012499791, "uncertainty": 0.0005451607485001352}, "Couriers and Messengers_7010_7013": {"llm_label": "TASK_1", "label_logprob": -6e-06, "p_task_1": 0.999994000018, "uncertainty": 7.814227210513045e-05}, "Couriers and Messengers_7010_7014": {"llm_label": "TASK_1", "label_logprob": -0.000185, "p_task_1": 0.9998150171114448, "uncertainty": 0.001774939438886934}, "Couriers and Messengers_7010_7015": {"llm_label": "EQUAL_TIME", "label_logprob": -0.004136, "p_task_1": 0.5, "uncertainty": 0.6931471805599453}, "Couriers and Messengers_7010_7016": {"llm_label": "TASK_1", "label_logprob": -2.6e-05, "p_task_1": 0.9999740003379971, "uncertainty": 0.0003004888581468068}, "Couriers and Messengers_7010_7017": {"llm_label": "TASK_1", "label_logprob": -3e-05, "p_task_1": 0.9999700004499955, "uncertainty": 0.00034242425890051087}, "Couriers and Messengers_7010_7018": {"llm_label": "TASK_1", "label_logprob": -1.6e-05, "p_task_1": 0.9999840001279993, "uncertainty": 0.00019268520788660168}, "Couriers and Messengers_7010_7019": {"llm_label": "TASK_1", "label_logprob": -6e-06, "p_task_1": 0.999994000018, "uncertainty": 7.814227210513045e-05}, "Couriers and Messengers_7010_7020": {"llm_label": "TASK_1", "label_logprob": -1.1e-05, "p_task_1": 0.9999890000604997, "uncertainty": 0.0001365930168744248}, "Couriers and Messengers_7010_7021": {"llm_label": "TASK_1", "label_logprob": -3e-06, "p_task_1": 0.9999970000045, "uncertainty": 4.1150633082097105e-05}, "Couriers and Messengers_7010_7023": {"llm_label": "TASK_1", "label_logprob": -0.001508, "p_task_1": 0.9984931364606673, "uncertainty": 0.011296912412273064}, "Couriers and Messengers_7010_7024": {"llm_label": "TASK_1", "label_logprob": -3.8e-05, "p_task_1": 0.9999620007219908, "uncertainty": 0.0004247530567765096}, "Couriers and Messengers_7010_20903": {"llm_label": "CANNOT_DECIDE", "label_logprob": -0.140207, "p_task_1": 0.5, "uncertainty": 0.6931471805599453}, "Couriers and Messengers_7011_7012": {"llm_label": "EQUAL_TIME", "label_logprob": -0.000881, "p_task_1": 0.5, "uncertainty": 0.6931471805599453}, "Couriers and Messengers_7011_7013": {"llm_label": "TASK_1", "label_logprob": -2.8e-05, "p_task_1": 0.9999720003919963, "uncertainty": 0.0003215280679255237}, "Couriers and Messengers_7011_7014": {"llm_label": "TASK_1", "label_logprob": -0.204664, "p_task_1": 0.8149210839000912, "uncertainty": 0.479008137742149}, "Couriers and Messengers_7011_7015": {"llm_label": "TASK_2", "label_logprob": -0.000127, "p_task_1": 0.0001269919358414251, "uncertainty": 0.001266277670632851}, "Couriers and Messengers_7011_7016": {"llm_label": "EQUAL_TIME", "label_logprob": -0.132024, "p_task_1": 0.5, "uncertainty": 0.6931471805599453}, "Couriers and Messengers_7011_7017": {"llm_label": "TASK_1", "label_logprob": -5.6e-05, "p_task_1": 0.9999440015679707, "uncertainty": 0.000604231977919192}, "Couriers and Messengers_7011_7018": {"llm_label": "TASK_1", "label_logprob": -5e-06, "p_task_1": 0.9999950000125, "uncertainty": 6.603019815215604e-05}, "Couriers and Messengers_7011_7019": {"llm_label": "TASK_1", "label_logprob": -2.3e-05, "p_task_1": 0.999977000264498, "uncertainty": 0.00026863728652655293}, "Couriers and Messengers_7011_7020": {"llm_label": "TASK_1", "label_logprob": -0.001865, "p_task_1": 0.9981367380318557, "uncertainty": 0.013572921318296334}, "Couriers and Messengers_7011_7021": {"llm_label": "TASK_1", "label_logprob": 0.0, "p_task_1": 1.0, "uncertainty": 0.0}, "Couriers and Messengers_7011_7023": {"llm_label": "TASK_1", "label_logprob": -0.705792, "p_task_1": 0.49371739519268765, "uncertainty": 0.6930682362361916}, "Couriers and Messengers_7011_7024": {"llm_label": "TASK_1", "label_logprob": -0.000128, "p_task_1": 0.9998720081916505, "uncertainty": 0.0012752438603772032}, "Couriers and Messengers_7011_20903": {"llm_label": "TASK_2", "label_logprob": -0.000169, "p_task_1": 0.0001689857203044376, "uncertainty": 0.0016367300940866053}, "Couriers and Messengers_7012_7013": {"llm_label": "TASK_1", "label_logprob": -1.5e-05, "p_task_1": 0.9999850001124995, "uncertainty": 0.00018161054327026476}, "Couriers and Messengers_7012_7014": {"llm_label": "TASK_2", "label_logprob": -0.252648, "p_task_1": 0.22325875337247736, "uncertainty": 0.5310016222646432}, "Couriers and Messengers_7012_7015": {"llm_label": "TASK_2", "label_logprob": -2.6e-05, "p_task_1": 2.5999662002895718e-05, "uncertainty": 0.0003004888581468068}, "Couriers and Messengers_7012_7016": {"llm_label": "EQUAL_TIME", "label_logprob": -0.002481, "p_task_1": 0.5, "uncertainty": 0.6931471805599453}, "Couriers and Messengers_7012_7017": {"llm_label": "TASK_1", "label_logprob": -0.000408, "p_task_1": 0.9995920832206816, "uncertainty": 0.003591398608186449}, "Couriers and Messengers_7012_7018": {"llm_label": "TASK_1", "label_logprob": -0.00012, "p_task_1": 0.999880007199712, "uncertainty": 0.0012032900590460954}, "Couriers and Messengers_7012_7019": {"llm_label": "TASK_1", "label_logprob": -0.000104, "p_task_1": 0.9998960054078125, "uncertainty": 0.0010577414410560416}, "Couriers and Messengers_7012_7020": {"llm_label": "TASK_1", "label_logprob": -0.075312, "p_task_1": 0.9274540755112536, "uncertainty": 0.26017522790202263}, "Couriers and Messengers_7012_7021": {"llm_label": "TASK_1", "label_logprob": -1.2e-05, "p_task_1": 0.9999880000719997, "uncertainty": 0.00014796635909808146}, "Couriers and Messengers_7012_7023": {"llm_label": "CANNOT_DECIDE", "label_logprob": -0.70322, "p_task_1": 0.5, "uncertainty": 0.6931471805599453}, "Couriers and Messengers_7012_7024": {"llm_label": "TASK_1", "label_logprob": -0.049252, "p_task_1": 0.9519412102849366, "uncertainty": 0.19275930581393608}, "Couriers and Messengers_7012_20903": {"llm_label": "TASK_2", "label_logprob": -0.000205, "p_task_1": 0.00020497898893578892, "uncertainty": 0.0019457631714790353}, "Couriers and Messengers_7013_7014": {"llm_label": "TASK_2", "label_logprob": -5e-05, "p_task_1": 4.999875002087428e-05, "uncertainty": 0.0005451607485001352}, "Couriers and Messengers_7013_7015": {"llm_label": "TASK_2", "label_logprob": -1e-06, "p_task_1": 9.999994999843054e-07, "uncertainty": 1.4815503149992376e-05}, "Couriers and Messengers_7013_7016": {"llm_label": "TASK_2", "label_logprob": -0.00702, "p_task_1": 0.006995417357020028, "uncertainty": 0.041685650857497626}, "Couriers and Messengers_7013_7017": {"llm_label": "TASK_2", "label_logprob": -0.129118, "p_task_1": 0.12112974726317516, "uncertainty": 0.3691699068748218}, "Couriers and Messengers_7013_7018": {"llm_label": "EQUAL_TIME", "label_logprob": -0.009175, "p_task_1": 0.5, "uncertainty": 0.6931471805599453}, "Couriers and Messengers_7013_7019": {"llm_label": "EQUAL_TIME", "label_logprob": -0.000159, "p_task_1": 0.5, "uncertainty": 0.6931471805599453}, "Couriers and Messengers_7013_7020": {"llm_label": "TASK_2", "label_logprob": -0.002866, "p_task_1": 0.0028618969427234298, "uncertainty": 0.01961784075023528}, "Couriers and Messengers_7013_7021": {"llm_label": "EQUAL_TIME", "label_logprob": -0.221237, "p_task_1": 0.5, "uncertainty": 0.6931471805599453}, "Couriers and Messengers_7013_7023": {"llm_label": "TASK_2", "label_logprob": -0.002753, "p_task_1": 0.0027492139706098984, "uncertainty": 0.018956007290447153}, "Couriers and Messengers_7013_7024": {"llm_label": "TASK_2", "label_logprob": -0.053645, "p_task_1": 0.05223149539326277, "uncertainty": 0.20503405145693965}, "Couriers and Messengers_7013_20903": {"llm_label": "TASK_2", "label_logprob": -3e-05, "p_task_1": 2.9999550004489173e-05, "uncertainty": 0.00034242425890051087}, "Couriers and Messengers_7014_7015": {"llm_label": "TASK_2", "label_logprob": -0.000898, "p_task_1": 0.0008975969186647559, "uncertainty": 0.007194544955728892},