{"Shipping, Receiving, and Inventory Clerks_4737_4739": {"llm_label": "EQUAL_TIME", "label_logprob": -0.000232, "p_task_1": 0.5, "uncertainty": 0.6931471805599453}, "Shipping, Receiving, and Inventory Clerks_4737_4740": {"llm_label": "TASK_1", "label_logprob": -0.422704, "p_task_1": 0.6552725650877238, "uncertainty": 0.6441214723891037}, "Shipping, Receiving, and Inventory Clerks_4737_4741": {"llm_label": "TASK_2", "label_logprob": -0.000162, "p_task_1": 0.00016198687870860873, "uncertainty": 0.0015757944614625038}, "Shipping, Receiving, and Inventory Clerks_4737_4742": {"llm_label": "TASK_2", "label_logprob": -0.160574, "p_task_1": 0.14834520121504735, "uncertainty": 0.41982790071607845}, "Shipping, Receiving, and Inventory Clerks_4737_4744": {"llm_label": "EQUAL_TIME", "label_logprob": -0.104081, "p_task_1": 0.5, "uncertainty": 0.6931471805599453}, "Shipping, Receiving, and Inventory Clerks_4737_19834": {"llm_label": "TASK_2", "label_logprob": -0.160237, "p_task_1": 0.14805814518163196, "uncertainty": 0.4193259040308842}, "Shipping, Receiving, and Inventory Clerks_4737_20276": {"llm_label": "TASK_2", "label_logprob": -1.9e-05, "p_task_1": 1.8999819501153148e-05, "uncertainty": 0.00022554821728270377}, "Shipping, Receiving, and Inventory Clerks_4737_20277": {"llm_label": "TASK_2", "label_logprob": -0.000623, "p_task_1": 0.0006228059757944493, "uncertainty": 0.005219714496589756}, "Shipping, Receiving, and Inventory Clerks_4737_20278": {"llm_label": "TASK_2", "label_logprob": -0.256271, "p_task_1": 0.22606779525698195, "uncertainty": 0.5344811843126337}, "Shipping, Receiving, and Inventory Clerks_4737_20279": {"llm_label": "TASK_2", "label_logprob": -0.52807, "p_task_1": 0.41025792577724696, "uncertainty": 0.6769522852899184}, "Shipping, Receiving, and Inventory Clerks_4739_4740": {"llm_label": "TASK_2", "label_logprob": -0.205795, "p_task_1": 0.18600007083460512, "uncertainty": 0.4803707643124112}, "Shipping, Receiving, and Inventory Clerks_4739_4741": {"llm_label": "TASK_2", "label_logprob": -0.000939, "p_task_1": 0.0009385592774568963, "uncertainty": 0.007480969848427676}, "Shipping, Receiving, and Inventory Clerks_4739_4742": {"llm_label": "TASK_1", "label_logprob": -0.086999, "p_task_1": 0.9166780123107062, "uncertainty": 0.28680877654736187}, "Shipping, Receiving, and Inventory Clerks_4739_4744": {"llm_label": "EQUAL_TIME", "label_logprob": -0.475622, "p_task_1": 0.5, "uncertainty": 0.6931471805599453}, "Shipping, Receiving, and Inventory Clerks_4739_19834": {"llm_label": "TASK_2", "label_logprob": -0.002478, "p_task_1": 0.002474932292449661, "uncertainty": 0.017325277811862192}, "Shipping, Receiving, and Inventory Clerks_4739_20276": {"llm_label": "TASK_2", "label_logprob": -0.000602, "p_task_1": 0.0006018188343557274, "uncertainty": 0.005064457828154277}, "Shipping, Receiving, and Inventory Clerks_4739_20277": {"llm_label": "TASK_2", "label_logprob": -0.023625, "p_task_1": 0.023348114447261037, "uncertainty": 0.11079784813782576}, "Shipping, Receiving, and Inventory Clerks_4739_20278": {"llm_label": "TASK_2", "label_logprob": -0.02441, "p_task_1": 0.024114485337490832, "uncertainty": 0.11364643834462157}, "Shipping, Receiving, and Inventory Clerks_4739_20279": {"llm_label": "TASK_2", "label_logprob": -0.085932, "p_task_1": 0.08234337025060012, "uncertainty": 0.2844557173067294}, "Shipping, Receiving, and Inventory Clerks_4740_4741": {"llm_label": "TASK_2", "label_logprob": -1.6e-05, "p_task_1": 1.5999872000738158e-05, "uncertainty": 0.00019268520788660168}, "Shipping, Receiving, and Inventory Clerks_4740_4742": {"llm_label": "TASK_2", "label_logprob": -0.154183, "p_task_1": 0.14288484541467183, "uncertainty": 0.41016595147467283}, "Shipping, Receiving, and Inventory Clerks_4740_4744": {"llm_label": "TASK_1", "label_logprob": -0.142216, "p_task_1": 0.8674338705329245, "uncertainty": 0.3912358623803673}, "Shipping, Receiving, and Inventory Clerks_4740_19834": {"llm_label": "TASK_2", "label_logprob": -0.000411, "p_task_1": 0.0004109155510698681, "uncertainty": 0.003614790140799459}, "Shipping, Receiving, and Inventory Clerks_4740_20276": {"llm_label": "TASK_2", "label_logprob": -7.9e-05, "p_task_1": 7.89968795821272e-05, "uncertainty": 0.000825206357674103}, "Shipping, Receiving, and Inventory Clerks_4740_20277": {"llm_label": "TASK_2", "label_logprob": -0.000959, "p_task_1": 0.0009585403064604758, "uncertainty": 0.007620030732287746}, "Shipping, Receiving, and Inventory Clerks_4740_20278": {"llm_label": "TASK_2", "label_logprob": -0.011284, "p_task_1": 0.011220574460756305, "uncertainty": 0.061537835715199156}, "Shipping, Receiving, and Inventory Clerks_4740_20279": {"llm_label": "TASK_2", "label_logprob": -0.694029, "p_task_1": 0.5004407153757758, "uncertainty": 0.6931467920998101}, "Shipping, Receiving, and Inventory Clerks_4741_4742": {"llm_label": "TASK_1", "label_logprob": -0.004733, "p_task_1": 0.9952781829945059, "uncertainty": 0.02999863345180249}, "Shipping, Receiving, and Inventory Clerks_4741_4744": {"llm_label": "TASK_1", "label_logprob": -0.001723, "p_task_1": 0.998278483512347, "uncertainty": 0.012676711068236602}, "Shipping, Receiving, and Inventory Clerks_4741_19834": {"llm_label": "TASK_2", "label_logprob": -0.3196, "p_task_1": 0.2735604452118102, "uncertainty": 0.5867680694578565}, "Shipping, Receiving, and Inventory Clerks_4741_20276": {"llm_label": "TASK_2", "label_logprob": -0.000452, "p_task_1": 0.00045189786338917237, "uncertainty": 0.003932337655503984}, "Shipping, Receiving, and Inventory Clerks_4741_20277": {"llm_label": "TASK_1", "label_logprob": -0.106427, "p_task_1": 0.8990406757351245, "uncertainty": 0.327185725911723}, "Shipping, Receiving, and Inventory Clerks_4741_20278": {"llm_label": "TASK_1", "label_logprob": -0.023984, "p_task_1": 0.9763013304542307, "uncertainty": 0.1121040040648674}, "Shipping, Receiving, and Inventory Clerks_4741_20279": {"llm_label": "TASK_1", "label_logprob": -0.434463, "p_task_1": 0.6476123415464954, "uncertainty": 0.6489121768318998}, "Shipping, Receiving, and Inventory Clerks_4742_4744": {"llm_label": "TASK_1", "label_logprob": -0.013523, "p_task_1": 0.9865680249922085, "uncertainty": 0.07123474617972018}, "Shipping, Receiving, and Inventory Clerks_4742_19834": {"llm_label": "TASK_2", "label_logprob": -0.062309, "p_task_1": 0.06040749215507191, "uncertainty": 0.22808728259111}, "Shipping, Receiving, and Inventory Clerks_4742_20276": {"llm_label": "TASK_2", "label_logprob": -0.012579, "p_task_1": 0.012500215070702203, "uncertainty": 0.06719782010104212}, "Shipping, Receiving, and Inventory Clerks_4742_20277": {"llm_label": "TASK_2", "label_logprob": -0.048621, "p_task_1": 0.047457925258574285, "uncertainty": 0.19096111598169158}, "Shipping, Receiving, and Inventory Clerks_4742_20278": {"llm_label": "TASK_2", "label_logprob": -0.482923, "p_task_1": 0.38302267120111744, "uncertainty": 0.6655244996891196}, "Shipping, Receiving, and Inventory Clerks_4742_20279": {"llm_label": "TASK_1", "label_logprob": -0.080425, "p_task_1": 0.9227241052965571, "uncertainty": 0.2720652169666806}, "Shipping, Receiving, and Inventory Clerks_4744_19834": {"llm_label": "TASK_2", "label_logprob": -0.002647, "p_task_1": 0.0026434997845379282, "uncertainty": 0.01833089628605502}, "Shipping, Receiving, and Inventory Clerks_4744_20276": {"llm_label": "TASK_2", "label_logprob": -5e-06, "p_task_1": 4.999987500031722e-06, "uncertainty": 6.603019815215604e-05}, "Shipping, Receiving, and Inventory Clerks_4744_20277": {"llm_label": "TASK_2", "label_logprob": -2.7e-05, "p_task_1": 2.6999635503233144e-05, "uncertainty": 0.00031102699079997}, "Shipping, Receiving, and Inventory Clerks_4744_20278": {"llm_label": "TASK_2", "label_logprob": -7.8e-05, "p_task_1": 7.799695807908513e-05, "uncertainty": 0.000815754720211472}, "Shipping, Receiving, and Inventory Clerks_4744_20279": {"llm_label": "TASK_2", "label_logprob": -0.00211, "p_task_1": 0.0021077755148296573, "uncertainty": 0.015093922772371019},