{"Meter Readers, Utilities_11309_11310": {"llm_label": "TASK_2", "label_logprob": -0.153403, "p_task_1": 0.14221603479186118, "uncertainty": 0.40896592641473883}, "Meter Readers, Utilities_11309_11311": {"llm_label": "TASK_1", "label_logprob": -0.014258, "p_task_1": 0.9858431639129183, "uncertainty": 0.07432969769639286}, "Meter Readers, Utilities_11309_11312": {"llm_label": "TASK_2", "label_logprob": -0.000172, "p_task_1": 0.0001719852088480911, "uncertainty": 0.001662755765075375}, "Meter Readers, Utilities_11309_11313": {"llm_label": "EQUAL_TIME", "label_logprob": -0.411091, "p_task_1": 0.5, "uncertainty": 0.6931471805599453}, "Meter Readers, Utilities_11309_11314": {"llm_label": "TASK_1", "label_logprob": -0.000336, "p_task_1": 0.9996640564416783, "uncertainty": 0.003022954314544321}, "Meter Readers, Utilities_11309_11315": {"llm_label": "TASK_1", "label_logprob": -0.034034, "p_task_1": 0.966538641765021, "uncertainty": 0.14657558970637669}, "Meter Readers, Utilities_11309_11316": {"llm_label": "TASK_1", "label_logprob": -0.005289, "p_task_1": 0.9947249621344116, "uncertainty": 0.03292745761855199}, "Meter Readers, Utilities_11309_11317": {"llm_label": "TASK_1", "label_logprob": -0.000337, "p_task_1": 0.9996630567781217, "uncertainty": 0.0030309483686147905}, "Meter Readers, Utilities_11309_11318": {"llm_label": "TASK_2", "label_logprob": -3.2e-05, "p_task_1": 3.199948800547414e-05, "uncertainty": 0.0003631869779441248}, "Meter Readers, Utilities_11309_11320": {"llm_label": "TASK_1", "label_logprob": -6e-06, "p_task_1": 0.999994000018, "uncertainty": 7.814227210513045e-05}, "Meter Readers, Utilities_11309_20904": {"llm_label": "TASK_2", "label_logprob": -0.000436, "p_task_1": 0.00043590496581213944, "uncertainty": 0.0038088801924059884}, "Meter Readers, Utilities_11310_11311": {"llm_label": "TASK_1", "label_logprob": -0.00045, "p_task_1": 0.9995501012348142, "uncertainty": 0.003916936965720932}, "Meter Readers, Utilities_11310_11312": {"llm_label": "TASK_1", "label_logprob": -0.10085, "p_task_1": 0.9040686330105521, "uncertainty": 0.31605017542802244}, "Meter Readers, Utilities_11310_11313": {"llm_label": "TASK_1", "label_logprob": -0.000745, "p_task_1": 0.9992552774435972, "uncertainty": 0.0061083085127766395}, "Meter Readers, Utilities_11310_11314": {"llm_label": "TASK_1", "label_logprob": -0.000558, "p_task_1": 0.9994421556530472, "uncertainty": 0.00473674092395263}, "Meter Readers, Utilities_11310_11315": {"llm_label": "TASK_1", "label_logprob": -0.000383, "p_task_1": 0.9996170733351373, "uncertainty": 0.0033955928476465088}, "Meter Readers, Utilities_11310_11316": {"llm_label": "TASK_1", "label_logprob": -8.6e-05, "p_task_1": 0.999914003697894, "uncertainty": 0.0008910217260505452}, "Meter Readers, Utilities_11310_11317": {"llm_label": "TASK_1", "label_logprob": -5.1e-05, "p_task_1": 0.9999490013004779, "uncertainty": 0.0005550537772008165}, "Meter Readers, Utilities_11310_11318": {"llm_label": "TASK_1", "label_logprob": -0.161236, "p_task_1": 0.8510911898832867, "uncertainty": 0.42081162992934684}, "Meter Readers, Utilities_11310_11320": {"llm_label": "TASK_1", "label_logprob": -2e-06, "p_task_1": 0.999998000002, "uncertainty": 2.8244698509961958e-05}, "Meter Readers, Utilities_11310_20904": {"llm_label": "TASK_1", "label_logprob": -0.030173, "p_task_1": 0.970277660992599, "uncertainty": 0.13377566252123435}, "Meter Readers, Utilities_11311_11312": {"llm_label": "TASK_2", "label_logprob": -0.07933, "p_task_1": 0.07626495842154024, "uncertainty": 0.2695509521070938}, "Meter Readers, Utilities_11311_11313": {"llm_label": "TASK_1", "label_logprob": -0.064636, "p_task_1": 0.9374086180204511, "uncertainty": 0.23403905446792628}, "Meter Readers, Utilities_11311_11314": {"llm_label": "TASK_1", "label_logprob": -0.001266, "p_task_1": 0.9987348010399255, "uncertainty": 0.009706471073289832}, "Meter Readers, Utilities_11311_11315": {"llm_label": "TASK_1", "label_logprob": -0.027324, "p_task_1": 0.9730459235663504, "uncertainty": 0.123989316280153}, "Meter Readers, Utilities_11311_11316": {"llm_label": "TASK_1", "label_logprob": -0.204763, "p_task_1": 0.8148404107061742, "uncertainty": 0.4791276987684033}, "Meter Readers, Utilities_11311_11317": {"llm_label": "TASK_1", "label_logprob": -6.9e-05, "p_task_1": 0.9999310023804453, "uncertainty": 0.0007300916912425196}, "Meter Readers, Utilities_11311_11318": {"llm_label": "TASK_2", "label_logprob": -0.100852, "p_task_1": 0.09593317512490585, "uncertainty": 0.31605423154930823}, "Meter Readers, Utilities_11311_11320": {"llm_label": "TASK_1", "label_logprob": -6e-06, "p_task_1": 0.999994000018, "uncertainty": 7.814227210513045e-05}, "Meter Readers, Utilities_11311_20904": {"llm_label": "TASK_2", "label_logprob": -0.064047, "p_task_1": 0.062039085668238125, "uncertainty": 0.23254166254433323}, "Meter Readers, Utilities_11312_11313": {"llm_label": "TASK_1", "label_logprob": -0.039796, "p_task_1": 0.9609854601913764, "uncertainty": 0.16479955649096206}, "Meter Readers, Utilities_11312_11314": {"llm_label": "TASK_1", "label_logprob": -0.000815, "p_task_1": 0.9991853320222945, "uncertainty": 0.006608849343084299}, "Meter Readers, Utilities_11312_11315": {"llm_label": "TASK_1", "label_logprob": -0.00273, "p_task_1": 0.9972737230612436, "uncertainty": 0.01882072738431971}, "Meter Readers, Utilities_11312_11316": {"llm_label": "TASK_1", "label_logprob": -2e-05, "p_task_1": 0.9999800001999987, "uncertainty": 0.00023639320174866763}, "Meter Readers, Utilities_11312_11317": {"llm_label": "TASK_1", "label_logprob": -0.000171, "p_task_1": 0.9998290146196667, "uncertainty": 0.0016540864090397091}, "Meter Readers, Utilities_11312_11318": {"llm_label": "TASK_2", "label_logprob": -0.00808, "p_task_1": 0.008047444541708915, "uncertainty": 0.046822978728067316}, "Meter Readers, Utilities_11312_11320": {"llm_label": "TASK_1", "label_logprob": -1e-06, "p_task_1": 0.9999990000005, "uncertainty": 1.4815503149992376e-05}, "Meter Readers, Utilities_11312_20904": {"llm_label": "TASK_2", "label_logprob": -0.000221, "p_task_1": 0.00022097558129885453, "uncertainty": 0.002081003917321509}, "Meter Readers, Utilities_11313_11314": {"llm_label": "TASK_2", "label_logprob": -0.156716, "p_task_1": 0.1450531707578422, "uncertainty": 0.414031463466076}, "Meter Readers, Utilities_11313_11315": {"llm_label": "EQUAL_TIME", "label_logprob": -0.10175, "p_task_1": 0.5, "uncertainty": 0.6931471805599453}, "Meter Readers, Utilities_11313_11316": {"llm_label": "EQUAL_TIME", "label_logprob": -0.588455, "p_task_1": 0.5, "uncertainty": 0.6931471805599453}, "Meter Readers, Utilities_11313_11317": {"llm_label": "TASK_1", "label_logprob": -0.030061, "p_task_1": 0.9703863381764389, "uncertainty": 0.1333966432567896}, "Meter Readers, Utilities_11313_11318": {"llm_label": "TASK_2", "label_logprob": -0.000265, "p_task_1": 0.0002649648906013491, "uncertainty": 0.00244715763204196}, "Meter Readers, Utilities_11313_11320": {"llm_label": "TASK_1", "label_logprob": -1e-06, "p_task_1": 0.9999990000005, "uncertainty": 1.4815503149992376e-05}, "Meter Readers, Utilities_11313_20904": {"llm_label": "TASK_2", "label_logprob": -3e-06, "p_task_1": 2.9999955000192813e-06, "uncertainty": 4.1150633082097105e-05}, "Meter Readers, Utilities_11314_11315": {"llm_label": "EQUAL_TIME", "label_logprob": -0.324723, "p_task_1": 0.5, "uncertainty": 0.6931471805599453}, "Meter Readers, Utilities_11314_11316": {"llm_label": "EQUAL_TIME", "label_logprob": -0.016934, "p_task_1": 0.5, "uncertainty": 0.6931471805599453}, "Meter Readers, Utilities_11314_11317": {"llm_label": "EQUAL_TIME", "label_logprob": -0.402757, "p_task_1": 0.5, "uncertainty": 0.6931471805599453}, "Meter Readers, Utilities_11314_11318": {"llm_label": "TASK_2", "label_logprob": -1.1e-05, "p_task_1": 1.0999939500266898e-05, "uncertainty": 0.0001365930168744248}, "Meter Readers, Utilities_11314_11320": {"llm_label": "TASK_1", "label_logprob": -0.01417, "p_task_1": 0.9859299219286393, "uncertainty": 0.07396128723435652},