{"Medical Secretaries and Administrative Assistants_775_776": {"llm_label": "TASK_2", "label_logprob": -0.000163, "p_task_1": 0.00016298671622172467, "uncertainty": 0.0015845177966881145}, "Medical Secretaries and Administrative Assistants_775_777": {"llm_label": "TASK_1", "label_logprob": -0.012753, "p_task_1": 0.9873279749146249, "uncertainty": 0.06794734170587502}, "Medical Secretaries and Administrative Assistants_775_778": {"llm_label": "TASK_1", "label_logprob": -0.00196, "p_task_1": 0.998041919545692, "uncertainty": 0.014166341942758672}, "Medical Secretaries and Administrative Assistants_775_779": {"llm_label": "TASK_1", "label_logprob": -5.2e-05, "p_task_1": 0.9999480013519766, "uncertainty": 0.000564927187419359}, "Medical Secretaries and Administrative Assistants_775_780": {"llm_label": "TASK_2", "label_logprob": -2e-06, "p_task_1": 1.9999979999907325e-06, "uncertainty": 2.8244698509961958e-05}, "Medical Secretaries and Administrative Assistants_775_781": {"llm_label": "TASK_2", "label_logprob": -0.018229, "p_task_1": 0.018063856767321695, "uncertainty": 0.09040518455659372}, "Medical Secretaries and Administrative Assistants_775_782": {"llm_label": "TASK_2", "label_logprob": -0.000939, "p_task_1": 0.0009385592774568963, "uncertainty": 0.007480969848427676}, "Medical Secretaries and Administrative Assistants_775_783": {"llm_label": "TASK_1", "label_logprob": -1.1e-05, "p_task_1": 0.9999890000604997, "uncertainty": 0.0001365930168744248}, "Medical Secretaries and Administrative Assistants_775_784": {"llm_label": "TASK_2", "label_logprob": -0.308618, "p_task_1": 0.2655387193454677, "uncertainty": 0.5787708830028384}, "Medical Secretaries and Administrative Assistants_775_786": {"llm_label": "TASK_2", "label_logprob": -0.749607, "p_task_1": 0.5274477707207081, "uncertainty": 0.6916396626357048}, "Medical Secretaries and Administrative Assistants_775_787": {"llm_label": "TASK_2", "label_logprob": -0.00011, "p_task_1": 0.00010999395022182057, "uncertainty": 0.0011125921275054254}, "Medical Secretaries and Administrative Assistants_775_788": {"llm_label": "TASK_2", "label_logprob": -0.030889, "p_task_1": 0.030416809162687408, "uncertainty": 0.13618806621909685}, "Medical Secretaries and Administrative Assistants_775_789": {"llm_label": "TASK_2", "label_logprob": -2.2e-05, "p_task_1": 2.1999758001767233e-05, "uncertainty": 0.0002579354610012207}, "Medical Secretaries and Administrative Assistants_775_20438": {"llm_label": "EQUAL_TIME", "label_logprob": -0.006816, "p_task_1": 0.5, "uncertainty": 0.6931471805599453}, "Medical Secretaries and Administrative Assistants_776_777": {"llm_label": "TASK_1", "label_logprob": -1.9e-05, "p_task_1": 0.9999810001804988, "uncertainty": 0.00022554821728270377}, "Medical Secretaries and Administrative Assistants_776_778": {"llm_label": "TASK_1", "label_logprob": -1e-06, "p_task_1": 0.9999990000005, "uncertainty": 1.4815503149992376e-05}, "Medical Secretaries and Administrative Assistants_776_779": {"llm_label": "TASK_1", "label_logprob": -1.3e-05, "p_task_1": 0.9999870000844996, "uncertainty": 0.00015925626043919854}, "Medical Secretaries and Administrative Assistants_776_780": {"llm_label": "TASK_2", "label_logprob": -0.000523, "p_task_1": 0.0005228632593394789, "uncertainty": 0.004473580978672799}, "Medical Secretaries and Administrative Assistants_776_781": {"llm_label": "CANNOT_DECIDE", "label_logprob": -0.303447, "p_task_1": 0.5, "uncertainty": 0.6931471805599453}, "Medical Secretaries and Administrative Assistants_776_782": {"llm_label": "TASK_2", "label_logprob": -0.289911, "p_task_1": 0.2516698340003345, "uncertainty": 0.5641622201771573}, "Medical Secretaries and Administrative Assistants_776_783": {"llm_label": "TASK_1", "label_logprob": -1e-06, "p_task_1": 0.9999990000005, "uncertainty": 1.4815503149992376e-05}, "Medical Secretaries and Administrative Assistants_776_784": {"llm_label": "CANNOT_DECIDE", "label_logprob": -0.021985, "p_task_1": 0.5, "uncertainty": 0.6931471805599453}, "Medical Secretaries and Administrative Assistants_776_786": {"llm_label": "TASK_2", "label_logprob": -0.625549, "p_task_1": 0.46503234935586135, "uncertainty": 0.6906997100202558}, "Medical Secretaries and Administrative Assistants_776_787": {"llm_label": "TASK_2", "label_logprob": -0.011401, "p_task_1": 0.011336254886107566, "uncertainty": 0.06205533516012824}, "Medical Secretaries and Administrative Assistants_776_788": {"llm_label": "CANNOT_DECIDE", "label_logprob": -0.447996, "p_task_1": 0.5, "uncertainty": 0.6931471805599453}, "Medical Secretaries and Administrative Assistants_776_789": {"llm_label": "TASK_2", "label_logprob": -3.1e-05, "p_task_1": 3.0999519504915085e-05, "uncertainty": 0.0003528217551931141}, "Medical Secretaries and Administrative Assistants_776_20438": {"llm_label": "TASK_1", "label_logprob": -0.034591, "p_task_1": 0.9660004296475475, "uncertainty": 0.148381319347251}, "Medical Secretaries and Administrative Assistants_777_778": {"llm_label": "EQUAL_TIME", "label_logprob": -0.018385, "p_task_1": 0.5, "uncertainty": 0.6931471805599453}, "Medical Secretaries and Administrative Assistants_777_779": {"llm_label": "EQUAL_TIME", "label_logprob": -0.079225, "p_task_1": 0.5, "uncertainty": 0.6931471805599453}, "Medical Secretaries and Administrative Assistants_777_780": {"llm_label": "TASK_2", "label_logprob": 0.0, "p_task_1": 0.0, "uncertainty": 0.0}, "Medical Secretaries and Administrative Assistants_777_781": {"llm_label": "TASK_2", "label_logprob": -0.000106, "p_task_1": 0.00010599438219849322, "uncertainty": 0.0010760625428955946}, "Medical Secretaries and Administrative Assistants_777_782": {"llm_label": "TASK_2", "label_logprob": -2e-06, "p_task_1": 1.9999979999907325e-06, "uncertainty": 2.8244698509961958e-05}, "Medical Secretaries and Administrative Assistants_777_783": {"llm_label": "EQUAL_TIME", "label_logprob": -0.630979, "p_task_1": 0.5, "uncertainty": 0.6931471805599453}, "Medical Secretaries and Administrative Assistants_777_784": {"llm_label": "TASK_2", "label_logprob": -6.7e-05, "p_task_1": 6.699775555008003e-05, "uncertainty": 0.0007109009864475162}, "Medical Secretaries and Administrative Assistants_777_786": {"llm_label": "TASK_2", "label_logprob": -6e-05, "p_task_1": 5.999820003599332e-05, "uncertainty": 0.0006432506620406343}, "Medical Secretaries and Administrative Assistants_777_787": {"llm_label": "TASK_2", "label_logprob": -5.8e-05, "p_task_1": 5.799831803254829e-05, "uncertainty": 0.0006237758280847792}, "Medical Secretaries and Administrative Assistants_777_788": {"llm_label": "TASK_2", "label_logprob": 0.0, "p_task_1": 0.0, "uncertainty": 0.0}, "Medical Secretaries and Administrative Assistants_777_789": {"llm_label": "TASK_2", "label_logprob": 0.0, "p_task_1": 0.0, "uncertainty": 0.0}, "Medical Secretaries and Administrative Assistants_777_20438": {"llm_label": "TASK_2", "label_logprob": 0.0, "p_task_1": 0.0, "uncertainty": 0.0}, "Medical Secretaries and Administrative Assistants_778_779": {"llm_label": "EQUAL_TIME", "label_logprob": -0.012616, "p_task_1": 0.5, "uncertainty": 0.6931471805599453}, "Medical Secretaries and Administrative Assistants_778_780": {"llm_label": "TASK_2", "label_logprob": 0.0, "p_task_1": 0.0, "uncertainty": 0.0}, "Medical Secretaries and Administrative Assistants_778_781": {"llm_label": "TASK_2", "label_logprob": -6.1e-05, "p_task_1": 6.099813953786004e-05, "uncertainty": 0.0006529629227593847}, "Medical Secretaries and Administrative Assistants_778_782": {"llm_label": "TASK_2", "label_logprob": -2.2e-05, "p_task_1": 2.1999758001767233e-05, "uncertainty": 0.0002579354610012207}, "Medical Secretaries and Administrative Assistants_778_783": {"llm_label": "EQUAL_TIME", "label_logprob": -0.0026, "p_task_1": 0.5, "uncertainty": 0.6931471805599453}, "Medical Secretaries and Administrative Assistants_778_784": {"llm_label": "TASK_2", "label_logprob": -9.4e-05, "p_task_1": 9.399558213840642e-05, "uncertainty": 0.000965542901722332},