{"Legal Secretaries and Administrative Assistants_764_765": {"llm_label": "TASK_1", "label_logprob": -0.001918, "p_task_1": 0.9980838381865982, "uncertainty": 0.013904575419808031}, "Legal Secretaries and Administrative Assistants_764_766": {"llm_label": "EQUAL_TIME", "label_logprob": -0.183778, "p_task_1": 0.5, "uncertainty": 0.6931471805599453}, "Legal Secretaries and Administrative Assistants_764_767": {"llm_label": "TASK_1", "label_logprob": -0.010562, "p_task_1": 0.9894935820639653, "uncertainty": 0.05831584410132612}, "Legal Secretaries and Administrative Assistants_764_768": {"llm_label": "TASK_2", "label_logprob": -2.4e-05, "p_task_1": 2.3999712002287232e-05, "uncertainty": 0.0002792956099024647}, "Legal Secretaries and Administrative Assistants_764_769": {"llm_label": "TASK_2", "label_logprob": -1e-06, "p_task_1": 9.999994999843054e-07, "uncertainty": 1.4815503149992376e-05}, "Legal Secretaries and Administrative Assistants_764_770": {"llm_label": "TASK_2", "label_logprob": 0.0, "p_task_1": 0.0, "uncertainty": 0.0}, "Legal Secretaries and Administrative Assistants_764_771": {"llm_label": "TASK_2", "label_logprob": -0.020048, "p_task_1": 0.019848375100392612, "uncertainty": 0.09744842847796528}, "Legal Secretaries and Administrative Assistants_764_772": {"llm_label": "TASK_2", "label_logprob": 0.0, "p_task_1": 0.0, "uncertainty": 0.0}, "Legal Secretaries and Administrative Assistants_764_773": {"llm_label": "TASK_2", "label_logprob": -0.074758, "p_task_1": 0.07203197257937932, "uncertainty": 0.2588635963412316}, "Legal Secretaries and Administrative Assistants_764_774": {"llm_label": "TASK_2", "label_logprob": -5e-06, "p_task_1": 4.999987500031722e-06, "uncertainty": 6.603019815215604e-05}, "Legal Secretaries and Administrative Assistants_764_18780": {"llm_label": "TASK_2", "label_logprob": -0.165802, "p_task_1": 0.15278603405133462, "uncertainty": 0.4275114599704488}, "Legal Secretaries and Administrative Assistants_764_21078": {"llm_label": "TASK_2", "label_logprob": 0.0, "p_task_1": 0.0, "uncertainty": 0.0}, "Legal Secretaries and Administrative Assistants_764_21079": {"llm_label": "TASK_2", "label_logprob": -0.149031, "p_task_1": 0.13845759332962393, "uncertainty": 0.40215365951709936}, "Legal Secretaries and Administrative Assistants_765_766": {"llm_label": "TASK_2", "label_logprob": -0.059501, "p_task_1": 0.057765408643832394, "uncertainty": 0.22077417343499725}, "Legal Secretaries and Administrative Assistants_765_767": {"llm_label": "EQUAL_TIME", "label_logprob": -0.584554, "p_task_1": 0.5, "uncertainty": 0.6931471805599453}, "Legal Secretaries and Administrative Assistants_765_768": {"llm_label": "TASK_2", "label_logprob": -1e-06, "p_task_1": 9.999994999843054e-07, "uncertainty": 1.4815503149992376e-05}, "Legal Secretaries and Administrative Assistants_765_769": {"llm_label": "TASK_2", "label_logprob": 0.0, "p_task_1": 0.0, "uncertainty": 0.0}, "Legal Secretaries and Administrative Assistants_765_770": {"llm_label": "TASK_2", "label_logprob": 0.0, "p_task_1": 0.0, "uncertainty": 0.0}, "Legal Secretaries and Administrative Assistants_765_771": {"llm_label": "TASK_2", "label_logprob": 0.0, "p_task_1": 0.0, "uncertainty": 0.0}, "Legal Secretaries and Administrative Assistants_765_772": {"llm_label": "TASK_2", "label_logprob": 0.0, "p_task_1": 0.0, "uncertainty": 0.0}, "Legal Secretaries and Administrative Assistants_765_773": {"llm_label": "TASK_2", "label_logprob": -0.00017, "p_task_1": 0.0001699855508188186, "uncertainty": 0.0016454111968458342}, "Legal Secretaries and Administrative Assistants_765_774": {"llm_label": "TASK_2", "label_logprob": 0.0, "p_task_1": 0.0, "uncertainty": 0.0}, "Legal Secretaries and Administrative Assistants_765_18780": {"llm_label": "TASK_2", "label_logprob": -6.3e-05, "p_task_1": 6.299801554165985e-05, "uncertainty": 0.0006723384985142869}, "Legal Secretaries and Administrative Assistants_765_21078": {"llm_label": "TASK_2", "label_logprob": 0.0, "p_task_1": 0.0, "uncertainty": 0.0}, "Legal Secretaries and Administrative Assistants_765_21079": {"llm_label": "TASK_2", "label_logprob": 0.0, "p_task_1": 0.0, "uncertainty": 0.0}, "Legal Secretaries and Administrative Assistants_766_767": {"llm_label": "TASK_1", "label_logprob": -0.01127, "p_task_1": 0.9887932685481021, "uncertainty": 0.06147582808479029}, "Legal Secretaries and Administrative Assistants_766_768": {"llm_label": "TASK_2", "label_logprob": 0.0, "p_task_1": 0.0, "uncertainty": 0.0}, "Legal Secretaries and Administrative Assistants_766_769": {"llm_label": "TASK_2", "label_logprob": 0.0, "p_task_1": 0.0, "uncertainty": 0.0}, "Legal Secretaries and Administrative Assistants_766_770": {"llm_label": "TASK_2", "label_logprob": 0.0, "p_task_1": 0.0, "uncertainty": 0.0}, "Legal Secretaries and Administrative Assistants_766_771": {"llm_label": "TASK_2", "label_logprob": -5.1e-05, "p_task_1": 5.09986995220757e-05, "uncertainty": 0.0005550537772008165}, "Legal Secretaries and Administrative Assistants_766_772": {"llm_label": "TASK_2", "label_logprob": 0.0, "p_task_1": 0.0, "uncertainty": 0.0}, "Legal Secretaries and Administrative Assistants_766_773": {"llm_label": "TASK_2", "label_logprob": -0.000368, "p_task_1": 0.00036793229630527335, "uncertainty": 0.003277330300400403}, "Legal Secretaries and Administrative Assistants_766_774": {"llm_label": "TASK_2", "label_logprob": -1e-06, "p_task_1": 9.999994999843054e-07, "uncertainty": 1.4815503149992376e-05}, "Legal Secretaries and Administrative Assistants_766_18780": {"llm_label": "TASK_2", "label_logprob": -0.00572, "p_task_1": 0.005703671946988398, "uncertainty": 0.035156223772263774}, "Legal Secretaries and Administrative Assistants_766_21078": {"llm_label": "TASK_2", "label_logprob": 0.0, "p_task_1": 0.0, "uncertainty": 0.0}, "Legal Secretaries and Administrative Assistants_766_21079": {"llm_label": "TASK_2", "label_logprob": -6e-06, "p_task_1": 5.9999820000156134e-06, "uncertainty": 7.814227210513045e-05}, "Legal Secretaries and Administrative Assistants_767_768": {"llm_label": "TASK_2", "label_logprob": -2e-06, "p_task_1": 1.9999979999907325e-06, "uncertainty": 2.8244698509961958e-05}, "Legal Secretaries and Administrative Assistants_767_769": {"llm_label": "TASK_2", "label_logprob": 0.0, "p_task_1": 0.0, "uncertainty": 0.0}, "Legal Secretaries and Administrative Assistants_767_770": {"llm_label": "TASK_2", "label_logprob": 0.0, "p_task_1": 0.0, "uncertainty": 0.0}, "Legal Secretaries and Administrative Assistants_767_771": {"llm_label": "TASK_2", "label_logprob": 0.0, "p_task_1": 0.0, "uncertainty": 0.0}, "Legal Secretaries and Administrative Assistants_767_772": {"llm_label": "TASK_2", "label_logprob": 0.0, "p_task_1": 0.0, "uncertainty": 0.0}, "Legal Secretaries and Administrative Assistants_767_773": {"llm_label": "TASK_2", "label_logprob": -1.1e-05, "p_task_1": 1.0999939500266898e-05, "uncertainty": 0.0001365930168744248}, "Legal Secretaries and Administrative Assistants_767_774": {"llm_label": "TASK_2", "label_logprob": -1e-06, "p_task_1": 9.999994999843054e-07, "uncertainty": 1.4815503149992376e-05}, "Legal Secretaries and Administrative Assistants_767_18780": {"llm_label": "TASK_2", "label_logprob": -1e-06, "p_task_1": 9.999994999843054e-07, "uncertainty": 1.4815503149992376e-05}, "Legal Secretaries and Administrative Assistants_767_21078": {"llm_label": "TASK_2", "label_logprob": 0.0, "p_task_1": 0.0, "uncertainty": 0.0}, "Legal Secretaries and Administrative Assistants_767_21079": {"llm_label": "TASK_2", "label_logprob": 0.0, "p_task_1": 0.0, "uncertainty": 0.0}, "Legal Secretaries and Administrative Assistants_768_769": {"llm_label": "TASK_2", "label_logprob": -0.000128, "p_task_1": 0.00012799180834954793, "uncertainty": 0.0012752438603772032}, "Legal Secretaries and Administrative Assistants_768_770": {"llm_label": "TASK_2", "label_logprob": -6e-06, "p_task_1": 5.9999820000156134e-06, "uncertainty": 7.814227210513045e-05},