{"Proofreaders and Copy Markers_5158_5159": {"llm_label": "EQUAL_TIME", "label_logprob": -0.055521, "p_task_1": 0.5, "uncertainty": 0.6931471805599453}, "Proofreaders and Copy Markers_5158_5160": {"llm_label": "EQUAL_TIME", "label_logprob": -0.087094, "p_task_1": 0.5, "uncertainty": 0.6931471805599453}, "Proofreaders and Copy Markers_5158_5161": {"llm_label": "TASK_2", "label_logprob": -0.712367, "p_task_1": 0.5095181481756756, "uncertainty": 0.6929659793256635}, "Proofreaders and Copy Markers_5158_5162": {"llm_label": "TASK_2", "label_logprob": -0.042854, "p_task_1": 0.04194874466010312, "uncertainty": 0.17408866647969223}, "Proofreaders and Copy Markers_5158_5163": {"llm_label": "TASK_1", "label_logprob": -4e-06, "p_task_1": 0.999996000008, "uncertainty": 5.371675735315082e-05}, "Proofreaders and Copy Markers_5158_5165": {"llm_label": "TASK_2", "label_logprob": -0.39793, "p_task_1": 0.32829095435044353, "uncertainty": 0.6329617040714544}, "Proofreaders and Copy Markers_5158_20907": {"llm_label": "TASK_2", "label_logprob": -0.2539, "p_task_1": 0.224230624894731, "uncertainty": 0.5322106076718408}, "Proofreaders and Copy Markers_5158_20908": {"llm_label": "TASK_2", "label_logprob": -0.008778, "p_task_1": 0.008739585840004449, "uncertainty": 0.050125981092068284}, "Proofreaders and Copy Markers_5158_20909": {"llm_label": "TASK_2", "label_logprob": -0.474811, "p_task_1": 0.37799739615143024, "uncertainty": 0.6630752385036479}, "Proofreaders and Copy Markers_5158_20910": {"llm_label": "TASK_2", "label_logprob": -0.000697, "p_task_1": 0.0006967571519249649, "uncertainty": 0.005761293397719823}, "Proofreaders and Copy Markers_5159_5160": {"llm_label": "EQUAL_TIME", "label_logprob": -0.005896, "p_task_1": 0.5, "uncertainty": 0.6931471805599453}, "Proofreaders and Copy Markers_5159_5161": {"llm_label": "EQUAL_TIME", "label_logprob": -0.1692, "p_task_1": 0.5, "uncertainty": 0.6931471805599453}, "Proofreaders and Copy Markers_5159_5162": {"llm_label": "TASK_1", "label_logprob": -0.101607, "p_task_1": 0.9033845120278247, "uncertainty": 0.31758215257305705}, "Proofreaders and Copy Markers_5159_5163": {"llm_label": "TASK_1", "label_logprob": 0.0, "p_task_1": 1.0, "uncertainty": 0.0}, "Proofreaders and Copy Markers_5159_5165": {"llm_label": "EQUAL_TIME", "label_logprob": -0.013112, "p_task_1": 0.5, "uncertainty": 0.6931471805599453}, "Proofreaders and Copy Markers_5159_20907": {"llm_label": "TASK_1", "label_logprob": -0.053575, "p_task_1": 0.9478348507241466, "uncertainty": 0.20484170776025143}, "Proofreaders and Copy Markers_5159_20908": {"llm_label": "TASK_2", "label_logprob": -0.204828, "p_task_1": 0.18521255219920874, "uncertainty": 0.4792061685388592}, "Proofreaders and Copy Markers_5159_20909": {"llm_label": "TASK_2", "label_logprob": -0.001273, "p_task_1": 0.0012721900792128649, "uncertainty": 0.00975309134154451}, "Proofreaders and Copy Markers_5159_20910": {"llm_label": "EQUAL_TIME", "label_logprob": -0.645352, "p_task_1": 0.5, "uncertainty": 0.6931471805599453}, "Proofreaders and Copy Markers_5160_5161": {"llm_label": "EQUAL_TIME", "label_logprob": -0.003041, "p_task_1": 0.5, "uncertainty": 0.6931471805599453}, "Proofreaders and Copy Markers_5160_5162": {"llm_label": "TASK_1", "label_logprob": -0.216487, "p_task_1": 0.8053430043136764, "uncertainty": 0.49290563065748094}, "Proofreaders and Copy Markers_5160_5163": {"llm_label": "TASK_1", "label_logprob": 0.0, "p_task_1": 1.0, "uncertainty": 0.0}, "Proofreaders and Copy Markers_5160_5165": {"llm_label": "EQUAL_TIME", "label_logprob": -0.234628, "p_task_1": 0.5, "uncertainty": 0.6931471805599453}, "Proofreaders and Copy Markers_5160_20907": {"llm_label": "TASK_1", "label_logprob": -0.010767, "p_task_1": 0.9892907566699554, "uncertainty": 0.059235761423811636}, "Proofreaders and Copy Markers_5160_20908": {"llm_label": "CANNOT_DECIDE", "label_logprob": -0.315085, "p_task_1": 0.5, "uncertainty": 0.6931471805599453}, "Proofreaders and Copy Markers_5160_20909": {"llm_label": "TASK_2", "label_logprob": -0.066075, "p_task_1": 0.06393934289040082, "uncertainty": 0.2376719181524108}, "Proofreaders and Copy Markers_5160_20910": {"llm_label": "TASK_2", "label_logprob": -0.421273, "p_task_1": 0.34378906863069025, "uncertainty": 0.6435168124741558}, "Proofreaders and Copy Markers_5161_5162": {"llm_label": "TASK_2", "label_logprob": -0.016632, "p_task_1": 0.016494451910352814, "uncertainty": 0.08406295570000849}, "Proofreaders and Copy Markers_5161_5163": {"llm_label": "TASK_1", "label_logprob": -1e-06, "p_task_1": 0.9999990000005, "uncertainty": 1.4815503149992376e-05}, "Proofreaders and Copy Markers_5161_5165": {"llm_label": "EQUAL_TIME", "label_logprob": -0.473295, "p_task_1": 0.5, "uncertainty": 0.6931471805599453}, "Proofreaders and Copy Markers_5161_20907": {"llm_label": "TASK_2", "label_logprob": -0.053767, "p_task_1": 0.0523471160978185, "uncertainty": 0.20536903442341492}, "Proofreaders and Copy Markers_5161_20908": {"llm_label": "CANNOT_DECIDE", "label_logprob": -0.049121, "p_task_1": 0.5, "uncertainty": 0.6931471805599453}, "Proofreaders and Copy Markers_5161_20909": {"llm_label": "TASK_2", "label_logprob": -0.007049, "p_task_1": 0.0070242140723622, "uncertainty": 0.04182829279726917}, "Proofreaders and Copy Markers_5161_20910": {"llm_label": "TASK_2", "label_logprob": -0.800031, "p_task_1": 0.5506849648647657, "uncertainty": 0.688000413418006}, "Proofreaders and Copy Markers_5162_5163": {"llm_label": "TASK_1", "label_logprob": -7e-06, "p_task_1": 0.9999930000245, "uncertainty": 9.008688755748087e-05}, "Proofreaders and Copy Markers_5162_5165": {"llm_label": "TASK_2", "label_logprob": -0.288945, "p_task_1": 0.2509465977931318, "uncertainty": 0.5633727011331925}, "Proofreaders and Copy Markers_5162_20907": {"llm_label": "TASK_2", "label_logprob": -0.194316, "p_task_1": 0.17660233050991148, "uncertainty": 0.4662021389933332}, "Proofreaders and Copy Markers_5162_20908": {"llm_label": "TASK_2", "label_logprob": -0.315088, "p_task_1": 0.27027534432621925, "uncertainty": 0.5835325115276067}, "Proofreaders and Copy Markers_5162_20909": {"llm_label": "TASK_2", "label_logprob": -0.089498, "p_task_1": 0.08560990609733643, "uncertainty": 0.2922613194776592}, "Proofreaders and Copy Markers_5162_20910": {"llm_label": "TASK_2", "label_logprob": -0.195008, "p_task_1": 0.17717192459491538, "uncertainty": 0.467077936559728}, "Proofreaders and Copy Markers_5163_5165": {"llm_label": "TASK_2", "label_logprob": -1e-06, "p_task_1": 9.999994999843054e-07, "uncertainty": 1.4815503149992376e-05}, "Proofreaders and Copy Markers_5163_20907": {"llm_label": "TASK_2", "label_logprob": -2e-06, "p_task_1": 1.9999979999907325e-06, "uncertainty": 2.8244698509961958e-05}, "Proofreaders and Copy Markers_5163_20908": {"llm_label": "TASK_2", "label_logprob": -9e-06, "p_task_1": 8.999959500100019e-06, "uncertainty": 0.0001135640627863842}, "Proofreaders and Copy Markers_5163_20909": {"llm_label": "TASK_2", "label_logprob": -0.000711, "p_task_1": 0.0007107472993935771, "uncertainty": 0.005862839437695975}, "Proofreaders and Copy Markers_5163_20910": {"llm_label": "TASK_2", "label_logprob": -1e-06, "p_task_1": 9.999994999843054e-07, "uncertainty": 1.4815503149992376e-05}, "Proofreaders and Copy Markers_5165_20907": {"llm_label": "TASK_2", "label_logprob": -0.052335, "p_task_1": 0.0509891050642346, "uncertainty": 0.201417368355234}, "Proofreaders and Copy Markers_5165_20908": {"llm_label": "TASK_2", "label_logprob": -0.251933, "p_task_1": 0.2227031847890385, "uncertainty": 0.5303080623048726}, "Proofreaders and Copy Markers_5165_20909": {"llm_label": "TASK_2", "label_logprob": -0.001294, "p_task_1": 0.0012931631430032065, "uncertainty": 0.009892720225177268}, "Proofreaders and Copy Markers_5165_20910": {"llm_label": "TASK_2", "label_logprob": -0.000787, "p_task_1": 0.0007866903967246319, "uncertainty": 0.006409388772627108}, "Proofreaders and Copy Markers_20907_20908": {"llm_label": "TASK_2", "label_logprob": -0.160227,