{"Data Entry Keyers_11401_11402": {"llm_label": "TASK_2", "label_logprob": -0.148044, "p_task_1": 0.13760683119219097, "uncertainty": 0.40059529097680413}, "Data Entry Keyers_11401_11403": {"llm_label": "EQUAL_TIME", "label_logprob": -0.169928, "p_task_1": 0.5, "uncertainty": 0.6931471805599453}, "Data Entry Keyers_11401_11404": {"llm_label": "TASK_1", "label_logprob": 0.0, "p_task_1": 1.0, "uncertainty": 0.0}, "Data Entry Keyers_11401_11405": {"llm_label": "TASK_1", "label_logprob": -0.004359, "p_task_1": 0.9956504866513899, "uncertainty": 0.027991351427276108}, "Data Entry Keyers_11401_11406": {"llm_label": "TASK_1", "label_logprob": -4e-06, "p_task_1": 0.999996000008, "uncertainty": 5.371675735315082e-05}, "Data Entry Keyers_11401_11407": {"llm_label": "TASK_1", "label_logprob": -1e-06, "p_task_1": 0.9999990000005, "uncertainty": 1.4815503149992376e-05}, "Data Entry Keyers_11401_11408": {"llm_label": "TASK_1", "label_logprob": -2e-06, "p_task_1": 0.999998000002, "uncertainty": 2.8244698509961958e-05}, "Data Entry Keyers_11401_11409": {"llm_label": "CANNOT_DECIDE", "label_logprob": -0.386958, "p_task_1": 0.5, "uncertainty": 0.6931471805599453}, "Data Entry Keyers_11402_11403": {"llm_label": "EQUAL_TIME", "label_logprob": -0.003979, "p_task_1": 0.5, "uncertainty": 0.6931471805599453}, "Data Entry Keyers_11402_11404": {"llm_label": "TASK_1", "label_logprob": -1e-06, "p_task_1": 0.9999990000005, "uncertainty": 1.4815503149992376e-05}, "Data Entry Keyers_11402_11405": {"llm_label": "TASK_1", "label_logprob": -0.038534, "p_task_1": 0.96219898941802, "uncertainty": 0.1608915408359069}, "Data Entry Keyers_11402_11406": {"llm_label": "TASK_1", "label_logprob": -2.2e-05, "p_task_1": 0.9999780002419982, "uncertainty": 0.0002579354610012207}, "Data Entry Keyers_11402_11407": {"llm_label": "TASK_1", "label_logprob": 0.0, "p_task_1": 1.0, "uncertainty": 0.0}, "Data Entry Keyers_11402_11408": {"llm_label": "TASK_1", "label_logprob": -1e-06, "p_task_1": 0.9999990000005, "uncertainty": 1.4815503149992376e-05}, "Data Entry Keyers_11402_11409": {"llm_label": "CANNOT_DECIDE", "label_logprob": -0.411875, "p_task_1": 0.5, "uncertainty": 0.6931471805599453}, "Data Entry Keyers_11403_11404": {"llm_label": "TASK_1", "label_logprob": -1e-06, "p_task_1": 0.9999990000005, "uncertainty": 1.4815503149992376e-05}, "Data Entry Keyers_11403_11405": {"llm_label": "EQUAL_TIME", "label_logprob": -0.18347, "p_task_1": 0.5, "uncertainty": 0.6931471805599453}, "Data Entry Keyers_11403_11406": {"llm_label": "TASK_1", "label_logprob": -1.9e-05, "p_task_1": 0.9999810001804988, "uncertainty": 0.00022554821728270377}, "Data Entry Keyers_11403_11407": {"llm_label": "TASK_1", "label_logprob": -2e-06, "p_task_1": 0.999998000002, "uncertainty": 2.8244698509961958e-05}, "Data Entry Keyers_11403_11408": {"llm_label": "TASK_1", "label_logprob": -2.4e-05, "p_task_1": 0.9999760002879977, "uncertainty": 0.0002792956099024647}, "Data Entry Keyers_11403_11409": {"llm_label": "TASK_2", "label_logprob": -0.03371, "p_task_1": 0.033148148977887426, "uncertainty": 0.14552064241001572}, "Data Entry Keyers_11404_11405": {"llm_label": "TASK_2", "label_logprob": -0.000114, "p_task_1": 0.00011399350224694516, "uncertainty": 0.0011489760876716034}, "Data Entry Keyers_11404_11406": {"llm_label": "EQUAL_TIME", "label_logprob": -0.030729, "p_task_1": 0.5, "uncertainty": 0.6931471805599453}, "Data Entry Keyers_11404_11407": {"llm_label": "EQUAL_TIME", "label_logprob": -0.031679, "p_task_1": 0.5, "uncertainty": 0.6931471805599453}, "Data Entry Keyers_11404_11408": {"llm_label": "EQUAL_TIME", "label_logprob": -0.000375, "p_task_1": 0.5, "uncertainty": 0.6931471805599453}, "Data Entry Keyers_11404_11409": {"llm_label": "TASK_2", "label_logprob": -0.061971, "p_task_1": 0.06008985620996954, "uncertainty": 0.22721469348961648}, "Data Entry Keyers_11405_11406": {"llm_label": "TASK_1", "label_logprob": -0.193532, "p_task_1": 0.8240434663822719, "uncertainty": 0.4652064742267228}, "Data Entry Keyers_11405_11407": {"llm_label": "TASK_1", "label_logprob": -0.000283, "p_task_1": 0.9997170400407227, "uncertainty": 0.002594760840838868}, "Data Entry Keyers_11405_11408": {"llm_label": "TASK_1", "label_logprob": -0.000149, "p_task_1": 0.9998510110999487, "uncertainty": 0.0014618141658290095}, "Data Entry Keyers_11405_11409": {"llm_label": "TASK_2", "label_logprob": -0.326569, "p_task_1": 0.27860540289590685, "uncertainty": 0.5916313454501818}, "Data Entry Keyers_11406_11407": {"llm_label": "TASK_1", "label_logprob": -0.008325, "p_task_1": 0.9917095568507488, "uncertainty": 0.0479891898019879}, "Data Entry Keyers_11406_11408": {"llm_label": "TASK_1", "label_logprob": -0.018212, "p_task_1": 0.9819528362890039, "uncertainty": 0.09033847770296895}, "Data Entry Keyers_11406_11409": {"llm_label": "TASK_2", "label_logprob": -0.004079, "p_task_1": 0.004070692179205637, "uncertainty": 0.026467250218282612}, "Data Entry Keyers_11407_11408": {"llm_label": "EQUAL_TIME", "label_logprob": -0.01202, "p_task_1": 0.5, "uncertainty": 0.6931471805599453}, "Data Entry Keyers_11407_11409": {"llm_label": "TASK_2", "label_logprob": -0.004095, "p_task_1": 0.004086626920652425, "uncertainty": 0.026554857841604582}, "Data Entry Keyers_11408_11409": {"llm_label": "TASK_2", "label_logprob": -0.003439, "p_task_1": 0.0034330934123583123, "uncertainty": 0.02290757341436127}}