{"Statistical Assistants_9788_9789": {"llm_label": "TASK_1", "label_logprob": -2e-06, "p_task_1": 0.999998000002, "uncertainty": 2.8244698509961958e-05}, "Statistical Assistants_9788_9790": {"llm_label": "TASK_2", "label_logprob": -0.690404, "p_task_1": 0.498626526738739, "uncertainty": 0.6931434076976017}, "Statistical Assistants_9788_9791": {"llm_label": "TASK_1", "label_logprob": -0.277545, "p_task_1": 0.7576414699697023, "uncertainty": 0.553783342781137}, "Statistical Assistants_9788_9792": {"llm_label": "TASK_1", "label_logprob": -0.019742, "p_task_1": 0.9804515971902464, "uncertainty": 0.09627633681887254}, "Statistical Assistants_9788_9793": {"llm_label": "TASK_1", "label_logprob": -0.192726, "p_task_1": 0.8247079131522536, "uncertainty": 0.46417905359686756}, "Statistical Assistants_9788_9794": {"llm_label": "TASK_1", "label_logprob": -1.3e-05, "p_task_1": 0.9999870000844996, "uncertainty": 0.00015925626043919854}, "Statistical Assistants_9788_9795": {"llm_label": "TASK_1", "label_logprob": -7.5e-05, "p_task_1": 0.9999250028124297, "uncertainty": 0.0007873221583997021}, "Statistical Assistants_9788_9796": {"llm_label": "TASK_1", "label_logprob": -1.8e-05, "p_task_1": 0.999982000161999, "uncertainty": 0.0002146505665408007}, "Statistical Assistants_9788_9797": {"llm_label": "TASK_1", "label_logprob": -1.9e-05, "p_task_1": 0.9999810001804988, "uncertainty": 0.00022554821728270377}, "Statistical Assistants_9788_9798": {"llm_label": "TASK_1", "label_logprob": -3.2e-05, "p_task_1": 0.9999680005119945, "uncertainty": 0.0003631869779441248}, "Statistical Assistants_9788_9799": {"llm_label": "TASK_1", "label_logprob": -0.000543, "p_task_1": 0.9994571473978198, "uncertainty": 0.004624236285149213}, "Statistical Assistants_9788_9800": {"llm_label": "CANNOT_DECIDE", "label_logprob": -0.079106, "p_task_1": 0.5, "uncertainty": 0.6931471805599453}, "Statistical Assistants_9788_9801": {"llm_label": "TASK_1", "label_logprob": -9.2e-05, "p_task_1": 0.9999080042318702, "uncertainty": 0.000946978860581264}, "Statistical Assistants_9789_9790": {"llm_label": "TASK_2", "label_logprob": -0.000941, "p_task_1": 0.0009405573983403137, "uncertainty": 0.0074948950742317055}, "Statistical Assistants_9789_9791": {"llm_label": "TASK_2", "label_logprob": 0.0, "p_task_1": 0.0, "uncertainty": 0.0}, "Statistical Assistants_9789_9792": {"llm_label": "TASK_2", "label_logprob": -0.014552, "p_task_1": 0.014446631375277352, "uncertainty": 0.07555639727521057}, "Statistical Assistants_9789_9793": {"llm_label": "TASK_2", "label_logprob": -0.000266, "p_task_1": 0.00026596462513661656, "uncertainty": 0.002455389209823878}, "Statistical Assistants_9789_9794": {"llm_label": "TASK_2", "label_logprob": -0.593012, "p_task_1": 0.4473398371012647, "uncertainty": 0.6875906958896667}, "Statistical Assistants_9789_9795": {"llm_label": "CANNOT_DECIDE", "label_logprob": -0.198319, "p_task_1": 0.5, "uncertainty": 0.6931471805599453}, "Statistical Assistants_9789_9796": {"llm_label": "TASK_1", "label_logprob": -0.319571, "p_task_1": 0.7264606218407493, "uncertainty": 0.5867474935692674}, "Statistical Assistants_9789_9797": {"llm_label": "EQUAL_TIME", "label_logprob": -0.577297, "p_task_1": 0.5, "uncertainty": 0.6931471805599453}, "Statistical Assistants_9789_9798": {"llm_label": "TASK_2", "label_logprob": -0.039851, "p_task_1": 0.039067392555470204, "uncertainty": 0.1649688607702696}, "Statistical Assistants_9789_9799": {"llm_label": "EQUAL_TIME", "label_logprob": -0.62995, "p_task_1": 0.5, "uncertainty": 0.6931471805599453}, "Statistical Assistants_9789_9800": {"llm_label": "TASK_2", "label_logprob": -0.000159, "p_task_1": 0.00015898736016994874, "uncertainty": 0.0015495872152828344}, "Statistical Assistants_9789_9801": {"llm_label": "TASK_2", "label_logprob": -0.216314, "p_task_1": 0.19451765929432685, "uncertainty": 0.49270770696939115}, "Statistical Assistants_9790_9791": {"llm_label": "TASK_2", "label_logprob": -0.001799, "p_task_1": 0.0017973827694446332, "uncertainty": 0.013157784525659735}, "Statistical Assistants_9790_9792": {"llm_label": "TASK_1", "label_logprob": -0.097796, "p_task_1": 0.9068338789971201, "uncertainty": 0.3098025080924073}, "Statistical Assistants_9790_9793": {"llm_label": "CANNOT_DECIDE", "label_logprob": -0.402727, "p_task_1": 0.5, "uncertainty": 0.6931471805599453}, "Statistical Assistants_9790_9794": {"llm_label": "TASK_1", "label_logprob": -1.4e-05, "p_task_1": 0.9999860000979995, "uncertainty": 0.0001704691519101948}, "Statistical Assistants_9790_9795": {"llm_label": "TASK_1", "label_logprob": -0.000194, "p_task_1": 0.9998060188167832, "uncertainty": 0.0018520649095856278}, "Statistical Assistants_9790_9796": {"llm_label": "TASK_1", "label_logprob": -1.5e-05, "p_task_1": 0.9999850001124995, "uncertainty": 0.00018161054327026476}, "Statistical Assistants_9790_9797": {"llm_label": "TASK_1", "label_logprob": -1e-06, "p_task_1": 0.9999990000005, "uncertainty": 1.4815503149992376e-05}, "Statistical Assistants_9790_9798": {"llm_label": "TASK_1", "label_logprob": -6.5e-05, "p_task_1": 0.9999350021124542, "uncertainty": 0.0006916505348500037}, "Statistical Assistants_9790_9799": {"llm_label": "TASK_1", "label_logprob": -2.5e-05, "p_task_1": 0.9999750003124974, "uncertainty": 0.0002899122444096467}, "Statistical Assistants_9790_9800": {"llm_label": "TASK_1", "label_logprob": -0.649878, "p_task_1": 0.5221094702310036, "uncertainty": 0.6921692043580738}, "Statistical Assistants_9790_9801": {"llm_label": "TASK_1", "label_logprob": -0.000145, "p_task_1": 0.9998550105119919, "uncertainty": 0.0014265192132388088}, "Statistical Assistants_9791_9792": {"llm_label": "TASK_1", "label_logprob": -0.000705, "p_task_1": 0.9992952484541099, "uncertainty": 0.00581935394368653}, "Statistical Assistants_9791_9793": {"llm_label": "CANNOT_DECIDE", "label_logprob": -0.015084, "p_task_1": 0.5, "uncertainty": 0.6931471805599453}, "Statistical Assistants_9791_9794": {"llm_label": "TASK_1", "label_logprob": -8e-06, "p_task_1": 0.999992000032, "uncertainty": 0.00010188814457675767}, "Statistical Assistants_9791_9795": {"llm_label": "TASK_1", "label_logprob": -0.000118, "p_task_1": 0.9998820069617261, "uncertainty": 0.0011852195308940522}, "Statistical Assistants_9791_9796": {"llm_label": "TASK_1", "label_logprob": -1.5e-05, "p_task_1": 0.9999850001124995, "uncertainty": 0.00018161054327026476}, "Statistical Assistants_9791_9797": {"llm_label": "TASK_1", "label_logprob": -4e-06, "p_task_1": 0.999996000008, "uncertainty": 5.371675735315082e-05}, "Statistical Assistants_9791_9798": {"llm_label": "TASK_1", "label_logprob": -1.1e-05, "p_task_1": 0.9999890000604997, "uncertainty": 0.0001365930168744248}, "Statistical Assistants_9791_9799": {"llm_label": "TASK_1", "label_logprob": -1e-06, "p_task_1": 0.9999990000005, "uncertainty": 1.4815503149992376e-05}, "Statistical Assistants_9791_9800": {"llm_label": "TASK_1", "label_logprob": -0.070074, "p_task_1": 0.9323248253161065, "uncertainty": 0.2475834022181515}, "Statistical Assistants_9791_9801": {"llm_label": "TASK_1", "label_logprob": -2e-06, "p_task_1": 0.999998000002, "uncertainty": 2.8244698509961958e-05}, "Statistical Assistants_9792_9793": {"llm_label": "TASK_2", "label_logprob": -0.004085, "p_task_1": 0.004076667737125894, "uncertainty": 0.0265001105678579}, "Statistical Assistants_9792_9794": {"llm_label": "TASK_1", "label_logprob": -0.086922, "p_task_1": 0.9167485992352159, "uncertainty": 0.2866394733849691}, "Statistical Assistants_9792_9795": {"llm_label": "TASK_2", "label_logprob": -0.023801, "p_task_1": 0.023519990053621265, "uncertainty": 0.11143891911312763}, "Statistical Assistants_9792_9796": {"llm_label": "TASK_1", "label_logprob": -0.038512, "p_task_1": 0.962220158028641, "uncertainty": 0.16082301430717988}, "Statistical Assistants_9792_9797": {"llm_label": "EQUAL_TIME", "label_logprob": -0.499783, "p_task_1": 0.5, "uncertainty": 0.6931471805599453}, "Statistical Assistants_9792_9798": {"llm_label": "EQUAL_TIME",