{"Agricultural Inspectors_14846_14847": {"llm_label": "EQUAL_TIME", "label_logprob": -0.351993, "p_task_1": 0.5, "uncertainty": 0.6931471805599453}, "Agricultural Inspectors_14846_14848": {"llm_label": "TASK_1", "label_logprob": -0.000301, "p_task_1": 0.9996990452959552, "uncertainty": 0.002741215915702228}, "Agricultural Inspectors_14846_14849": {"llm_label": "TASK_1", "label_logprob": -0.000733, "p_task_1": 0.9992672685788733, "uncertainty": 0.006021854176735476}, "Agricultural Inspectors_14846_14850": {"llm_label": "TASK_1", "label_logprob": -0.001022, "p_task_1": 0.998978522064135, "uncertainty": 0.0080553687004491}, "Agricultural Inspectors_14846_14851": {"llm_label": "TASK_1", "label_logprob": -0.210472, "p_task_1": 0.8102017404844851, "uncertainty": 0.4859303066444397}, "Agricultural Inspectors_14846_14852": {"llm_label": "TASK_1", "label_logprob": -9.8e-05, "p_task_1": 0.9999020048018431, "uncertainty": 0.0010025440963472379}, "Agricultural Inspectors_14846_14853": {"llm_label": "TASK_2", "label_logprob": -0.01045, "p_task_1": 0.010395588448508075, "uncertainty": 0.05781150831268293}, "Agricultural Inspectors_14846_14854": {"llm_label": "EQUAL_TIME", "label_logprob": -0.316763, "p_task_1": 0.5, "uncertainty": 0.6931471805599453}, "Agricultural Inspectors_14846_14855": {"llm_label": "TASK_1", "label_logprob": -1.4e-05, "p_task_1": 0.9999860000979995, "uncertainty": 0.0001704691519101948}, "Agricultural Inspectors_14846_14856": {"llm_label": "TASK_1", "label_logprob": -0.001838, "p_task_1": 0.9981636880876066, "uncertainty": 0.013403382771405199}, "Agricultural Inspectors_14846_14857": {"llm_label": "TASK_1", "label_logprob": -2e-06, "p_task_1": 0.999998000002, "uncertainty": 2.8244698509961958e-05}, "Agricultural Inspectors_14846_14863": {"llm_label": "TASK_1", "label_logprob": -0.000388, "p_task_1": 0.9996120752622658, "uncertainty": 0.0034348816170243243}, "Agricultural Inspectors_14846_14864": {"llm_label": "TASK_1", "label_logprob": -1.1e-05, "p_task_1": 0.9999890000604997, "uncertainty": 0.0001365930168744248}, "Agricultural Inspectors_14846_14866": {"llm_label": "TASK_2", "label_logprob": -0.008396, "p_task_1": 0.008360852028242882, "uncertainty": 0.04832574825251447}, "Agricultural Inspectors_14846_14868": {"llm_label": "TASK_1", "label_logprob": -0.116652, "p_task_1": 0.8898948226830439, "uncertainty": 0.3467351789756716}, "Agricultural Inspectors_14847_14848": {"llm_label": "TASK_1", "label_logprob": -0.001029, "p_task_1": 0.9989715292389555, "uncertainty": 0.008103493771798153}, "Agricultural Inspectors_14847_14849": {"llm_label": "TASK_1", "label_logprob": -0.00051, "p_task_1": 0.9994901300278943, "uncertainty": 0.004375245137628914}, "Agricultural Inspectors_14847_14850": {"llm_label": "TASK_1", "label_logprob": -0.070079, "p_task_1": 0.9323201637036339, "uncertainty": 0.24759562927768247}, "Agricultural Inspectors_14847_14851": {"llm_label": "TASK_1", "label_logprob": -0.706541, "p_task_1": 0.4933477393170952, "uncertainty": 0.6930586728043202}, "Agricultural Inspectors_14847_14852": {"llm_label": "TASK_1", "label_logprob": -0.000737, "p_task_1": 0.999263271517793, "uncertainty": 0.006050694066713193}, "Agricultural Inspectors_14847_14853": {"llm_label": "TASK_2", "label_logprob": -0.000719, "p_task_1": 0.0007187415814380316, "uncertainty": 0.005920741028996271}, "Agricultural Inspectors_14847_14854": {"llm_label": "CANNOT_DECIDE", "label_logprob": -0.017354, "p_task_1": 0.5, "uncertainty": 0.6931471805599453}, "Agricultural Inspectors_14847_14855": {"llm_label": "TASK_1", "label_logprob": -0.001723, "p_task_1": 0.998278483512347, "uncertainty": 0.012676711068236602}, "Agricultural Inspectors_14847_14856": {"llm_label": "TASK_1", "label_logprob": -0.001067, "p_task_1": 0.9989335690420927, "uncertainty": 0.008363916003117458}, "Agricultural Inspectors_14847_14857": {"llm_label": "TASK_1", "label_logprob": -7e-06, "p_task_1": 0.9999930000245, "uncertainty": 9.008688755748087e-05}, "Agricultural Inspectors_14847_14863": {"llm_label": "TASK_1", "label_logprob": -0.004599, "p_task_1": 0.9954115592070337, "uncertainty": 0.029283049546837598}, "Agricultural Inspectors_14847_14864": {"llm_label": "TASK_1", "label_logprob": -0.000107, "p_task_1": 0.9998930057242958, "uncertainty": 0.001085208884754943}, "Agricultural Inspectors_14847_14866": {"llm_label": "TASK_2", "label_logprob": -0.011914, "p_task_1": 0.011843309316769357, "uncertainty": 0.06430972639214587}, "Agricultural Inspectors_14847_14868": {"llm_label": "TASK_2", "label_logprob": -0.02329, "p_task_1": 0.02302088125710189, "uncertainty": 0.10957372694577365}, "Agricultural Inspectors_14848_14849": {"llm_label": "TASK_2", "label_logprob": -0.000582, "p_task_1": 0.0005818306708514909, "uncertainty": 0.00491591068359955}, "Agricultural Inspectors_14848_14850": {"llm_label": "TASK_2", "label_logprob": -0.000103, "p_task_1": 0.00010299469568209041, "uncertainty": 0.001048566499626208}, "Agricultural Inspectors_14848_14851": {"llm_label": "TASK_2", "label_logprob": -1e-06, "p_task_1": 9.999994999843054e-07, "uncertainty": 1.4815503149992376e-05}, "Agricultural Inspectors_14848_14852": {"llm_label": "EQUAL_TIME", "label_logprob": -0.216438, "p_task_1": 0.5, "uncertainty": 0.6931471805599453}, "Agricultural Inspectors_14848_14853": {"llm_label": "TASK_2", "label_logprob": -2e-06, "p_task_1": 1.9999979999907325e-06, "uncertainty": 2.8244698509961958e-05}, "Agricultural Inspectors_14848_14854": {"llm_label": "TASK_2", "label_logprob": -0.000918, "p_task_1": 0.0009175787669072344, "uncertainty": 0.007334494471814023}, "Agricultural Inspectors_14848_14855": {"llm_label": "TASK_1", "label_logprob": -0.169851, "p_task_1": 0.843790532019623, "uncertainty": 0.43333051390418814}, "Agricultural Inspectors_14848_14856": {"llm_label": "TASK_2", "label_logprob": -0.16209, "p_task_1": 0.14963533172399213, "uncertainty": 0.4220760119793177}, "Agricultural Inspectors_14848_14857": {"llm_label": "TASK_1", "label_logprob": -0.002941, "p_task_1": 0.9970633205039281, "uncertainty": 0.020054601839446445}, "Agricultural Inspectors_14848_14863": {"llm_label": "TASK_2", "label_logprob": -0.002239, "p_task_1": 0.0022364953091830175, "uncertainty": 0.01588297722212647}, "Agricultural Inspectors_14848_14864": {"llm_label": "TASK_1", "label_logprob": -0.023324, "p_task_1": 0.9769459020175484, "uncertainty": 0.10969820082748011}, "Agricultural Inspectors_14848_14866": {"llm_label": "TASK_2", "label_logprob": -0.000204, "p_task_1": 0.00020397919341486048, "uncertainty": 0.0019372700671688274}, "Agricultural Inspectors_14848_14868": {"llm_label": "TASK_2", "label_logprob": -0.001946, "p_task_1": 0.0019441077696258358, "uncertainty": 0.014079188522060505}, "Agricultural Inspectors_14849_14850": {"llm_label": "TASK_2", "label_logprob": -0.00343, "p_task_1": 0.003424124269837958, "uncertainty": 0.022856698944884537}, "Agricultural Inspectors_14849_14851": {"llm_label": "TASK_2", "label_logprob": -2.9e-05, "p_task_1": 2.8999579504085382e-05, "uncertainty": 0.000331993413184829}, "Agricultural Inspectors_14849_14852": {"llm_label": "TASK_1", "label_logprob": -0.011437, "p_task_1": 0.9886281538597148, "uncertainty": 0.062214312826620405}, "Agricultural Inspectors_14849_14853": {"llm_label": "TASK_2", "label_logprob": -9.2e-05, "p_task_1": 9.199576812979338e-05, "uncertainty": 0.000946978860581264}, "Agricultural Inspectors_14849_14854": {"llm_label": "TASK_2", "label_logprob": -6e-05, "p_task_1": 5.999820003599332e-05, "uncertainty": 0.0006432506620406343}, "Agricultural Inspectors_14849_14855": {"llm_label": "TASK_1", "label_logprob": -0.697493, "p_task_1": 0.49783180498439994, "uncertainty": 0.6931377783912269}, "Agricultural Inspectors_14849_14856": {"llm_label": "TASK_1", "label_logprob": -0.694516, "p_task_1": 0.49931605848298466, "uncertainty": 0.6931462450076562}, "Agricultural Inspectors_14849_14857": {"llm_label": "TASK_1", "label_logprob": -6e-06, "p_task_1": 0.999994000018,