{"Log Graders and Scalers_9811_9812": {"llm_label": "TASK_1", "label_logprob": -0.016612, "p_task_1": 0.9835252183973114, "uncertainty": 0.08398252960074219}, "Log Graders and Scalers_9811_9813": {"llm_label": "TASK_1", "label_logprob": -0.000171, "p_task_1": 0.9998290146196667, "uncertainty": 0.0016540864090397091}, "Log Graders and Scalers_9811_9814": {"llm_label": "TASK_2", "label_logprob": -0.251964, "p_task_1": 0.2227272806168228, "uncertainty": 0.530338179988628}, "Log Graders and Scalers_9811_9815": {"llm_label": "EQUAL_TIME", "label_logprob": -0.06206, "p_task_1": 0.5, "uncertainty": 0.6931471805599453}, "Log Graders and Scalers_9811_9816": {"llm_label": "EQUAL_TIME", "label_logprob": -0.590839, "p_task_1": 0.5, "uncertainty": 0.6931471805599453}, "Log Graders and Scalers_9811_9817": {"llm_label": "EQUAL_TIME", "label_logprob": -0.139415, "p_task_1": 0.5, "uncertainty": 0.6931471805599453}, "Log Graders and Scalers_9811_9818": {"llm_label": "TASK_2", "label_logprob": -0.001933, "p_task_1": 0.00193113295869074, "uncertainty": 0.013998169170008824}, "Log Graders and Scalers_9811_9819": {"llm_label": "TASK_1", "label_logprob": -0.000104, "p_task_1": 0.9998960054078125, "uncertainty": 0.0010577414410560416}, "Log Graders and Scalers_9811_9820": {"llm_label": "TASK_2", "label_logprob": -0.371921, "p_task_1": 0.3105912963394316, "uncertainty": 0.6195729550470421}, "Log Graders and Scalers_9811_9821": {"llm_label": "TASK_2", "label_logprob": -0.0008, "p_task_1": 0.0007996800853162789, "uncertainty": 0.006502117891634207}, "Log Graders and Scalers_9811_21015": {"llm_label": "TASK_2", "label_logprob": -0.315263, "p_task_1": 0.2704030349677051, "uncertainty": 0.5836592958671831}, "Log Graders and Scalers_9812_9813": {"llm_label": "TASK_1", "label_logprob": -0.400528, "p_task_1": 0.6699662104721416, "uncertainty": 0.6342025623690579}, "Log Graders and Scalers_9812_9814": {"llm_label": "TASK_2", "label_logprob": -3e-06, "p_task_1": 2.9999955000192813e-06, "uncertainty": 4.1150633082097105e-05}, "Log Graders and Scalers_9812_9815": {"llm_label": "TASK_2", "label_logprob": -0.018281, "p_task_1": 0.01811491611921512, "uncertainty": 0.09060912455514752}, "Log Graders and Scalers_9812_9816": {"llm_label": "TASK_2", "label_logprob": -0.407212, "p_task_1": 0.3344969113095234, "uncertainty": 0.637317654550206}, "Log Graders and Scalers_9812_9817": {"llm_label": "TASK_2", "label_logprob": -0.005494, "p_task_1": 0.005478935582595823, "uncertainty": 0.033991863968427016}, "Log Graders and Scalers_9812_9818": {"llm_label": "TASK_2", "label_logprob": -0.000125, "p_task_1": 0.00012499218782546784, "uncertainty": 0.0012483215809395145}, "Log Graders and Scalers_9812_9819": {"llm_label": "TASK_1", "label_logprob": -0.000245, "p_task_1": 0.9997550300100492, "uncertainty": 0.00228171230455956}, "Log Graders and Scalers_9812_9820": {"llm_label": "TASK_2", "label_logprob": -0.330378, "p_task_1": 0.28134796838443266, "uncertainty": 0.5942219197476744}, "Log Graders and Scalers_9812_9821": {"llm_label": "TASK_2", "label_logprob": -0.000344, "p_task_1": 0.00034394083878397375, "uncertainty": 0.003086823939341324}, "Log Graders and Scalers_9812_21015": {"llm_label": "TASK_1", "label_logprob": -0.47678, "p_task_1": 0.6207790856705326, "uncertainty": 0.6636814380690814}, "Log Graders and Scalers_9813_9814": {"llm_label": "TASK_2", "label_logprob": 0.0, "p_task_1": 0.0, "uncertainty": 0.0}, "Log Graders and Scalers_9813_9815": {"llm_label": "TASK_2", "label_logprob": -0.000929, "p_task_1": 0.0009285686130965365, "uncertainty": 0.007411279251166008}, "Log Graders and Scalers_9813_9816": {"llm_label": "TASK_2", "label_logprob": -0.577026, "p_task_1": 0.43843401717618313, "uncertainty": 0.6855471670772508}, "Log Graders and Scalers_9813_9817": {"llm_label": "TASK_2", "label_logprob": -0.001021, "p_task_1": 0.0010204789568434292, "uncertainty": 0.008048489758487824}, "Log Graders and Scalers_9813_9818": {"llm_label": "TASK_2", "label_logprob": -8.2e-05, "p_task_1": 8.199663809194124e-05, "uncertainty": 0.0008534858941009366}, "Log Graders and Scalers_9813_9819": {"llm_label": "TASK_1", "label_logprob": -0.009374, "p_task_1": 0.9906697989739646, "uncertainty": 0.052900551431923654}, "Log Graders and Scalers_9813_9820": {"llm_label": "TASK_2", "label_logprob": -0.013504, "p_task_1": 0.013413230037239932, "uncertainty": 0.07115419338367418}, "Log Graders and Scalers_9813_9821": {"llm_label": "TASK_2", "label_logprob": -7e-06, "p_task_1": 6.999975500021627e-06, "uncertainty": 9.008688755748087e-05}, "Log Graders and Scalers_9813_21015": {"llm_label": "TASK_2", "label_logprob": -0.006723, "p_task_1": 0.006700451195668311, "uncertainty": 0.04021760012465522}, "Log Graders and Scalers_9814_9815": {"llm_label": "TASK_1", "label_logprob": -0.199346, "p_task_1": 0.8192663781207926, "uncertainty": 0.47250409125945747}, "Log Graders and Scalers_9814_9816": {"llm_label": "TASK_1", "label_logprob": -7.9e-05, "p_task_1": 0.9999210031204179, "uncertainty": 0.000825206357674103}, "Log Graders and Scalers_9814_9817": {"llm_label": "EQUAL_TIME", "label_logprob": -0.041976, "p_task_1": 0.5, "uncertainty": 0.6931471805599453}, "Log Graders and Scalers_9814_9818": {"llm_label": "TASK_2", "label_logprob": -0.007153, "p_task_1": 0.00712747818427184, "uncertainty": 0.042338828100992876}, "Log Graders and Scalers_9814_9819": {"llm_label": "TASK_1", "label_logprob": 0.0, "p_task_1": 1.0, "uncertainty": 0.0}, "Log Graders and Scalers_9814_9820": {"llm_label": "TASK_1", "label_logprob": -0.000107, "p_task_1": 0.9998930057242958, "uncertainty": 0.001085208884754943}, "Log Graders and Scalers_9814_9821": {"llm_label": "TASK_2", "label_logprob": -0.009623, "p_task_1": 0.009576847097269692, "uncertainty": 0.0540479236888496}, "Log Graders and Scalers_9814_21015": {"llm_label": "TASK_1", "label_logprob": -7.7e-05, "p_task_1": 0.9999230029644239, "uncertainty": 0.0008062902529262152}, "Log Graders and Scalers_9815_9816": {"llm_label": "TASK_1", "label_logprob": -0.478389, "p_task_1": 0.6197810552524752, "uncertainty": 0.6641712088508089}, "Log Graders and Scalers_9815_9817": {"llm_label": "TASK_2", "label_logprob": -0.049115, "p_task_1": 0.04792836483535412, "uncertainty": 0.1923696608476267}, "Log Graders and Scalers_9815_9818": {"llm_label": "TASK_2", "label_logprob": -0.000599, "p_task_1": 0.0005988206353149117, "uncertainty": 0.0050422188405988165}, "Log Graders and Scalers_9815_9819": {"llm_label": "TASK_1", "label_logprob": -5e-06, "p_task_1": 0.9999950000125, "uncertainty": 6.603019815215604e-05}, "Log Graders and Scalers_9815_9820": {"llm_label": "TASK_1", "label_logprob": -0.030443, "p_task_1": 0.970015721387569, "uncertainty": 0.1346875148375465}, "Log Graders and Scalers_9815_9821": {"llm_label": "TASK_2", "label_logprob": -4.1e-05, "p_task_1": 4.0999159511501126e-05, "uncertainty": 0.00045517014709289875}, "Log Graders and Scalers_9815_21015": {"llm_label": "TASK_1", "label_logprob": -0.201872, "p_task_1": 0.8171995227869405, "uncertainty": 0.4756135227374675}, "Log Graders and Scalers_9816_9817": {"llm_label": "TASK_2", "label_logprob": -0.005672, "p_task_1": 0.00565594457779417, "uncertainty": 0.03490970500204218}, "Log Graders and Scalers_9816_9818": {"llm_label": "TASK_2", "label_logprob": -0.002052, "p_task_1": 0.0020498960873223115, "uncertainty": 0.014736581058535266}, "Log Graders and Scalers_9816_9819": {"llm_label": "TASK_1", "label_logprob": -1.9e-05, "p_task_1": 0.9999810001804988, "uncertainty": 0.00022554821728270377}, "Log Graders and Scalers_9816_9820": {"llm_label": "TASK_2", "label_logprob": -0.086856, "p_task_1": 0.08319089336051222, "uncertainty": 0.2864942940481476}, "Log Graders and Scalers_9816_9821": {"llm_label": "TASK_2", "label_logprob": -0.000278, "p_task_1": 0.0002779613615805365, "uncertainty": 0.0025538782608768612}, "Log Graders and Scalers_9816_21015": {"llm_label": "TASK_2", "label_logprob": -0.575982, "p_task_1": 0.4378474361480964, "uncertainty": 0.6854012777519101},