{"Logging Equipment Operators_9802_9803": {"llm_label": "TASK_2", "label_logprob": -6e-06, "p_task_1": 5.9999820000156134e-06, "uncertainty": 7.814227210513045e-05}, "Logging Equipment Operators_9802_9804": {"llm_label": "TASK_2", "label_logprob": -3e-06, "p_task_1": 2.9999955000192813e-06, "uncertainty": 4.1150633082097105e-05}, "Logging Equipment Operators_9802_9805": {"llm_label": "TASK_2", "label_logprob": 0.0, "p_task_1": 0.0, "uncertainty": 0.0}, "Logging Equipment Operators_9802_9806": {"llm_label": "TASK_1", "label_logprob": -0.063302, "p_task_1": 0.9386599555734694, "uncertainty": 0.23063889228892578}, "Logging Equipment Operators_9802_9807": {"llm_label": "TASK_2", "label_logprob": -0.000124, "p_task_1": 0.00012399231231774444, "uncertainty": 0.0012393315549874347}, "Logging Equipment Operators_9802_9808": {"llm_label": "TASK_2", "label_logprob": 0.0, "p_task_1": 0.0, "uncertainty": 0.0}, "Logging Equipment Operators_9802_9809": {"llm_label": "TASK_1", "label_logprob": -1.2e-05, "p_task_1": 0.9999880000719997, "uncertainty": 0.00014796635909808146}, "Logging Equipment Operators_9802_9810": {"llm_label": "TASK_1", "label_logprob": -1.4e-05, "p_task_1": 0.9999860000979995, "uncertainty": 0.0001704691519101948}, "Logging Equipment Operators_9803_9804": {"llm_label": "EQUAL_TIME", "label_logprob": -0.033968, "p_task_1": 0.5, "uncertainty": 0.6931471805599453}, "Logging Equipment Operators_9803_9805": {"llm_label": "TASK_2", "label_logprob": -0.052089, "p_task_1": 0.05075561966655395, "uncertainty": 0.20073413769573872}, "Logging Equipment Operators_9803_9806": {"llm_label": "TASK_1", "label_logprob": -0.000128, "p_task_1": 0.9998720081916505, "uncertainty": 0.0012752438603772032}, "Logging Equipment Operators_9803_9807": {"llm_label": "EQUAL_TIME", "label_logprob": -0.067291, "p_task_1": 0.5, "uncertainty": 0.6931471805599453}, "Logging Equipment Operators_9803_9808": {"llm_label": "TASK_2", "label_logprob": -0.021365, "p_task_1": 0.02113838513232036, "uncertainty": 0.1024370419589864}, "Logging Equipment Operators_9803_9809": {"llm_label": "TASK_1", "label_logprob": 0.0, "p_task_1": 1.0, "uncertainty": 0.0}, "Logging Equipment Operators_9803_9810": {"llm_label": "TASK_1", "label_logprob": 0.0, "p_task_1": 1.0, "uncertainty": 0.0}, "Logging Equipment Operators_9804_9805": {"llm_label": "TASK_2", "label_logprob": -0.01391, "p_task_1": 0.013813702964339591, "uncertainty": 0.07286942888860642}, "Logging Equipment Operators_9804_9806": {"llm_label": "TASK_1", "label_logprob": -2e-05, "p_task_1": 0.9999800001999987, "uncertainty": 0.00023639320174866763}, "Logging Equipment Operators_9804_9807": {"llm_label": "EQUAL_TIME", "label_logprob": -0.13514, "p_task_1": 0.5, "uncertainty": 0.6931471805599453}, "Logging Equipment Operators_9804_9808": {"llm_label": "TASK_2", "label_logprob": -0.00075, "p_task_1": 0.0007497188202992833, "uncertainty": 0.0061442736405252895}, "Logging Equipment Operators_9804_9809": {"llm_label": "TASK_1", "label_logprob": -2e-06, "p_task_1": 0.999998000002, "uncertainty": 2.8244698509961958e-05}, "Logging Equipment Operators_9804_9810": {"llm_label": "TASK_1", "label_logprob": -3e-06, "p_task_1": 0.9999970000045, "uncertainty": 4.1150633082097105e-05}, "Logging Equipment Operators_9805_9806": {"llm_label": "TASK_1", "label_logprob": -2.8e-05, "p_task_1": 0.9999720003919963, "uncertainty": 0.0003215280679255237}, "Logging Equipment Operators_9805_9807": {"llm_label": "TASK_1", "label_logprob": -0.085103, "p_task_1": 0.9184176825082452, "uncertainty": 0.28261703255745685}, "Logging Equipment Operators_9805_9808": {"llm_label": "TASK_2", "label_logprob": -0.047453, "p_task_1": 0.04634470612185715, "uncertainty": 0.18760843820564344}, "Logging Equipment Operators_9805_9809": {"llm_label": "TASK_1", "label_logprob": -2e-06, "p_task_1": 0.999998000002, "uncertainty": 2.8244698509961958e-05}, "Logging Equipment Operators_9805_9810": {"llm_label": "TASK_1", "label_logprob": -5e-06, "p_task_1": 0.9999950000125, "uncertainty": 6.603019815215604e-05}, "Logging Equipment Operators_9806_9807": {"llm_label": "TASK_2", "label_logprob": -0.007366, "p_task_1": 0.007338937510200871, "uncertainty": 0.043379598924714394}, "Logging Equipment Operators_9806_9808": {"llm_label": "TASK_2", "label_logprob": 0.0, "p_task_1": 0.0, "uncertainty": 0.0}, "Logging Equipment Operators_9806_9809": {"llm_label": "TASK_1", "label_logprob": -0.014504, "p_task_1": 0.9856006763217923, "uncertainty": 0.07535655039697381}, "Logging Equipment Operators_9806_9810": {"llm_label": "TASK_1", "label_logprob": -0.003301, "p_task_1": 0.9967044423104974, "uncertainty": 0.02212482633841087}, "Logging Equipment Operators_9807_9808": {"llm_label": "TASK_2", "label_logprob": -7.1e-05, "p_task_1": 7.099747955963132e-05, "uncertainty": 0.0007492243805800099}, "Logging Equipment Operators_9807_9809": {"llm_label": "TASK_1", "label_logprob": -0.001188, "p_task_1": 0.9988127053926369, "uncertainty": 0.009184298577276265}, "Logging Equipment Operators_9807_9810": {"llm_label": "TASK_1", "label_logprob": -0.000917, "p_task_1": 0.9990834203160136, "uncertainty": 0.007327507486072189}, "Logging Equipment Operators_9808_9809": {"llm_label": "TASK_1", "label_logprob": 0.0, "p_task_1": 1.0, "uncertainty": 0.0}, "Logging Equipment Operators_9808_9810": {"llm_label": "TASK_1", "label_logprob": -2e-06, "p_task_1": 0.999998000002, "uncertainty": 2.8244698509961958e-05}, "Logging Equipment Operators_9809_9810": {"llm_label": "TASK_1", "label_logprob": -0.04089, "p_task_1": 0.9599347169592723, "uncertainty": 0.16815156528755304}}