{"Reinforcing Iron and Rebar Workers_13567_13568": {"llm_label": "EQUAL_TIME", "label_logprob": -0.037107, "p_task_1": 0.5, "uncertainty": 0.6931471805599453}, "Reinforcing Iron and Rebar Workers_13567_13569": {"llm_label": "TASK_1", "label_logprob": -2.4e-05, "p_task_1": 0.9999760002879977, "uncertainty": 0.0002792956099024647}, "Reinforcing Iron and Rebar Workers_13567_13570": {"llm_label": "TASK_1", "label_logprob": -9e-06, "p_task_1": 0.9999910000404999, "uncertainty": 0.0001135640627863842}, "Reinforcing Iron and Rebar Workers_13567_13571": {"llm_label": "TASK_1", "label_logprob": -1.3e-05, "p_task_1": 0.9999870000844996, "uncertainty": 0.00015925626043919854}, "Reinforcing Iron and Rebar Workers_13567_13572": {"llm_label": "TASK_1", "label_logprob": -0.474828, "p_task_1": 0.6219920298941832, "uncertainty": 0.6630805046975776}, "Reinforcing Iron and Rebar Workers_13567_13573": {"llm_label": "TASK_1", "label_logprob": -0.009556, "p_task_1": 0.9904895134770292, "uncertainty": 0.05373985865701698}, "Reinforcing Iron and Rebar Workers_13568_13569": {"llm_label": "TASK_1", "label_logprob": -2e-05, "p_task_1": 0.9999800001999987, "uncertainty": 0.00023639320174866763}, "Reinforcing Iron and Rebar Workers_13568_13570": {"llm_label": "TASK_1", "label_logprob": -5e-06, "p_task_1": 0.9999950000125, "uncertainty": 6.603019815215604e-05}, "Reinforcing Iron and Rebar Workers_13568_13571": {"llm_label": "TASK_1", "label_logprob": -0.000642, "p_task_1": 0.9993582060379055, "uncertainty": 0.005359571491735787}, "Reinforcing Iron and Rebar Workers_13568_13572": {"llm_label": "CANNOT_DECIDE", "label_logprob": -0.171734, "p_task_1": 0.5, "uncertainty": 0.6931471805599453}, "Reinforcing Iron and Rebar Workers_13568_13573": {"llm_label": "TASK_2", "label_logprob": -0.478065, "p_task_1": 0.38001810315104134, "uncertainty": 0.6640729882340677}, "Reinforcing Iron and Rebar Workers_13569_13570": {"llm_label": "TASK_1", "label_logprob": -0.00025, "p_task_1": 0.999750031247396, "uncertainty": 0.0023232219958266615}, "Reinforcing Iron and Rebar Workers_13569_13571": {"llm_label": "TASK_2", "label_logprob": -0.127421, "p_task_1": 0.11963703823890004, "uncertainty": 0.366201190992467}, "Reinforcing Iron and Rebar Workers_13569_13572": {"llm_label": "TASK_2", "label_logprob": -5e-06, "p_task_1": 4.999987500031722e-06, "uncertainty": 6.603019815215604e-05}, "Reinforcing Iron and Rebar Workers_13569_13573": {"llm_label": "TASK_2", "label_logprob": -0.001974, "p_task_1": 0.001972052943373992, "uncertainty": 0.014253394241135437}, "Reinforcing Iron and Rebar Workers_13570_13571": {"llm_label": "TASK_2", "label_logprob": -0.005864, "p_task_1": 0.005846840309858492, "uncertainty": 0.035893312670925194}, "Reinforcing Iron and Rebar Workers_13570_13572": {"llm_label": "TASK_2", "label_logprob": -1e-06, "p_task_1": 9.999994999843054e-07, "uncertainty": 1.4815503149992376e-05}, "Reinforcing Iron and Rebar Workers_13570_13573": {"llm_label": "TASK_2", "label_logprob": 0.0, "p_task_1": 0.0, "uncertainty": 0.0}, "Reinforcing Iron and Rebar Workers_13571_13572": {"llm_label": "TASK_2", "label_logprob": -5.9e-05, "p_task_1": 5.8998259534259745e-05, "uncertainty": 0.0006335217246636567}, "Reinforcing Iron and Rebar Workers_13571_13573": {"llm_label": "TASK_2", "label_logprob": -3e-06, "p_task_1": 2.9999955000192813e-06, "uncertainty": 4.1150633082097105e-05}, "Reinforcing Iron and Rebar Workers_13572_13573": {"llm_label": "TASK_2", "label_logprob": -0.000985, "p_task_1": 0.0009845150467393537, "uncertainty": 0.007800183701725512}}