{"Pile Driver Operators_14901_14902": {"llm_label": "TASK_2", "label_logprob": -0.321353, "p_task_1": 0.2748327782256431, "uncertainty": 0.588006602337178}, "Pile Driver Operators_14901_14903": {"llm_label": "TASK_2", "label_logprob": -6e-06, "p_task_1": 5.9999820000156134e-06, "uncertainty": 7.814227210513045e-05}, "Pile Driver Operators_14901_14904": {"llm_label": "TASK_2", "label_logprob": -0.353309, "p_task_1": 0.29763986943758003, "uncertainty": 0.6088512860820079}, "Pile Driver Operators_14901_14905": {"llm_label": "TASK_1", "label_logprob": -0.163701, "p_task_1": 0.8489958336877232, "uncertainty": 0.4244469686790532}, "Pile Driver Operators_14902_14903": {"llm_label": "TASK_2", "label_logprob": 0.0, "p_task_1": 0.0, "uncertainty": 0.0}, "Pile Driver Operators_14902_14904": {"llm_label": "TASK_2", "label_logprob": -0.10074, "p_task_1": 0.09583191397000101, "uncertainty": 0.31582701818747416}, "Pile Driver Operators_14902_14905": {"llm_label": "TASK_2", "label_logprob": -2.2e-05, "p_task_1": 2.1999758001767233e-05, "uncertainty": 0.0002579354610012207}, "Pile Driver Operators_14903_14904": {"llm_label": "TASK_1", "label_logprob": -0.004294, "p_task_1": 0.9957152060363795, "uncertainty": 0.027639223489933442}, "Pile Driver Operators_14903_14905": {"llm_label": "TASK_1", "label_logprob": -7.5e-05, "p_task_1": 0.9999250028124297, "uncertainty": 0.0007873221583997021}, "Pile Driver Operators_14904_14905": {"llm_label": "TASK_2", "label_logprob": -0.313999, "p_task_1": 0.26948024132118165, "uncertainty": 0.5827411908258897}}