{"Brickmasons and Blockmasons_4768_4769": {"llm_label": "TASK_1", "label_logprob": -1.3e-05, "p_task_1": 0.9999870000844996, "uncertainty": 0.00015925626043919854}, "Brickmasons and Blockmasons_4768_4770": {"llm_label": "TASK_1", "label_logprob": -1.2e-05, "p_task_1": 0.9999880000719997, "uncertainty": 0.00014796635909808146}, "Brickmasons and Blockmasons_4768_4771": {"llm_label": "TASK_1", "label_logprob": -8.8e-05, "p_task_1": 0.9999120038718864, "uncertainty": 0.0009097192612209179}, "Brickmasons and Blockmasons_4768_4772": {"llm_label": "TASK_1", "label_logprob": -2.4e-05, "p_task_1": 0.9999760002879977, "uncertainty": 0.0002792956099024647}, "Brickmasons and Blockmasons_4768_4773": {"llm_label": "TASK_1", "label_logprob": -0.000333, "p_task_1": 0.9996670554383462, "uncertainty": 0.0029989542145875134}, "Brickmasons and Blockmasons_4768_4774": {"llm_label": "TASK_1", "label_logprob": -0.000124, "p_task_1": 0.9998760076876823, "uncertainty": 0.0012393315549874347}, "Brickmasons and Blockmasons_4768_4775": {"llm_label": "TASK_1", "label_logprob": -0.000118, "p_task_1": 0.9998820069617261, "uncertainty": 0.0011852195308940522}, "Brickmasons and Blockmasons_4768_4776": {"llm_label": "TASK_1", "label_logprob": -2.7e-05, "p_task_1": 0.9999730003644968, "uncertainty": 0.00031102699079997}, "Brickmasons and Blockmasons_4768_4777": {"llm_label": "TASK_1", "label_logprob": -3e-05, "p_task_1": 0.9999700004499955, "uncertainty": 0.00034242425890051087}, "Brickmasons and Blockmasons_4768_4778": {"llm_label": "TASK_1", "label_logprob": 0.0, "p_task_1": 1.0, "uncertainty": 0.0}, "Brickmasons and Blockmasons_4768_4779": {"llm_label": "TASK_2", "label_logprob": -0.021041, "p_task_1": 0.02082118258506549, "uncertainty": 0.10121803177303332}, "Brickmasons and Blockmasons_4768_4780": {"llm_label": "TASK_1", "label_logprob": -0.003185, "p_task_1": 0.9968200667318923, "uncertainty": 0.021462334458387747}, "Brickmasons and Blockmasons_4768_4781": {"llm_label": "TASK_1", "label_logprob": -0.000207, "p_task_1": 0.9997930214230217, "uncertainty": 0.0019627347456080925}, "Brickmasons and Blockmasons_4769_4770": {"llm_label": "EQUAL_TIME", "label_logprob": -0.270044, "p_task_1": 0.5, "uncertainty": 0.6931471805599453}, "Brickmasons and Blockmasons_4769_4771": {"llm_label": "TASK_2", "label_logprob": -0.002389, "p_task_1": 0.002386148610608374, "uncertainty": 0.01679104298230037}, "Brickmasons and Blockmasons_4769_4772": {"llm_label": "TASK_2", "label_logprob": -0.008365, "p_task_1": 0.00833011073816814, "uncertainty": 0.04817887697109289}, "Brickmasons and Blockmasons_4769_4773": {"llm_label": "TASK_2", "label_logprob": -0.000104, "p_task_1": 0.00010399459218746188, "uncertainty": 0.0010577414410560416}, "Brickmasons and Blockmasons_4769_4774": {"llm_label": "TASK_2", "label_logprob": -0.000161, "p_task_1": 0.0001609870401955149, "uncertainty": 0.001567064945130528}, "Brickmasons and Blockmasons_4769_4775": {"llm_label": "TASK_2", "label_logprob": -9e-05, "p_task_1": 8.999595012149086e-05, "uncertainty": 0.0009283713025821094}, "Brickmasons and Blockmasons_4769_4776": {"llm_label": "TASK_2", "label_logprob": -0.478322, "p_task_1": 0.38017741802569327, "uncertainty": 0.6641509144456349}, "Brickmasons and Blockmasons_4769_4777": {"llm_label": "TASK_2", "label_logprob": -0.023159, "p_task_1": 0.022892888609211126, "uncertainty": 0.10909363750696854}, "Brickmasons and Blockmasons_4769_4778": {"llm_label": "TASK_1", "label_logprob": -0.694214, "p_task_1": 0.49946687470474976, "uncertainty": 0.6931466121146767}, "Brickmasons and Blockmasons_4769_4779": {"llm_label": "TASK_2", "label_logprob": 0.0, "p_task_1": 0.0, "uncertainty": 0.0}, "Brickmasons and Blockmasons_4769_4780": {"llm_label": "TASK_2", "label_logprob": -3.4e-05, "p_task_1": 3.39994220065476e-05, "uncertainty": 0.00038382457608067405}, "Brickmasons and Blockmasons_4769_4781": {"llm_label": "TASK_2", "label_logprob": -0.001521, "p_task_1": 0.0015198438657343383, "uncertainty": 0.011381179596527744}, "Brickmasons and Blockmasons_4770_4771": {"llm_label": "TASK_2", "label_logprob": -0.032407, "p_task_1": 0.03188751989451677, "uncertainty": 0.1412433646675918}, "Brickmasons and Blockmasons_4770_4772": {"llm_label": "TASK_2", "label_logprob": -0.01053, "p_task_1": 0.010474753634782563, "uncertainty": 0.0581718750287049}, "Brickmasons and Blockmasons_4770_4773": {"llm_label": "TASK_2", "label_logprob": -0.011208, "p_task_1": 0.011145424368747991, "uncertainty": 0.061201004251937294}, "Brickmasons and Blockmasons_4770_4774": {"llm_label": "TASK_2", "label_logprob": -2.7e-05, "p_task_1": 2.6999635503233144e-05, "uncertainty": 0.00031102699079997}, "Brickmasons and Blockmasons_4770_4775": {"llm_label": "TASK_2", "label_logprob": -0.002661, "p_task_1": 0.0026574626778004262, "uncertainty": 0.018413701286710552}, "Brickmasons and Blockmasons_4770_4776": {"llm_label": "TASK_2", "label_logprob": -0.23967, "p_task_1": 0.21311250890269573, "uncertainty": 0.5180514203746376}, "Brickmasons and Blockmasons_4770_4777": {"llm_label": "TASK_2", "label_logprob": -0.222653, "p_task_1": 0.19960746267665397, "uncertainty": 0.49985776950644134}, "Brickmasons and Blockmasons_4770_4778": {"llm_label": "TASK_1", "label_logprob": -0.000454, "p_task_1": 0.9995461030424057, "uncertainty": 0.003947729466907575}, "Brickmasons and Blockmasons_4770_4779": {"llm_label": "TASK_2", "label_logprob": -1e-06, "p_task_1": 9.999994999843054e-07, "uncertainty": 1.4815503149992376e-05}, "Brickmasons and Blockmasons_4770_4780": {"llm_label": "TASK_2", "label_logprob": -0.001302, "p_task_1": 0.0013011527657396105, "uncertainty": 0.009945821520363936}, "Brickmasons and Blockmasons_4770_4781": {"llm_label": "TASK_2", "label_logprob": -0.001721, "p_task_1": 0.0017195199286893503, "uncertainty": 0.012664006149342832}, "Brickmasons and Blockmasons_4771_4772": {"llm_label": "EQUAL_TIME", "label_logprob": -0.135833, "p_task_1": 0.5, "uncertainty": 0.6931471805599453}, "Brickmasons and Blockmasons_4771_4773": {"llm_label": "EQUAL_TIME", "label_logprob": -0.014891, "p_task_1": 0.5, "uncertainty": 0.6931471805599453}, "Brickmasons and Blockmasons_4771_4774": {"llm_label": "TASK_2", "label_logprob": -0.387894, "p_task_1": 0.32151574121605475, "uncertainty": 0.6280067058423983}, "Brickmasons and Blockmasons_4771_4775": {"llm_label": "EQUAL_TIME", "label_logprob": -0.011669, "p_task_1": 0.5, "uncertainty": 0.6931471805599453}, "Brickmasons and Blockmasons_4771_4776": {"llm_label": "TASK_1", "label_logprob": -0.016481, "p_task_1": 0.9836540686404281, "uncertainty": 0.0834551070654039}, "Brickmasons and Blockmasons_4771_4777": {"llm_label": "TASK_1", "label_logprob": -0.012106, "p_task_1": 0.9879669828111579, "uncertainty": 0.06514747930312945}, "Brickmasons and Blockmasons_4771_4778": {"llm_label": "TASK_1", "label_logprob": -1.5e-05, "p_task_1": 0.9999850001124995, "uncertainty": 0.00018161054327026476}, "Brickmasons and Blockmasons_4771_4779": {"llm_label": "TASK_2", "label_logprob": -4e-06, "p_task_1": 3.9999919999589295e-06, "uncertainty": 5.371675735315082e-05}, "Brickmasons and Blockmasons_4771_4780": {"llm_label": "EQUAL_TIME", "label_logprob": -0.030648, "p_task_1": 0.5, "uncertainty": 0.6931471805599453}, "Brickmasons and Blockmasons_4771_4781": {"llm_label": "TASK_2", "label_logprob": -0.300835, "p_task_1": 0.2598001043459264, "uncertainty": 0.5728477287040072}, "Brickmasons and Blockmasons_4772_4773": {"llm_label": "TASK_2", "label_logprob": -0.582675, "p_task_1": 0.4415973601387887, "uncertainty": 0.6863098465647228}, "Brickmasons and Blockmasons_4772_4774": {"llm_label": "TASK_2", "label_logprob": -0.003608, "p_task_1": 0.0036014989888996096, "uncertainty": 0.02385849819425414}, "Brickmasons and Blockmasons_4772_4775": {"llm_label": "TASK_2", "label_logprob": -0.104682, "p_task_1": 0.09938912868851768, "uncertainty": 0.323738675036265}, "Brickmasons and Blockmasons_4772_4776": {"llm_label": "TASK_2", "label_logprob": -0.10544, "p_task_1": 0.10007153306503935,