{"Plasterers and Stucco Masons_9878_9879": {"llm_label": "TASK_1", "label_logprob": -1e-06, "p_task_1": 0.9999990000005, "uncertainty": 1.4815503149992376e-05}, "Plasterers and Stucco Masons_9878_9880": {"llm_label": "TASK_1", "label_logprob": -0.000555, "p_task_1": 0.9994451539840117, "uncertainty": 0.004714272731971069}, "Plasterers and Stucco Masons_9878_9881": {"llm_label": "TASK_2", "label_logprob": -0.000155, "p_task_1": 0.0001549879881206362, "uncertainty": 0.0015145558624056635}, "Plasterers and Stucco Masons_9878_9882": {"llm_label": "TASK_1", "label_logprob": -0.000774, "p_task_1": 0.9992262994607342, "uncertainty": 0.006316443781946596}, "Plasterers and Stucco Masons_9878_9883": {"llm_label": "TASK_1", "label_logprob": -0.001162, "p_task_1": 0.9988386748605786, "uncertainty": 0.00900911062347619}, "Plasterers and Stucco Masons_9878_9884": {"llm_label": "TASK_1", "label_logprob": -1e-05, "p_task_1": 0.9999900000499998, "uncertainty": 0.00012512862900562218}, "Plasterers and Stucco Masons_9878_9885": {"llm_label": "EQUAL_TIME", "label_logprob": -0.00184, "p_task_1": 0.5, "uncertainty": 0.6931471805599453}, "Plasterers and Stucco Masons_9878_9886": {"llm_label": "TASK_1", "label_logprob": -0.007382, "p_task_1": 0.9926451800398592, "uncertainty": 0.0434575199062707}, "Plasterers and Stucco Masons_9878_9887": {"llm_label": "TASK_1", "label_logprob": -0.693288, "p_task_1": 0.4999295952372686, "uncertainty": 0.6931471706462841}, "Plasterers and Stucco Masons_9878_9888": {"llm_label": "TASK_1", "label_logprob": -0.081267, "p_task_1": 0.9219474985972, "uncertainty": 0.2739869450966201}, "Plasterers and Stucco Masons_9878_20789": {"llm_label": "TASK_1", "label_logprob": 0.0, "p_task_1": 1.0, "uncertainty": 0.0}, "Plasterers and Stucco Masons_9878_20790": {"llm_label": "TASK_1", "label_logprob": -3e-06, "p_task_1": 0.9999970000045, "uncertainty": 4.1150633082097105e-05}, "Plasterers and Stucco Masons_9878_20791": {"llm_label": "TASK_1", "label_logprob": -1.3e-05, "p_task_1": 0.9999870000844996, "uncertainty": 0.00015925626043919854}, "Plasterers and Stucco Masons_9878_20792": {"llm_label": "TASK_1", "label_logprob": -1.2e-05, "p_task_1": 0.9999880000719997, "uncertainty": 0.00014796635909808146}, "Plasterers and Stucco Masons_9879_9880": {"llm_label": "TASK_2", "label_logprob": -0.000102, "p_task_1": 0.00010199479817685209, "uncertainty": 0.0010393818406264565}, "Plasterers and Stucco Masons_9879_9881": {"llm_label": "TASK_2", "label_logprob": 0.0, "p_task_1": 0.0, "uncertainty": 0.0}, "Plasterers and Stucco Masons_9879_9882": {"llm_label": "TASK_1", "label_logprob": -0.334279, "p_task_1": 0.7158540310885467, "uncertainty": 0.5968265217324626}, "Plasterers and Stucco Masons_9879_9883": {"llm_label": "TASK_2", "label_logprob": 0.0, "p_task_1": 0.0, "uncertainty": 0.0}, "Plasterers and Stucco Masons_9879_9884": {"llm_label": "EQUAL_TIME", "label_logprob": -0.515543, "p_task_1": 0.5, "uncertainty": 0.6931471805599453}, "Plasterers and Stucco Masons_9879_9885": {"llm_label": "TASK_2", "label_logprob": 0.0, "p_task_1": 0.0, "uncertainty": 0.0}, "Plasterers and Stucco Masons_9879_9886": {"llm_label": "TASK_2", "label_logprob": 0.0, "p_task_1": 0.0, "uncertainty": 0.0}, "Plasterers and Stucco Masons_9879_9887": {"llm_label": "TASK_2", "label_logprob": -4e-06, "p_task_1": 3.9999919999589295e-06, "uncertainty": 5.371675735315082e-05}, "Plasterers and Stucco Masons_9879_9888": {"llm_label": "TASK_2", "label_logprob": 0.0, "p_task_1": 0.0, "uncertainty": 0.0}, "Plasterers and Stucco Masons_9879_20789": {"llm_label": "TASK_1", "label_logprob": -0.014347, "p_task_1": 0.9857554277756461, "uncertainty": 0.0747017132034766}, "Plasterers and Stucco Masons_9879_20790": {"llm_label": "TASK_2", "label_logprob": -0.047429, "p_task_1": 0.04632181812014913, "uncertainty": 0.18753921449316702}, "Plasterers and Stucco Masons_9879_20791": {"llm_label": "TASK_2", "label_logprob": -0.000597, "p_task_1": 0.0005968218309574391, "uncertainty": 0.005027384471693339}, "Plasterers and Stucco Masons_9879_20792": {"llm_label": "TASK_1", "label_logprob": -0.202743, "p_task_1": 0.8164880518931465, "uncertainty": 0.47667724931750177}, "Plasterers and Stucco Masons_9880_9881": {"llm_label": "TASK_2", "label_logprob": -9e-06, "p_task_1": 8.999959500100019e-06, "uncertainty": 0.0001135640627863842}, "Plasterers and Stucco Masons_9880_9882": {"llm_label": "TASK_1", "label_logprob": -0.017946, "p_task_1": 0.9822140704860646, "uncertainty": 0.08929250630570269}, "Plasterers and Stucco Masons_9880_9883": {"llm_label": "TASK_2", "label_logprob": -0.001587, "p_task_1": 0.001585741381397332, "uncertainty": 0.011807287517786941}, "Plasterers and Stucco Masons_9880_9884": {"llm_label": "TASK_1", "label_logprob": -0.000412, "p_task_1": 0.9995880848603454, "uncertainty": 0.003622582429640045}, "Plasterers and Stucco Masons_9880_9885": {"llm_label": "TASK_2", "label_logprob": -2e-06, "p_task_1": 1.9999979999907325e-06, "uncertainty": 2.8244698509961958e-05}, "Plasterers and Stucco Masons_9880_9886": {"llm_label": "TASK_2", "label_logprob": -4.8e-05, "p_task_1": 4.79988480184268e-05, "uncertainty": 0.0005253142506203896}, "Plasterers and Stucco Masons_9880_9887": {"llm_label": "TASK_2", "label_logprob": -0.083874, "p_task_1": 0.08045288826785546, "uncertainty": 0.2798740910855858}, "Plasterers and Stucco Masons_9880_9888": {"llm_label": "TASK_2", "label_logprob": -5.8e-05, "p_task_1": 5.799831803254829e-05, "uncertainty": 0.0006237758280847792}, "Plasterers and Stucco Masons_9880_20789": {"llm_label": "TASK_1", "label_logprob": -1.7e-05, "p_task_1": 0.9999830001444991, "uncertainty": 0.000203697321204896}, "Plasterers and Stucco Masons_9880_20790": {"llm_label": "TASK_1", "label_logprob": -0.013501, "p_task_1": 0.9865897297275096, "uncertainty": 0.07114147195492945}, "Plasterers and Stucco Masons_9880_20791": {"llm_label": "TASK_2", "label_logprob": -0.315191, "p_task_1": 0.27035050209506206, "uncertainty": 0.5836071458616963}, "Plasterers and Stucco Masons_9880_20792": {"llm_label": "TASK_1", "label_logprob": -0.000349, "p_task_1": 0.9996510608934158, "uncertainty": 0.003126647453935936}, "Plasterers and Stucco Masons_9881_9882": {"llm_label": "TASK_1", "label_logprob": -0.000151, "p_task_1": 0.9998490113999262, "uncertainty": 0.0014794211399297749}, "Plasterers and Stucco Masons_9881_9883": {"llm_label": "TASK_1", "label_logprob": -0.000217, "p_task_1": 0.999783023542797, "uncertainty": 0.0020473059250592125}, "Plasterers and Stucco Masons_9881_9884": {"llm_label": "TASK_1", "label_logprob": -2e-06, "p_task_1": 0.999998000002, "uncertainty": 2.8244698509961958e-05}, "Plasterers and Stucco Masons_9881_9885": {"llm_label": "EQUAL_TIME", "label_logprob": -0.043954, "p_task_1": 0.5, "uncertainty": 0.6931471805599453}, "Plasterers and Stucco Masons_9881_9886": {"llm_label": "TASK_1", "label_logprob": -0.05011, "p_task_1": 0.9511247950187459, "uncertainty": 0.19518993984598873}, "Plasterers and Stucco Masons_9881_9887": {"llm_label": "TASK_1", "label_logprob": -0.000353, "p_task_1": 0.9996470622971695, "uncertainty": 0.003158454504678977}, "Plasterers and Stucco Masons_9881_9888": {"llm_label": "TASK_1", "label_logprob": -0.000559, "p_task_1": 0.9994411562113913, "uncertainty": 0.0047442267187783075}, "Plasterers and Stucco Masons_9881_20789": {"llm_label": "TASK_1", "label_logprob": 0.0, "p_task_1": 1.0, "uncertainty": 0.0}, "Plasterers and Stucco Masons_9881_20790": {"llm_label": "TASK_1", "label_logprob": -1.2e-05, "p_task_1": 0.9999880000719997, "uncertainty": 0.00014796635909808146}, "Plasterers and Stucco Masons_9881_20791": {"llm_label": "TASK_1", "label_logprob": -1.1e-05, "p_task_1": 0.9999890000604997, "uncertainty": 0.0001365930168744248}, "Plasterers and Stucco Masons_9881_20792": {"llm_label": "TASK_1", "label_logprob": -1e-06, "p_task_1": 0.9999990000005, "uncertainty": 1.4815503149992376e-05}, "Plasterers and Stucco Masons_9882_9883": {"llm_label": "TASK_2", "label_logprob": -0.011124,