{"Carpet Installers_2833_2834": {"llm_label": "EQUAL_TIME", "label_logprob": -0.06281, "p_task_1": 0.5, "uncertainty": 0.6931471805599453}, "Carpet Installers_2833_2835": {"llm_label": "TASK_1", "label_logprob": -0.003276, "p_task_1": 0.9967293602330279, "uncertainty": 0.02198240343036705}, "Carpet Installers_2833_2836": {"llm_label": "TASK_2", "label_logprob": -0.001474, "p_task_1": 0.0014729141955573954, "uncertainty": 0.011075984192917923}, "Carpet Installers_2833_2837": {"llm_label": "TASK_1", "label_logprob": -0.014919, "p_task_1": 0.9851917369019175, "uncertainty": 0.07707891946271865}, "Carpet Installers_2833_2838": {"llm_label": "TASK_2", "label_logprob": -2.1e-05, "p_task_1": 2.0999779501540417e-05, "uncertainty": 0.0002471881550406985}, "Carpet Installers_2833_2839": {"llm_label": "TASK_1", "label_logprob": -4.8e-05, "p_task_1": 0.9999520011519816, "uncertainty": 0.0005253142506203896}, "Carpet Installers_2833_2840": {"llm_label": "TASK_2", "label_logprob": -0.001978, "p_task_1": 0.0019760450471779656, "uncertainty": 0.014278247852599095}, "Carpet Installers_2833_2841": {"llm_label": "TASK_2", "label_logprob": -0.000147, "p_task_1": 0.0001469891960294012, "uncertainty": 0.0014441803120430878}, "Carpet Installers_2833_2842": {"llm_label": "TASK_1", "label_logprob": -0.020984, "p_task_1": 0.9792346321982334, "uncertainty": 0.10100302689540865}, "Carpet Installers_2833_2843": {"llm_label": "TASK_1", "label_logprob": -2e-06, "p_task_1": 0.999998000002, "uncertainty": 2.8244698509961958e-05}, "Carpet Installers_2833_2844": {"llm_label": "TASK_2", "label_logprob": -0.02848, "p_task_1": 0.028078267613598773, "uncertainty": 0.12799722538948718}, "Carpet Installers_2833_2845": {"llm_label": "TASK_1", "label_logprob": -0.000133, "p_task_1": 0.999867008844108, "uncertainty": 0.001319958691054697}, "Carpet Installers_2833_2846": {"llm_label": "TASK_2", "label_logprob": -9e-06, "p_task_1": 8.999959500100019e-06, "uncertainty": 0.0001135640627863842}, "Carpet Installers_2833_2847": {"llm_label": "TASK_1", "label_logprob": -0.002275, "p_task_1": 0.9977275858511911, "uncertainty": 0.01610181637020631}, "Carpet Installers_2833_20142": {"llm_label": "TASK_1", "label_logprob": -0.008654, "p_task_1": 0.9913833380724765, "uncertainty": 0.04954353781302677}, "Carpet Installers_2834_2835": {"llm_label": "TASK_1", "label_logprob": -0.014225, "p_task_1": 0.9858756972741249, "uncertainty": 0.07419161094858306}, "Carpet Installers_2834_2836": {"llm_label": "TASK_2", "label_logprob": -0.002235, "p_task_1": 0.002232504247182132, "uncertainty": 0.015858625753250057}, "Carpet Installers_2834_2837": {"llm_label": "TASK_1", "label_logprob": -0.011183, "p_task_1": 0.9888792973046624, "uncertainty": 0.061090086988138365}, "Carpet Installers_2834_2838": {"llm_label": "TASK_2", "label_logprob": -3.6e-05, "p_task_1": 3.599935200782056e-05, "uncertainty": 0.0004043444200614643}, "Carpet Installers_2834_2839": {"llm_label": "TASK_1", "label_logprob": -3.6e-05, "p_task_1": 0.9999640006479922, "uncertainty": 0.0004043444200614643}, "Carpet Installers_2834_2840": {"llm_label": "TASK_2", "label_logprob": -0.012536, "p_task_1": 0.012457751666993588, "uncertainty": 0.06701220609358863}, "Carpet Installers_2834_2841": {"llm_label": "TASK_2", "label_logprob": -4.9e-05, "p_task_1": 4.899879951958397e-05, "uncertainty": 0.0005352477090615269}, "Carpet Installers_2834_2842": {"llm_label": "TASK_1", "label_logprob": -0.001465, "p_task_1": 0.9985360725886553, "uncertainty": 0.011017371489404952}, "Carpet Installers_2834_2843": {"llm_label": "TASK_1", "label_logprob": -4e-06, "p_task_1": 0.999996000008, "uncertainty": 5.371675735315082e-05}, "Carpet Installers_2834_2844": {"llm_label": "TASK_1", "label_logprob": -0.378632, "p_task_1": 0.6847975718093783, "uncertainty": 0.6232001541704877}, "Carpet Installers_2834_2845": {"llm_label": "TASK_1", "label_logprob": -5.9e-05, "p_task_1": 0.9999410017404657, "uncertainty": 0.0006335217246636567}, "Carpet Installers_2834_2846": {"llm_label": "TASK_2", "label_logprob": -0.005244, "p_task_1": 0.005230274235118126, "uncertainty": 0.03269272797575067}, "Carpet Installers_2834_2847": {"llm_label": "TASK_1", "label_logprob": -0.006408, "p_task_1": 0.9936124874474538, "uncertainty": 0.0386457909162481}, "Carpet Installers_2834_20142": {"llm_label": "TASK_1", "label_logprob": -7.9e-05, "p_task_1": 0.9999210031204179, "uncertainty": 0.000825206357674103}, "Carpet Installers_2835_2836": {"llm_label": "TASK_2", "label_logprob": -2e-06, "p_task_1": 1.9999979999907325e-06, "uncertainty": 2.8244698509961958e-05}, "Carpet Installers_2835_2837": {"llm_label": "TASK_2", "label_logprob": -0.022354, "p_task_1": 0.022106000704653517, "uncertainty": 0.10612584321041585}, "Carpet Installers_2835_2838": {"llm_label": "TASK_2", "label_logprob": 0.0, "p_task_1": 0.0, "uncertainty": 0.0}, "Carpet Installers_2835_2839": {"llm_label": "TASK_1", "label_logprob": -0.000469, "p_task_1": 0.9995311099633084, "uncertainty": 0.004062888935653775}, "Carpet Installers_2835_2840": {"llm_label": "TASK_2", "label_logprob": -2e-06, "p_task_1": 1.9999979999907325e-06, "uncertainty": 2.8244698509961958e-05}, "Carpet Installers_2835_2841": {"llm_label": "TASK_2", "label_logprob": -1.3e-05, "p_task_1": 1.2999915500411241e-05, "uncertainty": 0.00015925626043919854}, "Carpet Installers_2835_2842": {"llm_label": "TASK_2", "label_logprob": -0.008224, "p_task_1": 0.00819027542562445, "uncertainty": 0.047509342032431415}, "Carpet Installers_2835_2843": {"llm_label": "TASK_1", "label_logprob": -7.5e-05, "p_task_1": 0.9999250028124297, "uncertainty": 0.0007873221583997021}, "Carpet Installers_2835_2844": {"llm_label": "TASK_2", "label_logprob": -0.005246, "p_task_1": 0.005232263772580126, "uncertainty": 0.0327031687826477}, "Carpet Installers_2835_2845": {"llm_label": "TASK_1", "label_logprob": -0.031783, "p_task_1": 0.9687167708121615, "uncertainty": 0.1391748888300846}, "Carpet Installers_2835_2846": {"llm_label": "TASK_2", "label_logprob": 0.0, "p_task_1": 0.0, "uncertainty": 0.0}, "Carpet Installers_2835_2847": {"llm_label": "TASK_1", "label_logprob": -0.164571, "p_task_1": 0.8482575285217308, "uncertainty": 0.4257197117188454}, "Carpet Installers_2835_20142": {"llm_label": "TASK_1", "label_logprob": -0.07089, "p_task_1": 0.9315643585712772, "uncertainty": 0.2495735104869478}, "Carpet Installers_2836_2837": {"llm_label": "TASK_1", "label_logprob": -0.000274, "p_task_1": 0.9997260375345718, "uncertainty": 0.002521107385104158}, "Carpet Installers_2836_2838": {"llm_label": "TASK_2", "label_logprob": -0.005279, "p_task_1": 0.00526509056623059, "uncertainty": 0.03287532950372176}, "Carpet Installers_2836_2839": {"llm_label": "TASK_1", "label_logprob": 0.0, "p_task_1": 1.0, "uncertainty": 0.0}, "Carpet Installers_2836_2840": {"llm_label": "TASK_1", "label_logprob": -0.018701, "p_task_1": 0.9814727787356963, "uncertainty": 0.09225060769522514}, "Carpet Installers_2836_2841": {"llm_label": "TASK_2", "label_logprob": -0.001617, "p_task_1": 0.001615693359873882, "uncertainty": 0.012000049944376673}, "Carpet Installers_2836_2842": {"llm_label": "TASK_1", "label_logprob": -8e-06, "p_task_1": 0.999992000032, "uncertainty": 0.00010188814457675767}, "Carpet Installers_2836_2843": {"llm_label": "TASK_1", "label_logprob": 0.0, "p_task_1": 1.0, "uncertainty": 0.0}, "Carpet Installers_2836_2844": {"llm_label": "TASK_1", "label_logprob": -0.000768, "p_task_1": 0.999232294836517, "uncertainty": 0.0062734722906204535}, "Carpet Installers_2836_2845": {"llm_label": "TASK_1", "label_logprob": -1e-06, "p_task_1": 0.9999990000005, "uncertainty": 1.4815503149992376e-05}, "Carpet Installers_2836_2846": {"llm_label": "TASK_2", "label_logprob": -0.113328, "p_task_1": 0.1071422452613946, "uncertainty": 0.3404984811193883}, "Carpet Installers_2836_2847": {"llm_label": "TASK_1", "label_logprob": -5.2e-05, "p_task_1": 0.9999480013519766, "uncertainty": 0.000564927187419359}, "Carpet Installers_2836_20142": {"llm_label": "TASK_1",