{"Tapers_13529_13530": {"llm_label": "TASK_2", "label_logprob": -0.000214, "p_task_1": 0.00021397710363335598, "uncertainty": 0.002021984032590419}, "Tapers_13529_13531": {"llm_label": "TASK_2", "label_logprob": -0.025177, "p_task_1": 0.0248627025492556, "uncertainty": 0.11640346409248581}, "Tapers_13529_13532": {"llm_label": "TASK_1", "label_logprob": -0.015275, "p_task_1": 0.9848410710658028, "uncertainty": 0.07854671025752709}, "Tapers_13529_13533": {"llm_label": "TASK_2", "label_logprob": -2e-06, "p_task_1": 1.9999979999907325e-06, "uncertainty": 2.8244698509961958e-05}, "Tapers_13529_13534": {"llm_label": "TASK_2", "label_logprob": -9.8e-05, "p_task_1": 9.799519815689717e-05, "uncertainty": 0.0010025440963472379}, "Tapers_13529_13535": {"llm_label": "TASK_2", "label_logprob": -0.002085, "p_task_1": 0.0020828278973735737, "uncertainty": 0.014940096608101302}, "Tapers_13529_13536": {"llm_label": "TASK_2", "label_logprob": -0.025709, "p_task_1": 0.02538133762233774, "uncertainty": 0.1183009347498966}, "Tapers_13529_13537": {"llm_label": "TASK_2", "label_logprob": -0.000712, "p_task_1": 0.0007117465881466556, "uncertainty": 0.005870082062186919}, "Tapers_13529_13538": {"llm_label": "TASK_2", "label_logprob": -0.008648, "p_task_1": 0.008610713609650156, "uncertainty": 0.04951530857301106}, "Tapers_13529_13539": {"llm_label": "TASK_2", "label_logprob": -0.020589, "p_task_1": 0.02037849371944722, "uncertainty": 0.09950851066356704}, "Tapers_13529_13540": {"llm_label": "TASK_1", "label_logprob": -0.107936, "p_task_1": 0.8976850464349869, "uncertainty": 0.33013987582993987}, "Tapers_13529_13541": {"llm_label": "TASK_1", "label_logprob": -6e-06, "p_task_1": 0.999994000018, "uncertainty": 7.814227210513045e-05}, "Tapers_13529_13542": {"llm_label": "TASK_2", "label_logprob": -4.2e-05, "p_task_1": 4.199911801239242e-05, "uncertainty": 0.0004652595489512129}, "Tapers_13529_13543": {"llm_label": "TASK_1", "label_logprob": -0.00471, "p_task_1": 0.9953010746559678, "uncertainty": 0.02987608825182931}, "Tapers_13529_20788": {"llm_label": "TASK_1", "label_logprob": -0.047377, "p_task_1": 0.9537277744347038, "uncertainty": 0.1873891833921062}, "Tapers_13530_13531": {"llm_label": "TASK_1", "label_logprob": -0.100444, "p_task_1": 0.9044357593971679, "uncertainty": 0.3152258330649571}, "Tapers_13530_13532": {"llm_label": "TASK_1", "label_logprob": -1.5e-05, "p_task_1": 0.9999850001124995, "uncertainty": 0.00018161054327026476}, "Tapers_13530_13533": {"llm_label": "TASK_2", "label_logprob": -0.023788, "p_task_1": 0.023507295730979094, "uncertainty": 0.11139161524324934}, "Tapers_13530_13534": {"llm_label": "EQUAL_TIME", "label_logprob": -0.02439, "p_task_1": 0.5, "uncertainty": 0.6931471805599453}, "Tapers_13530_13535": {"llm_label": "EQUAL_TIME", "label_logprob": -0.107765, "p_task_1": 0.5, "uncertainty": 0.6931471805599453}, "Tapers_13530_13536": {"llm_label": "TASK_1", "label_logprob": -0.192247, "p_task_1": 0.8251030428686656, "uncertainty": 0.4635666250364865}, "Tapers_13530_13537": {"llm_label": "TASK_2", "label_logprob": -0.314096, "p_task_1": 0.2695510983011544, "uncertainty": 0.5828118409920505}, "Tapers_13530_13538": {"llm_label": "TASK_1", "label_logprob": -0.052791, "p_task_1": 0.9485782446194437, "uncertainty": 0.2026804259201141}, "Tapers_13530_13539": {"llm_label": "TASK_1", "label_logprob": -0.104199, "p_task_1": 0.9010459714305458, "uncertainty": 0.32277864222929886}, "Tapers_13530_13540": {"llm_label": "TASK_1", "label_logprob": -4.4e-05, "p_task_1": 0.9999560009679858, "uncertainty": 0.0004853674424999764}, "Tapers_13530_13541": {"llm_label": "TASK_1", "label_logprob": 0.0, "p_task_1": 1.0, "uncertainty": 0.0}, "Tapers_13530_13542": {"llm_label": "TASK_2", "label_logprob": -0.005117, "p_task_1": 0.005103930457285966, "uncertainty": 0.03202812336329524}, "Tapers_13530_13543": {"llm_label": "TASK_1", "label_logprob": -4e-06, "p_task_1": 0.999996000008, "uncertainty": 5.371675735315082e-05}, "Tapers_13530_20788": {"llm_label": "CANNOT_DECIDE", "label_logprob": -0.387356, "p_task_1": 0.5, "uncertainty": 0.6931471805599453}, "Tapers_13531_13532": {"llm_label": "TASK_1", "label_logprob": -8e-06, "p_task_1": 0.999992000032, "uncertainty": 0.00010188814457675767}, "Tapers_13531_13533": {"llm_label": "TASK_2", "label_logprob": -0.002521, "p_task_1": 0.0025178249481623283, "uncertainty": 0.017582223132617068}, "Tapers_13531_13534": {"llm_label": "EQUAL_TIME", "label_logprob": -0.161588, "p_task_1": 0.5, "uncertainty": 0.6931471805599453}, "Tapers_13531_13535": {"llm_label": "EQUAL_TIME", "label_logprob": -0.160797, "p_task_1": 0.5, "uncertainty": 0.6931471805599453}, "Tapers_13531_13536": {"llm_label": "EQUAL_TIME", "label_logprob": -0.001055, "p_task_1": 0.5, "uncertainty": 0.6931471805599453}, "Tapers_13531_13537": {"llm_label": "TASK_2", "label_logprob": -0.014431, "p_task_1": 0.014327372202639355, "uncertainty": 0.07505229572938357}, "Tapers_13531_13538": {"llm_label": "EQUAL_TIME", "label_logprob": -0.54592, "p_task_1": 0.5, "uncertainty": 0.6931471805599453}, "Tapers_13531_13539": {"llm_label": "EQUAL_TIME", "label_logprob": -0.052326, "p_task_1": 0.5, "uncertainty": 0.6931471805599453}, "Tapers_13531_13540": {"llm_label": "TASK_1", "label_logprob": -0.000117, "p_task_1": 0.999883006844233, "uncertainty": 0.0011761715775985432}, "Tapers_13531_13541": {"llm_label": "TASK_1", "label_logprob": 0.0, "p_task_1": 1.0, "uncertainty": 0.0}, "Tapers_13531_13542": {"llm_label": "TASK_2", "label_logprob": -0.000166, "p_task_1": 0.00016598622276231545, "uncertainty": 0.0016106510922059244}, "Tapers_13531_13543": {"llm_label": "TASK_1", "label_logprob": -1.1e-05, "p_task_1": 0.9999890000604997, "uncertainty": 0.0001365930168744248}, "Tapers_13531_20788": {"llm_label": "TASK_1", "label_logprob": -0.313782, "p_task_1": 0.7306782986674183, "uncertainty": 0.5825830211981423}, "Tapers_13532_13533": {"llm_label": "TASK_2", "label_logprob": 0.0, "p_task_1": 0.0, "uncertainty": 0.0}, "Tapers_13532_13534": {"llm_label": "TASK_2", "label_logprob": 0.0, "p_task_1": 0.0, "uncertainty": 0.0}, "Tapers_13532_13535": {"llm_label": "TASK_2", "label_logprob": -0.000317, "p_task_1": 0.00031694976080876014, "uncertainty": 0.0028704899891819585}, "Tapers_13532_13536": {"llm_label": "EQUAL_TIME", "label_logprob": -0.579078, "p_task_1": 0.5, "uncertainty": 0.6931471805599453}, "Tapers_13532_13537": {"llm_label": "TASK_2", "label_logprob": -7e-06, "p_task_1": 6.999975500021627e-06, "uncertainty": 9.008688755748087e-05}, "Tapers_13532_13538": {"llm_label": "TASK_2", "label_logprob": -1.5e-05, "p_task_1": 1.4999887500533049e-05, "uncertainty": 0.00018161054327026476}, "Tapers_13532_13539": {"llm_label": "TASK_2", "label_logprob": -0.011477, "p_task_1": 0.011411390475547623, "uncertainty": 0.06239081584038768}, "Tapers_13532_13540": {"llm_label": "TASK_2", "label_logprob": -0.736164, "p_task_1": 0.5210523606653398, "uncertainty": 0.692260514690993}, "Tapers_13532_13541": {"llm_label": "TASK_1", "label_logprob": -1e-06, "p_task_1": 0.9999990000005, "uncertainty": 1.4815503149992376e-05}, "Tapers_13532_13542": {"llm_label": "TASK_2", "label_logprob": -1e-06, "p_task_1": 9.999994999843054e-07, "uncertainty": 1.4815503149992376e-05}, "Tapers_13532_13543": {"llm_label": "TASK_1", "label_logprob": -0.00128, "p_task_1": 0.9987208188505865, "uncertainty": 0.00979967281614173}, "Tapers_13532_20788": {"llm_label": "CANNOT_DECIDE", "label_logprob": -0.21326, "p_task_1": 0.5, "uncertainty": 0.6931471805599453}, "Tapers_13533_13534": {"llm_label": "EQUAL_TIME", "label_logprob": -0.038214, "p_task_1": 0.5, "uncertainty": 0.6931471805599453}, "Tapers_13533_13535": {"llm_label": "TASK_1", "label_logprob": -0.009651, "p_task_1": 0.9903954214426913, "uncertainty": 0.05417652343770982}, "Tapers_13533_13536": {"llm_label": "TASK_1", "label_logprob": -0.593079, "p_task_1": 0.5526231359082391, "uncertainty": 0.687598521537703}, "Tapers_13533_13537": {"llm_label": "EQUAL_TIME", "label_logprob": -0.092018,