{"Stonemasons_8766_8767": {"llm_label": "TASK_2", "label_logprob": -0.000102, "p_task_1": 0.00010199479817685209, "uncertainty": 0.0010393818406264565}, "Stonemasons_8766_8768": {"llm_label": "TASK_1", "label_logprob": -0.008695, "p_task_1": 0.9913426921888617, "uncertainty": 0.04973632238333331}, "Stonemasons_8766_8769": {"llm_label": "TASK_1", "label_logprob": -0.298697, "p_task_1": 0.7417841359804216, "uncertainty": 0.5711824824775856}, "Stonemasons_8766_8770": {"llm_label": "TASK_2", "label_logprob": -0.014891, "p_task_1": 0.014780677343250503, "uncertainty": 0.07696309799670877}, "Stonemasons_8766_8771": {"llm_label": "TASK_2", "label_logprob": -0.000305, "p_task_1": 0.0003049534922283659, "uncertainty": 0.00277361263206801}, "Stonemasons_8766_8772": {"llm_label": "TASK_1", "label_logprob": -0.000104, "p_task_1": 0.9998960054078125, "uncertainty": 0.0010577414410560416}, "Stonemasons_8766_8773": {"llm_label": "TASK_2", "label_logprob": -2.1e-05, "p_task_1": 2.0999779501540417e-05, "uncertainty": 0.0002471881550406985}, "Stonemasons_8766_8774": {"llm_label": "TASK_2", "label_logprob": -6.6e-05, "p_task_1": 6.599782204796956e-05, "uncertainty": 0.0007012833412595727}, "Stonemasons_8766_8775": {"llm_label": "TASK_2", "label_logprob": -3.5e-05, "p_task_1": 3.499938750717302e-05, "uncertainty": 0.00039409879060961955}, "Stonemasons_8766_8776": {"llm_label": "TASK_1", "label_logprob": -0.001211, "p_task_1": 0.9987897329645967, "uncertainty": 0.009338794267026976}, "Stonemasons_8766_8777": {"llm_label": "TASK_2", "label_logprob": -0.01574, "p_task_1": 0.01561677357511404, "uncertainty": 0.08045075168106348}, "Stonemasons_8766_8778": {"llm_label": "TASK_1", "label_logprob": -0.018236, "p_task_1": 0.9819292697037331, "uncertainty": 0.09043264718795889}, "Stonemasons_8766_8779": {"llm_label": "TASK_2", "label_logprob": -8e-06, "p_task_1": 7.999968000049762e-06, "uncertainty": 0.00010188814457675767}, "Stonemasons_8766_8780": {"llm_label": "TASK_2", "label_logprob": -0.002933, "p_task_1": 0.0029287029576017254, "uncertainty": 0.020008107409686036}, "Stonemasons_8766_8781": {"llm_label": "TASK_1", "label_logprob": -0.000205, "p_task_1": 0.9997950210110642, "uncertainty": 0.0019457631714790353}, "Stonemasons_8767_8768": {"llm_label": "TASK_1", "label_logprob": -6e-06, "p_task_1": 0.999994000018, "uncertainty": 7.814227210513045e-05}, "Stonemasons_8767_8769": {"llm_label": "TASK_1", "label_logprob": -2e-06, "p_task_1": 0.999998000002, "uncertainty": 2.8244698509961958e-05}, "Stonemasons_8767_8770": {"llm_label": "TASK_1", "label_logprob": -0.390494, "p_task_1": 0.6767224910016864, "uncertainty": 0.6293153126741291}, "Stonemasons_8767_8771": {"llm_label": "TASK_2", "label_logprob": -0.18213, "p_task_1": 0.16650702071489265, "uncertainty": 0.4503041768429168}, "Stonemasons_8767_8772": {"llm_label": "TASK_1", "label_logprob": -1e-06, "p_task_1": 0.9999990000005, "uncertainty": 1.4815503149992376e-05}, "Stonemasons_8767_8773": {"llm_label": "TASK_2", "label_logprob": -8e-05, "p_task_1": 7.999680008530241e-05, "uncertainty": 0.0008346453276260399}, "Stonemasons_8767_8774": {"llm_label": "TASK_2", "label_logprob": -0.006007, "p_task_1": 0.005988994047459784, "uncertainty": 0.03662168841631658}, "Stonemasons_8767_8775": {"llm_label": "EQUAL_TIME", "label_logprob": -0.210804, "p_task_1": 0.5, "uncertainty": 0.6931471805599453}, "Stonemasons_8767_8776": {"llm_label": "TASK_1", "label_logprob": -2e-06, "p_task_1": 0.999998000002, "uncertainty": 2.8244698509961958e-05}, "Stonemasons_8767_8777": {"llm_label": "TASK_1", "label_logprob": -0.299213, "p_task_1": 0.741401474101511, "uncertainty": 0.5715859090352648}, "Stonemasons_8767_8778": {"llm_label": "TASK_1", "label_logprob": -0.000915, "p_task_1": 0.9990854184848524, "uncertainty": 0.007313530222396456}, "Stonemasons_8767_8779": {"llm_label": "TASK_2", "label_logprob": -1.4e-05, "p_task_1": 1.3999902000461084e-05, "uncertainty": 0.0001704691519101948}, "Stonemasons_8767_8780": {"llm_label": "TASK_2", "label_logprob": -0.079742, "p_task_1": 0.0766454588701958, "uncertainty": 0.2704989747827574}, "Stonemasons_8767_8781": {"llm_label": "TASK_1", "label_logprob": -9e-06, "p_task_1": 0.9999910000404999, "uncertainty": 0.0001135640627863842}, "Stonemasons_8768_8769": {"llm_label": "TASK_2", "label_logprob": -0.000321, "p_task_1": 0.00032094848501229567, "uncertainty": 0.002902680384833972}, "Stonemasons_8768_8770": {"llm_label": "TASK_2", "label_logprob": -3e-06, "p_task_1": 2.9999955000192813e-06, "uncertainty": 4.1150633082097105e-05}, "Stonemasons_8768_8771": {"llm_label": "TASK_2", "label_logprob": -8e-06, "p_task_1": 7.999968000049762e-06, "uncertainty": 0.00010188814457675767}, "Stonemasons_8768_8772": {"llm_label": "EQUAL_TIME", "label_logprob": -0.58702, "p_task_1": 0.5, "uncertainty": 0.6931471805599453}, "Stonemasons_8768_8773": {"llm_label": "TASK_2", "label_logprob": -1e-06, "p_task_1": 9.999994999843054e-07, "uncertainty": 1.4815503149992376e-05}, "Stonemasons_8768_8774": {"llm_label": "TASK_2", "label_logprob": 0.0, "p_task_1": 0.0, "uncertainty": 0.0}, "Stonemasons_8768_8775": {"llm_label": "TASK_2", "label_logprob": 0.0, "p_task_1": 0.0, "uncertainty": 0.0}, "Stonemasons_8768_8776": {"llm_label": "TASK_2", "label_logprob": -0.002359, "p_task_1": 0.002356219746135979, "uncertainty": 0.016610212830042485}, "Stonemasons_8768_8777": {"llm_label": "TASK_2", "label_logprob": -1e-06, "p_task_1": 9.999994999843054e-07, "uncertainty": 1.4815503149992376e-05}, "Stonemasons_8768_8778": {"llm_label": "TASK_2", "label_logprob": -1.8e-05, "p_task_1": 1.7999838000992696e-05, "uncertainty": 0.0002146505665408007}, "Stonemasons_8768_8779": {"llm_label": "TASK_2", "label_logprob": 0.0, "p_task_1": 0.0, "uncertainty": 0.0}, "Stonemasons_8768_8780": {"llm_label": "TASK_2", "label_logprob": 0.0, "p_task_1": 0.0, "uncertainty": 0.0}, "Stonemasons_8768_8781": {"llm_label": "TASK_2", "label_logprob": -0.537741, "p_task_1": 0.41593383129785766, "uncertainty": 0.6789455822666025}, "Stonemasons_8769_8770": {"llm_label": "TASK_2", "label_logprob": -0.019325, "p_task_1": 0.01913946923700105, "uncertainty": 0.09467092027873997}, "Stonemasons_8769_8771": {"llm_label": "TASK_2", "label_logprob": -7e-06, "p_task_1": 6.999975500021627e-06, "uncertainty": 9.008688755748087e-05}, "Stonemasons_8769_8772": {"llm_label": "EQUAL_TIME", "label_logprob": -0.012406, "p_task_1": 0.5, "uncertainty": 0.6931471805599453}, "Stonemasons_8769_8773": {"llm_label": "TASK_2", "label_logprob": -8e-06, "p_task_1": 7.999968000049762e-06, "uncertainty": 0.00010188814457675767}, "Stonemasons_8769_8774": {"llm_label": "TASK_2", "label_logprob": -1e-06, "p_task_1": 9.999994999843054e-07, "uncertainty": 1.4815503149992376e-05}, "Stonemasons_8769_8775": {"llm_label": "TASK_2", "label_logprob": -9e-06, "p_task_1": 8.999959500100019e-06, "uncertainty": 0.0001135640627863842}, "Stonemasons_8769_8776": {"llm_label": "TASK_1", "label_logprob": -0.191636, "p_task_1": 0.8256073348733772, "uncertainty": 0.462783429347691}, "Stonemasons_8769_8777": {"llm_label": "TASK_2", "label_logprob": -3e-05, "p_task_1": 2.9999550004489173e-05, "uncertainty": 0.00034242425890051087}, "Stonemasons_8769_8778": {"llm_label": "TASK_2", "label_logprob": -0.075597, "p_task_1": 0.07281021123761655, "uncertainty": 0.2608481711225982}, "Stonemasons_8769_8779": {"llm_label": "TASK_2", "label_logprob": 0.0, "p_task_1": 0.0, "uncertainty": 0.0}, "Stonemasons_8769_8780": {"llm_label": "TASK_2", "label_logprob": 0.0, "p_task_1": 0.0, "uncertainty": 0.0}, "Stonemasons_8769_8781": {"llm_label": "TASK_1", "label_logprob": -0.004314, "p_task_1": 0.9956952919314005, "uncertainty": 0.02774767687245147}, "Stonemasons_8770_8771": {"llm_label": "TASK_2", "label_logprob": -0.000343, "p_task_1": 0.00034294118222499836, "uncertainty": 0.0030788505266343955}, "Stonemasons_8770_8772": {"llm_label": "TASK_1", "label_logprob": -0.004163, "p_task_1": 0.9958456532724776, "uncertainty": 0.026926481537949076},