{"Insulation Workers, Floor, Ceiling, and Wall_13544_13545": {"llm_label": "TASK_2", "label_logprob": -0.003227, "p_task_1": 0.0032217988317275736, "uncertainty": 0.02170269031070538}, "Insulation Workers, Floor, Ceiling, and Wall_13544_13546": {"llm_label": "TASK_2", "label_logprob": 0.0, "p_task_1": 0.0, "uncertainty": 0.0}, "Insulation Workers, Floor, Ceiling, and Wall_13544_13547": {"llm_label": "TASK_2", "label_logprob": -1e-06, "p_task_1": 9.999994999843054e-07, "uncertainty": 1.4815503149992376e-05}, "Insulation Workers, Floor, Ceiling, and Wall_13544_13548": {"llm_label": "TASK_2", "label_logprob": -0.002003, "p_task_1": 0.0020009953341719733, "uncertainty": 0.014433398233192436}, "Insulation Workers, Floor, Ceiling, and Wall_13544_13549": {"llm_label": "TASK_2", "label_logprob": 0.0, "p_task_1": 0.0, "uncertainty": 0.0}, "Insulation Workers, Floor, Ceiling, and Wall_13544_13550": {"llm_label": "TASK_1", "label_logprob": -0.000433, "p_task_1": 0.999567093730971, "uncertainty": 0.003785666982707047}, "Insulation Workers, Floor, Ceiling, and Wall_13544_13551": {"llm_label": "TASK_1", "label_logprob": -2.2e-05, "p_task_1": 0.9999780002419982, "uncertainty": 0.0002579354610012207}, "Insulation Workers, Floor, Ceiling, and Wall_13544_13552": {"llm_label": "TASK_2", "label_logprob": -0.006732, "p_task_1": 0.006709390851379005, "uncertainty": 0.04026228218770253}, "Insulation Workers, Floor, Ceiling, and Wall_13544_13553": {"llm_label": "TASK_2", "label_logprob": 0.0, "p_task_1": 0.0, "uncertainty": 0.0}, "Insulation Workers, Floor, Ceiling, and Wall_13545_13546": {"llm_label": "TASK_2", "label_logprob": -1e-06, "p_task_1": 9.999994999843054e-07, "uncertainty": 1.4815503149992376e-05}, "Insulation Workers, Floor, Ceiling, and Wall_13545_13547": {"llm_label": "TASK_2", "label_logprob": -2e-06, "p_task_1": 1.9999979999907325e-06, "uncertainty": 2.8244698509961958e-05}, "Insulation Workers, Floor, Ceiling, and Wall_13545_13548": {"llm_label": "TASK_2", "label_logprob": -0.007814, "p_task_1": 0.007783550065547651, "uncertainty": 0.04554809604831687}, "Insulation Workers, Floor, Ceiling, and Wall_13545_13549": {"llm_label": "TASK_2", "label_logprob": -0.000306, "p_task_1": 0.00030595318677506533, "uncertainty": 0.0027817035683818593}, "Insulation Workers, Floor, Ceiling, and Wall_13545_13550": {"llm_label": "TASK_1", "label_logprob": -3.8e-05, "p_task_1": 0.9999620007219908, "uncertainty": 0.0004247530567765096}, "Insulation Workers, Floor, Ceiling, and Wall_13545_13551": {"llm_label": "TASK_1", "label_logprob": -2e-06, "p_task_1": 0.999998000002, "uncertainty": 2.8244698509961958e-05}, "Insulation Workers, Floor, Ceiling, and Wall_13545_13552": {"llm_label": "EQUAL_TIME", "label_logprob": -0.070832, "p_task_1": 0.5, "uncertainty": 0.6931471805599453}, "Insulation Workers, Floor, Ceiling, and Wall_13545_13553": {"llm_label": "TASK_2", "label_logprob": -5e-06, "p_task_1": 4.999987500031722e-06, "uncertainty": 6.603019815215604e-05}, "Insulation Workers, Floor, Ceiling, and Wall_13546_13547": {"llm_label": "EQUAL_TIME", "label_logprob": -0.476103, "p_task_1": 0.5, "uncertainty": 0.6931471805599453}, "Insulation Workers, Floor, Ceiling, and Wall_13546_13548": {"llm_label": "TASK_1", "label_logprob": -3.5e-05, "p_task_1": 0.9999650006124928, "uncertainty": 0.00039409879060961955}, "Insulation Workers, Floor, Ceiling, and Wall_13546_13549": {"llm_label": "EQUAL_TIME", "label_logprob": -0.02662, "p_task_1": 0.5, "uncertainty": 0.6931471805599453}, "Insulation Workers, Floor, Ceiling, and Wall_13546_13550": {"llm_label": "TASK_1", "label_logprob": -1e-06, "p_task_1": 0.9999990000005, "uncertainty": 1.4815503149992376e-05}, "Insulation Workers, Floor, Ceiling, and Wall_13546_13551": {"llm_label": "TASK_1", "label_logprob": -1e-06, "p_task_1": 0.9999990000005, "uncertainty": 1.4815503149992376e-05}, "Insulation Workers, Floor, Ceiling, and Wall_13546_13552": {"llm_label": "TASK_1", "label_logprob": -5e-06, "p_task_1": 0.9999950000125, "uncertainty": 6.603019815215604e-05}, "Insulation Workers, Floor, Ceiling, and Wall_13546_13553": {"llm_label": "TASK_2", "label_logprob": -0.016425, "p_task_1": 0.01629084518932966, "uncertainty": 0.08322930829351527}, "Insulation Workers, Floor, Ceiling, and Wall_13547_13548": {"llm_label": "EQUAL_TIME", "label_logprob": -0.20204, "p_task_1": 0.5, "uncertainty": 0.6931471805599453}, "Insulation Workers, Floor, Ceiling, and Wall_13547_13549": {"llm_label": "TASK_2", "label_logprob": -0.161174, "p_task_1": 0.14885604082710957, "uncertainty": 0.420719632299138}, "Insulation Workers, Floor, Ceiling, and Wall_13547_13550": {"llm_label": "TASK_1", "label_logprob": -1e-06, "p_task_1": 0.9999990000005, "uncertainty": 1.4815503149992376e-05}, "Insulation Workers, Floor, Ceiling, and Wall_13547_13551": {"llm_label": "TASK_1", "label_logprob": -1e-06, "p_task_1": 0.9999990000005, "uncertainty": 1.4815503149992376e-05}, "Insulation Workers, Floor, Ceiling, and Wall_13547_13552": {"llm_label": "TASK_1", "label_logprob": -0.000737, "p_task_1": 0.999263271517793, "uncertainty": 0.006050694066713193}, "Insulation Workers, Floor, Ceiling, and Wall_13547_13553": {"llm_label": "TASK_2", "label_logprob": -4.7e-05, "p_task_1": 4.699889551729175e-05, "uncertainty": 0.0005153599478945111}, "Insulation Workers, Floor, Ceiling, and Wall_13548_13549": {"llm_label": "TASK_2", "label_logprob": -2.5e-05, "p_task_1": 2.4999687502580414e-05, "uncertainty": 0.0002899122444096467}, "Insulation Workers, Floor, Ceiling, and Wall_13548_13550": {"llm_label": "TASK_1", "label_logprob": -0.000341, "p_task_1": 0.9996590581338919, "uncertainty": 0.003062894923900382}, "Insulation Workers, Floor, Ceiling, and Wall_13548_13551": {"llm_label": "TASK_1", "label_logprob": -3e-06, "p_task_1": 0.9999970000045, "uncertainty": 4.1150633082097105e-05}, "Insulation Workers, Floor, Ceiling, and Wall_13548_13552": {"llm_label": "EQUAL_TIME", "label_logprob": -0.002619, "p_task_1": 0.5, "uncertainty": 0.6931471805599453}, "Insulation Workers, Floor, Ceiling, and Wall_13548_13553": {"llm_label": "TASK_2", "label_logprob": 0.0, "p_task_1": 0.0, "uncertainty": 0.0}, "Insulation Workers, Floor, Ceiling, and Wall_13549_13550": {"llm_label": "TASK_1", "label_logprob": -1e-06, "p_task_1": 0.9999990000005, "uncertainty": 1.4815503149992376e-05}, "Insulation Workers, Floor, Ceiling, and Wall_13549_13551": {"llm_label": "TASK_1", "label_logprob": 0.0, "p_task_1": 1.0, "uncertainty": 0.0}, "Insulation Workers, Floor, Ceiling, and Wall_13549_13552": {"llm_label": "TASK_1", "label_logprob": -0.003587, "p_task_1": 0.9964194255993291, "uncertainty": 0.023740782356173492}, "Insulation Workers, Floor, Ceiling, and Wall_13549_13553": {"llm_label": "TASK_2", "label_logprob": -0.000437, "p_task_1": 0.000436904529407367, "uncertainty": 0.0038166133203022807}, "Insulation Workers, Floor, Ceiling, and Wall_13550_13551": {"llm_label": "TASK_1", "label_logprob": -0.00015, "p_task_1": 0.9998500112494375, "uncertainty": 0.0014706209903892393}, "Insulation Workers, Floor, Ceiling, and Wall_13550_13552": {"llm_label": "TASK_2", "label_logprob": -0.000492, "p_task_1": 0.000491878987846861, "uncertainty": 0.004238536905388441}, "Insulation Workers, Floor, Ceiling, and Wall_13550_13553": {"llm_label": "TASK_2", "label_logprob": 0.0, "p_task_1": 0.0, "uncertainty": 0.0}, "Insulation Workers, Floor, Ceiling, and Wall_13551_13552": {"llm_label": "TASK_2", "label_logprob": -1e-06, "p_task_1": 9.999994999843054e-07, "uncertainty": 1.4815503149992376e-05}, "Insulation Workers, Floor, Ceiling, and Wall_13551_13553": {"llm_label": "TASK_2", "label_logprob": 0.0, "p_task_1": 0.0, "uncertainty": 0.0}, "Insulation Workers, Floor, Ceiling, and Wall_13552_13553": {"llm_label": "TASK_2", "label_logprob": -2.8e-05, "p_task_1": 2.7999608003703713e-05, "uncertainty": 0.0003215280679255237}}