{"Pipelayers_11530_11531": {"llm_label": "TASK_2", "label_logprob": 0.0, "p_task_1": 0.0, "uncertainty": 0.0}, "Pipelayers_11530_11532": {"llm_label": "TASK_2", "label_logprob": -1e-06, "p_task_1": 9.999994999843054e-07, "uncertainty": 1.4815503149992376e-05}, "Pipelayers_11530_11533": {"llm_label": "EQUAL_TIME", "label_logprob": -0.050045, "p_task_1": 0.5, "uncertainty": 0.6931471805599453}, "Pipelayers_11530_11534": {"llm_label": "TASK_2", "label_logprob": 0.0, "p_task_1": 0.0, "uncertainty": 0.0}, "Pipelayers_11530_11535": {"llm_label": "TASK_2", "label_logprob": -0.02148, "p_task_1": 0.021250947745555804, "uncertainty": 0.10286844767318587}, "Pipelayers_11530_11536": {"llm_label": "TASK_2", "label_logprob": 0.0, "p_task_1": 0.0, "uncertainty": 0.0}, "Pipelayers_11530_11537": {"llm_label": "TASK_2", "label_logprob": 0.0, "p_task_1": 0.0, "uncertainty": 0.0}, "Pipelayers_11530_11538": {"llm_label": "TASK_2", "label_logprob": -2e-05, "p_task_1": 1.999980000133572e-05, "uncertainty": 0.00023639320174866763}, "Pipelayers_11530_11539": {"llm_label": "TASK_2", "label_logprob": 0.0, "p_task_1": 0.0, "uncertainty": 0.0}, "Pipelayers_11530_11540": {"llm_label": "TASK_2", "label_logprob": -0.002551, "p_task_1": 0.002547748964551344, "uncertainty": 0.017761046206837865}, "Pipelayers_11530_11541": {"llm_label": "TASK_2", "label_logprob": -4.8e-05, "p_task_1": 4.79988480184268e-05, "uncertainty": 0.0005253142506203896}, "Pipelayers_11530_11542": {"llm_label": "TASK_2", "label_logprob": -0.003907, "p_task_1": 0.003899377605629417, "uncertainty": 0.02552137222334693}, "Pipelayers_11530_11543": {"llm_label": "TASK_2", "label_logprob": -0.002619, "p_task_1": 0.002615573411564487, "uncertainty": 0.01816506056515022}, "Pipelayers_11531_11532": {"llm_label": "TASK_2", "label_logprob": -0.007165, "p_task_1": 0.007139392583047077, "uncertainty": 0.04239763523164208}, "Pipelayers_11531_11533": {"llm_label": "TASK_1", "label_logprob": -0.053724, "p_task_1": 0.947693633852307, "uncertainty": 0.20525100210072178}, "Pipelayers_11531_11534": {"llm_label": "TASK_2", "label_logprob": -1e-06, "p_task_1": 9.999994999843054e-07, "uncertainty": 1.4815503149992376e-05}, "Pipelayers_11531_11535": {"llm_label": "TASK_1", "label_logprob": -0.001201, "p_task_1": 0.9987997209118661, "uncertainty": 0.009271676799602606}, "Pipelayers_11531_11536": {"llm_label": "EQUAL_TIME", "label_logprob": -0.323645, "p_task_1": 0.5, "uncertainty": 0.6931471805599453}, "Pipelayers_11531_11537": {"llm_label": "TASK_2", "label_logprob": -0.000143, "p_task_1": 0.00014298977598736773, "uncertainty": 0.001408830494002634}, "Pipelayers_11531_11538": {"llm_label": "TASK_2", "label_logprob": -0.025084, "p_task_1": 0.024772010563480662, "uncertainty": 0.11607052636992185}, "Pipelayers_11531_11539": {"llm_label": "TASK_2", "label_logprob": -0.028514, "p_task_1": 0.0281113123907355, "uncertainty": 0.1281143253132334}, "Pipelayers_11531_11540": {"llm_label": "CANNOT_DECIDE", "label_logprob": -0.048713, "p_task_1": 0.5, "uncertainty": 0.6931471805599453}, "Pipelayers_11531_11541": {"llm_label": "TASK_2", "label_logprob": -0.041145, "p_task_1": 0.040310035186327475, "uncertainty": 0.16892820774638878}, "Pipelayers_11531_11542": {"llm_label": "TASK_1", "label_logprob": -0.127043, "p_task_1": 0.8806958018634619, "uncertainty": 0.36553635848287125}, "Pipelayers_11531_11543": {"llm_label": "TASK_1", "label_logprob": -0.003288, "p_task_1": 0.9967173995524693, "uncertainty": 0.022050790551893247}, "Pipelayers_11532_11533": {"llm_label": "TASK_1", "label_logprob": -8.9e-05, "p_task_1": 0.9999110039603825, "uncertainty": 0.0009190509044105765}, "Pipelayers_11532_11534": {"llm_label": "TASK_2", "label_logprob": -2e-06, "p_task_1": 1.9999979999907325e-06, "uncertainty": 2.8244698509961958e-05}, "Pipelayers_11532_11535": {"llm_label": "TASK_1", "label_logprob": -0.037964, "p_task_1": 0.9627475991809171, "uncertainty": 0.1591115970990563}, "Pipelayers_11532_11536": {"llm_label": "TASK_2", "label_logprob": -0.061448, "p_task_1": 0.0595981546360137, "uncertainty": 0.22586039623159618}, "Pipelayers_11532_11537": {"llm_label": "TASK_2", "label_logprob": -4.1e-05, "p_task_1": 4.0999159511501126e-05, "uncertainty": 0.00045517014709289875}, "Pipelayers_11532_11538": {"llm_label": "TASK_1", "label_logprob": -0.205012, "p_task_1": 0.814637540702272, "uncertainty": 0.47942816994936654}, "Pipelayers_11532_11539": {"llm_label": "TASK_2", "label_logprob": -2e-06, "p_task_1": 1.9999979999907325e-06, "uncertainty": 2.8244698509961958e-05}, "Pipelayers_11532_11540": {"llm_label": "CANNOT_DECIDE", "label_logprob": -0.334568, "p_task_1": 0.5, "uncertainty": 0.6931471805599453}, "Pipelayers_11532_11541": {"llm_label": "TASK_1", "label_logprob": -0.523954, "p_task_1": 0.5921744550059006, "uncertainty": 0.6760573419317437}, "Pipelayers_11532_11542": {"llm_label": "TASK_1", "label_logprob": -0.000121, "p_task_1": 0.9998790073202047, "uncertainty": 0.001212312775168364}, "Pipelayers_11532_11543": {"llm_label": "TASK_1", "label_logprob": -0.001141, "p_task_1": 0.9988596506929962, "uncertainty": 0.00886718545803293}, "Pipelayers_11533_11534": {"llm_label": "TASK_2", "label_logprob": 0.0, "p_task_1": 0.0, "uncertainty": 0.0}, "Pipelayers_11533_11535": {"llm_label": "TASK_2", "label_logprob": -0.006273, "p_task_1": 0.006253365812039613, "uncertainty": 0.03796732434443074}, "Pipelayers_11533_11536": {"llm_label": "TASK_2", "label_logprob": -2.4e-05, "p_task_1": 2.3999712002287232e-05, "uncertainty": 0.0002792956099024647}, "Pipelayers_11533_11537": {"llm_label": "TASK_2", "label_logprob": 0.0, "p_task_1": 0.0, "uncertainty": 0.0}, "Pipelayers_11533_11538": {"llm_label": "TASK_2", "label_logprob": -0.00077, "p_task_1": 0.000769703626074203, "uncertainty": 0.006287801338037125}, "Pipelayers_11533_11539": {"llm_label": "TASK_2", "label_logprob": 0.0, "p_task_1": 0.0, "uncertainty": 0.0}, "Pipelayers_11533_11540": {"llm_label": "TASK_2", "label_logprob": -0.127782, "p_task_1": 0.11995479191010727, "uncertainty": 0.3668349076327218}, "Pipelayers_11533_11541": {"llm_label": "TASK_2", "label_logprob": -0.00014, "p_task_1": 0.00013999020045729615, "uncertainty": 0.0013822447796715976}, "Pipelayers_11533_11542": {"llm_label": "TASK_2", "label_logprob": -0.001635, "p_task_1": 0.0016336641156561305, "uncertainty": 0.012115437009442256}, "Pipelayers_11533_11543": {"llm_label": "TASK_2", "label_logprob": -0.001223, "p_task_1": 0.0012222524402862867, "uncertainty": 0.009419225466241804}, "Pipelayers_11534_11535": {"llm_label": "TASK_1", "label_logprob": -3e-06, "p_task_1": 0.9999970000045, "uncertainty": 4.1150633082097105e-05}, "Pipelayers_11534_11536": {"llm_label": "TASK_1", "label_logprob": -5e-06, "p_task_1": 0.9999950000125, "uncertainty": 6.603019815215604e-05}, "Pipelayers_11534_11537": {"llm_label": "TASK_1", "label_logprob": -5.1e-05, "p_task_1": 0.9999490013004779, "uncertainty": 0.0005550537772008165}, "Pipelayers_11534_11538": {"llm_label": "TASK_1", "label_logprob": -1.9e-05, "p_task_1": 0.9999810001804988, "uncertainty": 0.00022554821728270377}, "Pipelayers_11534_11539": {"llm_label": "TASK_1", "label_logprob": -0.055553, "p_task_1": 0.9459618863618305, "uncertainty": 0.2102377851288115}, "Pipelayers_11534_11540": {"llm_label": "TASK_1", "label_logprob": -0.048802, "p_task_1": 0.9523696802280716, "uncertainty": 0.1914778489091475}, "Pipelayers_11534_11541": {"llm_label": "TASK_1", "label_logprob": -0.000217, "p_task_1": 0.999783023542797, "uncertainty": 0.0020473059250592125}, "Pipelayers_11534_11542": {"llm_label": "TASK_1", "label_logprob": -1e-05, "p_task_1": 0.9999900000499998, "uncertainty": 0.00012512862900562218}, "Pipelayers_11534_11543": {"llm_label": "TASK_1", "label_logprob": -1e-06, "p_task_1": 0.9999990000005, "uncertainty": 1.4815503149992376e-05}, "Pipelayers_11535_11536": {"llm_label": "TASK_2", "label_logprob": -0.000158, "p_task_1": 0.00015798751865736538, "uncertainty": 0.0015408389236240686},