{"Helpers--Painters, Paperhangers, Plasterers, and Stucco Masons_13612_13613": {"llm_label": "CANNOT_DECIDE", "label_logprob": -0.201446, "p_task_1": 0.5, "uncertainty": 0.6931471805599453}, "Helpers--Painters, Paperhangers, Plasterers, and Stucco Masons_13612_13614": {"llm_label": "TASK_2", "label_logprob": -5.6e-05, "p_task_1": 5.599843202930277e-05, "uncertainty": 0.000604231977919192}, "Helpers--Painters, Paperhangers, Plasterers, and Stucco Masons_13612_13615": {"llm_label": "TASK_2", "label_logprob": 0.0, "p_task_1": 0.0, "uncertainty": 0.0}, "Helpers--Painters, Paperhangers, Plasterers, and Stucco Masons_13612_13616": {"llm_label": "TASK_2", "label_logprob": -0.00027, "p_task_1": 0.00026996355328023913, "uncertainty": 0.0024882779898956695}, "Helpers--Painters, Paperhangers, Plasterers, and Stucco Masons_13612_13617": {"llm_label": "TASK_1", "label_logprob": -0.140392, "p_task_1": 0.8690175137563345, "uncertainty": 0.3882501138593658}, "Helpers--Painters, Paperhangers, Plasterers, and Stucco Masons_13612_13618": {"llm_label": "TASK_2", "label_logprob": 0.0, "p_task_1": 0.0, "uncertainty": 0.0}, "Helpers--Painters, Paperhangers, Plasterers, and Stucco Masons_13612_13619": {"llm_label": "TASK_2", "label_logprob": -0.032757, "p_task_1": 0.03222629997258164, "uncertainty": 0.1423978137446685}, "Helpers--Painters, Paperhangers, Plasterers, and Stucco Masons_13612_13620": {"llm_label": "TASK_1", "label_logprob": -0.024789, "p_task_1": 0.975515724132184, "uncertainty": 0.1150119692276155}, "Helpers--Painters, Paperhangers, Plasterers, and Stucco Masons_13612_13621": {"llm_label": "TASK_2", "label_logprob": -0.170008, "p_task_1": 0.15634193269515184, "uncertainty": 0.43355387644321636}, "Helpers--Painters, Paperhangers, Plasterers, and Stucco Masons_13612_13622": {"llm_label": "TASK_1", "label_logprob": -0.01357, "p_task_1": 0.9865216573846812, "uncertainty": 0.07143388794527931}, "Helpers--Painters, Paperhangers, Plasterers, and Stucco Masons_13613_13614": {"llm_label": "CANNOT_DECIDE", "label_logprob": -0.453092, "p_task_1": 0.5, "uncertainty": 0.6931471805599453}, "Helpers--Painters, Paperhangers, Plasterers, and Stucco Masons_13613_13615": {"llm_label": "TASK_2", "label_logprob": -0.000459, "p_task_1": 0.0004588946756152179, "uncertainty": 0.003986170407624113}, "Helpers--Painters, Paperhangers, Plasterers, and Stucco Masons_13613_13616": {"llm_label": "CANNOT_DECIDE", "label_logprob": -0.609905, "p_task_1": 0.5, "uncertainty": 0.6931471805599453}, "Helpers--Painters, Paperhangers, Plasterers, and Stucco Masons_13613_13617": {"llm_label": "CANNOT_DECIDE", "label_logprob": -0.60641, "p_task_1": 0.5, "uncertainty": 0.6931471805599453}, "Helpers--Painters, Paperhangers, Plasterers, and Stucco Masons_13613_13618": {"llm_label": "CANNOT_DECIDE", "label_logprob": -0.313669, "p_task_1": 0.5, "uncertainty": 0.6931471805599453}, "Helpers--Painters, Paperhangers, Plasterers, and Stucco Masons_13613_13619": {"llm_label": "TASK_1", "label_logprob": -0.63829, "p_task_1": 0.5281948654556675, "uncertainty": 0.6915564360153437}, "Helpers--Painters, Paperhangers, Plasterers, and Stucco Masons_13613_13620": {"llm_label": "CANNOT_DECIDE", "label_logprob": -0.047381, "p_task_1": 0.5, "uncertainty": 0.6931471805599453}, "Helpers--Painters, Paperhangers, Plasterers, and Stucco Masons_13613_13621": {"llm_label": "CANNOT_DECIDE", "label_logprob": -0.284397, "p_task_1": 0.5, "uncertainty": 0.6931471805599453}, "Helpers--Painters, Paperhangers, Plasterers, and Stucco Masons_13613_13622": {"llm_label": "CANNOT_DECIDE", "label_logprob": -0.387494, "p_task_1": 0.5, "uncertainty": 0.6931471805599453}, "Helpers--Painters, Paperhangers, Plasterers, and Stucco Masons_13614_13615": {"llm_label": "TASK_2", "label_logprob": -4e-06, "p_task_1": 3.9999919999589295e-06, "uncertainty": 5.371675735315082e-05}, "Helpers--Painters, Paperhangers, Plasterers, and Stucco Masons_13614_13616": {"llm_label": "TASK_1", "label_logprob": -0.382215, "p_task_1": 0.6823483325419875, "uncertainty": 0.6250866626573384}, "Helpers--Painters, Paperhangers, Plasterers, and Stucco Masons_13614_13617": {"llm_label": "TASK_1", "label_logprob": -0.000599, "p_task_1": 0.9994011793646851, "uncertainty": 0.0050422188405988165}, "Helpers--Painters, Paperhangers, Plasterers, and Stucco Masons_13614_13618": {"llm_label": "TASK_2", "label_logprob": -0.031644, "p_task_1": 0.031148568197973625, "uncertainty": 0.1387123128415327}, "Helpers--Painters, Paperhangers, Plasterers, and Stucco Masons_13614_13619": {"llm_label": "TASK_1", "label_logprob": -0.482934, "p_task_1": 0.6169705420855929, "uncertainty": 0.665527735076451}, "Helpers--Painters, Paperhangers, Plasterers, and Stucco Masons_13614_13620": {"llm_label": "TASK_1", "label_logprob": -5.9e-05, "p_task_1": 0.9999410017404657, "uncertainty": 0.0006335217246636567}, "Helpers--Painters, Paperhangers, Plasterers, and Stucco Masons_13614_13621": {"llm_label": "TASK_1", "label_logprob": -0.712136, "p_task_1": 0.4905951662194045, "uncertainty": 0.6929702683301724}, "Helpers--Painters, Paperhangers, Plasterers, and Stucco Masons_13614_13622": {"llm_label": "TASK_1", "label_logprob": -2.6e-05, "p_task_1": 0.9999740003379971, "uncertainty": 0.0003004888581468068}, "Helpers--Painters, Paperhangers, Plasterers, and Stucco Masons_13615_13616": {"llm_label": "TASK_1", "label_logprob": -0.000925, "p_task_1": 0.9990754276806216, "uncertainty": 0.0073833727555459765}, "Helpers--Painters, Paperhangers, Plasterers, and Stucco Masons_13615_13617": {"llm_label": "TASK_1", "label_logprob": -3e-06, "p_task_1": 0.9999970000045, "uncertainty": 4.1150633082097105e-05}, "Helpers--Painters, Paperhangers, Plasterers, and Stucco Masons_13615_13618": {"llm_label": "TASK_1", "label_logprob": -0.407688, "p_task_1": 0.6651863846018128, "uncertainty": 0.6375352949927435}, "Helpers--Painters, Paperhangers, Plasterers, and Stucco Masons_13615_13619": {"llm_label": "TASK_1", "label_logprob": -0.009165, "p_task_1": 0.9908768706001814, "uncertainty": 0.05193219979775239}, "Helpers--Painters, Paperhangers, Plasterers, and Stucco Masons_13615_13620": {"llm_label": "TASK_1", "label_logprob": -2e-06, "p_task_1": 0.999998000002, "uncertainty": 2.8244698509961958e-05}, "Helpers--Painters, Paperhangers, Plasterers, and Stucco Masons_13615_13621": {"llm_label": "TASK_1", "label_logprob": -0.000223, "p_task_1": 0.9997770248626519, "uncertainty": 0.0020978256336006873}, "Helpers--Painters, Paperhangers, Plasterers, and Stucco Masons_13615_13622": {"llm_label": "TASK_1", "label_logprob": -4.5e-05, "p_task_1": 0.9999550010124848, "uncertainty": 0.0004953870167811679}, "Helpers--Painters, Paperhangers, Plasterers, and Stucco Masons_13616_13617": {"llm_label": "TASK_1", "label_logprob": -0.000101, "p_task_1": 0.9998990051003283, "uncertainty": 0.0010301873688587978}, "Helpers--Painters, Paperhangers, Plasterers, and Stucco Masons_13616_13618": {"llm_label": "TASK_2", "label_logprob": -0.00024, "p_task_1": 0.00023997120230390134, "uncertainty": 0.0022401003700887856}, "Helpers--Painters, Paperhangers, Plasterers, and Stucco Masons_13616_13619": {"llm_label": "TASK_2", "label_logprob": -0.150951, "p_task_1": 0.14011016777129615, "uncertainty": 0.4051634211223176}, "Helpers--Painters, Paperhangers, Plasterers, and Stucco Masons_13616_13620": {"llm_label": "TASK_1", "label_logprob": -0.000654, "p_task_1": 0.9993462138113866, "uncertainty": 0.005447610146024157}, "Helpers--Painters, Paperhangers, Plasterers, and Stucco Masons_13616_13621": {"llm_label": "TASK_1", "label_logprob": -0.003518, "p_task_1": 0.9964881809117264, "uncertainty": 0.023353116338771258}, "Helpers--Painters, Paperhangers, Plasterers, and Stucco Masons_13616_13622": {"llm_label": "EQUAL_TIME", "label_logprob": -0.037653, "p_task_1": 0.5, "uncertainty": 0.6931471805599453}, "Helpers--Painters, Paperhangers, Plasterers, and Stucco Masons_13617_13618": {"llm_label": "TASK_2", "label_logprob": 0.0, "p_task_1": 0.0, "uncertainty": 0.0},