{"Segmental Pavers_8284_8285": {"llm_label": "TASK_2", "label_logprob": -2e-06, "p_task_1": 1.9999979999907325e-06, "uncertainty": 2.8244698509961958e-05}, "Segmental Pavers_8284_8286": {"llm_label": "TASK_1", "label_logprob": 0.0, "p_task_1": 1.0, "uncertainty": 0.0}, "Segmental Pavers_8284_8287": {"llm_label": "EQUAL_TIME", "label_logprob": -0.527737, "p_task_1": 0.5, "uncertainty": 0.6931471805599453}, "Segmental Pavers_8284_8288": {"llm_label": "TASK_1", "label_logprob": -5.2e-05, "p_task_1": 0.9999480013519766, "uncertainty": 0.000564927187419359}, "Segmental Pavers_8284_8289": {"llm_label": "TASK_1", "label_logprob": -1e-05, "p_task_1": 0.9999900000499998, "uncertainty": 0.00012512862900562218}, "Segmental Pavers_8284_8290": {"llm_label": "TASK_1", "label_logprob": -2.7e-05, "p_task_1": 0.9999730003644968, "uncertainty": 0.00031102699079997}, "Segmental Pavers_8284_8291": {"llm_label": "TASK_2", "label_logprob": -9.7e-05, "p_task_1": 9.699529565210252e-05, "uncertainty": 0.0009933093829617684}, "Segmental Pavers_8284_8292": {"llm_label": "TASK_1", "label_logprob": -4.4e-05, "p_task_1": 0.9999560009679858, "uncertainty": 0.0004853674424999764}, "Segmental Pavers_8284_8293": {"llm_label": "TASK_1", "label_logprob": -0.00072, "p_task_1": 0.9992802591378032, "uncertainty": 0.005927972418480192}, "Segmental Pavers_8284_8294": {"llm_label": "TASK_1", "label_logprob": -0.034062, "p_task_1": 0.9665115790619312, "uncertainty": 0.14666659918758548}, "Segmental Pavers_8284_8295": {"llm_label": "TASK_1", "label_logprob": -0.00015, "p_task_1": 0.9998500112494375, "uncertainty": 0.0014706209903892393}, "Segmental Pavers_8285_8286": {"llm_label": "TASK_1", "label_logprob": 0.0, "p_task_1": 1.0, "uncertainty": 0.0}, "Segmental Pavers_8285_8287": {"llm_label": "TASK_1", "label_logprob": -0.011025, "p_task_1": 0.9890355525774781, "uncertainty": 0.06038773494948429}, "Segmental Pavers_8285_8288": {"llm_label": "TASK_1", "label_logprob": -3.2e-05, "p_task_1": 0.9999680005119945, "uncertainty": 0.0003631869779441248}, "Segmental Pavers_8285_8289": {"llm_label": "TASK_1", "label_logprob": -6.3e-05, "p_task_1": 0.9999370019844583, "uncertainty": 0.0006723384985142869}, "Segmental Pavers_8285_8290": {"llm_label": "TASK_1", "label_logprob": -1e-06, "p_task_1": 0.9999990000005, "uncertainty": 1.4815503149992376e-05}, "Segmental Pavers_8285_8291": {"llm_label": "TASK_2", "label_logprob": -0.048681, "p_task_1": 0.04751507606851735, "uncertainty": 0.19113249176460023}, "Segmental Pavers_8285_8292": {"llm_label": "TASK_1", "label_logprob": -4e-06, "p_task_1": 0.999996000008, "uncertainty": 5.371675735315082e-05}, "Segmental Pavers_8285_8293": {"llm_label": "TASK_1", "label_logprob": -7e-06, "p_task_1": 0.9999930000245, "uncertainty": 9.008688755748087e-05}, "Segmental Pavers_8285_8294": {"llm_label": "TASK_1", "label_logprob": -1e-06, "p_task_1": 0.9999990000005, "uncertainty": 1.4815503149992376e-05}, "Segmental Pavers_8285_8295": {"llm_label": "TASK_1", "label_logprob": -4e-06, "p_task_1": 0.999996000008, "uncertainty": 5.371675735315082e-05}, "Segmental Pavers_8286_8287": {"llm_label": "TASK_2", "label_logprob": 0.0, "p_task_1": 0.0, "uncertainty": 0.0}, "Segmental Pavers_8286_8288": {"llm_label": "TASK_2", "label_logprob": 0.0, "p_task_1": 0.0, "uncertainty": 0.0}, "Segmental Pavers_8286_8289": {"llm_label": "TASK_2", "label_logprob": 0.0, "p_task_1": 0.0, "uncertainty": 0.0}, "Segmental Pavers_8286_8290": {"llm_label": "TASK_2", "label_logprob": 0.0, "p_task_1": 0.0, "uncertainty": 0.0}, "Segmental Pavers_8286_8291": {"llm_label": "TASK_2", "label_logprob": 0.0, "p_task_1": 0.0, "uncertainty": 0.0}, "Segmental Pavers_8286_8292": {"llm_label": "TASK_1", "label_logprob": -0.083836, "p_task_1": 0.9195820551863118, "uncertainty": 0.2797889532568134}, "Segmental Pavers_8286_8293": {"llm_label": "TASK_2", "label_logprob": -2.8e-05, "p_task_1": 2.7999608003703713e-05, "uncertainty": 0.0003215280679255237}, "Segmental Pavers_8286_8294": {"llm_label": "TASK_2", "label_logprob": 0.0, "p_task_1": 0.0, "uncertainty": 0.0}, "Segmental Pavers_8286_8295": {"llm_label": "TASK_2", "label_logprob": 0.0, "p_task_1": 0.0, "uncertainty": 0.0}, "Segmental Pavers_8287_8288": {"llm_label": "TASK_1", "label_logprob": -0.302144, "p_task_1": 0.7392316078732769, "uncertainty": 0.5738590977404598}, "Segmental Pavers_8287_8289": {"llm_label": "TASK_1", "label_logprob": -0.001329, "p_task_1": 0.9986718827294075, "uncertainty": 0.010124674336995557}, "Segmental Pavers_8287_8290": {"llm_label": "TASK_1", "label_logprob": -0.000205, "p_task_1": 0.9997950210110642, "uncertainty": 0.0019457631714790353}, "Segmental Pavers_8287_8291": {"llm_label": "TASK_2", "label_logprob": -8e-06, "p_task_1": 7.999968000049762e-06, "uncertainty": 0.00010188814457675767}, "Segmental Pavers_8287_8292": {"llm_label": "TASK_1", "label_logprob": -0.000233, "p_task_1": 0.9997670271423919, "uncertainty": 0.0021816678266804784}, "Segmental Pavers_8287_8293": {"llm_label": "TASK_1", "label_logprob": -0.014589, "p_task_1": 0.9855169038246865, "uncertainty": 0.07571033206197358}, "Segmental Pavers_8287_8294": {"llm_label": "TASK_2", "label_logprob": -0.003921, "p_task_1": 0.003913322916725526, "uncertainty": 0.025598646515423255}, "Segmental Pavers_8287_8295": {"llm_label": "TASK_1", "label_logprob": -0.000261, "p_task_1": 0.999739034057537, "uncertainty": 0.0024141933641193447}, "Segmental Pavers_8288_8289": {"llm_label": "TASK_1", "label_logprob": -0.430986, "p_task_1": 0.6498680088631869, "uncertainty": 0.6475283084363397}, "Segmental Pavers_8288_8290": {"llm_label": "TASK_1", "label_logprob": -0.050045, "p_task_1": 0.9511866201397168, "uncertainty": 0.19500637856945116}, "Segmental Pavers_8288_8291": {"llm_label": "TASK_2", "label_logprob": 0.0, "p_task_1": 0.0, "uncertainty": 0.0}, "Segmental Pavers_8288_8292": {"llm_label": "TASK_1", "label_logprob": -0.000597, "p_task_1": 0.9994031781690426, "uncertainty": 0.005027384471693339}, "Segmental Pavers_8288_8293": {"llm_label": "TASK_2", "label_logprob": -0.263672, "p_task_1": 0.23177452370693674, "uncertainty": 0.5414116440701117}, "Segmental Pavers_8288_8294": {"llm_label": "TASK_2", "label_logprob": -0.505148, "p_task_1": 0.3965837367888557, "uncertainty": 0.6716021538932064}, "Segmental Pavers_8288_8295": {"llm_label": "TASK_1", "label_logprob": -0.128584, "p_task_1": 0.879339694781657, "uncertainty": 0.36823854216057994}, "Segmental Pavers_8289_8290": {"llm_label": "TASK_1", "label_logprob": -0.127983, "p_task_1": 0.8798683367792288, "uncertainty": 0.3671872389917024}, "Segmental Pavers_8289_8291": {"llm_label": "TASK_2", "label_logprob": -5e-06, "p_task_1": 4.999987500031722e-06, "uncertainty": 6.603019815215604e-05}, "Segmental Pavers_8289_8292": {"llm_label": "TASK_1", "label_logprob": -0.004339, "p_task_1": 0.9956703998602544, "uncertainty": 0.02788311049328187}, "Segmental Pavers_8289_8293": {"llm_label": "TASK_1", "label_logprob": -0.392761, "p_task_1": 0.6751900987375008, "uncertainty": 0.6304420052203146}, "Segmental Pavers_8289_8294": {"llm_label": "TASK_2", "label_logprob": -0.005594, "p_task_1": 0.0055783827165979405, "uncertainty": 0.03450822127805052}, "Segmental Pavers_8289_8295": {"llm_label": "TASK_2", "label_logprob": -0.257305, "p_task_1": 0.2268676275721171, "uncertainty": 0.5354636707403331}, "Segmental Pavers_8290_8291": {"llm_label": "TASK_2", "label_logprob": -1e-06, "p_task_1": 9.999994999843054e-07, "uncertainty": 1.4815503149992376e-05}, "Segmental Pavers_8290_8292": {"llm_label": "TASK_1", "label_logprob": -0.000155, "p_task_1": 0.9998450120118794, "uncertainty": 0.0015145558624056635}, "Segmental Pavers_8290_8293": {"llm_label": "TASK_2", "label_logprob": -0.576006, "p_task_1": 0.4378609276477302, "uncertainty": 0.6854046489449974}, "Segmental Pavers_8290_8294": {"llm_label": "TASK_2", "label_logprob": -0.000864, "p_task_1": 0.0008636268594721663, "uncertainty": 0.006955597026098934}, "Segmental Pavers_8290_8295": {"llm_label": "TASK_1",