{"Helpers--Extraction Workers_13698_13699": {"llm_label": "TASK_1", "label_logprob": -0.001045, "p_task_1": 0.9989555458223554, "uncertainty": 0.008213314464587744}, "Helpers--Extraction Workers_13698_13700": {"llm_label": "TASK_1", "label_logprob": -0.003274, "p_task_1": 0.9967313536937419, "uncertainty": 0.021971001234814748}, "Helpers--Extraction Workers_13698_13701": {"llm_label": "TASK_1", "label_logprob": -9.9e-05, "p_task_1": 0.9999010049003383, "uncertainty": 0.0010117685967436802}, "Helpers--Extraction Workers_13698_13702": {"llm_label": "TASK_1", "label_logprob": -1e-06, "p_task_1": 0.9999990000005, "uncertainty": 1.4815503149992376e-05}, "Helpers--Extraction Workers_13698_13703": {"llm_label": "TASK_1", "label_logprob": -0.394392, "p_task_1": 0.6740897612555994, "uncertainty": 0.6312444230284857}, "Helpers--Extraction Workers_13698_13704": {"llm_label": "TASK_2", "label_logprob": -0.007753, "p_task_1": 0.007723023016045438, "uncertainty": 0.045254427429517366}, "Helpers--Extraction Workers_13698_13705": {"llm_label": "TASK_1", "label_logprob": -2e-06, "p_task_1": 0.999998000002, "uncertainty": 2.8244698509961958e-05}, "Helpers--Extraction Workers_13698_13706": {"llm_label": "TASK_1", "label_logprob": -2e-05, "p_task_1": 0.9999800001999987, "uncertainty": 0.00023639320174866763}, "Helpers--Extraction Workers_13698_13707": {"llm_label": "TASK_1", "label_logprob": -1e-06, "p_task_1": 0.9999990000005, "uncertainty": 1.4815503149992376e-05}, "Helpers--Extraction Workers_13698_13708": {"llm_label": "TASK_1", "label_logprob": -0.038581, "p_task_1": 0.9621537671282495, "uncertainty": 0.16103789210509667}, "Helpers--Extraction Workers_13698_13709": {"llm_label": "TASK_1", "label_logprob": -0.41386, "p_task_1": 0.6610934978772013, "uncertainty": 0.6403075013746613}, "Helpers--Extraction Workers_13698_13710": {"llm_label": "TASK_1", "label_logprob": -0.001766, "p_task_1": 0.9982355584604513, "uncertainty": 0.012949304048766198}, "Helpers--Extraction Workers_13698_13711": {"llm_label": "TASK_1", "label_logprob": -0.498593, "p_task_1": 0.6073846489914235, "uncertainty": 0.6699036009033041}, "Helpers--Extraction Workers_13699_13700": {"llm_label": "TASK_2", "label_logprob": -0.078604, "p_task_1": 0.07559408328314587, "uncertainty": 0.2678744445131642}, "Helpers--Extraction Workers_13699_13701": {"llm_label": "TASK_2", "label_logprob": -0.253172, "p_task_1": 0.22366565916708148, "uncertainty": 0.5315084653999758}, "Helpers--Extraction Workers_13699_13702": {"llm_label": "TASK_1", "label_logprob": -0.003526, "p_task_1": 0.9964802090381667, "uncertainty": 0.023398133229496687}, "Helpers--Extraction Workers_13699_13703": {"llm_label": "CANNOT_DECIDE", "label_logprob": -0.142997, "p_task_1": 0.5, "uncertainty": 0.6931471805599453}, "Helpers--Extraction Workers_13699_13704": {"llm_label": "TASK_2", "label_logprob": -0.001071, "p_task_1": 0.001070426684191994, "uncertainty": 0.008391248759513897}, "Helpers--Extraction Workers_13699_13705": {"llm_label": "TASK_2", "label_logprob": -0.046407, "p_task_1": 0.04534666079775429, "uncertainty": 0.1845788076815448}, "Helpers--Extraction Workers_13699_13706": {"llm_label": "TASK_2", "label_logprob": -0.252563, "p_task_1": 0.22319272756045672, "uncertainty": 0.5309192903064347}, "Helpers--Extraction Workers_13699_13707": {"llm_label": "TASK_1", "label_logprob": -0.000176, "p_task_1": 0.9998240154870914, "uncertainty": 0.0016973753018939023}, "Helpers--Extraction Workers_13699_13708": {"llm_label": "TASK_2", "label_logprob": -0.00236, "p_task_1": 0.0023572173894174098, "uncertainty": 0.01661624670188499}, "Helpers--Extraction Workers_13699_13709": {"llm_label": "TASK_2", "label_logprob": -0.000464, "p_task_1": 0.0004638923686476337, "uncertainty": 0.004024556701464235}, "Helpers--Extraction Workers_13699_13710": {"llm_label": "TASK_2", "label_logprob": -0.075686, "p_task_1": 0.07289272745679021, "uncertainty": 0.26105806689748806}, "Helpers--Extraction Workers_13699_13711": {"llm_label": "TASK_2", "label_logprob": -0.023711, "p_task_1": 0.02343210289786346, "uncertainty": 0.11111127410364874}, "Helpers--Extraction Workers_13700_13701": {"llm_label": "CANNOT_DECIDE", "label_logprob": -0.317609, "p_task_1": 0.5, "uncertainty": 0.6931471805599453}, "Helpers--Extraction Workers_13700_13702": {"llm_label": "TASK_1", "label_logprob": -0.079572, "p_task_1": 0.9235115247450254, "uncertainty": 0.27010809614393905}, "Helpers--Extraction Workers_13700_13703": {"llm_label": "CANNOT_DECIDE", "label_logprob": -0.28413, "p_task_1": 0.5, "uncertainty": 0.6931471805599453}, "Helpers--Extraction Workers_13700_13704": {"llm_label": "TASK_2", "label_logprob": -4.4e-05, "p_task_1": 4.399903201424138e-05, "uncertainty": 0.0004853674424999764}, "Helpers--Extraction Workers_13700_13705": {"llm_label": "TASK_1", "label_logprob": -0.397139, "p_task_1": 0.6722405776978763, "uncertainty": 0.6325805262058645}, "Helpers--Extraction Workers_13700_13706": {"llm_label": "TASK_1", "label_logprob": -0.116939, "p_task_1": 0.8896394595153012, "uncertainty": 0.3472684704728869}, "Helpers--Extraction Workers_13700_13707": {"llm_label": "TASK_1", "label_logprob": -2e-06, "p_task_1": 0.999998000002, "uncertainty": 2.8244698509961958e-05}, "Helpers--Extraction Workers_13700_13708": {"llm_label": "TASK_2", "label_logprob": -0.004178, "p_task_1": 0.0041692843002894, "uncertainty": 0.027008304093146904}, "Helpers--Extraction Workers_13700_13709": {"llm_label": "TASK_2", "label_logprob": -0.002908, "p_task_1": 0.002903775863588254, "uncertainty": 0.01986266921003875}, "Helpers--Extraction Workers_13700_13710": {"llm_label": "TASK_2", "label_logprob": -0.060932, "p_task_1": 0.05911278206845283, "uncertainty": 0.2245193002594201}, "Helpers--Extraction Workers_13700_13711": {"llm_label": "TASK_2", "label_logprob": -0.000206, "p_task_1": 0.0002059787834568505, "uncertainty": 0.0019542513897298306}, "Helpers--Extraction Workers_13701_13702": {"llm_label": "TASK_1", "label_logprob": -0.012209, "p_task_1": 0.9878652274524193, "uncertainty": 0.06559558214120283}, "Helpers--Extraction Workers_13701_13703": {"llm_label": "CANNOT_DECIDE", "label_logprob": -0.169877, "p_task_1": 0.5, "uncertainty": 0.6931471805599453}, "Helpers--Extraction Workers_13701_13704": {"llm_label": "TASK_2", "label_logprob": -2.4e-05, "p_task_1": 2.3999712002287232e-05, "uncertainty": 0.0002792956099024647}, "Helpers--Extraction Workers_13701_13705": {"llm_label": "TASK_1", "label_logprob": -0.262014, "p_task_1": 0.7695002506286556, "uncertainty": 0.5398794895117994}, "Helpers--Extraction Workers_13701_13706": {"llm_label": "TASK_1", "label_logprob": -0.34908, "p_task_1": 0.7053367010767306, "uncertainty": 0.6062744837320292}, "Helpers--Extraction Workers_13701_13707": {"llm_label": "TASK_1", "label_logprob": 0.0, "p_task_1": 1.0, "uncertainty": 0.0}, "Helpers--Extraction Workers_13701_13708": {"llm_label": "CANNOT_DECIDE", "label_logprob": -0.474842, "p_task_1": 0.5, "uncertainty": 0.6931471805599453}, "Helpers--Extraction Workers_13701_13709": {"llm_label": "TASK_2", "label_logprob": -0.016923, "p_task_1": 0.016780610386769257, "uncertainty": 0.08523029028760681}, "Helpers--Extraction Workers_13701_13710": {"llm_label": "TASK_2", "label_logprob": -0.387923, "p_task_1": 0.3215354169742596, "uncertainty": 0.628021399101997}, "Helpers--Extraction Workers_13701_13711": {"llm_label": "TASK_2", "label_logprob": -1e-06, "p_task_1": 9.999994999843054e-07, "uncertainty": 1.4815503149992376e-05}, "Helpers--Extraction Workers_13702_13703": {"llm_label": "TASK_2", "label_logprob": -0.000974, "p_task_1": 0.0009735258159642157, "uncertainty": 0.007724050488986366}, "Helpers--Extraction Workers_13702_13704": {"llm_label": "TASK_2", "label_logprob": 0.0, "p_task_1": 0.0, "uncertainty": 0.0}, "Helpers--Extraction Workers_13702_13705": {"llm_label": "TASK_2", "label_logprob": -0.002555, "p_task_1": 0.002551738765575906, "uncertainty": 0.017784862164904894},