{"Continuous Mining Machine Operators_14956_14957": {"llm_label": "TASK_1", "label_logprob": -0.00436, "p_task_1": 0.9956494910014011, "uncertainty": 0.02799676101008707}, "Continuous Mining Machine Operators_14956_14958": {"llm_label": "TASK_1", "label_logprob": -0.000485, "p_task_1": 0.9995151175934883, "uncertainty": 0.004185195421332985}, "Continuous Mining Machine Operators_14956_14959": {"llm_label": "TASK_1", "label_logprob": -0.000352, "p_task_1": 0.9996480619447317, "uncertainty": 0.003150507022643707}, "Continuous Mining Machine Operators_14956_14960": {"llm_label": "TASK_1", "label_logprob": -0.006679, "p_task_1": 0.9933432549460072, "uncertainty": 0.039998975537250285}, "Continuous Mining Machine Operators_14956_14961": {"llm_label": "TASK_1", "label_logprob": -0.558819, "p_task_1": 0.5718840602601464, "uncertainty": 0.6827766451071071}, "Continuous Mining Machine Operators_14956_14962": {"llm_label": "TASK_1", "label_logprob": -0.011159, "p_task_1": 0.9889030306925973, "uncertainty": 0.06098355152061768}, "Continuous Mining Machine Operators_14956_14963": {"llm_label": "TASK_1", "label_logprob": -0.000728, "p_task_1": 0.9992722649277069, "uncertainty": 0.005985773453286629}, "Continuous Mining Machine Operators_14956_14964": {"llm_label": "TASK_1", "label_logprob": -0.386953, "p_task_1": 0.6791230129581662, "uncertainty": 0.6275287392807833}, "Continuous Mining Machine Operators_14956_14965": {"llm_label": "TASK_1", "label_logprob": -0.527079, "p_task_1": 0.5903267983012348, "uncertainty": 0.6767393827036172}, "Continuous Mining Machine Operators_14956_19875": {"llm_label": "TASK_1", "label_logprob": -0.43286, "p_task_1": 0.6486512966300182, "uncertainty": 0.6482775438598715}, "Continuous Mining Machine Operators_14956_19876": {"llm_label": "TASK_1", "label_logprob": -0.000231, "p_task_1": 0.9997690266784457, "uncertainty": 0.002164934388724215}, "Continuous Mining Machine Operators_14956_20912": {"llm_label": "TASK_1", "label_logprob": -0.576207, "p_task_1": 0.5620260937534566, "uncertainty": 0.6854328504863951}, "Continuous Mining Machine Operators_14956_20913": {"llm_label": "TASK_1", "label_logprob": -0.00034, "p_task_1": 0.9996600577934499, "uncertainty": 0.003054912716767066}, "Continuous Mining Machine Operators_14956_20914": {"llm_label": "TASK_1", "label_logprob": -0.004249, "p_task_1": 0.9957600142288279, "uncertainty": 0.027394854915733825}, "Continuous Mining Machine Operators_14957_14958": {"llm_label": "TASK_1", "label_logprob": -0.254523, "p_task_1": 0.775286221302615, "uncertainty": 0.5328096179527813}, "Continuous Mining Machine Operators_14957_14959": {"llm_label": "TASK_1", "label_logprob": -0.255197, "p_task_1": 0.7747638544468624, "uncertainty": 0.5334557368728174}, "Continuous Mining Machine Operators_14957_14960": {"llm_label": "TASK_1", "label_logprob": -0.003201, "p_task_1": 0.9968041177384168, "uncertainty": 0.021553964591673858}, "Continuous Mining Machine Operators_14957_14961": {"llm_label": "TASK_1", "label_logprob": -0.094244, "p_task_1": 0.9100606803418737, "uncertainty": 0.3023974084552038}, "Continuous Mining Machine Operators_14957_14962": {"llm_label": "TASK_2", "label_logprob": -0.00557, "p_task_1": 0.005554516311387481, "uncertainty": 0.03438446402370609}, "Continuous Mining Machine Operators_14957_14963": {"llm_label": "TASK_2", "label_logprob": -0.166233, "p_task_1": 0.15315110459230563, "uncertainty": 0.42813628023139194}, "Continuous Mining Machine Operators_14957_14964": {"llm_label": "TASK_2", "label_logprob": -0.000249, "p_task_1": 0.0002489690020728297, "uncertainty": 0.0023149281378424076}, "Continuous Mining Machine Operators_14957_14965": {"llm_label": "TASK_2", "label_logprob": -0.000973, "p_task_1": 0.0009725267889905131, "uncertainty": 0.007717123110085585}, "Continuous Mining Machine Operators_14957_19875": {"llm_label": "TASK_2", "label_logprob": -0.039899, "p_task_1": 0.03911351621365089, "uncertainty": 0.16511654881755128}, "Continuous Mining Machine Operators_14957_19876": {"llm_label": "TASK_1", "label_logprob": -0.036803, "p_task_1": 0.9638659982485988, "uncertainty": 0.15545687124623753}, "Continuous Mining Machine Operators_14957_20912": {"llm_label": "TASK_2", "label_logprob": -2e-06, "p_task_1": 1.9999979999907325e-06, "uncertainty": 2.8244698509961958e-05}, "Continuous Mining Machine Operators_14957_20913": {"llm_label": "TASK_1", "label_logprob": -0.000585, "p_task_1": 0.9994151710791379, "uncertainty": 0.004938236179205699}, "Continuous Mining Machine Operators_14957_20914": {"llm_label": "TASK_2", "label_logprob": -0.716583, "p_task_1": 0.5115816667093712, "uncertainty": 0.6928788865576623}, "Continuous Mining Machine Operators_14958_14959": {"llm_label": "EQUAL_TIME", "label_logprob": -0.030234, "p_task_1": 0.5, "uncertainty": 0.6931471805599453}, "Continuous Mining Machine Operators_14958_14960": {"llm_label": "TASK_1", "label_logprob": -0.000211, "p_task_1": 0.9997890222589344, "uncertainty": 0.001996620011139846}, "Continuous Mining Machine Operators_14958_14961": {"llm_label": "TASK_1", "label_logprob": -0.002471, "p_task_1": 0.9975320504074637, "uncertainty": 0.017283378262406918}, "Continuous Mining Machine Operators_14958_14962": {"llm_label": "TASK_2", "label_logprob": -0.079953, "p_task_1": 0.07684026612548611, "uncertainty": 0.2709835476352116}, "Continuous Mining Machine Operators_14958_14963": {"llm_label": "TASK_2", "label_logprob": -0.105582, "p_task_1": 0.10019931383469471, "uncertainty": 0.3255206900778214}, "Continuous Mining Machine Operators_14958_14964": {"llm_label": "TASK_2", "label_logprob": -0.014438, "p_task_1": 0.014334271886884964, "uncertainty": 0.07508148765991948}, "Continuous Mining Machine Operators_14958_14965": {"llm_label": "TASK_2", "label_logprob": -0.012024, "p_task_1": 0.011952000574615762, "uncertainty": 0.06479008180208835}, "Continuous Mining Machine Operators_14958_19875": {"llm_label": "TASK_2", "label_logprob": -0.266371, "p_task_1": 0.2338451686750822, "uncertainty": 0.5438809206468724}, "Continuous Mining Machine Operators_14958_19876": {"llm_label": "TASK_1", "label_logprob": -0.015055, "p_task_1": 0.985057759936339, "uncertainty": 0.07764069463241452}, "Continuous Mining Machine Operators_14958_20912": {"llm_label": "TASK_2", "label_logprob": -0.0025, "p_task_1": 0.0024968776025399153, "uncertainty": 0.017456831886854193}, "Continuous Mining Machine Operators_14958_20913": {"llm_label": "TASK_1", "label_logprob": -0.002526, "p_task_1": 0.997477187653431, "uncertainty": 0.01761205199742692}, "Continuous Mining Machine Operators_14958_20914": {"llm_label": "TASK_1", "label_logprob": -0.079239, "p_task_1": 0.9238191052920843, "uncertainty": 0.26934122923649295}, "Continuous Mining Machine Operators_14959_14960": {"llm_label": "TASK_1", "label_logprob": -0.196089, "p_task_1": 0.8219390788447831, "uncertainty": 0.46844039635073487}, "Continuous Mining Machine Operators_14959_14961": {"llm_label": "TASK_1", "label_logprob": -0.019334, "p_task_1": 0.9808517030579468, "uncertainty": 0.09470567003247464}, "Continuous Mining Machine Operators_14959_14962": {"llm_label": "TASK_2", "label_logprob": -1e-06, "p_task_1": 9.999994999843054e-07, "uncertainty": 1.4815503149992376e-05}, "Continuous Mining Machine Operators_14959_14963": {"llm_label": "TASK_2", "label_logprob": -0.261231, "p_task_1": 0.22989699472745428, "uncertainty": 0.5391518491137561}, "Continuous Mining Machine Operators_14959_14964": {"llm_label": "TASK_2", "label_logprob": -3.4e-05, "p_task_1": 3.39994220065476e-05, "uncertainty": 0.00038382457608067405}, "Continuous Mining Machine Operators_14959_14965": {"llm_label": "TASK_2", "label_logprob": -0.000127, "p_task_1": 0.0001269919358414251, "uncertainty": 0.001266277670632851}, "Continuous Mining Machine Operators_14959_19875": {"llm_label": "TASK_2", "label_logprob": -0.029808, "p_task_1": 0.029368123020653614, "uncertainty": 0.13253879398216312},