{"Derrick Operators, Oil and Gas_9889_9890": {"llm_label": "TASK_2", "label_logprob": 0.0, "p_task_1": 0.0, "uncertainty": 0.0}, "Derrick Operators, Oil and Gas_9889_9891": {"llm_label": "TASK_2", "label_logprob": -0.003348, "p_task_1": 0.0033424016974483717, "uncertainty": 0.022392061176055803}, "Derrick Operators, Oil and Gas_9889_9892": {"llm_label": "TASK_2", "label_logprob": -1e-06, "p_task_1": 9.999994999843054e-07, "uncertainty": 1.4815503149992376e-05}, "Derrick Operators, Oil and Gas_9889_9893": {"llm_label": "TASK_2", "label_logprob": -1.4e-05, "p_task_1": 1.3999902000461084e-05, "uncertainty": 0.0001704691519101948}, "Derrick Operators, Oil and Gas_9889_9894": {"llm_label": "TASK_1", "label_logprob": -0.063695, "p_task_1": 0.9382911346889798, "uncertainty": 0.23164386412192908}, "Derrick Operators, Oil and Gas_9889_9895": {"llm_label": "TASK_1", "label_logprob": -0.000336, "p_task_1": 0.9996640564416783, "uncertainty": 0.003022954314544321}, "Derrick Operators, Oil and Gas_9889_9896": {"llm_label": "TASK_2", "label_logprob": 0.0, "p_task_1": 0.0, "uncertainty": 0.0}, "Derrick Operators, Oil and Gas_9889_9897": {"llm_label": "TASK_2", "label_logprob": -0.00209, "p_task_1": 0.002087817470760145, "uncertainty": 0.014970885990183336}, "Derrick Operators, Oil and Gas_9889_9898": {"llm_label": "TASK_1", "label_logprob": -0.3143, "p_task_1": 0.7302999053210462, "uncertainty": 0.582960319306192}, "Derrick Operators, Oil and Gas_9889_9899": {"llm_label": "TASK_2", "label_logprob": -0.001218, "p_task_1": 0.001217258539063737, "uncertainty": 0.009385726950854649}, "Derrick Operators, Oil and Gas_9889_9900": {"llm_label": "TASK_1", "label_logprob": -2.3e-05, "p_task_1": 0.999977000264498, "uncertainty": 0.00026863728652655293}, "Derrick Operators, Oil and Gas_9889_9901": {"llm_label": "TASK_2", "label_logprob": -0.000457, "p_task_1": 0.00045689559140549285, "uncertainty": 0.00397080062227735}, "Derrick Operators, Oil and Gas_9889_9902": {"llm_label": "TASK_2", "label_logprob": -0.025668, "p_task_1": 0.025341377438002133, "uncertainty": 0.11815512642193203}, "Derrick Operators, Oil and Gas_9889_9903": {"llm_label": "TASK_1", "label_logprob": -0.008619, "p_task_1": 0.9914180370965383, "uncertainty": 0.04937880637507531}, "Derrick Operators, Oil and Gas_9890_9891": {"llm_label": "TASK_1", "label_logprob": -0.020654, "p_task_1": 0.9795578329520501, "uncertainty": 0.0997549960411455}, "Derrick Operators, Oil and Gas_9890_9892": {"llm_label": "TASK_2", "label_logprob": -9.7e-05, "p_task_1": 9.699529565210252e-05, "uncertainty": 0.0009933093829617684}, "Derrick Operators, Oil and Gas_9890_9893": {"llm_label": "TASK_1", "label_logprob": -0.474113, "p_task_1": 0.6224369132223945, "uncertainty": 0.6628585264996457}, "Derrick Operators, Oil and Gas_9890_9894": {"llm_label": "TASK_1", "label_logprob": -0.000812, "p_task_1": 0.9991883295827869, "uncertainty": 0.006587525421888263}, "Derrick Operators, Oil and Gas_9890_9895": {"llm_label": "TASK_1", "label_logprob": -7.6e-05, "p_task_1": 0.9999240028879268, "uncertainty": 0.0007968127892924509}, "Derrick Operators, Oil and Gas_9890_9896": {"llm_label": "TASK_1", "label_logprob": -0.162338, "p_task_1": 0.8501538039865281, "uncertainty": 0.4224422064551924}, "Derrick Operators, Oil and Gas_9890_9897": {"llm_label": "TASK_2", "label_logprob": -0.040983, "p_task_1": 0.04015455281829583, "uncertainty": 0.16843501427040183}, "Derrick Operators, Oil and Gas_9890_9898": {"llm_label": "TASK_1", "label_logprob": -0.000262, "p_task_1": 0.9997380343190028, "uncertainty": 0.0024224401534331287}, "Derrick Operators, Oil and Gas_9890_9899": {"llm_label": "TASK_1", "label_logprob": -0.012752, "p_task_1": 0.9873289622430934, "uncertainty": 0.06794304125364434}, "Derrick Operators, Oil and Gas_9890_9900": {"llm_label": "TASK_1", "label_logprob": 0.0, "p_task_1": 1.0, "uncertainty": 0.0}, "Derrick Operators, Oil and Gas_9890_9901": {"llm_label": "TASK_2", "label_logprob": -0.37118, "p_task_1": 0.31008025517265037, "uncertainty": 0.6191648630830237}, "Derrick Operators, Oil and Gas_9890_9902": {"llm_label": "TASK_1", "label_logprob": -0.003941, "p_task_1": 0.9960667555489487, "uncertainty": 0.02570894998663037}, "Derrick Operators, Oil and Gas_9890_9903": {"llm_label": "TASK_1", "label_logprob": -0.000267, "p_task_1": 0.9997330356413279, "uncertainty": 0.00246361702046855}, "Derrick Operators, Oil and Gas_9891_9892": {"llm_label": "TASK_2", "label_logprob": -1.2e-05, "p_task_1": 1.1999928000272497e-05, "uncertainty": 0.00014796635909808146}, "Derrick Operators, Oil and Gas_9891_9893": {"llm_label": "TASK_2", "label_logprob": -5e-06, "p_task_1": 4.999987500031722e-06, "uncertainty": 6.603019815215604e-05}, "Derrick Operators, Oil and Gas_9891_9894": {"llm_label": "TASK_1", "label_logprob": -0.237362, "p_task_1": 0.788705724861397, "uncertainty": 0.5156664475630149}, "Derrick Operators, Oil and Gas_9891_9895": {"llm_label": "TASK_1", "label_logprob": -0.000442, "p_task_1": 0.9995580976676097, "uncertainty": 0.003855244630512207}, "Derrick Operators, Oil and Gas_9891_9896": {"llm_label": "TASK_2", "label_logprob": -0.00116, "p_task_1": 0.0011593274600738557, "uncertainty": 0.008995610519909745}, "Derrick Operators, Oil and Gas_9891_9897": {"llm_label": "TASK_2", "label_logprob": -0.030169, "p_task_1": 0.029718457888994743, "uncertainty": 0.13376213391021474}, "Derrick Operators, Oil and Gas_9891_9898": {"llm_label": "TASK_2", "label_logprob": -0.325936, "p_task_1": 0.27814861555799997, "uncertainty": 0.591196243368819}, "Derrick Operators, Oil and Gas_9891_9899": {"llm_label": "TASK_2", "label_logprob": -0.033287, "p_task_1": 0.03273908413379001, "uncertainty": 0.14413822179728938}, "Derrick Operators, Oil and Gas_9891_9900": {"llm_label": "TASK_1", "label_logprob": -0.011006, "p_task_1": 0.9890543444314991, "uncertainty": 0.06030311637284752}, "Derrick Operators, Oil and Gas_9891_9901": {"llm_label": "TASK_2", "label_logprob": -0.002079, "p_task_1": 0.0020768403763784526, "uncertainty": 0.014903133332954805}, "Derrick Operators, Oil and Gas_9891_9902": {"llm_label": "TASK_2", "label_logprob": -0.028156, "p_task_1": 0.027763313952567703, "uncertainty": 0.12687911753459663}, "Derrick Operators, Oil and Gas_9891_9903": {"llm_label": "TASK_1", "label_logprob": -0.590986, "p_task_1": 0.5537809874006034, "uncertainty": 0.6873511848091121}, "Derrick Operators, Oil and Gas_9892_9893": {"llm_label": "TASK_2", "label_logprob": -0.001274, "p_task_1": 0.0012731888065233843, "uncertainty": 0.009759748208096079}, "Derrick Operators, Oil and Gas_9892_9894": {"llm_label": "TASK_1", "label_logprob": -7.5e-05, "p_task_1": 0.9999250028124297, "uncertainty": 0.0007873221583997021}, "Derrick Operators, Oil and Gas_9892_9895": {"llm_label": "TASK_1", "label_logprob": -1.4e-05, "p_task_1": 0.9999860000979995, "uncertainty": 0.0001704691519101948}, "Derrick Operators, Oil and Gas_9892_9896": {"llm_label": "TASK_1", "label_logprob": -0.202162, "p_task_1": 0.8169625692852507, "uncertainty": 0.4759681699003073}, "Derrick Operators, Oil and Gas_9892_9897": {"llm_label": "CANNOT_DECIDE", "label_logprob": -0.527981, "p_task_1": 0.5, "uncertainty": 0.6931471805599453}, "Derrick Operators, Oil and Gas_9892_9898": {"llm_label": "TASK_1", "label_logprob": -3e-06, "p_task_1": 0.9999970000045, "uncertainty": 4.1150633082097105e-05}, "Derrick Operators, Oil and Gas_9892_9899": {"llm_label": "TASK_1", "label_logprob": -0.000104, "p_task_1": 0.9998960054078125, "uncertainty": 0.0010577414410560416}, "Derrick Operators, Oil and Gas_9892_9900": {"llm_label": "TASK_1", "label_logprob": -1e-06, "p_task_1": 0.9999990000005, "uncertainty": 1.4815503149992376e-05}, "Derrick Operators, Oil and Gas_9892_9901": {"llm_label": "TASK_1", "label_logprob": -0.000767, "p_task_1": 0.9992332940693115, "uncertainty": 0.0062663058046345255}, "Derrick Operators, Oil and Gas_9892_9902": {"llm_label": "TASK_1", "label_logprob": -0.000315, "p_task_1": 0.9996850496072911,