{"Roof Bolters, Mining_4889_4890": {"llm_label": "TASK_1", "label_logprob": -0.001933, "p_task_1": 0.9980688670413093, "uncertainty": 0.013998169170008824}, "Roof Bolters, Mining_4889_4891": {"llm_label": "TASK_1", "label_logprob": -1.1e-05, "p_task_1": 0.9999890000604997, "uncertainty": 0.0001365930168744248}, "Roof Bolters, Mining_4889_4893": {"llm_label": "TASK_1", "label_logprob": -0.001469, "p_task_1": 0.9985320784523531, "uncertainty": 0.01104342844580156}, "Roof Bolters, Mining_4889_4894": {"llm_label": "TASK_1", "label_logprob": -3.4e-05, "p_task_1": 0.9999660005779935, "uncertainty": 0.00038382457608067405}, "Roof Bolters, Mining_4889_4895": {"llm_label": "TASK_1", "label_logprob": -0.000359, "p_task_1": 0.9996410644327893, "uncertainty": 0.003206080028970835}, "Roof Bolters, Mining_4889_4897": {"llm_label": "TASK_1", "label_logprob": -4e-05, "p_task_1": 0.9999600007999894, "uncertainty": 0.00044505634297012944}, "Roof Bolters, Mining_4889_21017": {"llm_label": "TASK_1", "label_logprob": -0.005402, "p_task_1": 0.9946125645642728, "uncertainty": 0.0335151670993481}, "Roof Bolters, Mining_4889_21018": {"llm_label": "TASK_1", "label_logprob": -0.000134, "p_task_1": 0.999866008977599, "uncertainty": 0.0013288788448026945}, "Roof Bolters, Mining_4889_21019": {"llm_label": "TASK_1", "label_logprob": -0.00019, "p_task_1": 0.9998100180488569, "uncertainty": 0.0018178397323448132}, "Roof Bolters, Mining_4889_21020": {"llm_label": "CANNOT_DECIDE", "label_logprob": -0.574284, "p_task_1": 0.5, "uncertainty": 0.6931471805599453}, "Roof Bolters, Mining_4889_21021": {"llm_label": "TASK_1", "label_logprob": -1.8e-05, "p_task_1": 0.999982000161999, "uncertainty": 0.0002146505665408007}, "Roof Bolters, Mining_4889_21022": {"llm_label": "TASK_2", "label_logprob": -0.003063, "p_task_1": 0.003058313801329815, "uncertainty": 0.020760937651638604}, "Roof Bolters, Mining_4889_21023": {"llm_label": "TASK_1", "label_logprob": -0.609925, "p_task_1": 0.5433916219178929, "uncertainty": 0.6893767738113481}, "Roof Bolters, Mining_4890_4891": {"llm_label": "TASK_1", "label_logprob": -0.004788, "p_task_1": 0.9952234441997718, "uncertainty": 0.03029121378731976}, "Roof Bolters, Mining_4890_4893": {"llm_label": "TASK_1", "label_logprob": -0.139415, "p_task_1": 0.8698669587535872, "uncertainty": 0.3866395339850463}, "Roof Bolters, Mining_4890_4894": {"llm_label": "TASK_1", "label_logprob": -0.003886, "p_task_1": 0.9961215407270826, "uncertainty": 0.02540536482104898}, "Roof Bolters, Mining_4890_4895": {"llm_label": "EQUAL_TIME", "label_logprob": -0.003459, "p_task_1": 0.5, "uncertainty": 0.6931471805599453}, "Roof Bolters, Mining_4890_4897": {"llm_label": "TASK_1", "label_logprob": -0.012555, "p_task_1": 0.9875234852085383, "uncertainty": 0.06709424061338869}, "Roof Bolters, Mining_4890_21017": {"llm_label": "TASK_1", "label_logprob": -0.012906, "p_task_1": 0.9871769252900539, "uncertainty": 0.06860434602653179}, "Roof Bolters, Mining_4890_21018": {"llm_label": "TASK_1", "label_logprob": -0.034044, "p_task_1": 0.9665289764269301, "uncertainty": 0.146608095983743}, "Roof Bolters, Mining_4890_21019": {"llm_label": "TASK_1", "label_logprob": -0.016934, "p_task_1": 0.9832085742594296, "uncertainty": 0.08527431181144099}, "Roof Bolters, Mining_4890_21020": {"llm_label": "TASK_2", "label_logprob": -0.103088, "p_task_1": 0.09795241019921674, "uncertainty": 0.32056052360310366}, "Roof Bolters, Mining_4890_21021": {"llm_label": "TASK_1", "label_logprob": -0.000173, "p_task_1": 0.9998270149636371, "uncertainty": 0.0016714192989570422}, "Roof Bolters, Mining_4890_21022": {"llm_label": "TASK_2", "label_logprob": -4.1e-05, "p_task_1": 4.0999159511501126e-05, "uncertainty": 0.00045517014709289875}, "Roof Bolters, Mining_4890_21023": {"llm_label": "EQUAL_TIME", "label_logprob": -0.268502, "p_task_1": 0.5, "uncertainty": 0.6931471805599453}, "Roof Bolters, Mining_4891_4893": {"llm_label": "EQUAL_TIME", "label_logprob": -0.241322, "p_task_1": 0.5, "uncertainty": 0.6931471805599453}, "Roof Bolters, Mining_4891_4894": {"llm_label": "TASK_2", "label_logprob": -0.31691, "p_task_1": 0.2716036921565089, "uncertainty": 0.58484739248937}, "Roof Bolters, Mining_4891_4895": {"llm_label": "EQUAL_TIME", "label_logprob": -0.032064, "p_task_1": 0.5, "uncertainty": 0.6931471805599453}, "Roof Bolters, Mining_4891_4897": {"llm_label": "EQUAL_TIME", "label_logprob": -0.046343, "p_task_1": 0.5, "uncertainty": 0.6931471805599453}, "Roof Bolters, Mining_4891_21017": {"llm_label": "EQUAL_TIME", "label_logprob": -0.155905, "p_task_1": 0.5, "uncertainty": 0.6931471805599453}, "Roof Bolters, Mining_4891_21018": {"llm_label": "TASK_2", "label_logprob": -0.488616, "p_task_1": 0.38652514388580994, "uncertainty": 0.6671683362918965}, "Roof Bolters, Mining_4891_21019": {"llm_label": "TASK_1", "label_logprob": -0.056829, "p_task_1": 0.9447556087636099, "uncertainty": 0.2136766359808393}, "Roof Bolters, Mining_4891_21020": {"llm_label": "TASK_2", "label_logprob": -7.1e-05, "p_task_1": 7.099747955963132e-05, "uncertainty": 0.0007492243805800099}, "Roof Bolters, Mining_4891_21021": {"llm_label": "TASK_1", "label_logprob": -0.011501, "p_task_1": 0.988564883682535, "uncertainty": 0.06249664769644183}, "Roof Bolters, Mining_4891_21022": {"llm_label": "TASK_2", "label_logprob": 0.0, "p_task_1": 0.0, "uncertainty": 0.0}, "Roof Bolters, Mining_4891_21023": {"llm_label": "TASK_2", "label_logprob": -0.00014, "p_task_1": 0.00013999020045729615, "uncertainty": 0.0013822447796715976}, "Roof Bolters, Mining_4893_4894": {"llm_label": "EQUAL_TIME", "label_logprob": -0.088622, "p_task_1": 0.5, "uncertainty": 0.6931471805599453}, "Roof Bolters, Mining_4893_4895": {"llm_label": "TASK_1", "label_logprob": -0.378857, "p_task_1": 0.6846435096883597, "uncertainty": 0.6233196372603412}, "Roof Bolters, Mining_4893_4897": {"llm_label": "TASK_1", "label_logprob": -0.160534, "p_task_1": 0.851688865658237, "uncertainty": 0.4197683595168621}, "Roof Bolters, Mining_4893_21017": {"llm_label": "TASK_1", "label_logprob": -0.134534, "p_task_1": 0.8741231581839449, "uncertainty": 0.3784729089144856}, "Roof Bolters, Mining_4893_21018": {"llm_label": "TASK_1", "label_logprob": -0.172769, "p_task_1": 0.8413319400773526, "uncertainty": 0.4374546041364453}, "Roof Bolters, Mining_4893_21019": {"llm_label": "EQUAL_TIME", "label_logprob": -0.59567, "p_task_1": 0.5, "uncertainty": 0.6931471805599453}, "Roof Bolters, Mining_4893_21020": {"llm_label": "TASK_2", "label_logprob": -0.000358, "p_task_1": 0.0003579359256464798, "uncertainty": 0.003198149469619536}, "Roof Bolters, Mining_4893_21021": {"llm_label": "TASK_1", "label_logprob": -0.006546, "p_task_1": 0.9934753783849289, "uncertainty": 0.03933631010031488}, "Roof Bolters, Mining_4893_21022": {"llm_label": "TASK_2", "label_logprob": -1e-06, "p_task_1": 9.999994999843054e-07, "uncertainty": 1.4815503149992376e-05}, "Roof Bolters, Mining_4893_21023": {"llm_label": "TASK_2", "label_logprob": -0.018333, "p_task_1": 0.018165972816091336, "uncertainty": 0.0908129073874572}, "Roof Bolters, Mining_4894_4895": {"llm_label": "TASK_1", "label_logprob": -0.070749, "p_task_1": 0.9316957184064866, "uncertainty": 0.24923039828665278}, "Roof Bolters, Mining_4894_4897": {"llm_label": "TASK_1", "label_logprob": -0.161001, "p_task_1": 0.8512912198155057, "uncertainty": 0.4204627828021114}, "Roof Bolters, Mining_4894_21017": {"llm_label": "TASK_1", "label_logprob": -0.713295, "p_task_1": 0.4900268957980776, "uncertainty": 0.6929482417525341}, "Roof Bolters, Mining_4894_21018": {"llm_label": "TASK_1", "label_logprob": -0.008215, "p_task_1": 0.9918186509020652, "uncertainty": 0.04746652124786771}, "Roof Bolters, Mining_4894_21019": {"llm_label": "TASK_1", "label_logprob": -0.029828, "p_task_1": 0.9706124645359319, "uncertainty": 0.13260669282754306}, "Roof Bolters, Mining_4894_21020": {"llm_label": "TASK_2", "label_logprob": -0.002183, "p_task_1": 0.002180618988397942, "uncertainty": 0.015541392336552488},