{"Rock Splitters, Quarry_14966_14967": {"llm_label": "TASK_2", "label_logprob": -1e-06, "p_task_1": 9.999994999843054e-07, "uncertainty": 1.4815503149992376e-05}, "Rock Splitters, Quarry_14966_14968": {"llm_label": "TASK_2", "label_logprob": -1e-06, "p_task_1": 9.999994999843054e-07, "uncertainty": 1.4815503149992376e-05}, "Rock Splitters, Quarry_14966_14969": {"llm_label": "EQUAL_TIME", "label_logprob": -0.380805, "p_task_1": 0.5, "uncertainty": 0.6931471805599453}, "Rock Splitters, Quarry_14966_14970": {"llm_label": "TASK_2", "label_logprob": 0.0, "p_task_1": 0.0, "uncertainty": 0.0}, "Rock Splitters, Quarry_14966_14971": {"llm_label": "TASK_2", "label_logprob": -6.9e-05, "p_task_1": 6.89976195547004e-05, "uncertainty": 0.0007300916912425196}, "Rock Splitters, Quarry_14966_14972": {"llm_label": "TASK_2", "label_logprob": 0.0, "p_task_1": 0.0, "uncertainty": 0.0}, "Rock Splitters, Quarry_14966_14973": {"llm_label": "TASK_2", "label_logprob": 0.0, "p_task_1": 0.0, "uncertainty": 0.0}, "Rock Splitters, Quarry_14966_14974": {"llm_label": "TASK_2", "label_logprob": -1e-06, "p_task_1": 9.999994999843054e-07, "uncertainty": 1.4815503149992376e-05}, "Rock Splitters, Quarry_14967_14968": {"llm_label": "TASK_1", "label_logprob": -0.717946, "p_task_1": 0.4877530725805193, "uncertainty": 0.692847176095416}, "Rock Splitters, Quarry_14967_14969": {"llm_label": "TASK_1", "label_logprob": -1.7e-05, "p_task_1": 0.9999830001444991, "uncertainty": 0.000203697321204896}, "Rock Splitters, Quarry_14967_14970": {"llm_label": "TASK_2", "label_logprob": -1.9e-05, "p_task_1": 1.8999819501153148e-05, "uncertainty": 0.00022554821728270377}, "Rock Splitters, Quarry_14967_14971": {"llm_label": "TASK_2", "label_logprob": -0.10239, "p_task_1": 0.09732256118980354, "uncertainty": 0.31915989273718753}, "Rock Splitters, Quarry_14967_14972": {"llm_label": "EQUAL_TIME", "label_logprob": -0.072143, "p_task_1": 0.5, "uncertainty": 0.6931471805599453}, "Rock Splitters, Quarry_14967_14973": {"llm_label": "TASK_2", "label_logprob": -0.013717, "p_task_1": 0.013623350640603271, "uncertainty": 0.07205563414615856}, "Rock Splitters, Quarry_14967_14974": {"llm_label": "TASK_1", "label_logprob": -0.043914, "p_task_1": 0.9570362590523065, "uncertainty": 0.17725131495375976}, "Rock Splitters, Quarry_14968_14969": {"llm_label": "TASK_1", "label_logprob": -0.000539, "p_task_1": 0.9994611452344051, "uncertainty": 0.004594165265782745}, "Rock Splitters, Quarry_14968_14970": {"llm_label": "TASK_2", "label_logprob": 0.0, "p_task_1": 0.0, "uncertainty": 0.0}, "Rock Splitters, Quarry_14968_14971": {"llm_label": "TASK_2", "label_logprob": -0.02148, "p_task_1": 0.021250947745555804, "uncertainty": 0.10286844767318587}, "Rock Splitters, Quarry_14968_14972": {"llm_label": "TASK_2", "label_logprob": -0.000167, "p_task_1": 0.000166986056276186, "uncertainty": 0.0016193500772053243}, "Rock Splitters, Quarry_14968_14973": {"llm_label": "TASK_2", "label_logprob": -0.003219, "p_task_1": 0.003213824574221147, "uncertainty": 0.021656951317284498}, "Rock Splitters, Quarry_14968_14974": {"llm_label": "TASK_2", "label_logprob": -0.018501, "p_task_1": 0.01833090707779228, "uncertainty": 0.09147021364813762}, "Rock Splitters, Quarry_14969_14970": {"llm_label": "TASK_2", "label_logprob": 0.0, "p_task_1": 0.0, "uncertainty": 0.0}, "Rock Splitters, Quarry_14969_14971": {"llm_label": "TASK_2", "label_logprob": -3e-06, "p_task_1": 2.9999955000192813e-06, "uncertainty": 4.1150633082097105e-05}, "Rock Splitters, Quarry_14969_14972": {"llm_label": "TASK_2", "label_logprob": 0.0, "p_task_1": 0.0, "uncertainty": 0.0}, "Rock Splitters, Quarry_14969_14973": {"llm_label": "TASK_2", "label_logprob": 0.0, "p_task_1": 0.0, "uncertainty": 0.0}, "Rock Splitters, Quarry_14969_14974": {"llm_label": "TASK_2", "label_logprob": 0.0, "p_task_1": 0.0, "uncertainty": 0.0}, "Rock Splitters, Quarry_14970_14971": {"llm_label": "TASK_1", "label_logprob": -0.062542, "p_task_1": 0.9393736082933883, "uncertainty": 0.22868759424718335}, "Rock Splitters, Quarry_14970_14972": {"llm_label": "TASK_2", "label_logprob": -0.114163, "p_task_1": 0.10788747031184365, "uncertainty": 0.34207566259004046}, "Rock Splitters, Quarry_14970_14973": {"llm_label": "EQUAL_TIME", "label_logprob": -0.239114, "p_task_1": 0.5, "uncertainty": 0.6931471805599453}, "Rock Splitters, Quarry_14970_14974": {"llm_label": "TASK_1", "label_logprob": -0.002747, "p_task_1": 0.9972567695520569, "uncertainty": 0.01892073574517927}, "Rock Splitters, Quarry_14971_14972": {"llm_label": "TASK_2", "label_logprob": -3e-06, "p_task_1": 2.9999955000192813e-06, "uncertainty": 4.1150633082097105e-05}, "Rock Splitters, Quarry_14971_14973": {"llm_label": "TASK_2", "label_logprob": -0.00101, "p_task_1": 0.0010094901216735064, "uncertainty": 0.007972756120947846}, "Rock Splitters, Quarry_14971_14974": {"llm_label": "TASK_2", "label_logprob": -0.014865, "p_task_1": 0.014755061307854422, "uncertainty": 0.07685549979772871}, "Rock Splitters, Quarry_14972_14973": {"llm_label": "TASK_2", "label_logprob": -0.013106, "p_task_1": 0.013020490352781855, "uncertainty": 0.06946030956604282}, "Rock Splitters, Quarry_14972_14974": {"llm_label": "EQUAL_TIME", "label_logprob": -0.023862, "p_task_1": 0.5, "uncertainty": 0.6931471805599453}, "Rock Splitters, Quarry_14973_14974": {"llm_label": "TASK_1", "label_logprob": -0.010322, "p_task_1": 0.9897310890233557, "uncertainty": 0.05723359232158656}}