{"Audiovisual Equipment Installers and Repairers_13737_13738": {"llm_label": "TASK_2", "label_logprob": -0.002548, "p_task_1": 0.0025447566033097724, "uncertainty": 0.017743180065515618}, "Audiovisual Equipment Installers and Repairers_13737_13739": {"llm_label": "EQUAL_TIME", "label_logprob": -0.034591, "p_task_1": 0.5, "uncertainty": 0.6931471805599453}, "Audiovisual Equipment Installers and Repairers_13737_13740": {"llm_label": "TASK_1", "label_logprob": 0.0, "p_task_1": 1.0, "uncertainty": 0.0}, "Audiovisual Equipment Installers and Repairers_13737_13741": {"llm_label": "TASK_1", "label_logprob": -3.6e-05, "p_task_1": 0.9999640006479922, "uncertainty": 0.0004043444200614643}, "Audiovisual Equipment Installers and Repairers_13737_13742": {"llm_label": "TASK_1", "label_logprob": -1e-06, "p_task_1": 0.9999990000005, "uncertainty": 1.4815503149992376e-05}, "Audiovisual Equipment Installers and Repairers_13737_13743": {"llm_label": "TASK_1", "label_logprob": 0.0, "p_task_1": 1.0, "uncertainty": 0.0}, "Audiovisual Equipment Installers and Repairers_13737_13744": {"llm_label": "TASK_1", "label_logprob": -9.4e-05, "p_task_1": 0.9999060044178616, "uncertainty": 0.000965542901722332}, "Audiovisual Equipment Installers and Repairers_13737_13745": {"llm_label": "TASK_1", "label_logprob": -1e-06, "p_task_1": 0.9999990000005, "uncertainty": 1.4815503149992376e-05}, "Audiovisual Equipment Installers and Repairers_13737_13746": {"llm_label": "TASK_2", "label_logprob": -0.321356, "p_task_1": 0.2748349537240452, "uncertainty": 0.5880087130796676}, "Audiovisual Equipment Installers and Repairers_13737_13747": {"llm_label": "TASK_1", "label_logprob": -0.000591, "p_task_1": 0.9994091746061009, "uncertainty": 0.00498284090754845}, "Audiovisual Equipment Installers and Repairers_13738_13739": {"llm_label": "TASK_1", "label_logprob": -0.0413, "p_task_1": 0.9595412243968066, "uncertainty": 0.169399430720236}, "Audiovisual Equipment Installers and Repairers_13738_13740": {"llm_label": "TASK_1", "label_logprob": -3e-06, "p_task_1": 0.9999970000045, "uncertainty": 4.1150633082097105e-05}, "Audiovisual Equipment Installers and Repairers_13738_13741": {"llm_label": "TASK_1", "label_logprob": -1.7e-05, "p_task_1": 0.9999830001444991, "uncertainty": 0.000203697321204896}, "Audiovisual Equipment Installers and Repairers_13738_13742": {"llm_label": "TASK_1", "label_logprob": -1e-06, "p_task_1": 0.9999990000005, "uncertainty": 1.4815503149992376e-05}, "Audiovisual Equipment Installers and Repairers_13738_13743": {"llm_label": "TASK_1", "label_logprob": -2e-06, "p_task_1": 0.999998000002, "uncertainty": 2.8244698509961958e-05}, "Audiovisual Equipment Installers and Repairers_13738_13744": {"llm_label": "TASK_1", "label_logprob": -2.4e-05, "p_task_1": 0.9999760002879977, "uncertainty": 0.0002792956099024647}, "Audiovisual Equipment Installers and Repairers_13738_13745": {"llm_label": "TASK_1", "label_logprob": 0.0, "p_task_1": 1.0, "uncertainty": 0.0}, "Audiovisual Equipment Installers and Repairers_13738_13746": {"llm_label": "TASK_2", "label_logprob": -0.773744, "p_task_1": 0.5387172115115131, "uncertainty": 0.690146132325246}, "Audiovisual Equipment Installers and Repairers_13738_13747": {"llm_label": "TASK_1", "label_logprob": -9.9e-05, "p_task_1": 0.9999010049003383, "uncertainty": 0.0010117685967436802}, "Audiovisual Equipment Installers and Repairers_13739_13740": {"llm_label": "TASK_1", "label_logprob": -1.1e-05, "p_task_1": 0.9999890000604997, "uncertainty": 0.0001365930168744248}, "Audiovisual Equipment Installers and Repairers_13739_13741": {"llm_label": "TASK_1", "label_logprob": -0.023445, "p_task_1": 0.9768276987148483, "uncertainty": 0.1101407502106268}, "Audiovisual Equipment Installers and Repairers_13739_13742": {"llm_label": "TASK_1", "label_logprob": 0.0, "p_task_1": 1.0, "uncertainty": 0.0}, "Audiovisual Equipment Installers and Repairers_13739_13743": {"llm_label": "TASK_1", "label_logprob": -8e-06, "p_task_1": 0.999992000032, "uncertainty": 0.00010188814457675767}, "Audiovisual Equipment Installers and Repairers_13739_13744": {"llm_label": "TASK_1", "label_logprob": -7.4e-05, "p_task_1": 0.9999260027379324, "uncertainty": 0.0007778181847817892}, "Audiovisual Equipment Installers and Repairers_13739_13745": {"llm_label": "TASK_1", "label_logprob": -1e-06, "p_task_1": 0.9999990000005, "uncertainty": 1.4815503149992376e-05}, "Audiovisual Equipment Installers and Repairers_13739_13746": {"llm_label": "TASK_2", "label_logprob": -0.005453, "p_task_1": 0.005438159383048258, "uncertainty": 0.033779619715944294}, "Audiovisual Equipment Installers and Repairers_13739_13747": {"llm_label": "TASK_1", "label_logprob": -0.007948, "p_task_1": 0.9920835018378825, "uncertainty": 0.04619148102899809}, "Audiovisual Equipment Installers and Repairers_13740_13741": {"llm_label": "TASK_2", "label_logprob": 0.0, "p_task_1": 0.0, "uncertainty": 0.0}, "Audiovisual Equipment Installers and Repairers_13740_13742": {"llm_label": "EQUAL_TIME", "label_logprob": -0.106482, "p_task_1": 0.5, "uncertainty": 0.6931471805599453}, "Audiovisual Equipment Installers and Repairers_13740_13743": {"llm_label": "TASK_2", "label_logprob": -0.638409, "p_task_1": 0.47186798599358626, "uncertainty": 0.6915635239697433}, "Audiovisual Equipment Installers and Repairers_13740_13744": {"llm_label": "TASK_2", "label_logprob": -0.000852, "p_task_1": 0.0008516371510564058, "uncertainty": 0.006870943862573916}, "Audiovisual Equipment Installers and Repairers_13740_13745": {"llm_label": "TASK_2", "label_logprob": -0.55532, "p_task_1": 0.42611141253778206, "uncertainty": 0.6821880407132792}, "Audiovisual Equipment Installers and Repairers_13740_13746": {"llm_label": "TASK_2", "label_logprob": -1.7e-05, "p_task_1": 1.6999855500854366e-05, "uncertainty": 0.000203697321204896}, "Audiovisual Equipment Installers and Repairers_13740_13747": {"llm_label": "TASK_2", "label_logprob": 0.0, "p_task_1": 0.0, "uncertainty": 0.0}, "Audiovisual Equipment Installers and Repairers_13741_13742": {"llm_label": "TASK_1", "label_logprob": -2e-05, "p_task_1": 0.9999800001999987, "uncertainty": 0.00023639320174866763}, "Audiovisual Equipment Installers and Repairers_13741_13743": {"llm_label": "TASK_1", "label_logprob": -3.6e-05, "p_task_1": 0.9999640006479922, "uncertainty": 0.0004043444200614643}, "Audiovisual Equipment Installers and Repairers_13741_13744": {"llm_label": "TASK_1", "label_logprob": -0.000244, "p_task_1": 0.999756029765579, "uncertainty": 0.002273398163922251}, "Audiovisual Equipment Installers and Repairers_13741_13745": {"llm_label": "TASK_1", "label_logprob": 0.0, "p_task_1": 1.0, "uncertainty": 0.0}, "Audiovisual Equipment Installers and Repairers_13741_13746": {"llm_label": "TASK_2", "label_logprob": -0.001671, "p_task_1": 0.0016696046568143164, "uncertainty": 0.012345613054117674}, "Audiovisual Equipment Installers and Repairers_13741_13747": {"llm_label": "TASK_2", "label_logprob": -0.007905, "p_task_1": 0.007873837654344018, "uncertainty": 0.04598527809106046}, "Audiovisual Equipment Installers and Repairers_13742_13743": {"llm_label": "TASK_2", "label_logprob": -0.068293, "p_task_1": 0.06601322464279724, "uncertainty": 0.2432021142295927}, "Audiovisual Equipment Installers and Repairers_13742_13744": {"llm_label": "TASK_2", "label_logprob": -0.001219, "p_task_1": 0.0012182573213057601, "uncertainty": 0.009392428305677736}, "Audiovisual Equipment Installers and Repairers_13742_13745": {"llm_label": "TASK_2", "label_logprob": -0.06507, "p_task_1": 0.06299812904927127, "uncertainty": 0.23513850501008152}, "Audiovisual Equipment Installers and Repairers_13742_13746": {"llm_label": "TASK_2", "label_logprob": 0.0, "p_task_1": 0.0, "uncertainty": 0.0}, "Audiovisual Equipment Installers and Repairers_13742_13747": {"llm_label": "TASK_2", "label_logprob": 0.0, "p_task_1": 0.0, "uncertainty": 0.0}, "Audiovisual Equipment Installers and Repairers_13743_13744": {"llm_label": "TASK_2", "label_logprob": -0.004771,