{"Avionics Technicians_9933_9934": {"llm_label": "TASK_1", "label_logprob": -0.000335, "p_task_1": 0.9996650561062347, "uncertainty": 0.0030149572767826744}, "Avionics Technicians_9933_9935": {"llm_label": "TASK_1", "label_logprob": -2e-06, "p_task_1": 0.999998000002, "uncertainty": 2.8244698509961958e-05}, "Avionics Technicians_9933_9936": {"llm_label": "TASK_1", "label_logprob": -3.7e-05, "p_task_1": 0.9999630006844915, "uncertainty": 0.00041456225843036797}, "Avionics Technicians_9933_9937": {"llm_label": "TASK_2", "label_logprob": -0.001907, "p_task_1": 0.0019051828307974361, "uncertainty": 0.013835864676136202}, "Avionics Technicians_9933_9938": {"llm_label": "TASK_1", "label_logprob": -0.12719, "p_task_1": 0.8805663490955995, "uncertainty": 0.3657950594736886}, "Avionics Technicians_9933_9939": {"llm_label": "TASK_1", "label_logprob": -0.086858, "p_task_1": 0.9168072730231082, "uncertainty": 0.28649869426790214}, "Avionics Technicians_9933_9940": {"llm_label": "TASK_1", "label_logprob": -0.000869, "p_task_1": 0.9991313774711513, "uncertainty": 0.006990819575319731}, "Avionics Technicians_9933_9941": {"llm_label": "TASK_1", "label_logprob": -0.000221, "p_task_1": 0.9997790244187011, "uncertainty": 0.002081003917321509}, "Avionics Technicians_9933_9942": {"llm_label": "TASK_1", "label_logprob": -0.004086, "p_task_1": 0.9959223363400399, "uncertainty": 0.026505586418225004}, "Avionics Technicians_9933_9943": {"llm_label": "TASK_2", "label_logprob": -0.025203, "p_task_1": 0.02488805578939579, "uncertainty": 0.11649647718983422}, "Avionics Technicians_9933_9944": {"llm_label": "TASK_2", "label_logprob": -0.014186, "p_task_1": 0.01408585282391317, "uncertainty": 0.07402831362934756}, "Avionics Technicians_9933_9945": {"llm_label": "TASK_2", "label_logprob": -0.006729, "p_task_1": 0.0067064109750817336, "uncertainty": 0.040247389544566387}, "Avionics Technicians_9934_9935": {"llm_label": "TASK_1", "label_logprob": -2e-06, "p_task_1": 0.999998000002, "uncertainty": 2.8244698509961958e-05}, "Avionics Technicians_9934_9936": {"llm_label": "TASK_1", "label_logprob": -0.000229, "p_task_1": 0.9997710262184987, "uncertainty": 0.0021481836030495267}, "Avionics Technicians_9934_9937": {"llm_label": "TASK_2", "label_logprob": -0.002738, "p_task_1": 0.0027342550966281687, "uncertainty": 0.01886780348286817}, "Avionics Technicians_9934_9938": {"llm_label": "TASK_2", "label_logprob": -0.000379, "p_task_1": 0.00037892818857243604, "uncertainty": 0.003364114741997992}, "Avionics Technicians_9934_9939": {"llm_label": "TASK_2", "label_logprob": -0.00014, "p_task_1": 0.00013999020045729615, "uncertainty": 0.0013822447796715976}, "Avionics Technicians_9934_9940": {"llm_label": "TASK_1", "label_logprob": -0.028557, "p_task_1": 0.9718468972941955, "uncertainty": 0.12826235934585137}, "Avionics Technicians_9934_9941": {"llm_label": "TASK_1", "label_logprob": -0.165338, "p_task_1": 0.8476071644438619, "uncertainty": 0.4268373468295531}, "Avionics Technicians_9934_9942": {"llm_label": "TASK_2", "label_logprob": -0.081828, "p_task_1": 0.0785695688985194, "uncertainty": 0.2752617859145555}, "Avionics Technicians_9934_9943": {"llm_label": "TASK_2", "label_logprob": -0.000411, "p_task_1": 0.0004109155510698681, "uncertainty": 0.003614790140799459}, "Avionics Technicians_9934_9944": {"llm_label": "TASK_2", "label_logprob": -0.126975, "p_task_1": 0.11924430878579662, "uncertainty": 0.3654166204583873}, "Avionics Technicians_9934_9945": {"llm_label": "TASK_2", "label_logprob": -7e-06, "p_task_1": 6.999975500021627e-06, "uncertainty": 9.008688755748087e-05}, "Avionics Technicians_9935_9936": {"llm_label": "TASK_2", "label_logprob": -2.9e-05, "p_task_1": 2.8999579504085382e-05, "uncertainty": 0.000331993413184829}, "Avionics Technicians_9935_9937": {"llm_label": "TASK_2", "label_logprob": 0.0, "p_task_1": 0.0, "uncertainty": 0.0}, "Avionics Technicians_9935_9938": {"llm_label": "TASK_2", "label_logprob": 0.0, "p_task_1": 0.0, "uncertainty": 0.0}, "Avionics Technicians_9935_9939": {"llm_label": "TASK_2", "label_logprob": 0.0, "p_task_1": 0.0, "uncertainty": 0.0}, "Avionics Technicians_9935_9940": {"llm_label": "TASK_2", "label_logprob": 0.0, "p_task_1": 0.0, "uncertainty": 0.0}, "Avionics Technicians_9935_9941": {"llm_label": "TASK_2", "label_logprob": 0.0, "p_task_1": 0.0, "uncertainty": 0.0}, "Avionics Technicians_9935_9942": {"llm_label": "TASK_2", "label_logprob": 0.0, "p_task_1": 0.0, "uncertainty": 0.0}, "Avionics Technicians_9935_9943": {"llm_label": "TASK_2", "label_logprob": 0.0, "p_task_1": 0.0, "uncertainty": 0.0}, "Avionics Technicians_9935_9944": {"llm_label": "TASK_2", "label_logprob": 0.0, "p_task_1": 0.0, "uncertainty": 0.0}, "Avionics Technicians_9935_9945": {"llm_label": "TASK_2", "label_logprob": 0.0, "p_task_1": 0.0, "uncertainty": 0.0}, "Avionics Technicians_9936_9937": {"llm_label": "TASK_2", "label_logprob": -1e-06, "p_task_1": 9.999994999843054e-07, "uncertainty": 1.4815503149992376e-05}, "Avionics Technicians_9936_9938": {"llm_label": "TASK_2", "label_logprob": 0.0, "p_task_1": 0.0, "uncertainty": 0.0}, "Avionics Technicians_9936_9939": {"llm_label": "TASK_2", "label_logprob": -2.8e-05, "p_task_1": 2.7999608003703713e-05, "uncertainty": 0.0003215280679255237}, "Avionics Technicians_9936_9940": {"llm_label": "TASK_2", "label_logprob": -1.7e-05, "p_task_1": 1.6999855500854366e-05, "uncertainty": 0.000203697321204896}, "Avionics Technicians_9936_9941": {"llm_label": "TASK_2", "label_logprob": -7.1e-05, "p_task_1": 7.099747955963132e-05, "uncertainty": 0.0007492243805800099}, "Avionics Technicians_9936_9942": {"llm_label": "TASK_2", "label_logprob": -4.6e-05, "p_task_1": 4.599894201617882e-05, "uncertainty": 0.0005053843575021392}, "Avionics Technicians_9936_9943": {"llm_label": "TASK_2", "label_logprob": -1e-06, "p_task_1": 9.999994999843054e-07, "uncertainty": 1.4815503149992376e-05}, "Avionics Technicians_9936_9944": {"llm_label": "TASK_2", "label_logprob": 0.0, "p_task_1": 0.0, "uncertainty": 0.0}, "Avionics Technicians_9936_9945": {"llm_label": "TASK_2", "label_logprob": -6e-06, "p_task_1": 5.9999820000156134e-06, "uncertainty": 7.814227210513045e-05}, "Avionics Technicians_9937_9938": {"llm_label": "TASK_2", "label_logprob": -0.004344, "p_task_1": 0.004334578479299078, "uncertainty": 0.027910179536996423}, "Avionics Technicians_9937_9939": {"llm_label": "TASK_2", "label_logprob": -0.070067, "p_task_1": 0.06766864838727427, "uncertainty": 0.24756628365348152}, "Avionics Technicians_9937_9940": {"llm_label": "TASK_1", "label_logprob": -0.004992, "p_task_1": 0.9950204393243564, "uncertainty": 0.031370832329365585}, "Avionics Technicians_9937_9941": {"llm_label": "TASK_1", "label_logprob": -0.005106, "p_task_1": 0.9949070134596705, "uncertainty": 0.0319704083657108}, "Avionics Technicians_9937_9942": {"llm_label": "TASK_1", "label_logprob": -0.284075, "p_task_1": 0.7527101893249465, "uncertainty": 0.5593380628321986}, "Avionics Technicians_9937_9943": {"llm_label": "TASK_2", "label_logprob": -0.000757, "p_task_1": 0.0007567135477859477, "uncertainty": 0.006194568587575001}, "Avionics Technicians_9937_9944": {"llm_label": "TASK_2", "label_logprob": -0.009872, "p_task_1": 0.009823431761277757, "uncertainty": 0.055188598317901495}, "Avionics Technicians_9937_9945": {"llm_label": "TASK_2", "label_logprob": -0.001601, "p_task_1": 0.0015997190831738006, "uncertainty": 0.011897313908728823}, "Avionics Technicians_9938_9939": {"llm_label": "CANNOT_DECIDE", "label_logprob": -0.018254, "p_task_1": 0.5, "uncertainty": 0.6931471805599453}, "Avionics Technicians_9938_9940": {"llm_label": "TASK_1", "label_logprob": -0.000175, "p_task_1": 0.9998250153116068, "uncertainty": 0.0016887290343299416}, "Avionics Technicians_9938_9941": {"llm_label": "TASK_1", "label_logprob": -1.1e-05, "p_task_1": 0.9999890000604997, "uncertainty": 0.0001365930168744248}, "Avionics Technicians_9938_9942": {"llm_label": "TASK_1", "label_logprob": -0.064962, "p_task_1": 0.9371030726175831,