{"Motorboat Mechanics and Service Technicians_13762_13763": {"llm_label": "TASK_2", "label_logprob": -0.001939, "p_task_1": 0.001937121353927762, "uncertainty": 0.014035573665975742}, "Motorboat Mechanics and Service Technicians_13762_13764": {"llm_label": "TASK_1", "label_logprob": -1e-06, "p_task_1": 0.9999990000005, "uncertainty": 1.4815503149992376e-05}, "Motorboat Mechanics and Service Technicians_13762_13765": {"llm_label": "TASK_1", "label_logprob": 0.0, "p_task_1": 1.0, "uncertainty": 0.0}, "Motorboat Mechanics and Service Technicians_13762_13766": {"llm_label": "TASK_2", "label_logprob": -7.5e-05, "p_task_1": 7.49971875703137e-05, "uncertainty": 0.0007873221583997021}, "Motorboat Mechanics and Service Technicians_13762_13767": {"llm_label": "TASK_1", "label_logprob": -1e-06, "p_task_1": 0.9999990000005, "uncertainty": 1.4815503149992376e-05}, "Motorboat Mechanics and Service Technicians_13762_13768": {"llm_label": "TASK_1", "label_logprob": -7e-06, "p_task_1": 0.9999930000245, "uncertainty": 9.008688755748087e-05}, "Motorboat Mechanics and Service Technicians_13762_13769": {"llm_label": "TASK_1", "label_logprob": -1e-06, "p_task_1": 0.9999990000005, "uncertainty": 1.4815503149992376e-05}, "Motorboat Mechanics and Service Technicians_13762_13770": {"llm_label": "TASK_2", "label_logprob": -0.4035, "p_task_1": 0.33202197320101046, "uncertainty": 0.6356013309247635}, "Motorboat Mechanics and Service Technicians_13762_13771": {"llm_label": "TASK_1", "label_logprob": -6.7e-05, "p_task_1": 0.9999330022444499, "uncertainty": 0.0007109009864475162}, "Motorboat Mechanics and Service Technicians_13762_13772": {"llm_label": "TASK_2", "label_logprob": -0.023656, "p_task_1": 0.023378390186436837, "uncertainty": 0.11091086597275913}, "Motorboat Mechanics and Service Technicians_13762_13773": {"llm_label": "TASK_1", "label_logprob": -4e-06, "p_task_1": 0.999996000008, "uncertainty": 5.371675735315082e-05}, "Motorboat Mechanics and Service Technicians_13762_20801": {"llm_label": "TASK_1", "label_logprob": -5.5e-05, "p_task_1": 0.9999450015124722, "uncertainty": 0.0005944334084389942}, "Motorboat Mechanics and Service Technicians_13763_13764": {"llm_label": "TASK_1", "label_logprob": -2e-05, "p_task_1": 0.9999800001999987, "uncertainty": 0.00023639320174866763}, "Motorboat Mechanics and Service Technicians_13763_13765": {"llm_label": "TASK_1", "label_logprob": 0.0, "p_task_1": 1.0, "uncertainty": 0.0}, "Motorboat Mechanics and Service Technicians_13763_13766": {"llm_label": "TASK_2", "label_logprob": -0.083857, "p_task_1": 0.08043725583408068, "uncertainty": 0.2798360055501329}, "Motorboat Mechanics and Service Technicians_13763_13767": {"llm_label": "TASK_1", "label_logprob": -6.4e-05, "p_task_1": 0.9999360020479563, "uncertainty": 0.0006820023340782717}, "Motorboat Mechanics and Service Technicians_13763_13768": {"llm_label": "TASK_1", "label_logprob": -0.000126, "p_task_1": 0.9998740079376666, "uncertainty": 0.0012573035983213026}, "Motorboat Mechanics and Service Technicians_13763_13769": {"llm_label": "TASK_1", "label_logprob": -1.4e-05, "p_task_1": 0.9999860000979995, "uncertainty": 0.0001704691519101948}, "Motorboat Mechanics and Service Technicians_13763_13770": {"llm_label": "TASK_1", "label_logprob": -0.03064, "p_task_1": 0.9698246471118898, "uncertainty": 0.13535118479194724}, "Motorboat Mechanics and Service Technicians_13763_13771": {"llm_label": "TASK_1", "label_logprob": -0.021271, "p_task_1": 0.9789536321842233, "uncertainty": 0.10208392307730185}, "Motorboat Mechanics and Service Technicians_13763_13772": {"llm_label": "TASK_2", "label_logprob": -0.006544, "p_task_1": 0.006522634662327387, "uncertainty": 0.039326324113752184}, "Motorboat Mechanics and Service Technicians_13763_13773": {"llm_label": "TASK_1", "label_logprob": -0.00049, "p_task_1": 0.9995101200303942, "uncertainty": 0.004223306742010476}, "Motorboat Mechanics and Service Technicians_13763_20801": {"llm_label": "TASK_1", "label_logprob": -0.012536, "p_task_1": 0.9875422483330064, "uncertainty": 0.06701220609358863}, "Motorboat Mechanics and Service Technicians_13764_13765": {"llm_label": "TASK_1", "label_logprob": -0.004138, "p_task_1": 0.9958705497250139, "uncertainty": 0.02678998793128726}, "Motorboat Mechanics and Service Technicians_13764_13766": {"llm_label": "TASK_2", "label_logprob": 0.0, "p_task_1": 0.0, "uncertainty": 0.0}, "Motorboat Mechanics and Service Technicians_13764_13767": {"llm_label": "EQUAL_TIME", "label_logprob": -0.531015, "p_task_1": 0.5, "uncertainty": 0.6931471805599453}, "Motorboat Mechanics and Service Technicians_13764_13768": {"llm_label": "TASK_2", "label_logprob": 0.0, "p_task_1": 0.0, "uncertainty": 0.0}, "Motorboat Mechanics and Service Technicians_13764_13769": {"llm_label": "TASK_2", "label_logprob": -2.5e-05, "p_task_1": 2.4999687502580414e-05, "uncertainty": 0.0002899122444096467}, "Motorboat Mechanics and Service Technicians_13764_13770": {"llm_label": "TASK_2", "label_logprob": 0.0, "p_task_1": 0.0, "uncertainty": 0.0}, "Motorboat Mechanics and Service Technicians_13764_13771": {"llm_label": "TASK_2", "label_logprob": 0.0, "p_task_1": 0.0, "uncertainty": 0.0}, "Motorboat Mechanics and Service Technicians_13764_13772": {"llm_label": "TASK_2", "label_logprob": 0.0, "p_task_1": 0.0, "uncertainty": 0.0}, "Motorboat Mechanics and Service Technicians_13764_13773": {"llm_label": "TASK_2", "label_logprob": -3e-06, "p_task_1": 2.9999955000192813e-06, "uncertainty": 4.1150633082097105e-05}, "Motorboat Mechanics and Service Technicians_13764_20801": {"llm_label": "TASK_2", "label_logprob": 0.0, "p_task_1": 0.0, "uncertainty": 0.0}, "Motorboat Mechanics and Service Technicians_13765_13766": {"llm_label": "TASK_2", "label_logprob": 0.0, "p_task_1": 0.0, "uncertainty": 0.0}, "Motorboat Mechanics and Service Technicians_13765_13767": {"llm_label": "TASK_1", "label_logprob": -0.253193, "p_task_1": 0.7763180379829416, "uncertainty": 0.531528752405501}, "Motorboat Mechanics and Service Technicians_13765_13768": {"llm_label": "TASK_2", "label_logprob": 0.0, "p_task_1": 0.0, "uncertainty": 0.0}, "Motorboat Mechanics and Service Technicians_13765_13769": {"llm_label": "TASK_2", "label_logprob": -0.000978, "p_task_1": 0.0009775219138687952, "uncertainty": 0.007751749683907702}, "Motorboat Mechanics and Service Technicians_13765_13770": {"llm_label": "TASK_2", "label_logprob": 0.0, "p_task_1": 0.0, "uncertainty": 0.0}, "Motorboat Mechanics and Service Technicians_13765_13771": {"llm_label": "TASK_2", "label_logprob": 0.0, "p_task_1": 0.0, "uncertainty": 0.0}, "Motorboat Mechanics and Service Technicians_13765_13772": {"llm_label": "TASK_2", "label_logprob": 0.0, "p_task_1": 0.0, "uncertainty": 0.0}, "Motorboat Mechanics and Service Technicians_13765_13773": {"llm_label": "TASK_2", "label_logprob": -1.3e-05, "p_task_1": 1.2999915500411241e-05, "uncertainty": 0.00015925626043919854}, "Motorboat Mechanics and Service Technicians_13765_20801": {"llm_label": "TASK_2", "label_logprob": 0.0, "p_task_1": 0.0, "uncertainty": 0.0}, "Motorboat Mechanics and Service Technicians_13766_13767": {"llm_label": "TASK_1", "label_logprob": -2e-06, "p_task_1": 0.999998000002, "uncertainty": 2.8244698509961958e-05}, "Motorboat Mechanics and Service Technicians_13766_13768": {"llm_label": "TASK_1", "label_logprob": -0.000336, "p_task_1": 0.9996640564416783, "uncertainty": 0.003022954314544321}, "Motorboat Mechanics and Service Technicians_13766_13769": {"llm_label": "TASK_1", "label_logprob": -2.2e-05, "p_task_1": 0.9999780002419982, "uncertainty": 0.0002579354610012207}, "Motorboat Mechanics and Service Technicians_13766_13770": {"llm_label": "TASK_2", "label_logprob": -0.111934, "p_task_1": 0.10589673363137653, "uncertainty": 0.3378495242821419}, "Motorboat Mechanics and Service Technicians_13766_13771": {"llm_label": "TASK_1", "label_logprob": -0.008146, "p_task_1": 0.991887088750056, "uncertainty": 0.04713788872570029},