{"Bicycle Repairers_5184_5185": {"llm_label": "TASK_2", "label_logprob": 0.0, "p_task_1": 0.0, "uncertainty": 0.0}, "Bicycle Repairers_5184_5186": {"llm_label": "TASK_2", "label_logprob": -0.725487, "p_task_1": 0.5159112396856542, "uncertainty": 0.6926407599702313}, "Bicycle Repairers_5184_5187": {"llm_label": "TASK_1", "label_logprob": -0.062406, "p_task_1": 0.9395013717918372, "uncertainty": 0.2283373171483934}, "Bicycle Repairers_5184_5188": {"llm_label": "TASK_2", "label_logprob": 0.0, "p_task_1": 0.0, "uncertainty": 0.0}, "Bicycle Repairers_5184_5189": {"llm_label": "TASK_1", "label_logprob": -0.318693, "p_task_1": 0.7270987343571277, "uncertainty": 0.5861231993405915}, "Bicycle Repairers_5184_5190": {"llm_label": "TASK_1", "label_logprob": -0.062084, "p_task_1": 0.9398039399444125, "uncertainty": 0.22750664823783828}, "Bicycle Repairers_5184_20915": {"llm_label": "EQUAL_TIME", "label_logprob": -0.048706, "p_task_1": 0.5, "uncertainty": 0.6931471805599453}, "Bicycle Repairers_5184_20916": {"llm_label": "TASK_1", "label_logprob": -0.071594, "p_task_1": 0.9309087680577806, "uncertainty": 0.2512818777141993}, "Bicycle Repairers_5184_20917": {"llm_label": "CANNOT_DECIDE", "label_logprob": -0.246223, "p_task_1": 0.5, "uncertainty": 0.6931471805599453}, "Bicycle Repairers_5184_20918": {"llm_label": "TASK_1", "label_logprob": -0.004096, "p_task_1": 0.9959123771664724, "uncertainty": 0.026560331197532906}, "Bicycle Repairers_5184_20919": {"llm_label": "TASK_1", "label_logprob": -0.000397, "p_task_1": 0.9996030787940726, "uncertainty": 0.003505439114980701}, "Bicycle Repairers_5184_20920": {"llm_label": "TASK_1", "label_logprob": -5e-06, "p_task_1": 0.9999950000125, "uncertainty": 6.603019815215604e-05}, "Bicycle Repairers_5184_20921": {"llm_label": "TASK_2", "label_logprob": 0.0, "p_task_1": 0.0, "uncertainty": 0.0}, "Bicycle Repairers_5185_5186": {"llm_label": "TASK_1", "label_logprob": -0.001646, "p_task_1": 0.99835535391505, "uncertainty": 0.012185852690665694}, "Bicycle Repairers_5185_5187": {"llm_label": "TASK_1", "label_logprob": -2e-06, "p_task_1": 0.999998000002, "uncertainty": 2.8244698509961958e-05}, "Bicycle Repairers_5185_5188": {"llm_label": "TASK_2", "label_logprob": -0.020716, "p_task_1": 0.020502897750921623, "uncertainty": 0.09998990158287888}, "Bicycle Repairers_5185_5189": {"llm_label": "TASK_1", "label_logprob": -5.5e-05, "p_task_1": 0.9999450015124722, "uncertainty": 0.0005944334084389942}, "Bicycle Repairers_5185_5190": {"llm_label": "TASK_1", "label_logprob": -0.000489, "p_task_1": 0.999511119541014, "uncertainty": 0.004215688590498104}, "Bicycle Repairers_5185_20915": {"llm_label": "TASK_1", "label_logprob": -1.5e-05, "p_task_1": 0.9999850001124995, "uncertainty": 0.00018161054327026476}, "Bicycle Repairers_5185_20916": {"llm_label": "TASK_1", "label_logprob": -0.000757, "p_task_1": 0.999243286452214, "uncertainty": 0.006194568587575001}, "Bicycle Repairers_5185_20917": {"llm_label": "TASK_1", "label_logprob": -0.007878, "p_task_1": 0.9921529501136725, "uncertainty": 0.04585567830152834}, "Bicycle Repairers_5185_20918": {"llm_label": "TASK_1", "label_logprob": -2e-06, "p_task_1": 0.999998000002, "uncertainty": 2.8244698509961958e-05}, "Bicycle Repairers_5185_20919": {"llm_label": "TASK_1", "label_logprob": -0.000255, "p_task_1": 0.9997450325097366, "uncertainty": 0.002364631485629027}, "Bicycle Repairers_5185_20920": {"llm_label": "TASK_1", "label_logprob": 0.0, "p_task_1": 1.0, "uncertainty": 0.0}, "Bicycle Repairers_5185_20921": {"llm_label": "TASK_2", "label_logprob": -0.045627, "p_task_1": 0.04460174071211054, "uncertainty": 0.1823025846124416}, "Bicycle Repairers_5186_5187": {"llm_label": "TASK_1", "label_logprob": -0.008262, "p_task_1": 0.9917720365209193, "uncertainty": 0.047690028641978986}, "Bicycle Repairers_5186_5188": {"llm_label": "TASK_2", "label_logprob": -2e-06, "p_task_1": 1.9999979999907325e-06, "uncertainty": 2.8244698509961958e-05}, "Bicycle Repairers_5186_5189": {"llm_label": "TASK_1", "label_logprob": -0.006195, "p_task_1": 0.993824149448483, "uncertainty": 0.03757396345907156}, "Bicycle Repairers_5186_5190": {"llm_label": "TASK_1", "label_logprob": -0.065071, "p_task_1": 0.9370009339493263, "uncertainty": 0.23514103451312574}, "Bicycle Repairers_5186_20915": {"llm_label": "EQUAL_TIME", "label_logprob": -0.242299, "p_task_1": 0.5, "uncertainty": 0.6931471805599453}, "Bicycle Repairers_5186_20916": {"llm_label": "TASK_1", "label_logprob": -0.013921, "p_task_1": 0.9861754490460571, "uncertainty": 0.07291572578850561}, "Bicycle Repairers_5186_20917": {"llm_label": "TASK_1", "label_logprob": -0.205712, "p_task_1": 0.8140674939634159, "uncertainty": 0.4802710091870961}, "Bicycle Repairers_5186_20918": {"llm_label": "TASK_1", "label_logprob": -0.140432, "p_task_1": 0.868982753750989, "uncertainty": 0.38831588489850055}, "Bicycle Repairers_5186_20919": {"llm_label": "TASK_1", "label_logprob": -0.007753, "p_task_1": 0.9922769769839546, "uncertainty": 0.045254427429517366}, "Bicycle Repairers_5186_20920": {"llm_label": "TASK_1", "label_logprob": -2e-06, "p_task_1": 0.999998000002, "uncertainty": 2.8244698509961958e-05}, "Bicycle Repairers_5186_20921": {"llm_label": "TASK_2", "label_logprob": 0.0, "p_task_1": 0.0, "uncertainty": 0.0}, "Bicycle Repairers_5187_5188": {"llm_label": "TASK_2", "label_logprob": 0.0, "p_task_1": 0.0, "uncertainty": 0.0}, "Bicycle Repairers_5187_5189": {"llm_label": "TASK_2", "label_logprob": -0.501617, "p_task_1": 0.3944493078468242, "uncertainty": 0.6706967665539725}, "Bicycle Repairers_5187_5190": {"llm_label": "TASK_2", "label_logprob": -0.021298, "p_task_1": 0.02107279920702032, "uncertainty": 0.10218539623092115}, "Bicycle Repairers_5187_20915": {"llm_label": "TASK_2", "label_logprob": -0.000128, "p_task_1": 0.00012799180834954793, "uncertainty": 0.0012752438603772032}, "Bicycle Repairers_5187_20916": {"llm_label": "TASK_2", "label_logprob": -0.007857, "p_task_1": 0.00782621445560383, "uncertainty": 0.045754812337448304}, "Bicycle Repairers_5187_20917": {"llm_label": "TASK_2", "label_logprob": -0.090594, "p_task_1": 0.08661152865083066, "uncertainty": 0.2946272332176735}, "Bicycle Repairers_5187_20918": {"llm_label": "TASK_2", "label_logprob": -0.079134, "p_task_1": 0.07608388860912896, "uncertainty": 0.2690990927956966}, "Bicycle Repairers_5187_20919": {"llm_label": "TASK_2", "label_logprob": -0.476347, "p_task_1": 0.3789520587823467, "uncertainty": 0.6635487773647903}, "Bicycle Repairers_5187_20920": {"llm_label": "EQUAL_TIME", "label_logprob": -0.759528, "p_task_1": 0.5, "uncertainty": 0.6931471805599453}, "Bicycle Repairers_5187_20921": {"llm_label": "TASK_2", "label_logprob": 0.0, "p_task_1": 0.0, "uncertainty": 0.0}, "Bicycle Repairers_5188_5189": {"llm_label": "TASK_1", "label_logprob": -0.000113, "p_task_1": 0.9998870063842595, "uncertainty": 0.001139893464401802}, "Bicycle Repairers_5188_5190": {"llm_label": "TASK_1", "label_logprob": -1.9e-05, "p_task_1": 0.9999810001804988, "uncertainty": 0.00022554821728270377}, "Bicycle Repairers_5188_20915": {"llm_label": "TASK_1", "label_logprob": -8.8e-05, "p_task_1": 0.9999120038718864, "uncertainty": 0.0009097192612209179}, "Bicycle Repairers_5188_20916": {"llm_label": "TASK_1", "label_logprob": -0.000262, "p_task_1": 0.9997380343190028, "uncertainty": 0.0024224401534331287}, "Bicycle Repairers_5188_20917": {"llm_label": "TASK_1", "label_logprob": -0.064302, "p_task_1": 0.9377217647914695, "uncertainty": 0.23319068838811363}, "Bicycle Repairers_5188_20918": {"llm_label": "TASK_1", "label_logprob": -3e-06, "p_task_1": 0.9999970000045, "uncertainty": 4.1150633082097105e-05}, "Bicycle Repairers_5188_20919": {"llm_label": "TASK_1", "label_logprob": -3.3e-05, "p_task_1": 0.9999670005444941, "uncertainty": 0.00037352093575612164}, "Bicycle Repairers_5188_20920": {"llm_label": "TASK_1", "label_logprob": 0.0, "p_task_1": 1.0, "uncertainty": 0.0}, "Bicycle Repairers_5188_20921": {"llm_label": "TASK_2", "label_logprob": -8.7e-05,