{"Outdoor Power Equipment and Other Small Engine Mechanics_13774_13775": {"llm_label": "TASK_1", "label_logprob": -8e-06, "p_task_1": 0.999992000032, "uncertainty": 0.00010188814457675767}, "Outdoor Power Equipment and Other Small Engine Mechanics_13774_13776": {"llm_label": "TASK_1", "label_logprob": -3e-06, "p_task_1": 0.9999970000045, "uncertainty": 4.1150633082097105e-05}, "Outdoor Power Equipment and Other Small Engine Mechanics_13774_13777": {"llm_label": "TASK_1", "label_logprob": 0.0, "p_task_1": 1.0, "uncertainty": 0.0}, "Outdoor Power Equipment and Other Small Engine Mechanics_13774_13778": {"llm_label": "TASK_1", "label_logprob": -0.005471, "p_task_1": 0.9945439386649386, "uncertainty": 0.033872838912102625}, "Outdoor Power Equipment and Other Small Engine Mechanics_13774_13779": {"llm_label": "TASK_1", "label_logprob": -1e-06, "p_task_1": 0.9999990000005, "uncertainty": 1.4815503149992376e-05}, "Outdoor Power Equipment and Other Small Engine Mechanics_13774_13780": {"llm_label": "TASK_1", "label_logprob": -4.1e-05, "p_task_1": 0.9999590008404885, "uncertainty": 0.00045517014709289875}, "Outdoor Power Equipment and Other Small Engine Mechanics_13774_13781": {"llm_label": "EQUAL_TIME", "label_logprob": -0.581302, "p_task_1": 0.5, "uncertainty": 0.6931471805599453}, "Outdoor Power Equipment and Other Small Engine Mechanics_13774_13782": {"llm_label": "TASK_1", "label_logprob": -9.7e-05, "p_task_1": 0.9999030047043479, "uncertainty": 0.0009933093829617684}, "Outdoor Power Equipment and Other Small Engine Mechanics_13774_13783": {"llm_label": "TASK_1", "label_logprob": 0.0, "p_task_1": 1.0, "uncertainty": 0.0}, "Outdoor Power Equipment and Other Small Engine Mechanics_13774_13784": {"llm_label": "TASK_1", "label_logprob": -0.000633, "p_task_1": 0.999367200302234, "uncertainty": 0.00529339488031205}, "Outdoor Power Equipment and Other Small Engine Mechanics_13774_13785": {"llm_label": "TASK_1", "label_logprob": -0.089666, "p_task_1": 0.9142364892700384, "uncertainty": 0.2926249747121941}, "Outdoor Power Equipment and Other Small Engine Mechanics_13774_13786": {"llm_label": "TASK_1", "label_logprob": -0.000212, "p_task_1": 0.9997880224704121, "uncertainty": 0.00200507940252832}, "Outdoor Power Equipment and Other Small Engine Mechanics_13774_13787": {"llm_label": "TASK_1", "label_logprob": 0.0, "p_task_1": 1.0, "uncertainty": 0.0}, "Outdoor Power Equipment and Other Small Engine Mechanics_13775_13776": {"llm_label": "TASK_2", "label_logprob": 0.0, "p_task_1": 0.0, "uncertainty": 0.0}, "Outdoor Power Equipment and Other Small Engine Mechanics_13775_13777": {"llm_label": "TASK_1", "label_logprob": -6e-06, "p_task_1": 0.999994000018, "uncertainty": 7.814227210513045e-05}, "Outdoor Power Equipment and Other Small Engine Mechanics_13775_13778": {"llm_label": "TASK_2", "label_logprob": -1e-06, "p_task_1": 9.999994999843054e-07, "uncertainty": 1.4815503149992376e-05}, "Outdoor Power Equipment and Other Small Engine Mechanics_13775_13779": {"llm_label": "TASK_1", "label_logprob": -0.160511, "p_task_1": 0.8517084547274205, "uncertainty": 0.41973411808845595}, "Outdoor Power Equipment and Other Small Engine Mechanics_13775_13780": {"llm_label": "TASK_2", "label_logprob": -3e-06, "p_task_1": 2.9999955000192813e-06, "uncertainty": 4.1150633082097105e-05}, "Outdoor Power Equipment and Other Small Engine Mechanics_13775_13781": {"llm_label": "TASK_2", "label_logprob": 0.0, "p_task_1": 0.0, "uncertainty": 0.0}, "Outdoor Power Equipment and Other Small Engine Mechanics_13775_13782": {"llm_label": "TASK_1", "label_logprob": -0.441161, "p_task_1": 0.6432891286854416, "uncertainty": 0.6515022391915186}, "Outdoor Power Equipment and Other Small Engine Mechanics_13775_13783": {"llm_label": "TASK_1", "label_logprob": -0.024802, "p_task_1": 0.975503042510201, "uncertainty": 0.11505869681637357}, "Outdoor Power Equipment and Other Small Engine Mechanics_13775_13784": {"llm_label": "TASK_2", "label_logprob": 0.0, "p_task_1": 0.0, "uncertainty": 0.0}, "Outdoor Power Equipment and Other Small Engine Mechanics_13775_13785": {"llm_label": "TASK_2", "label_logprob": -1e-06, "p_task_1": 9.999994999843054e-07, "uncertainty": 1.4815503149992376e-05}, "Outdoor Power Equipment and Other Small Engine Mechanics_13775_13786": {"llm_label": "TASK_2", "label_logprob": 0.0, "p_task_1": 0.0, "uncertainty": 0.0}, "Outdoor Power Equipment and Other Small Engine Mechanics_13775_13787": {"llm_label": "TASK_2", "label_logprob": -2e-06, "p_task_1": 1.9999979999907325e-06, "uncertainty": 2.8244698509961958e-05}, "Outdoor Power Equipment and Other Small Engine Mechanics_13776_13777": {"llm_label": "TASK_1", "label_logprob": 0.0, "p_task_1": 1.0, "uncertainty": 0.0}, "Outdoor Power Equipment and Other Small Engine Mechanics_13776_13778": {"llm_label": "TASK_1", "label_logprob": -0.114163, "p_task_1": 0.8921125296881564, "uncertainty": 0.34207566259004046}, "Outdoor Power Equipment and Other Small Engine Mechanics_13776_13779": {"llm_label": "TASK_1", "label_logprob": -1.6e-05, "p_task_1": 0.9999840001279993, "uncertainty": 0.00019268520788660168}, "Outdoor Power Equipment and Other Small Engine Mechanics_13776_13780": {"llm_label": "TASK_1", "label_logprob": -0.134748, "p_task_1": 0.8739361158423379, "uncertainty": 0.3788352225947714}, "Outdoor Power Equipment and Other Small Engine Mechanics_13776_13781": {"llm_label": "TASK_2", "label_logprob": -0.005104, "p_task_1": 0.005090996724312791, "uncertainty": 0.03195991212353566}, "Outdoor Power Equipment and Other Small Engine Mechanics_13776_13782": {"llm_label": "TASK_1", "label_logprob": -9e-06, "p_task_1": 0.9999910000404999, "uncertainty": 0.0001135640627863842}, "Outdoor Power Equipment and Other Small Engine Mechanics_13776_13783": {"llm_label": "TASK_1", "label_logprob": 0.0, "p_task_1": 1.0, "uncertainty": 0.0}, "Outdoor Power Equipment and Other Small Engine Mechanics_13776_13784": {"llm_label": "TASK_2", "label_logprob": -0.038878, "p_task_1": 0.038131950109477564, "uncertainty": 0.16196125281399623}, "Outdoor Power Equipment and Other Small Engine Mechanics_13776_13785": {"llm_label": "TASK_2", "label_logprob": -0.82787, "p_task_1": 0.5630209388399211, "uncertainty": 0.6851827364112935}, "Outdoor Power Equipment and Other Small Engine Mechanics_13776_13786": {"llm_label": "TASK_1", "label_logprob": -0.855186, "p_task_1": 0.4252040957648254, "uncertainty": 0.6819162177522891}, "Outdoor Power Equipment and Other Small Engine Mechanics_13776_13787": {"llm_label": "TASK_1", "label_logprob": -4e-06, "p_task_1": 0.999996000008, "uncertainty": 5.371675735315082e-05}, "Outdoor Power Equipment and Other Small Engine Mechanics_13777_13778": {"llm_label": "TASK_2", "label_logprob": 0.0, "p_task_1": 0.0, "uncertainty": 0.0}, "Outdoor Power Equipment and Other Small Engine Mechanics_13777_13779": {"llm_label": "TASK_2", "label_logprob": -1.4e-05, "p_task_1": 1.3999902000461084e-05, "uncertainty": 0.0001704691519101948}, "Outdoor Power Equipment and Other Small Engine Mechanics_13777_13780": {"llm_label": "TASK_2", "label_logprob": 0.0, "p_task_1": 0.0, "uncertainty": 0.0}, "Outdoor Power Equipment and Other Small Engine Mechanics_13777_13781": {"llm_label": "TASK_2", "label_logprob": 0.0, "p_task_1": 0.0, "uncertainty": 0.0}, "Outdoor Power Equipment and Other Small Engine Mechanics_13777_13782": {"llm_label": "TASK_2", "label_logprob": -0.707233, "p_task_1": 0.5069935392225187, "uncertainty": 0.6930493581884511}, "Outdoor Power Equipment and Other Small Engine Mechanics_13777_13783": {"llm_label": "TASK_2", "label_logprob": -0.014042, "p_task_1": 0.013943870964271299, "uncertainty": 0.07342438992366196}, "Outdoor Power Equipment and Other Small Engine Mechanics_13777_13784": {"llm_label": "TASK_2", "label_logprob": 0.0, "p_task_1": 0.0, "uncertainty": 0.0}, "Outdoor Power Equipment and Other Small Engine Mechanics_13777_13785": {"llm_label": "TASK_2", "label_logprob": 0.0, "p_task_1": 0.0, "uncertainty": 0.0},