{"Motorcycle Mechanics_8352_8353": {"llm_label": "TASK_1", "label_logprob": -0.029943, "p_task_1": 0.9705008505204392, "uncertainty": 0.1329968287426239}, "Motorcycle Mechanics_8352_8354": {"llm_label": "TASK_1", "label_logprob": -1.2e-05, "p_task_1": 0.9999880000719997, "uncertainty": 0.00014796635909808146}, "Motorcycle Mechanics_8352_8355": {"llm_label": "TASK_1", "label_logprob": -7e-06, "p_task_1": 0.9999930000245, "uncertainty": 9.008688755748087e-05}, "Motorcycle Mechanics_8352_8356": {"llm_label": "TASK_1", "label_logprob": -0.020427, "p_task_1": 0.9797802178198578, "uncertainty": 0.09889323817691423}, "Motorcycle Mechanics_8352_8357": {"llm_label": "TASK_2", "label_logprob": 0.0, "p_task_1": 0.0, "uncertainty": 0.0}, "Motorcycle Mechanics_8352_8358": {"llm_label": "TASK_2", "label_logprob": -6e-06, "p_task_1": 5.9999820000156134e-06, "uncertainty": 7.814227210513045e-05}, "Motorcycle Mechanics_8352_8359": {"llm_label": "TASK_1", "label_logprob": -0.079225, "p_task_1": 0.9238320388500931, "uncertainty": 0.26930895357526446}, "Motorcycle Mechanics_8352_8360": {"llm_label": "TASK_1", "label_logprob": -0.024138, "p_task_1": 0.9761509916257276, "uncertainty": 0.11266252937625187}, "Motorcycle Mechanics_8352_20651": {"llm_label": "TASK_1", "label_logprob": -1e-06, "p_task_1": 0.9999990000005, "uncertainty": 1.4815503149992376e-05}, "Motorcycle Mechanics_8352_20652": {"llm_label": "TASK_2", "label_logprob": -0.000262, "p_task_1": 0.0002619656809972337, "uncertainty": 0.0024224401534331287}, "Motorcycle Mechanics_8352_20653": {"llm_label": "TASK_1", "label_logprob": -0.041352, "p_task_1": 0.9594913295504152, "uncertainty": 0.16955737432088933}, "Motorcycle Mechanics_8352_23934": {"llm_label": "TASK_1", "label_logprob": -1.5e-05, "p_task_1": 0.9999850001124995, "uncertainty": 0.00018161054327026476}, "Motorcycle Mechanics_8353_8354": {"llm_label": "TASK_1", "label_logprob": -0.006569, "p_task_1": 0.9934525287139983, "uncertainty": 0.0394511037811899}, "Motorcycle Mechanics_8353_8355": {"llm_label": "TASK_1", "label_logprob": -0.702365, "p_task_1": 0.49541226721045456, "uncertainty": 0.6931050853849776}, "Motorcycle Mechanics_8353_8356": {"llm_label": "TASK_2", "label_logprob": -0.081324, "p_task_1": 0.07810505091254472, "uncertainty": 0.2741166762537267}, "Motorcycle Mechanics_8353_8357": {"llm_label": "TASK_2", "label_logprob": 0.0, "p_task_1": 0.0, "uncertainty": 0.0}, "Motorcycle Mechanics_8353_8358": {"llm_label": "TASK_2", "label_logprob": 0.0, "p_task_1": 0.0, "uncertainty": 0.0}, "Motorcycle Mechanics_8353_8359": {"llm_label": "TASK_2", "label_logprob": -0.38753, "p_task_1": 0.321268727992178, "uncertainty": 0.6278220928464966}, "Motorcycle Mechanics_8353_8360": {"llm_label": "TASK_2", "label_logprob": -0.145079, "p_task_1": 0.13504604095118344, "uncertainty": 0.395867670303927}, "Motorcycle Mechanics_8353_20651": {"llm_label": "TASK_1", "label_logprob": -0.000379, "p_task_1": 0.9996210718114276, "uncertainty": 0.003364114741997992}, "Motorcycle Mechanics_8353_20652": {"llm_label": "TASK_2", "label_logprob": -1.1e-05, "p_task_1": 1.0999939500266898e-05, "uncertainty": 0.0001365930168744248}, "Motorcycle Mechanics_8353_20653": {"llm_label": "TASK_2", "label_logprob": -4.4e-05, "p_task_1": 4.399903201424138e-05, "uncertainty": 0.0004853674424999764}, "Motorcycle Mechanics_8353_23934": {"llm_label": "CANNOT_DECIDE", "label_logprob": -0.009285, "p_task_1": 0.5, "uncertainty": 0.6931471805599453}, "Motorcycle Mechanics_8354_8355": {"llm_label": "TASK_2", "label_logprob": -0.004771, "p_task_1": 0.0047596368578661785, "uncertainty": 0.03020084922262476}, "Motorcycle Mechanics_8354_8356": {"llm_label": "TASK_2", "label_logprob": 0.0, "p_task_1": 0.0, "uncertainty": 0.0}, "Motorcycle Mechanics_8354_8357": {"llm_label": "TASK_2", "label_logprob": 0.0, "p_task_1": 0.0, "uncertainty": 0.0}, "Motorcycle Mechanics_8354_8358": {"llm_label": "TASK_2", "label_logprob": 0.0, "p_task_1": 0.0, "uncertainty": 0.0}, "Motorcycle Mechanics_8354_8359": {"llm_label": "TASK_2", "label_logprob": -2e-06, "p_task_1": 1.9999979999907325e-06, "uncertainty": 2.8244698509961958e-05}, "Motorcycle Mechanics_8354_8360": {"llm_label": "TASK_2", "label_logprob": -1.4e-05, "p_task_1": 1.3999902000461084e-05, "uncertainty": 0.0001704691519101948}, "Motorcycle Mechanics_8354_20651": {"llm_label": "TASK_1", "label_logprob": -0.016081, "p_task_1": 0.9840476089707031, "uncertainty": 0.08183780155293663}, "Motorcycle Mechanics_8354_20652": {"llm_label": "TASK_2", "label_logprob": 0.0, "p_task_1": 0.0, "uncertainty": 0.0}, "Motorcycle Mechanics_8354_20653": {"llm_label": "TASK_2", "label_logprob": -1e-06, "p_task_1": 9.999994999843054e-07, "uncertainty": 1.4815503149992376e-05}, "Motorcycle Mechanics_8354_23934": {"llm_label": "TASK_2", "label_logprob": -0.014238, "p_task_1": 0.014137119026633505, "uncertainty": 0.07424601836647174}, "Motorcycle Mechanics_8355_8356": {"llm_label": "TASK_2", "label_logprob": 0.0, "p_task_1": 0.0, "uncertainty": 0.0}, "Motorcycle Mechanics_8355_8357": {"llm_label": "TASK_2", "label_logprob": 0.0, "p_task_1": 0.0, "uncertainty": 0.0}, "Motorcycle Mechanics_8355_8358": {"llm_label": "TASK_2", "label_logprob": 0.0, "p_task_1": 0.0, "uncertainty": 0.0}, "Motorcycle Mechanics_8355_8359": {"llm_label": "TASK_2", "label_logprob": 0.0, "p_task_1": 0.0, "uncertainty": 0.0}, "Motorcycle Mechanics_8355_8360": {"llm_label": "TASK_2", "label_logprob": -2e-06, "p_task_1": 1.9999979999907325e-06, "uncertainty": 2.8244698509961958e-05}, "Motorcycle Mechanics_8355_20651": {"llm_label": "TASK_1", "label_logprob": -0.039906, "p_task_1": 0.9608797576045043, "uncertainty": 0.16513808133481847}, "Motorcycle Mechanics_8355_20652": {"llm_label": "TASK_2", "label_logprob": 0.0, "p_task_1": 0.0, "uncertainty": 0.0}, "Motorcycle Mechanics_8355_20653": {"llm_label": "TASK_2", "label_logprob": 0.0, "p_task_1": 0.0, "uncertainty": 0.0}, "Motorcycle Mechanics_8355_23934": {"llm_label": "TASK_2", "label_logprob": -0.001298, "p_task_1": 0.001297157962361073, "uncertainty": 0.009919277085210986}, "Motorcycle Mechanics_8356_8357": {"llm_label": "TASK_2", "label_logprob": -1e-06, "p_task_1": 9.999994999843054e-07, "uncertainty": 1.4815503149992376e-05}, "Motorcycle Mechanics_8356_8358": {"llm_label": "TASK_2", "label_logprob": 0.0, "p_task_1": 0.0, "uncertainty": 0.0}, "Motorcycle Mechanics_8356_8359": {"llm_label": "TASK_2", "label_logprob": -0.005514, "p_task_1": 0.005498825804981289, "uncertainty": 0.03409528372615112}, "Motorcycle Mechanics_8356_8360": {"llm_label": "EQUAL_TIME", "label_logprob": -0.005223, "p_task_1": 0.5, "uncertainty": 0.6931471805599453}, "Motorcycle Mechanics_8356_20651": {"llm_label": "TASK_1", "label_logprob": -0.001602, "p_task_1": 0.9983992825170445, "uncertainty": 0.01190373962345043}, "Motorcycle Mechanics_8356_20652": {"llm_label": "TASK_2", "label_logprob": -1e-06, "p_task_1": 9.999994999843054e-07, "uncertainty": 1.4815503149992376e-05}, "Motorcycle Mechanics_8356_20653": {"llm_label": "TASK_2", "label_logprob": -0.101216, "p_task_1": 0.09626219556380766, "uncertainty": 0.3167916836646909}, "Motorcycle Mechanics_8356_23934": {"llm_label": "CANNOT_DECIDE", "label_logprob": -0.494155, "p_task_1": 0.5, "uncertainty": 0.6931471805599453}, "Motorcycle Mechanics_8357_8358": {"llm_label": "TASK_2", "label_logprob": -0.063421, "p_task_1": 0.06145173831532569, "uncertainty": 0.2309434872201624}, "Motorcycle Mechanics_8357_8359": {"llm_label": "TASK_1", "label_logprob": -0.000241, "p_task_1": 0.9997590290381673, "uncertainty": 0.0022484310372583886}, "Motorcycle Mechanics_8357_8360": {"llm_label": "TASK_1", "label_logprob": -0.002555, "p_task_1": 0.9974482612344241, "uncertainty": 0.017784862164904894}, "Motorcycle Mechanics_8357_20651": {"llm_label": "TASK_1", "label_logprob": 0.0, "p_task_1": 1.0, "uncertainty": 0.0}, "Motorcycle Mechanics_8357_20652": {"llm_label": "TASK_1", "label_logprob": -0.011428, "p_task_1": 0.9886370515531391,