{"Industrial Machinery Mechanics_11813_11814": {"llm_label": "EQUAL_TIME", "label_logprob": -0.706468, "p_task_1": 0.5, "uncertainty": 0.6931471805599453}, "Industrial Machinery Mechanics_11813_11815": {"llm_label": "TASK_2", "label_logprob": -0.70322, "p_task_1": 0.5050111292502306, "uncertainty": 0.6930969568864089}, "Industrial Machinery Mechanics_11813_11816": {"llm_label": "TASK_1", "label_logprob": -1e-05, "p_task_1": 0.9999900000499998, "uncertainty": 0.00012512862900562218}, "Industrial Machinery Mechanics_11813_11817": {"llm_label": "EQUAL_TIME", "label_logprob": -0.019632, "p_task_1": 0.5, "uncertainty": 0.6931471805599453}, "Industrial Machinery Mechanics_11813_11818": {"llm_label": "TASK_1", "label_logprob": -0.000916, "p_task_1": 0.9990844193999334, "uncertainty": 0.00732051940333072}, "Industrial Machinery Mechanics_11813_11819": {"llm_label": "TASK_1", "label_logprob": -1e-06, "p_task_1": 0.9999990000005, "uncertainty": 1.4815503149992376e-05}, "Industrial Machinery Mechanics_11813_11820": {"llm_label": "TASK_1", "label_logprob": -1e-06, "p_task_1": 0.9999990000005, "uncertainty": 1.4815503149992376e-05}, "Industrial Machinery Mechanics_11813_11821": {"llm_label": "TASK_1", "label_logprob": -7e-06, "p_task_1": 0.9999930000245, "uncertainty": 9.008688755748087e-05}, "Industrial Machinery Mechanics_11813_11822": {"llm_label": "TASK_1", "label_logprob": 0.0, "p_task_1": 1.0, "uncertainty": 0.0}, "Industrial Machinery Mechanics_11813_11823": {"llm_label": "TASK_1", "label_logprob": -8e-05, "p_task_1": 0.9999200031999147, "uncertainty": 0.0008346453276260399}, "Industrial Machinery Mechanics_11813_11824": {"llm_label": "TASK_1", "label_logprob": 0.0, "p_task_1": 1.0, "uncertainty": 0.0}, "Industrial Machinery Mechanics_11813_11825": {"llm_label": "EQUAL_TIME", "label_logprob": -0.811854, "p_task_1": 0.5, "uncertainty": 0.6931471805599453}, "Industrial Machinery Mechanics_11813_11826": {"llm_label": "TASK_1", "label_logprob": 0.0, "p_task_1": 1.0, "uncertainty": 0.0}, "Industrial Machinery Mechanics_11813_11827": {"llm_label": "TASK_1", "label_logprob": -6e-06, "p_task_1": 0.999994000018, "uncertainty": 7.814227210513045e-05}, "Industrial Machinery Mechanics_11813_23935": {"llm_label": "TASK_1", "label_logprob": 0.0, "p_task_1": 1.0, "uncertainty": 0.0}, "Industrial Machinery Mechanics_11814_11815": {"llm_label": "CANNOT_DECIDE", "label_logprob": -0.210503, "p_task_1": 0.5, "uncertainty": 0.6931471805599453}, "Industrial Machinery Mechanics_11814_11816": {"llm_label": "TASK_1", "label_logprob": -1e-06, "p_task_1": 0.9999990000005, "uncertainty": 1.4815503149992376e-05}, "Industrial Machinery Mechanics_11814_11817": {"llm_label": "TASK_1", "label_logprob": -0.321465, "p_task_1": 0.7250860075935972, "uncertainty": 0.5880853829925965}, "Industrial Machinery Mechanics_11814_11818": {"llm_label": "TASK_1", "label_logprob": -0.486303, "p_task_1": 0.614895465758084, "uncertainty": 0.6665078391423473}, "Industrial Machinery Mechanics_11814_11819": {"llm_label": "TASK_1", "label_logprob": -3e-06, "p_task_1": 0.9999970000045, "uncertainty": 4.1150633082097105e-05}, "Industrial Machinery Mechanics_11814_11820": {"llm_label": "TASK_1", "label_logprob": -9.6e-05, "p_task_1": 0.9999040046078526, "uncertainty": 0.0009840643513757887}, "Industrial Machinery Mechanics_11814_11821": {"llm_label": "TASK_1", "label_logprob": -7.9e-05, "p_task_1": 0.9999210031204179, "uncertainty": 0.000825206357674103}, "Industrial Machinery Mechanics_11814_11822": {"llm_label": "TASK_1", "label_logprob": 0.0, "p_task_1": 1.0, "uncertainty": 0.0}, "Industrial Machinery Mechanics_11814_11823": {"llm_label": "TASK_1", "label_logprob": -0.078892, "p_task_1": 0.9241397261461217, "uncertainty": 0.2685404188959767}, "Industrial Machinery Mechanics_11814_11824": {"llm_label": "TASK_1", "label_logprob": -1e-06, "p_task_1": 0.9999990000005, "uncertainty": 1.4815503149992376e-05}, "Industrial Machinery Mechanics_11814_11825": {"llm_label": "CANNOT_DECIDE", "label_logprob": -0.019991, "p_task_1": 0.5, "uncertainty": 0.6931471805599453}, "Industrial Machinery Mechanics_11814_11826": {"llm_label": "TASK_1", "label_logprob": -0.000123, "p_task_1": 0.9998770075641898, "uncertainty": 0.0012303334559378243}, "Industrial Machinery Mechanics_11814_11827": {"llm_label": "TASK_1", "label_logprob": -0.061968, "p_task_1": 0.9399129635246914, "uncertainty": 0.22720693930897598}, "Industrial Machinery Mechanics_11814_23935": {"llm_label": "TASK_1", "label_logprob": -2e-06, "p_task_1": 0.999998000002, "uncertainty": 2.8244698509961958e-05}, "Industrial Machinery Mechanics_11815_11816": {"llm_label": "TASK_1", "label_logprob": -5e-06, "p_task_1": 0.9999950000125, "uncertainty": 6.603019815215604e-05}, "Industrial Machinery Mechanics_11815_11817": {"llm_label": "TASK_1", "label_logprob": -0.001141, "p_task_1": 0.9988596506929962, "uncertainty": 0.00886718545803293}, "Industrial Machinery Mechanics_11815_11818": {"llm_label": "TASK_1", "label_logprob": -0.001603, "p_task_1": 0.9983982841182611, "uncertainty": 0.011910164708026583}, "Industrial Machinery Mechanics_11815_11819": {"llm_label": "TASK_1", "label_logprob": -1e-06, "p_task_1": 0.9999990000005, "uncertainty": 1.4815503149992376e-05}, "Industrial Machinery Mechanics_11815_11820": {"llm_label": "TASK_1", "label_logprob": -5.9e-05, "p_task_1": 0.9999410017404657, "uncertainty": 0.0006335217246636567}, "Industrial Machinery Mechanics_11815_11821": {"llm_label": "TASK_1", "label_logprob": -1.4e-05, "p_task_1": 0.9999860000979995, "uncertainty": 0.0001704691519101948}, "Industrial Machinery Mechanics_11815_11822": {"llm_label": "TASK_1", "label_logprob": 0.0, "p_task_1": 1.0, "uncertainty": 0.0}, "Industrial Machinery Mechanics_11815_11823": {"llm_label": "TASK_1", "label_logprob": -0.000104, "p_task_1": 0.9998960054078125, "uncertainty": 0.0010577414410560416}, "Industrial Machinery Mechanics_11815_11824": {"llm_label": "TASK_1", "label_logprob": -1e-06, "p_task_1": 0.9999990000005, "uncertainty": 1.4815503149992376e-05}, "Industrial Machinery Mechanics_11815_11825": {"llm_label": "TASK_1", "label_logprob": -0.134326, "p_task_1": 0.8743049947111905, "uncertainty": 0.3781203744515623}, "Industrial Machinery Mechanics_11815_11826": {"llm_label": "TASK_1", "label_logprob": 0.0, "p_task_1": 1.0, "uncertainty": 0.0}, "Industrial Machinery Mechanics_11815_11827": {"llm_label": "TASK_1", "label_logprob": -7e-06, "p_task_1": 0.9999930000245, "uncertainty": 9.008688755748087e-05}, "Industrial Machinery Mechanics_11815_23935": {"llm_label": "TASK_1", "label_logprob": -7.8e-05, "p_task_1": 0.9999220030419209, "uncertainty": 0.000815754720211472}, "Industrial Machinery Mechanics_11816_11817": {"llm_label": "TASK_2", "label_logprob": 0.0, "p_task_1": 0.0, "uncertainty": 0.0}, "Industrial Machinery Mechanics_11816_11818": {"llm_label": "TASK_2", "label_logprob": 0.0, "p_task_1": 0.0, "uncertainty": 0.0}, "Industrial Machinery Mechanics_11816_11819": {"llm_label": "TASK_2", "label_logprob": -5.7e-05, "p_task_1": 5.699837553085896e-05, "uncertainty": 0.0006140126800174265}, "Industrial Machinery Mechanics_11816_11820": {"llm_label": "TASK_2", "label_logprob": -3e-06, "p_task_1": 2.9999955000192813e-06, "uncertainty": 4.1150633082097105e-05}, "Industrial Machinery Mechanics_11816_11821": {"llm_label": "TASK_2", "label_logprob": -5e-06, "p_task_1": 4.999987500031722e-06, "uncertainty": 6.603019815215604e-05}, "Industrial Machinery Mechanics_11816_11822": {"llm_label": "TASK_1", "label_logprob": -0.000339, "p_task_1": 0.9996610574540075, "uncertainty": 0.0030469275609703384}, "Industrial Machinery Mechanics_11816_11823": {"llm_label": "TASK_2", "label_logprob": -9e-06, "p_task_1": 8.999959500100019e-06, "uncertainty": 0.0001135640627863842}, "Industrial Machinery Mechanics_11816_11824": {"llm_label": "TASK_1", "label_logprob": -0.269603, "p_task_1": 0.763682616161806, "uncertainty": 0.5467977450341317},