{"Riggers_13892_13893": {"llm_label": "TASK_2", "label_logprob": -0.000402, "p_task_1": 0.00040191920882637344, "uncertainty": 0.0035445490052991016}, "Riggers_13892_13894": {"llm_label": "TASK_2", "label_logprob": -6e-06, "p_task_1": 5.9999820000156134e-06, "uncertainty": 7.814227210513045e-05}, "Riggers_13892_13895": {"llm_label": "TASK_2", "label_logprob": -2.3e-05, "p_task_1": 2.2999735502016172e-05, "uncertainty": 0.00026863728652655293}, "Riggers_13892_13896": {"llm_label": "TASK_2", "label_logprob": -2.9e-05, "p_task_1": 2.8999579504085382e-05, "uncertainty": 0.000331993413184829}, "Riggers_13892_13897": {"llm_label": "TASK_2", "label_logprob": -0.012116, "p_task_1": 0.012042896809271952, "uncertainty": 0.06519102451625633}, "Riggers_13892_13898": {"llm_label": "TASK_2", "label_logprob": 0.0, "p_task_1": 0.0, "uncertainty": 0.0}, "Riggers_13892_13899": {"llm_label": "TASK_2", "label_logprob": 0.0, "p_task_1": 0.0, "uncertainty": 0.0}, "Riggers_13892_13900": {"llm_label": "TASK_2", "label_logprob": -0.000322, "p_task_1": 0.000321948163563901, "uncertainty": 0.0029107201522959713}, "Riggers_13892_13901": {"llm_label": "TASK_2", "label_logprob": 0.0, "p_task_1": 0.0, "uncertainty": 0.0}, "Riggers_13892_13902": {"llm_label": "TASK_2", "label_logprob": -4e-06, "p_task_1": 3.9999919999589295e-06, "uncertainty": 5.371675735315082e-05}, "Riggers_13892_13903": {"llm_label": "TASK_2", "label_logprob": 0.0, "p_task_1": 0.0, "uncertainty": 0.0}, "Riggers_13892_13904": {"llm_label": "TASK_2", "label_logprob": -0.270467, "p_task_1": 0.23697692065762344, "uncertainty": 0.5475701618718238}, "Riggers_13892_21206": {"llm_label": "TASK_2", "label_logprob": -1.5e-05, "p_task_1": 1.4999887500533049e-05, "uncertainty": 0.00018161054327026476}, "Riggers_13893_13894": {"llm_label": "TASK_2", "label_logprob": -0.091028, "p_task_1": 0.08700785323873972, "uncertainty": 0.2955598748994234}, "Riggers_13893_13895": {"llm_label": "TASK_1", "label_logprob": -0.811854, "p_task_1": 0.4440340634547597, "uncertainty": 0.6868696616694321}, "Riggers_13893_13896": {"llm_label": "TASK_2", "label_logprob": -7e-06, "p_task_1": 6.999975500021627e-06, "uncertainty": 9.008688755748087e-05}, "Riggers_13893_13897": {"llm_label": "TASK_2", "label_logprob": -0.087132, "p_task_1": 0.08344389775773176, "uncertainty": 0.2871010249840576}, "Riggers_13893_13898": {"llm_label": "TASK_2", "label_logprob": -3.2e-05, "p_task_1": 3.199948800547414e-05, "uncertainty": 0.0003631869779441248}, "Riggers_13893_13899": {"llm_label": "TASK_2", "label_logprob": 0.0, "p_task_1": 0.0, "uncertainty": 0.0}, "Riggers_13893_13900": {"llm_label": "TASK_2", "label_logprob": -0.038897, "p_task_1": 0.038150225428809414, "uncertainty": 0.16202023779000366}, "Riggers_13893_13901": {"llm_label": "TASK_2", "label_logprob": -0.058526, "p_task_1": 0.05684628191579233, "uncertainty": 0.21820029695110538}, "Riggers_13893_13902": {"llm_label": "TASK_2", "label_logprob": -0.000319, "p_task_1": 0.00031894912490981753, "uncertainty": 0.0028865914717361774}, "Riggers_13893_13903": {"llm_label": "TASK_2", "label_logprob": -4.7e-05, "p_task_1": 4.699889551729175e-05, "uncertainty": 0.0005153599478945111}, "Riggers_13893_13904": {"llm_label": "TASK_1", "label_logprob": -0.00565, "p_task_1": 0.9943659312320582, "uncertainty": 0.03479657811192275}, "Riggers_13893_21206": {"llm_label": "TASK_2", "label_logprob": -0.034244, "p_task_1": 0.03366431003906445, "uncertainty": 0.14725754804963873}, "Riggers_13894_13895": {"llm_label": "TASK_1", "label_logprob": -0.000584, "p_task_1": 0.9994161704948087, "uncertainty": 0.004930796067587262}, "Riggers_13894_13896": {"llm_label": "TASK_2", "label_logprob": -0.000449, "p_task_1": 0.000448899214584797, "uncertainty": 0.003909233279154809}, "Riggers_13894_13897": {"llm_label": "TASK_2", "label_logprob": -0.011202, "p_task_1": 0.01113949122349478, "uncertainty": 0.061174389423405875}, "Riggers_13894_13898": {"llm_label": "TASK_2", "label_logprob": -2e-06, "p_task_1": 1.9999979999907325e-06, "uncertainty": 2.8244698509961958e-05}, "Riggers_13894_13899": {"llm_label": "TASK_2", "label_logprob": 0.0, "p_task_1": 0.0, "uncertainty": 0.0}, "Riggers_13894_13900": {"llm_label": "TASK_2", "label_logprob": -0.003981, "p_task_1": 0.003973086324430386, "uncertainty": 0.02592924693554889}, "Riggers_13894_13901": {"llm_label": "TASK_2", "label_logprob": -0.034888, "p_task_1": 0.03428642987930941, "uncertainty": 0.1493401361676008}, "Riggers_13894_13902": {"llm_label": "TASK_1", "label_logprob": -0.091653, "p_task_1": 0.9124217049511691, "uncertainty": 0.29689878480709925}, "Riggers_13894_13903": {"llm_label": "TASK_2", "label_logprob": -0.000139, "p_task_1": 0.0001389903399475756, "uncertainty": 0.0013733686396319694}, "Riggers_13894_13904": {"llm_label": "TASK_1", "label_logprob": -0.002359, "p_task_1": 0.997643780253864, "uncertainty": 0.016610212830042485}, "Riggers_13894_21206": {"llm_label": "TASK_2", "label_logprob": -0.002789, "p_task_1": 0.0027851143526962385, "uncertainty": 0.019167358880565713}, "Riggers_13895_13896": {"llm_label": "TASK_2", "label_logprob": -3e-06, "p_task_1": 2.9999955000192813e-06, "uncertainty": 4.1150633082097105e-05}, "Riggers_13895_13897": {"llm_label": "TASK_2", "label_logprob": -0.009897, "p_task_1": 0.00984818586605618, "uncertainty": 0.055302760322054105}, "Riggers_13895_13898": {"llm_label": "TASK_2", "label_logprob": 0.0, "p_task_1": 0.0, "uncertainty": 0.0}, "Riggers_13895_13899": {"llm_label": "TASK_2", "label_logprob": 0.0, "p_task_1": 0.0, "uncertainty": 0.0}, "Riggers_13895_13900": {"llm_label": "TASK_2", "label_logprob": -3.7e-05, "p_task_1": 3.699931550849023e-05, "uncertainty": 0.00041456225843036797}, "Riggers_13895_13901": {"llm_label": "TASK_2", "label_logprob": 0.0, "p_task_1": 0.0, "uncertainty": 0.0}, "Riggers_13895_13902": {"llm_label": "TASK_2", "label_logprob": -0.000378, "p_task_1": 0.000377928567000807, "uncertainty": 0.003356238618154879}, "Riggers_13895_13903": {"llm_label": "TASK_2", "label_logprob": -1e-05, "p_task_1": 9.999950000172397e-06, "uncertainty": 0.00012512862900562218}, "Riggers_13895_13904": {"llm_label": "TASK_1", "label_logprob": -0.104822, "p_task_1": 0.9004847946150734, "uncertainty": 0.3240164631690894}, "Riggers_13895_21206": {"llm_label": "TASK_2", "label_logprob": -4.7e-05, "p_task_1": 4.699889551729175e-05, "uncertainty": 0.0005153599478945111}, "Riggers_13896_13897": {"llm_label": "EQUAL_TIME", "label_logprob": -0.03924, "p_task_1": 0.5, "uncertainty": 0.6931471805599453}, "Riggers_13896_13898": {"llm_label": "TASK_2", "label_logprob": -0.170256, "p_task_1": 0.15655113395381515, "uncertainty": 0.43390636153660356}, "Riggers_13896_13899": {"llm_label": "TASK_2", "label_logprob": -0.001531, "p_task_1": 0.0015298286173718312, "uncertainty": 0.011445924161337623}, "Riggers_13896_13900": {"llm_label": "EQUAL_TIME", "label_logprob": -0.102682, "p_task_1": 0.5, "uncertainty": 0.6931471805599453}, "Riggers_13896_13901": {"llm_label": "TASK_1", "label_logprob": -0.000125, "p_task_1": 0.9998750078121745, "uncertainty": 0.0012483215809395145}, "Riggers_13896_13902": {"llm_label": "TASK_1", "label_logprob": -0.000127, "p_task_1": 0.9998730080641586, "uncertainty": 0.001266277670632851}, "Riggers_13896_13903": {"llm_label": "CANNOT_DECIDE", "label_logprob": -0.306507, "p_task_1": 0.5, "uncertainty": 0.6931471805599453}, "Riggers_13896_13904": {"llm_label": "TASK_1", "label_logprob": -4e-06, "p_task_1": 0.999996000008, "uncertainty": 5.371675735315082e-05}, "Riggers_13896_21206": {"llm_label": "TASK_1", "label_logprob": -0.06307, "p_task_1": 0.9388777499463329, "uncertainty": 0.23004433242298006}, "Riggers_13897_13898": {"llm_label": "TASK_2", "label_logprob": -1.1e-05, "p_task_1": 1.0999939500266898e-05, "uncertainty": 0.0001365930168744248}, "Riggers_13897_13899": {"llm_label": "TASK_2", "label_logprob": -1e-05, "p_task_1": 9.999950000172397e-06, "uncertainty": 0.00012512862900562218}, "Riggers_13897_13900": {"llm_label": "TASK_2",