{"Watch and Clock Repairers_14975_14976": {"llm_label": "TASK_2", "label_logprob": 0.0, "p_task_1": 0.0, "uncertainty": 0.0}, "Watch and Clock Repairers_14975_14977": {"llm_label": "TASK_2", "label_logprob": -3e-06, "p_task_1": 2.9999955000192813e-06, "uncertainty": 4.1150633082097105e-05}, "Watch and Clock Repairers_14975_14978": {"llm_label": "TASK_2", "label_logprob": 0.0, "p_task_1": 0.0, "uncertainty": 0.0}, "Watch and Clock Repairers_14975_14979": {"llm_label": "TASK_2", "label_logprob": 0.0, "p_task_1": 0.0, "uncertainty": 0.0}, "Watch and Clock Repairers_14975_14980": {"llm_label": "TASK_2", "label_logprob": -0.00346, "p_task_1": 0.0034540210976551355, "uncertainty": 0.023026187397117738}, "Watch and Clock Repairers_14975_14981": {"llm_label": "TASK_2", "label_logprob": 0.0, "p_task_1": 0.0, "uncertainty": 0.0}, "Watch and Clock Repairers_14975_14982": {"llm_label": "TASK_2", "label_logprob": -0.009994, "p_task_1": 0.009944225934008566, "uncertainty": 0.055745088438736906}, "Watch and Clock Repairers_14975_14983": {"llm_label": "TASK_2", "label_logprob": -2e-06, "p_task_1": 1.9999979999907325e-06, "uncertainty": 2.8244698509961958e-05}, "Watch and Clock Repairers_14975_14984": {"llm_label": "TASK_2", "label_logprob": -0.000275, "p_task_1": 0.00027496219096589947, "uncertainty": 0.0025293055569943577}, "Watch and Clock Repairers_14975_14985": {"llm_label": "TASK_2", "label_logprob": -0.314119, "p_task_1": 0.26956789843269124, "uncertainty": 0.5828285883483268}, "Watch and Clock Repairers_14975_14986": {"llm_label": "TASK_1", "label_logprob": -0.026357, "p_task_1": 0.9739873140633875, "uncertainty": 0.12059612121021654}, "Watch and Clock Repairers_14975_14987": {"llm_label": "TASK_2", "label_logprob": -0.630408, "p_task_1": 0.46762545212526097, "uncertainty": 0.6910494906813927}, "Watch and Clock Repairers_14975_14988": {"llm_label": "TASK_1", "label_logprob": -0.000466, "p_task_1": 0.9995341085611362, "uncertainty": 0.004039896049837997}, "Watch and Clock Repairers_14975_21084": {"llm_label": "TASK_1", "label_logprob": -0.004289, "p_task_1": 0.9957201846248561, "uncertainty": 0.02761209529825322}, "Watch and Clock Repairers_14976_14977": {"llm_label": "TASK_1", "label_logprob": -0.000216, "p_task_1": 0.9997840233263204, "uncertainty": 0.002038869939000189}, "Watch and Clock Repairers_14976_14978": {"llm_label": "TASK_1", "label_logprob": -0.000335, "p_task_1": 0.9996650561062347, "uncertainty": 0.0030149572767826744}, "Watch and Clock Repairers_14976_14979": {"llm_label": "TASK_1", "label_logprob": -9e-06, "p_task_1": 0.9999910000404999, "uncertainty": 0.0001135640627863842}, "Watch and Clock Repairers_14976_14980": {"llm_label": "TASK_1", "label_logprob": -1e-06, "p_task_1": 0.9999990000005, "uncertainty": 1.4815503149992376e-05}, "Watch and Clock Repairers_14976_14981": {"llm_label": "TASK_2", "label_logprob": -0.001781, "p_task_1": 0.0017794149606247256, "uncertainty": 0.013044144445992908}, "Watch and Clock Repairers_14976_14982": {"llm_label": "TASK_1", "label_logprob": 0.0, "p_task_1": 1.0, "uncertainty": 0.0}, "Watch and Clock Repairers_14976_14983": {"llm_label": "TASK_1", "label_logprob": -1.5e-05, "p_task_1": 0.9999850001124995, "uncertainty": 0.00018161054327026476}, "Watch and Clock Repairers_14976_14984": {"llm_label": "TASK_1", "label_logprob": -1e-06, "p_task_1": 0.9999990000005, "uncertainty": 1.4815503149992376e-05}, "Watch and Clock Repairers_14976_14985": {"llm_label": "TASK_1", "label_logprob": -1e-06, "p_task_1": 0.9999990000005, "uncertainty": 1.4815503149992376e-05}, "Watch and Clock Repairers_14976_14986": {"llm_label": "TASK_1", "label_logprob": 0.0, "p_task_1": 1.0, "uncertainty": 0.0}, "Watch and Clock Repairers_14976_14987": {"llm_label": "TASK_1", "label_logprob": -3e-06, "p_task_1": 0.9999970000045, "uncertainty": 4.1150633082097105e-05}, "Watch and Clock Repairers_14976_14988": {"llm_label": "TASK_1", "label_logprob": 0.0, "p_task_1": 1.0, "uncertainty": 0.0}, "Watch and Clock Repairers_14976_21084": {"llm_label": "TASK_1", "label_logprob": 0.0, "p_task_1": 1.0, "uncertainty": 0.0}, "Watch and Clock Repairers_14977_14978": {"llm_label": "TASK_2", "label_logprob": -8.6e-05, "p_task_1": 8.599630210603948e-05, "uncertainty": 0.0008910217260505452}, "Watch and Clock Repairers_14977_14979": {"llm_label": "TASK_2", "label_logprob": -6.5e-05, "p_task_1": 6.499788754577018e-05, "uncertainty": 0.0006916505348500037}, "Watch and Clock Repairers_14977_14980": {"llm_label": "TASK_1", "label_logprob": -0.170067, "p_task_1": 0.8436082929472352, "uncertainty": 0.43363777177636265}, "Watch and Clock Repairers_14977_14981": {"llm_label": "TASK_2", "label_logprob": 0.0, "p_task_1": 0.0, "uncertainty": 0.0}, "Watch and Clock Repairers_14977_14982": {"llm_label": "TASK_1", "label_logprob": -0.025174, "p_task_1": 0.975140222867025, "uncertainty": 0.1163927299508114}, "Watch and Clock Repairers_14977_14983": {"llm_label": "TASK_2", "label_logprob": -0.000262, "p_task_1": 0.0002619656809972337, "uncertainty": 0.0024224401534331287}, "Watch and Clock Repairers_14977_14984": {"llm_label": "TASK_1", "label_logprob": -0.1625, "p_task_1": 0.8500160902253981, "uncertainty": 0.42268117666872806}, "Watch and Clock Repairers_14977_14985": {"llm_label": "TASK_1", "label_logprob": -5.4e-05, "p_task_1": 0.9999460014579737, "uncertainty": 0.0005846166468307636}, "Watch and Clock Repairers_14977_14986": {"llm_label": "TASK_1", "label_logprob": -0.005278, "p_task_1": 0.9947359041691762, "uncertainty": 0.03287011562504114}, "Watch and Clock Repairers_14977_14987": {"llm_label": "TASK_1", "label_logprob": -0.000341, "p_task_1": 0.9996590581338919, "uncertainty": 0.003062894923900382}, "Watch and Clock Repairers_14977_14988": {"llm_label": "TASK_1", "label_logprob": -1e-06, "p_task_1": 0.9999990000005, "uncertainty": 1.4815503149992376e-05}, "Watch and Clock Repairers_14977_21084": {"llm_label": "TASK_1", "label_logprob": -0.001225, "p_task_1": 0.9987757500062162, "uncertainty": 0.009432619100683689}, "Watch and Clock Repairers_14978_14979": {"llm_label": "EQUAL_TIME", "label_logprob": -0.091028, "p_task_1": 0.5, "uncertainty": 0.6931471805599453}, "Watch and Clock Repairers_14978_14980": {"llm_label": "TASK_1", "label_logprob": -2e-06, "p_task_1": 0.999998000002, "uncertainty": 2.8244698509961958e-05}, "Watch and Clock Repairers_14978_14981": {"llm_label": "TASK_2", "label_logprob": -8e-06, "p_task_1": 7.999968000049762e-06, "uncertainty": 0.00010188814457675767}, "Watch and Clock Repairers_14978_14982": {"llm_label": "TASK_1", "label_logprob": -4e-06, "p_task_1": 0.999996000008, "uncertainty": 5.371675735315082e-05}, "Watch and Clock Repairers_14978_14983": {"llm_label": "TASK_1", "label_logprob": -1.9e-05, "p_task_1": 0.9999810001804988, "uncertainty": 0.00022554821728270377}, "Watch and Clock Repairers_14978_14984": {"llm_label": "TASK_1", "label_logprob": -2e-06, "p_task_1": 0.999998000002, "uncertainty": 2.8244698509961958e-05}, "Watch and Clock Repairers_14978_14985": {"llm_label": "TASK_1", "label_logprob": 0.0, "p_task_1": 1.0, "uncertainty": 0.0}, "Watch and Clock Repairers_14978_14986": {"llm_label": "TASK_1", "label_logprob": 0.0, "p_task_1": 1.0, "uncertainty": 0.0}, "Watch and Clock Repairers_14978_14987": {"llm_label": "TASK_1", "label_logprob": 0.0, "p_task_1": 1.0, "uncertainty": 0.0}, "Watch and Clock Repairers_14978_14988": {"llm_label": "TASK_1", "label_logprob": 0.0, "p_task_1": 1.0, "uncertainty": 0.0}, "Watch and Clock Repairers_14978_21084": {"llm_label": "TASK_1", "label_logprob": -1e-06, "p_task_1": 0.9999990000005, "uncertainty": 1.4815503149992376e-05}, "Watch and Clock Repairers_14979_14980": {"llm_label": "TASK_1", "label_logprob": -0.005214, "p_task_1": 0.9947995693043057, "uncertainty": 0.03253602190875972}, "Watch and Clock Repairers_14979_14981": {"llm_label": "TASK_2", "label_logprob": 0.0, "p_task_1": 0.0, "uncertainty": 0.0}, "Watch and Clock Repairers_14979_14982": {"llm_label": "TASK_1",