{"Manufactured Building and Mobile Home Installers_13878_13879": {"llm_label": "TASK_2", "label_logprob": -6e-06, "p_task_1": 5.9999820000156134e-06, "uncertainty": 7.814227210513045e-05}, "Manufactured Building and Mobile Home Installers_13878_13880": {"llm_label": "TASK_2", "label_logprob": -0.012686, "p_task_1": 0.012605871894948772, "uncertainty": 0.06765902931730186}, "Manufactured Building and Mobile Home Installers_13878_13881": {"llm_label": "TASK_2", "label_logprob": -0.065904, "p_task_1": 0.06377926283158009, "uncertainty": 0.23724208978413897}, "Manufactured Building and Mobile Home Installers_13878_13882": {"llm_label": "TASK_2", "label_logprob": 0.0, "p_task_1": 0.0, "uncertainty": 0.0}, "Manufactured Building and Mobile Home Installers_13878_13883": {"llm_label": "TASK_2", "label_logprob": -0.05098, "p_task_1": 0.04970232370410543, "uncertainty": 0.19763781914895423}, "Manufactured Building and Mobile Home Installers_13878_13884": {"llm_label": "TASK_1", "label_logprob": -0.000755, "p_task_1": 0.9992452849407853, "uncertainty": 0.006180205267451258}, "Manufactured Building and Mobile Home Installers_13878_13885": {"llm_label": "TASK_2", "label_logprob": -9.6e-05, "p_task_1": 9.599539214744102e-05, "uncertainty": 0.0009840643513757887}, "Manufactured Building and Mobile Home Installers_13878_13886": {"llm_label": "TASK_1", "label_logprob": -0.000494, "p_task_1": 0.9995061219979102, "uncertainty": 0.0042537589102096054}, "Manufactured Building and Mobile Home Installers_13878_13887": {"llm_label": "TASK_2", "label_logprob": -0.000835, "p_task_1": 0.0008346514845102293, "uncertainty": 0.0067507270291413705}, "Manufactured Building and Mobile Home Installers_13878_13888": {"llm_label": "TASK_2", "label_logprob": -0.004356, "p_task_1": 0.004346526392669747, "uncertainty": 0.027975121272708313}, "Manufactured Building and Mobile Home Installers_13878_13889": {"llm_label": "TASK_2", "label_logprob": -0.011925, "p_task_1": 0.011854178980583607, "uncertainty": 0.06435780958842104}, "Manufactured Building and Mobile Home Installers_13878_13890": {"llm_label": "TASK_2", "label_logprob": -0.000158, "p_task_1": 0.00015798751865736538, "uncertainty": 0.0015408389236240686}, "Manufactured Building and Mobile Home Installers_13878_13891": {"llm_label": "TASK_2", "label_logprob": -2e-06, "p_task_1": 1.9999979999907325e-06, "uncertainty": 2.8244698509961958e-05}, "Manufactured Building and Mobile Home Installers_13879_13880": {"llm_label": "TASK_1", "label_logprob": -2e-06, "p_task_1": 0.999998000002, "uncertainty": 2.8244698509961958e-05}, "Manufactured Building and Mobile Home Installers_13879_13881": {"llm_label": "TASK_1", "label_logprob": -1e-06, "p_task_1": 0.9999990000005, "uncertainty": 1.4815503149992376e-05}, "Manufactured Building and Mobile Home Installers_13879_13882": {"llm_label": "TASK_1", "label_logprob": -0.002228, "p_task_1": 0.9977744801497336, "uncertainty": 0.015815993233844063}, "Manufactured Building and Mobile Home Installers_13879_13883": {"llm_label": "TASK_1", "label_logprob": -3e-06, "p_task_1": 0.9999970000045, "uncertainty": 4.1150633082097105e-05}, "Manufactured Building and Mobile Home Installers_13879_13884": {"llm_label": "TASK_1", "label_logprob": 0.0, "p_task_1": 1.0, "uncertainty": 0.0}, "Manufactured Building and Mobile Home Installers_13879_13885": {"llm_label": "TASK_1", "label_logprob": -0.001115, "p_task_1": 0.9988856213815317, "uncertainty": 0.00869092843934336}, "Manufactured Building and Mobile Home Installers_13879_13886": {"llm_label": "TASK_1", "label_logprob": -2e-06, "p_task_1": 0.999998000002, "uncertainty": 2.8244698509961958e-05}, "Manufactured Building and Mobile Home Installers_13879_13887": {"llm_label": "TASK_1", "label_logprob": -0.000263, "p_task_1": 0.9997370345814683, "uncertainty": 0.002430683118198707}, "Manufactured Building and Mobile Home Installers_13879_13888": {"llm_label": "TASK_1", "label_logprob": 0.0, "p_task_1": 1.0, "uncertainty": 0.0}, "Manufactured Building and Mobile Home Installers_13879_13889": {"llm_label": "TASK_1", "label_logprob": -2e-06, "p_task_1": 0.999998000002, "uncertainty": 2.8244698509961958e-05}, "Manufactured Building and Mobile Home Installers_13879_13890": {"llm_label": "TASK_1", "label_logprob": 0.0, "p_task_1": 1.0, "uncertainty": 0.0}, "Manufactured Building and Mobile Home Installers_13879_13891": {"llm_label": "TASK_1", "label_logprob": -0.001435, "p_task_1": 0.9985660291201787, "uncertainty": 0.010821591041265535}, "Manufactured Building and Mobile Home Installers_13880_13881": {"llm_label": "TASK_1", "label_logprob": -0.002161, "p_task_1": 0.9978413332794585, "uncertainty": 0.01540680243409442}, "Manufactured Building and Mobile Home Installers_13880_13882": {"llm_label": "TASK_2", "label_logprob": 0.0, "p_task_1": 0.0, "uncertainty": 0.0}, "Manufactured Building and Mobile Home Installers_13880_13883": {"llm_label": "TASK_2", "label_logprob": -0.517545, "p_task_1": 0.4040181110224138, "uncertainty": 0.6746072720663414}, "Manufactured Building and Mobile Home Installers_13880_13884": {"llm_label": "TASK_1", "label_logprob": -3e-06, "p_task_1": 0.9999970000045, "uncertainty": 4.1150633082097105e-05}, "Manufactured Building and Mobile Home Installers_13880_13885": {"llm_label": "TASK_2", "label_logprob": -9e-06, "p_task_1": 8.999959500100019e-06, "uncertainty": 0.0001135640627863842}, "Manufactured Building and Mobile Home Installers_13880_13886": {"llm_label": "TASK_1", "label_logprob": -0.000103, "p_task_1": 0.9998970053043179, "uncertainty": 0.001048566499626208}, "Manufactured Building and Mobile Home Installers_13880_13887": {"llm_label": "TASK_2", "label_logprob": -0.000495, "p_task_1": 0.0004948775077120438, "uncertainty": 0.00426136686346383}, "Manufactured Building and Mobile Home Installers_13880_13888": {"llm_label": "TASK_2", "label_logprob": -0.000144, "p_task_1": 0.00014398963249762087, "uncertainty": 0.001417678330042593}, "Manufactured Building and Mobile Home Installers_13880_13889": {"llm_label": "TASK_1", "label_logprob": -0.023439, "p_task_1": 0.9768335596986235, "uncertainty": 0.11011882144474544}, "Manufactured Building and Mobile Home Installers_13880_13890": {"llm_label": "TASK_1", "label_logprob": -0.160832, "p_task_1": 0.8514351001892037, "uncertainty": 0.42021166366590074}, "Manufactured Building and Mobile Home Installers_13880_13891": {"llm_label": "TASK_2", "label_logprob": 0.0, "p_task_1": 0.0, "uncertainty": 0.0}, "Manufactured Building and Mobile Home Installers_13881_13882": {"llm_label": "TASK_2", "label_logprob": 0.0, "p_task_1": 0.0, "uncertainty": 0.0}, "Manufactured Building and Mobile Home Installers_13881_13883": {"llm_label": "TASK_2", "label_logprob": -0.252269, "p_task_1": 0.22296431264701255, "uncertainty": 0.5306342706341993}, "Manufactured Building and Mobile Home Installers_13881_13884": {"llm_label": "TASK_1", "label_logprob": -9.6e-05, "p_task_1": 0.9999040046078526, "uncertainty": 0.0009840643513757887}, "Manufactured Building and Mobile Home Installers_13881_13885": {"llm_label": "TASK_2", "label_logprob": -0.000335, "p_task_1": 0.00033494389376531597, "uncertainty": 0.0030149572767826744}, "Manufactured Building and Mobile Home Installers_13881_13886": {"llm_label": "TASK_1", "label_logprob": -0.001195, "p_task_1": 0.99880571372817, "uncertainty": 0.009231366098158836}, "Manufactured Building and Mobile Home Installers_13881_13887": {"llm_label": "TASK_2", "label_logprob": -2.9e-05, "p_task_1": 2.8999579504085382e-05, "uncertainty": 0.000331993413184829}, "Manufactured Building and Mobile Home Installers_13881_13888": {"llm_label": "TASK_2", "label_logprob": -0.0022, "p_task_1": 0.002197581773691004, "uncertainty": 0.01564523979060989}, "Manufactured Building and Mobile Home Installers_13881_13889": {"llm_label": "TASK_2", "label_logprob": -0.03713, "p_task_1": 0.03644913440583142, "uncertainty": 0.15649025629489793},