{"Wind Turbine Service Technicians_17805_17806": {"llm_label": "CANNOT_DECIDE", "label_logprob": -0.503676, "p_task_1": 0.5, "uncertainty": 0.6931471805599453}, "Wind Turbine Service Technicians_17805_17807": {"llm_label": "TASK_1", "label_logprob": -0.009365, "p_task_1": 0.9906787150422777, "uncertainty": 0.05285895255960869}, "Wind Turbine Service Technicians_17805_17808": {"llm_label": "TASK_1", "label_logprob": -0.144292, "p_task_1": 0.8656349457477055, "uncertainty": 0.39460104891703546}, "Wind Turbine Service Technicians_17805_17809": {"llm_label": "TASK_2", "label_logprob": -0.021527, "p_task_1": 0.02129694787000036, "uncertainty": 0.10304457151249954}, "Wind Turbine Service Technicians_17805_17810": {"llm_label": "TASK_1", "label_logprob": 0.0, "p_task_1": 1.0, "uncertainty": 0.0}, "Wind Turbine Service Technicians_17805_17811": {"llm_label": "TASK_1", "label_logprob": -1e-06, "p_task_1": 0.9999990000005, "uncertainty": 1.4815503149992376e-05}, "Wind Turbine Service Technicians_17805_17812": {"llm_label": "TASK_1", "label_logprob": -0.399238, "p_task_1": 0.6708310245688149, "uncertainty": 0.6335885541223845}, "Wind Turbine Service Technicians_17805_17813": {"llm_label": "TASK_2", "label_logprob": -0.01885, "p_task_1": 0.018673449814037846, "uncertainty": 0.09283052127780558}, "Wind Turbine Service Technicians_17805_17814": {"llm_label": "TASK_1", "label_logprob": -0.000806, "p_task_1": 0.9991943247307498, "uncertainty": 0.0065448441085865505}, "Wind Turbine Service Technicians_17805_17815": {"llm_label": "TASK_1", "label_logprob": -3e-06, "p_task_1": 0.9999970000045, "uncertainty": 4.1150633082097105e-05}, "Wind Turbine Service Technicians_17805_17817": {"llm_label": "TASK_1", "label_logprob": -0.456017, "p_task_1": 0.6338030623549039, "uncertainty": 0.6569005588976577}, "Wind Turbine Service Technicians_17806_17807": {"llm_label": "TASK_1", "label_logprob": -0.016632, "p_task_1": 0.9835055480896472, "uncertainty": 0.08406295570000849}, "Wind Turbine Service Technicians_17806_17808": {"llm_label": "TASK_1", "label_logprob": -0.334073, "p_task_1": 0.7160015122089848, "uncertainty": 0.5966901974462955}, "Wind Turbine Service Technicians_17806_17809": {"llm_label": "TASK_2", "label_logprob": -0.394403, "p_task_1": 0.3259176536909921, "uncertainty": 0.6312498116511069}, "Wind Turbine Service Technicians_17806_17810": {"llm_label": "TASK_1", "label_logprob": 0.0, "p_task_1": 1.0, "uncertainty": 0.0}, "Wind Turbine Service Technicians_17806_17811": {"llm_label": "TASK_1", "label_logprob": -2.4e-05, "p_task_1": 0.9999760002879977, "uncertainty": 0.0002792956099024647}, "Wind Turbine Service Technicians_17806_17812": {"llm_label": "CANNOT_DECIDE", "label_logprob": -0.083748, "p_task_1": 0.5, "uncertainty": 0.6931471805599453}, "Wind Turbine Service Technicians_17806_17813": {"llm_label": "TASK_2", "label_logprob": -0.006724, "p_task_1": 0.006701444494720432, "uncertainty": 0.040222565410866336}, "Wind Turbine Service Technicians_17806_17814": {"llm_label": "TASK_1", "label_logprob": -0.029807, "p_task_1": 0.9706328476117086, "uncertainty": 0.13253539865729025}, "Wind Turbine Service Technicians_17806_17815": {"llm_label": "TASK_1", "label_logprob": -2e-06, "p_task_1": 0.999998000002, "uncertainty": 2.8244698509961958e-05}, "Wind Turbine Service Technicians_17806_17817": {"llm_label": "TASK_2", "label_logprob": -0.038919, "p_task_1": 0.03817138589108404, "uncertainty": 0.16208852341290356}, "Wind Turbine Service Technicians_17807_17808": {"llm_label": "TASK_2", "label_logprob": -0.001901, "p_task_1": 0.0018991942439287035, "uncertainty": 0.013798359075185186}, "Wind Turbine Service Technicians_17807_17809": {"llm_label": "TASK_2", "label_logprob": -0.000304, "p_task_1": 0.0003039537966820216, "uncertainty": 0.0027655184094675634}, "Wind Turbine Service Technicians_17807_17810": {"llm_label": "TASK_1", "label_logprob": -5e-06, "p_task_1": 0.9999950000125, "uncertainty": 6.603019815215604e-05}, "Wind Turbine Service Technicians_17807_17811": {"llm_label": "TASK_1", "label_logprob": -0.000885, "p_task_1": 0.9991153914969999, "uncertainty": 0.007103338116105157}, "Wind Turbine Service Technicians_17807_17812": {"llm_label": "TASK_2", "label_logprob": -0.022231, "p_task_1": 0.021985712345157782, "uncertainty": 0.10566966893145291}, "Wind Turbine Service Technicians_17807_17813": {"llm_label": "TASK_2", "label_logprob": -0.001506, "p_task_1": 0.0015048665510627446, "uncertainty": 0.011283938217447548}, "Wind Turbine Service Technicians_17807_17814": {"llm_label": "TASK_1", "label_logprob": -0.051873, "p_task_1": 0.9494494392651653, "uncertainty": 0.20013315616130936}, "Wind Turbine Service Technicians_17807_17815": {"llm_label": "TASK_1", "label_logprob": -0.000124, "p_task_1": 0.9998760076876823, "uncertainty": 0.0012393315549874347}, "Wind Turbine Service Technicians_17807_17817": {"llm_label": "TASK_2", "label_logprob": -0.007622, "p_task_1": 0.007593026217456056, "uncertainty": 0.044622080658657554}, "Wind Turbine Service Technicians_17808_17809": {"llm_label": "TASK_2", "label_logprob": -6.1e-05, "p_task_1": 6.099813953786004e-05, "uncertainty": 0.0006529629227593847}, "Wind Turbine Service Technicians_17808_17810": {"llm_label": "TASK_1", "label_logprob": -1e-06, "p_task_1": 0.9999990000005, "uncertainty": 1.4815503149992376e-05}, "Wind Turbine Service Technicians_17808_17811": {"llm_label": "TASK_1", "label_logprob": -2.7e-05, "p_task_1": 0.9999730003644968, "uncertainty": 0.00031102699079997}, "Wind Turbine Service Technicians_17808_17812": {"llm_label": "TASK_2", "label_logprob": -0.002842, "p_task_1": 0.0028379653410719463, "uncertainty": 0.01947765877583041}, "Wind Turbine Service Technicians_17808_17813": {"llm_label": "TASK_2", "label_logprob": -6.3e-05, "p_task_1": 6.299801554165985e-05, "uncertainty": 0.0006723384985142869}, "Wind Turbine Service Technicians_17808_17814": {"llm_label": "TASK_1", "label_logprob": -0.015817, "p_task_1": 0.9843074318345804, "uncertainty": 0.08076463287705146}, "Wind Turbine Service Technicians_17808_17815": {"llm_label": "TASK_1", "label_logprob": -5.1e-05, "p_task_1": 0.9999490013004779, "uncertainty": 0.0005550537772008165}, "Wind Turbine Service Technicians_17808_17817": {"llm_label": "TASK_2", "label_logprob": -0.010441, "p_task_1": 0.010386681968725053, "uncertainty": 0.05777092721339837}, "Wind Turbine Service Technicians_17809_17810": {"llm_label": "TASK_1", "label_logprob": 0.0, "p_task_1": 1.0, "uncertainty": 0.0}, "Wind Turbine Service Technicians_17809_17811": {"llm_label": "TASK_1", "label_logprob": -3.6e-05, "p_task_1": 0.9999640006479922, "uncertainty": 0.0004043444200614643}, "Wind Turbine Service Technicians_17809_17812": {"llm_label": "TASK_1", "label_logprob": -0.001677, "p_task_1": 0.9983244053787835, "uncertainty": 0.012383899125922906}, "Wind Turbine Service Technicians_17809_17813": {"llm_label": "TASK_2", "label_logprob": -0.001579, "p_task_1": 0.0015777540353789643, "uncertainty": 0.011755787962452906}, "Wind Turbine Service Technicians_17809_17814": {"llm_label": "TASK_1", "label_logprob": -0.000452, "p_task_1": 0.9995481021366108, "uncertainty": 0.003932337655503984}, "Wind Turbine Service Technicians_17809_17815": {"llm_label": "TASK_1", "label_logprob": -3e-06, "p_task_1": 0.9999970000045, "uncertainty": 4.1150633082097105e-05}, "Wind Turbine Service Technicians_17809_17817": {"llm_label": "TASK_2", "label_logprob": -0.390661, "p_task_1": 0.3233905122182794, "uncertainty": 0.6293987646377539}, "Wind Turbine Service Technicians_17810_17811": {"llm_label": "TASK_2", "label_logprob": -3.1e-05, "p_task_1": 3.0999519504915085e-05, "uncertainty": 0.0003528217551931141}, "Wind Turbine Service Technicians_17810_17812": {"llm_label": "TASK_2", "label_logprob": 0.0, "p_task_1": 0.0, "uncertainty": 0.0}, "Wind Turbine Service Technicians_17810_17813": {"llm_label": "TASK_2", "label_logprob": -3e-06, "p_task_1": 2.9999955000192813e-06, "uncertainty": 4.1150633082097105e-05},