{"Electromechanical Equipment Assemblers_13944_13945": {"llm_label": "TASK_2", "label_logprob": -8e-06, "p_task_1": 7.999968000049762e-06, "uncertainty": 0.00010188814457675767}, "Electromechanical Equipment Assemblers_13944_13946": {"llm_label": "TASK_1", "label_logprob": -0.095987, "p_task_1": 0.9084758261776806, "uncertainty": 0.3060500938479803}, "Electromechanical Equipment Assemblers_13944_13947": {"llm_label": "TASK_1", "label_logprob": -0.009112, "p_task_1": 0.9909293884660343, "uncertainty": 0.05168585488940393}, "Electromechanical Equipment Assemblers_13944_13948": {"llm_label": "TASK_1", "label_logprob": -1e-06, "p_task_1": 0.9999990000005, "uncertainty": 1.4815503149992376e-05}, "Electromechanical Equipment Assemblers_13944_13949": {"llm_label": "TASK_1", "label_logprob": -0.010678, "p_task_1": 0.9893788074655013, "uncertainty": 0.058836887108203395}, "Electromechanical Equipment Assemblers_13944_13950": {"llm_label": "CANNOT_DECIDE", "label_logprob": -0.93659, "p_task_1": 0.5, "uncertainty": 0.6931471805599453}, "Electromechanical Equipment Assemblers_13944_13951": {"llm_label": "TASK_1", "label_logprob": -5e-06, "p_task_1": 0.9999950000125, "uncertainty": 6.603019815215604e-05}, "Electromechanical Equipment Assemblers_13944_13952": {"llm_label": "TASK_1", "label_logprob": -1e-06, "p_task_1": 0.9999990000005, "uncertainty": 1.4815503149992376e-05}, "Electromechanical Equipment Assemblers_13944_13953": {"llm_label": "TASK_1", "label_logprob": -0.015288, "p_task_1": 0.9848282682150976, "uncertainty": 0.07860014246694451}, "Electromechanical Equipment Assemblers_13944_13954": {"llm_label": "TASK_1", "label_logprob": -0.056945, "p_task_1": 0.9446460234690632, "uncertainty": 0.21398765113328555}, "Electromechanical Equipment Assemblers_13944_13955": {"llm_label": "TASK_1", "label_logprob": -1.2e-05, "p_task_1": 0.9999880000719997, "uncertainty": 0.00014796635909808146}, "Electromechanical Equipment Assemblers_13944_13956": {"llm_label": "TASK_1", "label_logprob": -0.226011, "p_task_1": 0.7977093268148178, "uncertainty": 0.5035616200712566}, "Electromechanical Equipment Assemblers_13944_13957": {"llm_label": "TASK_1", "label_logprob": -0.000172, "p_task_1": 0.9998280147911519, "uncertainty": 0.001662755765075375}, "Electromechanical Equipment Assemblers_13945_13946": {"llm_label": "TASK_1", "label_logprob": -0.004949, "p_task_1": 0.9950632261231569, "uncertainty": 0.031143987345644678}, "Electromechanical Equipment Assemblers_13945_13947": {"llm_label": "TASK_1", "label_logprob": -0.00129, "p_task_1": 0.9987108316923339, "uncertainty": 0.009866150902109955}, "Electromechanical Equipment Assemblers_13945_13948": {"llm_label": "TASK_1", "label_logprob": 0.0, "p_task_1": 1.0, "uncertainty": 0.0}, "Electromechanical Equipment Assemblers_13945_13949": {"llm_label": "TASK_1", "label_logprob": -2.8e-05, "p_task_1": 0.9999720003919963, "uncertainty": 0.0003215280679255237}, "Electromechanical Equipment Assemblers_13945_13950": {"llm_label": "CANNOT_DECIDE", "label_logprob": -0.256272, "p_task_1": 0.5, "uncertainty": 0.6931471805599453}, "Electromechanical Equipment Assemblers_13945_13951": {"llm_label": "TASK_1", "label_logprob": -2.7e-05, "p_task_1": 0.9999730003644968, "uncertainty": 0.00031102699079997}, "Electromechanical Equipment Assemblers_13945_13952": {"llm_label": "TASK_1", "label_logprob": -2e-06, "p_task_1": 0.999998000002, "uncertainty": 2.8244698509961958e-05}, "Electromechanical Equipment Assemblers_13945_13953": {"llm_label": "TASK_1", "label_logprob": -3.7e-05, "p_task_1": 0.9999630006844915, "uncertainty": 0.00041456225843036797}, "Electromechanical Equipment Assemblers_13945_13954": {"llm_label": "TASK_1", "label_logprob": -0.00056, "p_task_1": 0.9994401567707347, "uncertainty": 0.0047517107177102915}, "Electromechanical Equipment Assemblers_13945_13955": {"llm_label": "TASK_1", "label_logprob": -8e-06, "p_task_1": 0.999992000032, "uncertainty": 0.00010188814457675767}, "Electromechanical Equipment Assemblers_13945_13956": {"llm_label": "CANNOT_DECIDE", "label_logprob": -0.138249, "p_task_1": 0.5, "uncertainty": 0.6931471805599453}, "Electromechanical Equipment Assemblers_13945_13957": {"llm_label": "TASK_1", "label_logprob": -0.000928, "p_task_1": 0.9990724304588344, "uncertainty": 0.007404304254517992}, "Electromechanical Equipment Assemblers_13946_13947": {"llm_label": "EQUAL_TIME", "label_logprob": -0.056912, "p_task_1": 0.5, "uncertainty": 0.6931471805599453}, "Electromechanical Equipment Assemblers_13946_13948": {"llm_label": "TASK_1", "label_logprob": -1e-06, "p_task_1": 0.9999990000005, "uncertainty": 1.4815503149992376e-05}, "Electromechanical Equipment Assemblers_13946_13949": {"llm_label": "TASK_1", "label_logprob": -0.380805, "p_task_1": 0.6833111222981395, "uncertainty": 0.6243483886736256}, "Electromechanical Equipment Assemblers_13946_13950": {"llm_label": "TASK_2", "label_logprob": -0.001507, "p_task_1": 0.0015058650456969414, "uncertainty": 0.011290425649638714}, "Electromechanical Equipment Assemblers_13946_13951": {"llm_label": "TASK_1", "label_logprob": -0.062142, "p_task_1": 0.9397494328966154, "uncertainty": 0.22765641086306124}, "Electromechanical Equipment Assemblers_13946_13952": {"llm_label": "TASK_1", "label_logprob": -0.001172, "p_task_1": 0.9988286865237719, "uncertainty": 0.009076559249338652}, "Electromechanical Equipment Assemblers_13946_13953": {"llm_label": "TASK_2", "label_logprob": -0.023545, "p_task_1": 0.02326997917104745, "uncertainty": 0.11050598716001683}, "Electromechanical Equipment Assemblers_13946_13954": {"llm_label": "TASK_2", "label_logprob": -0.00059, "p_task_1": 0.0005898259842247455, "uncertainty": 0.004975411050396976}, "Electromechanical Equipment Assemblers_13946_13955": {"llm_label": "TASK_1", "label_logprob": -3e-05, "p_task_1": 0.9999700004499955, "uncertainty": 0.00034242425890051087}, "Electromechanical Equipment Assemblers_13946_13956": {"llm_label": "TASK_2", "label_logprob": -0.743879, "p_task_1": 0.5247332245130717, "uncertainty": 0.6919232163259488}, "Electromechanical Equipment Assemblers_13946_13957": {"llm_label": "TASK_1", "label_logprob": -0.005514, "p_task_1": 0.9945011741950187, "uncertainty": 0.03409528372615112}, "Electromechanical Equipment Assemblers_13947_13948": {"llm_label": "TASK_1", "label_logprob": -1e-06, "p_task_1": 0.9999990000005, "uncertainty": 1.4815503149992376e-05}, "Electromechanical Equipment Assemblers_13947_13949": {"llm_label": "TASK_2", "label_logprob": -0.079421, "p_task_1": 0.07634901448571496, "uncertainty": 0.2697605555973459}, "Electromechanical Equipment Assemblers_13947_13950": {"llm_label": "TASK_2", "label_logprob": -1.7e-05, "p_task_1": 1.6999855500854366e-05, "uncertainty": 0.000203697321204896}, "Electromechanical Equipment Assemblers_13947_13951": {"llm_label": "TASK_1", "label_logprob": -0.023545, "p_task_1": 0.9767300208289525, "uncertainty": 0.11050598716001683}, "Electromechanical Equipment Assemblers_13947_13952": {"llm_label": "TASK_1", "label_logprob": -0.001343, "p_task_1": 0.9986579014209187, "uncertainty": 0.010217194411611376}, "Electromechanical Equipment Assemblers_13947_13953": {"llm_label": "TASK_2", "label_logprob": -0.011164, "p_task_1": 0.011101913810194874, "uncertainty": 0.06100575084981097}, "Electromechanical Equipment Assemblers_13947_13954": {"llm_label": "TASK_2", "label_logprob": -0.011314, "p_task_1": 0.011250237398576113, "uncertainty": 0.06167064815354324}, "Electromechanical Equipment Assemblers_13947_13955": {"llm_label": "TASK_1", "label_logprob": -0.013827, "p_task_1": 0.9862681538953271, "uncertainty": 0.0725198023224556}, "Electromechanical Equipment Assemblers_13947_13956": {"llm_label": "TASK_2", "label_logprob": -0.287152, "p_task_1": 0.24960234027624306, "uncertainty": 0.5618978489217032}, "Electromechanical Equipment Assemblers_13947_13957": {"llm_label": "TASK_1", "label_logprob": -0.150203, "p_task_1": 0.860533270439101, "uncertainty": 0.4039942623593862},