{"Team Assemblers_8468_8469": {"llm_label": "TASK_2", "label_logprob": -0.42049, "p_task_1": 0.34327505426106375, "uncertainty": 0.6431839401205267}, "Team Assemblers_8468_8472": {"llm_label": "CANNOT_DECIDE", "label_logprob": -0.008912, "p_task_1": 0.5, "uncertainty": 0.6931471805599453}, "Team Assemblers_8468_20157": {"llm_label": "CANNOT_DECIDE", "label_logprob": -0.233551, "p_task_1": 0.5, "uncertainty": 0.6931471805599453}, "Team Assemblers_8468_20158": {"llm_label": "CANNOT_DECIDE", "label_logprob": -0.050481, "p_task_1": 0.5, "uncertainty": 0.6931471805599453}, "Team Assemblers_8468_20159": {"llm_label": "TASK_1", "label_logprob": -0.047429, "p_task_1": 0.9536781818798509, "uncertainty": 0.18753921449316702}, "Team Assemblers_8468_20160": {"llm_label": "TASK_1", "label_logprob": -0.669199, "p_task_1": 0.5121186205575556, "uncertainty": 0.692853429867226}, "Team Assemblers_8468_20161": {"llm_label": "TASK_1", "label_logprob": -0.009179, "p_task_1": 0.9908629984210984, "uncertainty": 0.05199721884687801}, "Team Assemblers_8468_20162": {"llm_label": "TASK_2", "label_logprob": -0.029949, "p_task_1": 0.029504972467194968, "uncertainty": 0.1330171704715623}, "Team Assemblers_8468_20163": {"llm_label": "CANNOT_DECIDE", "label_logprob": -0.252365, "p_task_1": 0.5, "uncertainty": 0.6931471805599453}, "Team Assemblers_8468_20164": {"llm_label": "CANNOT_DECIDE", "label_logprob": -0.00562, "p_task_1": 0.5, "uncertainty": 0.6931471805599453}, "Team Assemblers_8469_8472": {"llm_label": "TASK_2", "label_logprob": -0.019569, "p_task_1": 0.0193787700106256, "uncertainty": 0.09561145129351706}, "Team Assemblers_8469_20157": {"llm_label": "TASK_2", "label_logprob": -0.440036, "p_task_1": 0.35598676381068706, "uncertainty": 0.6510741128161195}, "Team Assemblers_8469_20158": {"llm_label": "TASK_2", "label_logprob": -0.014374, "p_task_1": 0.01427118726159926, "uncertainty": 0.07481445676900669}, "Team Assemblers_8469_20159": {"llm_label": "TASK_1", "label_logprob": -0.316361, "p_task_1": 0.7287963072062755, "uncertainty": 0.584452388101825}, "Team Assemblers_8469_20160": {"llm_label": "TASK_2", "label_logprob": -6.9e-05, "p_task_1": 6.89976195547004e-05, "uncertainty": 0.0007300916912425196}, "Team Assemblers_8469_20161": {"llm_label": "TASK_2", "label_logprob": -0.042834, "p_task_1": 0.04192958344338471, "uncertainty": 0.17402871694967054}, "Team Assemblers_8469_20162": {"llm_label": "TASK_2", "label_logprob": -7.5e-05, "p_task_1": 7.49971875703137e-05, "uncertainty": 0.0007873221583997021}, "Team Assemblers_8469_20163": {"llm_label": "TASK_2", "label_logprob": -0.000205, "p_task_1": 0.00020497898893578892, "uncertainty": 0.0019457631714790353}, "Team Assemblers_8469_20164": {"llm_label": "TASK_2", "label_logprob": -0.106316, "p_task_1": 0.10085952521112385, "uncertainty": 0.32696744936431354}, "Team Assemblers_8472_20157": {"llm_label": "CANNOT_DECIDE", "label_logprob": -0.004122, "p_task_1": 0.5, "uncertainty": 0.6931471805599453}, "Team Assemblers_8472_20158": {"llm_label": "CANNOT_DECIDE", "label_logprob": -0.083737, "p_task_1": 0.5, "uncertainty": 0.6931471805599453}, "Team Assemblers_8472_20159": {"llm_label": "TASK_1", "label_logprob": -0.131422, "p_task_1": 0.8768476665884894, "uncertainty": 0.37315909540647973}, "Team Assemblers_8472_20160": {"llm_label": "TASK_1", "label_logprob": -0.014286, "p_task_1": 0.9858155606907756, "uncertainty": 0.07444679915984265}, "Team Assemblers_8472_20161": {"llm_label": "TASK_1", "label_logprob": -0.011717, "p_task_1": 0.9883513767272409, "uncertainty": 0.06344679192204614}, "Team Assemblers_8472_20162": {"llm_label": "TASK_2", "label_logprob": -0.00533, "p_task_1": 0.005315820752980871, "uncertainty": 0.033140980674930494}, "Team Assemblers_8472_20163": {"llm_label": "TASK_2", "label_logprob": -0.001192, "p_task_1": 0.0011912898501942326, "uncertainty": 0.009211199375810662}, "Team Assemblers_8472_20164": {"llm_label": "CANNOT_DECIDE", "label_logprob": -0.048999, "p_task_1": 0.5, "uncertainty": 0.6931471805599453}, "Team Assemblers_20157_20158": {"llm_label": "CANNOT_DECIDE", "label_logprob": -0.096177, "p_task_1": 0.5, "uncertainty": 0.6931471805599453}, "Team Assemblers_20157_20159": {"llm_label": "CANNOT_DECIDE", "label_logprob": -0.950808, "p_task_1": 0.5, "uncertainty": 0.6931471805599453}, "Team Assemblers_20157_20160": {"llm_label": "TASK_2", "label_logprob": -0.030766, "p_task_1": 0.03029754309550159, "uncertainty": 0.1357749410270945}, "Team Assemblers_20157_20161": {"llm_label": "TASK_2", "label_logprob": -0.050946, "p_task_1": 0.049670013033833116, "uncertainty": 0.19754246823801563}, "Team Assemblers_20157_20162": {"llm_label": "TASK_2", "label_logprob": -5.9e-05, "p_task_1": 5.8998259534259745e-05, "uncertainty": 0.0006335217246636567}, "Team Assemblers_20157_20163": {"llm_label": "TASK_2", "label_logprob": -0.001933, "p_task_1": 0.00193113295869074, "uncertainty": 0.013998169170008824}, "Team Assemblers_20157_20164": {"llm_label": "CANNOT_DECIDE", "label_logprob": -0.011263, "p_task_1": 0.5, "uncertainty": 0.6931471805599453}, "Team Assemblers_20158_20159": {"llm_label": "EQUAL_TIME", "label_logprob": -0.061639, "p_task_1": 0.5, "uncertainty": 0.6931471805599453}, "Team Assemblers_20158_20160": {"llm_label": "TASK_1", "label_logprob": -0.168641, "p_task_1": 0.8448121365094388, "uncertainty": 0.4316034009126556}, "Team Assemblers_20158_20161": {"llm_label": "TASK_1", "label_logprob": -0.004264, "p_task_1": 0.9957450779406369, "uncertainty": 0.027476364922494965}, "Team Assemblers_20158_20162": {"llm_label": "TASK_2", "label_logprob": -9.6e-05, "p_task_1": 9.599539214744102e-05, "uncertainty": 0.0009840643513757887}, "Team Assemblers_20158_20163": {"llm_label": "TASK_2", "label_logprob": -0.000124, "p_task_1": 0.00012399231231774444, "uncertainty": 0.0012393315549874347}, "Team Assemblers_20158_20164": {"llm_label": "TASK_1", "label_logprob": -0.448839, "p_task_1": 0.6383688678083502, "uncertainty": 0.6543509197179833}, "Team Assemblers_20159_20160": {"llm_label": "TASK_2", "label_logprob": -0.010149, "p_task_1": 0.010097672686558257, "uncertainty": 0.056449871785113404}, "Team Assemblers_20159_20161": {"llm_label": "TASK_1", "label_logprob": -0.032836, "p_task_1": 0.9676972489249744, "uncertainty": 0.14265782323062054}, "Team Assemblers_20159_20162": {"llm_label": "TASK_2", "label_logprob": -2e-06, "p_task_1": 1.9999979999907325e-06, "uncertainty": 2.8244698509961958e-05}, "Team Assemblers_20159_20163": {"llm_label": "TASK_2", "label_logprob": -0.000433, "p_task_1": 0.00043290626902903195, "uncertainty": 0.003785666982707047}, "Team Assemblers_20159_20164": {"llm_label": "TASK_2", "label_logprob": -0.056586, "p_task_1": 0.055014787727764136, "uncertainty": 0.21302424931463412}, "Team Assemblers_20160_20161": {"llm_label": "TASK_1", "label_logprob": -0.000696, "p_task_1": 0.9993042421518176, "uncertainty": 0.005754029364300664}, "Team Assemblers_20160_20162": {"llm_label": "TASK_2", "label_logprob": -0.011051, "p_task_1": 0.010990162012597837, "uncertainty": 0.060503473428420454}, "Team Assemblers_20160_20163": {"llm_label": "TASK_2", "label_logprob": -0.001246, "p_task_1": 0.0012452240643053836, "uncertainty": 0.009573054634873644}, "Team Assemblers_20160_20164": {"llm_label": "TASK_2", "label_logprob": -0.032199, "p_task_1": 0.03168613155499356, "uncertainty": 0.14055534113431337}, "Team Assemblers_20161_20162": {"llm_label": "TASK_2", "label_logprob": -5e-06, "p_task_1": 4.999987500031722e-06, "uncertainty": 6.603019815215604e-05}, "Team Assemblers_20161_20163": {"llm_label": "TASK_2", "label_logprob": -0.000124, "p_task_1": 0.00012399231231774444, "uncertainty": 0.0012393315549874347}, "Team Assemblers_20161_20164": {"llm_label": "TASK_2", "label_logprob": -0.127014, "p_task_1": 0.11927865758794787, "uncertainty": 0.365485298908505}, "Team Assemblers_20162_20163": {"llm_label": "CANNOT_DECIDE", "label_logprob": -0.396517, "p_task_1": 0.5, "uncertainty": 0.6931471805599453},