{"Coil Winders, Tapers, and Finishers_11904_11905": {"llm_label": "TASK_1", "label_logprob": -1.5e-05, "p_task_1": 0.9999850001124995, "uncertainty": 0.00018161054327026476}, "Coil Winders, Tapers, and Finishers_11904_11906": {"llm_label": "TASK_1", "label_logprob": -0.001736, "p_task_1": 0.9982655059764156, "uncertainty": 0.012759236003291832}, "Coil Winders, Tapers, and Finishers_11904_11907": {"llm_label": "TASK_1", "label_logprob": -4.6e-05, "p_task_1": 0.9999540010579838, "uncertainty": 0.0005053843575021392}, "Coil Winders, Tapers, and Finishers_11904_11908": {"llm_label": "TASK_1", "label_logprob": -0.000225, "p_task_1": 0.9997750253106017, "uncertainty": 0.002114629380793929}, "Coil Winders, Tapers, and Finishers_11904_11909": {"llm_label": "TASK_1", "label_logprob": -0.001708, "p_task_1": 0.9982934578019067, "uncertainty": 0.012581366831356184}, "Coil Winders, Tapers, and Finishers_11904_11910": {"llm_label": "TASK_1", "label_logprob": -0.000162, "p_task_1": 0.9998380131212914, "uncertainty": 0.0015757944614625038}, "Coil Winders, Tapers, and Finishers_11904_11911": {"llm_label": "TASK_2", "label_logprob": -0.44171, "p_task_1": 0.3570639401199517, "uncertainty": 0.6517101612355369}, "Coil Winders, Tapers, and Finishers_11904_11912": {"llm_label": "TASK_2", "label_logprob": -0.033963, "p_task_1": 0.0333927315551954, "uncertainty": 0.14634470267758215}, "Coil Winders, Tapers, and Finishers_11904_11913": {"llm_label": "TASK_2", "label_logprob": -0.000163, "p_task_1": 0.00016298671622172467, "uncertainty": 0.0015845177966881145}, "Coil Winders, Tapers, and Finishers_11904_11914": {"llm_label": "TASK_2", "label_logprob": -0.07415, "p_task_1": 0.07146759646575485, "uncertainty": 0.257418726309083}, "Coil Winders, Tapers, and Finishers_11905_11906": {"llm_label": "TASK_2", "label_logprob": -0.001504, "p_task_1": 0.0015028695587988583, "uncertainty": 0.0112709613426276}, "Coil Winders, Tapers, and Finishers_11905_11907": {"llm_label": "TASK_2", "label_logprob": -0.004807, "p_task_1": 0.004795464866031329, "uncertainty": 0.03039213641208888}, "Coil Winders, Tapers, and Finishers_11905_11908": {"llm_label": "TASK_1", "label_logprob": -0.000755, "p_task_1": 0.9992452849407853, "uncertainty": 0.006180205267451258}, "Coil Winders, Tapers, and Finishers_11905_11909": {"llm_label": "TASK_2", "label_logprob": -2e-06, "p_task_1": 1.9999979999907325e-06, "uncertainty": 2.8244698509961958e-05}, "Coil Winders, Tapers, and Finishers_11905_11910": {"llm_label": "TASK_1", "label_logprob": -0.008625, "p_task_1": 0.9914120886061613, "uncertainty": 0.049407056494236656}, "Coil Winders, Tapers, and Finishers_11905_11911": {"llm_label": "TASK_2", "label_logprob": -2.4e-05, "p_task_1": 2.3999712002287232e-05, "uncertainty": 0.0002792956099024647}, "Coil Winders, Tapers, and Finishers_11905_11912": {"llm_label": "TASK_2", "label_logprob": -7.9e-05, "p_task_1": 7.89968795821272e-05, "uncertainty": 0.000825206357674103}, "Coil Winders, Tapers, and Finishers_11905_11913": {"llm_label": "TASK_2", "label_logprob": 0.0, "p_task_1": 0.0, "uncertainty": 0.0}, "Coil Winders, Tapers, and Finishers_11905_11914": {"llm_label": "TASK_2", "label_logprob": 0.0, "p_task_1": 0.0, "uncertainty": 0.0}, "Coil Winders, Tapers, and Finishers_11906_11907": {"llm_label": "EQUAL_TIME", "label_logprob": -0.031266, "p_task_1": 0.5, "uncertainty": 0.6931471805599453}, "Coil Winders, Tapers, and Finishers_11906_11908": {"llm_label": "TASK_1", "label_logprob": -0.000113, "p_task_1": 0.9998870063842595, "uncertainty": 0.001139893464401802}, "Coil Winders, Tapers, and Finishers_11906_11909": {"llm_label": "TASK_2", "label_logprob": -0.10041, "p_task_1": 0.09553348926424288, "uncertainty": 0.31515671357359165}, "Coil Winders, Tapers, and Finishers_11906_11910": {"llm_label": "EQUAL_TIME", "label_logprob": -0.059148, "p_task_1": 0.5, "uncertainty": 0.6931471805599453}, "Coil Winders, Tapers, and Finishers_11906_11911": {"llm_label": "TASK_2", "label_logprob": -7e-06, "p_task_1": 6.999975500021627e-06, "uncertainty": 9.008688755748087e-05}, "Coil Winders, Tapers, and Finishers_11906_11912": {"llm_label": "TASK_2", "label_logprob": -0.00318, "p_task_1": 0.0031749491553138, "uncertainty": 0.021433683302643666}, "Coil Winders, Tapers, and Finishers_11906_11913": {"llm_label": "TASK_2", "label_logprob": 0.0, "p_task_1": 0.0, "uncertainty": 0.0}, "Coil Winders, Tapers, and Finishers_11906_11914": {"llm_label": "TASK_2", "label_logprob": 0.0, "p_task_1": 0.0, "uncertainty": 0.0}, "Coil Winders, Tapers, and Finishers_11907_11908": {"llm_label": "TASK_1", "label_logprob": -5.2e-05, "p_task_1": 0.9999480013519766, "uncertainty": 0.000564927187419359}, "Coil Winders, Tapers, and Finishers_11907_11909": {"llm_label": "TASK_2", "label_logprob": -0.00704, "p_task_1": 0.007015277250073226, "uncertainty": 0.04178403779753684}, "Coil Winders, Tapers, and Finishers_11907_11910": {"llm_label": "EQUAL_TIME", "label_logprob": -0.130522, "p_task_1": 0.5, "uncertainty": 0.6931471805599453}, "Coil Winders, Tapers, and Finishers_11907_11911": {"llm_label": "TASK_2", "label_logprob": -3.4e-05, "p_task_1": 3.39994220065476e-05, "uncertainty": 0.00038382457608067405}, "Coil Winders, Tapers, and Finishers_11907_11912": {"llm_label": "TASK_2", "label_logprob": -0.004768, "p_task_1": 0.004756651132298173, "uncertainty": 0.0301848961083832}, "Coil Winders, Tapers, and Finishers_11907_11913": {"llm_label": "TASK_2", "label_logprob": 0.0, "p_task_1": 0.0, "uncertainty": 0.0}, "Coil Winders, Tapers, and Finishers_11907_11914": {"llm_label": "TASK_2", "label_logprob": -1e-06, "p_task_1": 9.999994999843054e-07, "uncertainty": 1.4815503149992376e-05}, "Coil Winders, Tapers, and Finishers_11908_11909": {"llm_label": "TASK_2", "label_logprob": -5.3e-05, "p_task_1": 5.2998595524766934e-05, "uncertainty": 0.0005747813563191094}, "Coil Winders, Tapers, and Finishers_11908_11910": {"llm_label": "TASK_1", "label_logprob": -0.489328, "p_task_1": 0.613038217478437, "uncertainty": 0.6673696362159782}, "Coil Winders, Tapers, and Finishers_11908_11911": {"llm_label": "TASK_2", "label_logprob": 0.0, "p_task_1": 0.0, "uncertainty": 0.0}, "Coil Winders, Tapers, and Finishers_11908_11912": {"llm_label": "TASK_2", "label_logprob": -0.00072, "p_task_1": 0.0007197408621968382, "uncertainty": 0.005927972418480192}, "Coil Winders, Tapers, and Finishers_11908_11913": {"llm_label": "TASK_2", "label_logprob": 0.0, "p_task_1": 0.0, "uncertainty": 0.0}, "Coil Winders, Tapers, and Finishers_11908_11914": {"llm_label": "TASK_2", "label_logprob": 0.0, "p_task_1": 0.0, "uncertainty": 0.0}, "Coil Winders, Tapers, and Finishers_11909_11910": {"llm_label": "TASK_1", "label_logprob": -0.000681, "p_task_1": 0.9993192318278721, "uncertainty": 0.005644894467921978}, "Coil Winders, Tapers, and Finishers_11909_11911": {"llm_label": "TASK_2", "label_logprob": -0.000352, "p_task_1": 0.00035193805526834154, "uncertainty": 0.003150507022643707}, "Coil Winders, Tapers, and Finishers_11909_11912": {"llm_label": "TASK_2", "label_logprob": -0.00092, "p_task_1": 0.000919576929751531, "uncertainty": 0.007348465157049141}, "Coil Winders, Tapers, and Finishers_11909_11913": {"llm_label": "TASK_2", "label_logprob": 0.0, "p_task_1": 0.0, "uncertainty": 0.0}, "Coil Winders, Tapers, and Finishers_11909_11914": {"llm_label": "TASK_2", "label_logprob": -1e-06, "p_task_1": 9.999994999843054e-07, "uncertainty": 1.4815503149992376e-05}, "Coil Winders, Tapers, and Finishers_11910_11911": {"llm_label": "TASK_2", "label_logprob": 0.0, "p_task_1": 0.0, "uncertainty": 0.0}, "Coil Winders, Tapers, and Finishers_11910_11912": {"llm_label": "TASK_2", "label_logprob": -3.4e-05, "p_task_1": 3.39994220065476e-05, "uncertainty": 0.00038382457608067405}, "Coil Winders, Tapers, and Finishers_11910_11913": {"llm_label": "TASK_2", "label_logprob": 0.0, "p_task_1": 0.0, "uncertainty": 0.0}, "Coil Winders, Tapers, and Finishers_11910_11914": {"llm_label": "TASK_2", "label_logprob": 0.0, "p_task_1": 0.0,