{"Meat, Poultry, and Fish Cutters and Trimmers_8795_8796": {"llm_label": "EQUAL_TIME", "label_logprob": -0.216355, "p_task_1": 0.5, "uncertainty": 0.6931471805599453}, "Meat, Poultry, and Fish Cutters and Trimmers_8795_8797": {"llm_label": "EQUAL_TIME", "label_logprob": -5.8e-05, "p_task_1": 0.5, "uncertainty": 0.6931471805599453}, "Meat, Poultry, and Fish Cutters and Trimmers_8795_8798": {"llm_label": "EQUAL_TIME", "label_logprob": -0.07909, "p_task_1": 0.5, "uncertainty": 0.6931471805599453}, "Meat, Poultry, and Fish Cutters and Trimmers_8795_8799": {"llm_label": "EQUAL_TIME", "label_logprob": -0.104008, "p_task_1": 0.5, "uncertainty": 0.6931471805599453}, "Meat, Poultry, and Fish Cutters and Trimmers_8795_8800": {"llm_label": "CANNOT_DECIDE", "label_logprob": -0.084755, "p_task_1": 0.5, "uncertainty": 0.6931471805599453}, "Meat, Poultry, and Fish Cutters and Trimmers_8795_8801": {"llm_label": "TASK_2", "label_logprob": -0.002083, "p_task_1": 0.0020808320610334885, "uncertainty": 0.014927777459950409}, "Meat, Poultry, and Fish Cutters and Trimmers_8795_8802": {"llm_label": "TASK_1", "label_logprob": -7.2e-05, "p_task_1": 0.9999280025919378, "uncertainty": 0.0007587694835904218}, "Meat, Poultry, and Fish Cutters and Trimmers_8795_8803": {"llm_label": "TASK_1", "label_logprob": -0.002566, "p_task_1": 0.9974372893638959, "uncertainty": 0.017850323339542742}, "Meat, Poultry, and Fish Cutters and Trimmers_8795_8804": {"llm_label": "TASK_1", "label_logprob": -0.000186, "p_task_1": 0.9998140172969275, "uncertainty": 0.00178353020928775}, "Meat, Poultry, and Fish Cutters and Trimmers_8795_8805": {"llm_label": "TASK_1", "label_logprob": -0.475374, "p_task_1": 0.6216525149418776, "uncertainty": 0.6632493421131638}, "Meat, Poultry, and Fish Cutters and Trimmers_8795_8807": {"llm_label": "TASK_2", "label_logprob": -0.00012, "p_task_1": 0.00011999280028796022, "uncertainty": 0.0012032900590460954}, "Meat, Poultry, and Fish Cutters and Trimmers_8796_8797": {"llm_label": "EQUAL_TIME", "label_logprob": -0.724955, "p_task_1": 0.5, "uncertainty": 0.6931471805599453}, "Meat, Poultry, and Fish Cutters and Trimmers_8796_8798": {"llm_label": "TASK_1", "label_logprob": -0.008325, "p_task_1": 0.9917095568507488, "uncertainty": 0.0479891898019879}, "Meat, Poultry, and Fish Cutters and Trimmers_8796_8799": {"llm_label": "TASK_1", "label_logprob": -0.003233, "p_task_1": 0.9967722205170074, "uncertainty": 0.02173698131878954}, "Meat, Poultry, and Fish Cutters and Trimmers_8796_8800": {"llm_label": "CANNOT_DECIDE", "label_logprob": -0.254829, "p_task_1": 0.5, "uncertainty": 0.6931471805599453}, "Meat, Poultry, and Fish Cutters and Trimmers_8796_8801": {"llm_label": "TASK_2", "label_logprob": -0.008314, "p_task_1": 0.008279534284127199, "uncertainty": 0.04793699098532469}, "Meat, Poultry, and Fish Cutters and Trimmers_8796_8802": {"llm_label": "TASK_1", "label_logprob": -8e-06, "p_task_1": 0.999992000032, "uncertainty": 0.00010188814457675767}, "Meat, Poultry, and Fish Cutters and Trimmers_8796_8803": {"llm_label": "TASK_1", "label_logprob": -0.000169, "p_task_1": 0.9998310142796956, "uncertainty": 0.0016367300940866053}, "Meat, Poultry, and Fish Cutters and Trimmers_8796_8804": {"llm_label": "TASK_1", "label_logprob": -3e-06, "p_task_1": 0.9999970000045, "uncertainty": 4.1150633082097105e-05}, "Meat, Poultry, and Fish Cutters and Trimmers_8796_8805": {"llm_label": "TASK_1", "label_logprob": -0.005536, "p_task_1": 0.9944792954098539, "uncertainty": 0.034208959525557865}, "Meat, Poultry, and Fish Cutters and Trimmers_8796_8807": {"llm_label": "TASK_2", "label_logprob": -0.000106, "p_task_1": 0.00010599438219849322, "uncertainty": 0.0010760625428955946}, "Meat, Poultry, and Fish Cutters and Trimmers_8797_8798": {"llm_label": "EQUAL_TIME", "label_logprob": -0.011279, "p_task_1": 0.5, "uncertainty": 0.6931471805599453}, "Meat, Poultry, and Fish Cutters and Trimmers_8797_8799": {"llm_label": "EQUAL_TIME", "label_logprob": -0.014349, "p_task_1": 0.5, "uncertainty": 0.6931471805599453}, "Meat, Poultry, and Fish Cutters and Trimmers_8797_8800": {"llm_label": "EQUAL_TIME", "label_logprob": -0.081869, "p_task_1": 0.5, "uncertainty": 0.6931471805599453}, "Meat, Poultry, and Fish Cutters and Trimmers_8797_8801": {"llm_label": "TASK_2", "label_logprob": -0.002285, "p_task_1": 0.0022823913747811453, "uncertainty": 0.016162502252785586}, "Meat, Poultry, and Fish Cutters and Trimmers_8797_8802": {"llm_label": "TASK_1", "label_logprob": -0.000381, "p_task_1": 0.9996190725712831, "uncertainty": 0.0033798590589297077}, "Meat, Poultry, and Fish Cutters and Trimmers_8797_8803": {"llm_label": "TASK_1", "label_logprob": -0.000634, "p_task_1": 0.9993662009355334, "uncertainty": 0.0053007541506326855}, "Meat, Poultry, and Fish Cutters and Trimmers_8797_8804": {"llm_label": "TASK_1", "label_logprob": -2e-06, "p_task_1": 0.999998000002, "uncertainty": 2.8244698509961958e-05}, "Meat, Poultry, and Fish Cutters and Trimmers_8797_8805": {"llm_label": "CANNOT_DECIDE", "label_logprob": -0.269604, "p_task_1": 0.5, "uncertainty": 0.6931471805599453}, "Meat, Poultry, and Fish Cutters and Trimmers_8797_8807": {"llm_label": "TASK_2", "label_logprob": -1.4e-05, "p_task_1": 1.3999902000461084e-05, "uncertainty": 0.0001704691519101948}, "Meat, Poultry, and Fish Cutters and Trimmers_8798_8799": {"llm_label": "EQUAL_TIME", "label_logprob": -0.003518, "p_task_1": 0.5, "uncertainty": 0.6931471805599453}, "Meat, Poultry, and Fish Cutters and Trimmers_8798_8800": {"llm_label": "TASK_2", "label_logprob": -0.340434, "p_task_1": 0.2885385185340602, "uncertainty": 0.6008379034227536}, "Meat, Poultry, and Fish Cutters and Trimmers_8798_8801": {"llm_label": "TASK_2", "label_logprob": -1e-06, "p_task_1": 9.999994999843054e-07, "uncertainty": 1.4815503149992376e-05}, "Meat, Poultry, and Fish Cutters and Trimmers_8798_8802": {"llm_label": "TASK_1", "label_logprob": -0.003412, "p_task_1": 0.9965938142573715, "uncertainty": 0.022754877845520192}, "Meat, Poultry, and Fish Cutters and Trimmers_8798_8803": {"llm_label": "TASK_1", "label_logprob": -0.694841, "p_task_1": 0.4991538071312505, "uncertainty": 0.6931457484745194}, "Meat, Poultry, and Fish Cutters and Trimmers_8798_8804": {"llm_label": "TASK_1", "label_logprob": -3.5e-05, "p_task_1": 0.9999650006124928, "uncertainty": 0.00039409879060961955}, "Meat, Poultry, and Fish Cutters and Trimmers_8798_8805": {"llm_label": "TASK_2", "label_logprob": -0.019289, "p_task_1": 0.019104157622288342, "uncertainty": 0.09453187660525901}, "Meat, Poultry, and Fish Cutters and Trimmers_8798_8807": {"llm_label": "TASK_2", "label_logprob": -6e-06, "p_task_1": 5.9999820000156134e-06, "uncertainty": 7.814227210513045e-05}, "Meat, Poultry, and Fish Cutters and Trimmers_8799_8800": {"llm_label": "TASK_2", "label_logprob": -0.080202, "p_task_1": 0.07707010428318262, "uncertainty": 0.27155457017546386}, "Meat, Poultry, and Fish Cutters and Trimmers_8799_8801": {"llm_label": "TASK_2", "label_logprob": -3e-06, "p_task_1": 2.9999955000192813e-06, "uncertainty": 4.1150633082097105e-05}, "Meat, Poultry, and Fish Cutters and Trimmers_8799_8802": {"llm_label": "TASK_1", "label_logprob": -0.000225, "p_task_1": 0.9997750253106017, "uncertainty": 0.002114629380793929}, "Meat, Poultry, and Fish Cutters and Trimmers_8799_8803": {"llm_label": "EQUAL_TIME", "label_logprob": -0.053898, "p_task_1": 0.5, "uncertainty": 0.6931471805599453}, "Meat, Poultry, and Fish Cutters and Trimmers_8799_8804": {"llm_label": "TASK_1", "label_logprob": -5.6e-05, "p_task_1": 0.9999440015679707, "uncertainty": 0.000604231977919192}, "Meat, Poultry, and Fish Cutters and Trimmers_8799_8805": {"llm_label": "TASK_2", "label_logprob": -0.000558, "p_task_1": 0.0005578443469528294, "uncertainty": 0.00473674092395263}, "Meat, Poultry, and Fish Cutters and Trimmers_8799_8807": {"llm_label": "TASK_2", "label_logprob": -7e-06, "p_task_1": 6.999975500021627e-06, "uncertainty": 9.008688755748087e-05},