{"Butchers and Meat Cutters_8783_8784": {"llm_label": "TASK_2", "label_logprob": -0.214222, "p_task_1": 0.1928308264255868, "uncertainty": 0.4903017549533808}, "Butchers and Meat Cutters_8783_8785": {"llm_label": "TASK_2", "label_logprob": -3.5e-05, "p_task_1": 3.499938750717302e-05, "uncertainty": 0.00039409879060961955}, "Butchers and Meat Cutters_8783_8786": {"llm_label": "TASK_2", "label_logprob": 0.0, "p_task_1": 0.0, "uncertainty": 0.0}, "Butchers and Meat Cutters_8783_8787": {"llm_label": "TASK_2", "label_logprob": -0.002767, "p_task_1": 0.0027631753838841533, "uncertainty": 0.01903825600547486}, "Butchers and Meat Cutters_8783_8788": {"llm_label": "TASK_1", "label_logprob": -0.396513, "p_task_1": 0.6726615320444788, "uncertainty": 0.6322777371600722}, "Butchers and Meat Cutters_8783_8789": {"llm_label": "TASK_2", "label_logprob": -0.029752, "p_task_1": 0.02931376611356351, "uncertainty": 0.1323485996286685}, "Butchers and Meat Cutters_8783_8790": {"llm_label": "TASK_2", "label_logprob": -0.100396, "p_task_1": 0.09552082664445438, "uncertainty": 0.3151282487425861}, "Butchers and Meat Cutters_8783_8791": {"llm_label": "TASK_1", "label_logprob": -0.002546, "p_task_1": 0.997457238309172, "uncertainty": 0.017731267315286174}, "Butchers and Meat Cutters_8783_8792": {"llm_label": "TASK_2", "label_logprob": -0.00409, "p_task_1": 0.0040816473413380905, "uncertainty": 0.026527487323154807}, "Butchers and Meat Cutters_8783_8793": {"llm_label": "TASK_2", "label_logprob": -0.024716, "p_task_1": 0.024413060620629423, "uncertainty": 0.11474943939001098}, "Butchers and Meat Cutters_8784_8785": {"llm_label": "TASK_2", "label_logprob": -0.068202, "p_task_1": 0.06592822797895026, "uncertainty": 0.24297684784798249}, "Butchers and Meat Cutters_8784_8786": {"llm_label": "TASK_2", "label_logprob": 0.0, "p_task_1": 0.0, "uncertainty": 0.0}, "Butchers and Meat Cutters_8784_8787": {"llm_label": "TASK_2", "label_logprob": -0.001983, "p_task_1": 0.0019810351544774507, "uncertainty": 0.014309303365180926}, "Butchers and Meat Cutters_8784_8788": {"llm_label": "TASK_2", "label_logprob": -0.313266, "p_task_1": 0.2689445740399956, "uncertainty": 0.582206261532942}, "Butchers and Meat Cutters_8784_8789": {"llm_label": "TASK_2", "label_logprob": -0.386883, "p_task_1": 0.3208294467670365, "uncertainty": 0.6274930910379111}, "Butchers and Meat Cutters_8784_8790": {"llm_label": "CANNOT_DECIDE", "label_logprob": -0.498437, "p_task_1": 0.5, "uncertainty": 0.6931471805599453}, "Butchers and Meat Cutters_8784_8791": {"llm_label": "TASK_1", "label_logprob": -0.001656, "p_task_1": 0.9983453704114285, "uncertainty": 0.012249802522629614}, "Butchers and Meat Cutters_8784_8792": {"llm_label": "TASK_2", "label_logprob": -0.029801, "p_task_1": 0.02936132857373419, "uncertainty": 0.13251502594262457}, "Butchers and Meat Cutters_8784_8793": {"llm_label": "TASK_2", "label_logprob": -0.001931, "p_task_1": 0.001929136818960453, "uncertainty": 0.013985696823010124}, "Butchers and Meat Cutters_8785_8786": {"llm_label": "TASK_2", "label_logprob": -0.003307, "p_task_1": 0.003301537898215856, "uncertainty": 0.022158979125624284}, "Butchers and Meat Cutters_8785_8787": {"llm_label": "TASK_2", "label_logprob": -0.000921, "p_task_1": 0.0009205760096749893, "uncertainty": 0.0073554488589127}, "Butchers and Meat Cutters_8785_8788": {"llm_label": "TASK_1", "label_logprob": -0.937838, "p_task_1": 0.3914732863417588, "uncertainty": 0.6694025459532533}, "Butchers and Meat Cutters_8785_8789": {"llm_label": "TASK_2", "label_logprob": -0.202671, "p_task_1": 0.18345315885072933, "uncertainty": 0.47658948114995137}, "Butchers and Meat Cutters_8785_8790": {"llm_label": "TASK_2", "label_logprob": -0.040984, "p_task_1": 0.040155512663263115, "uncertainty": 0.16843806084136237}, "Butchers and Meat Cutters_8785_8791": {"llm_label": "TASK_1", "label_logprob": -0.001375, "p_task_1": 0.9986259448793806, "uncertainty": 0.010428118762009197}, "Butchers and Meat Cutters_8785_8792": {"llm_label": "TASK_2", "label_logprob": -0.609601, "p_task_1": 0.45643229067198565, "uncertainty": 0.6893460713776622}, "Butchers and Meat Cutters_8785_8793": {"llm_label": "TASK_2", "label_logprob": -0.000335, "p_task_1": 0.00033494389376531597, "uncertainty": 0.0030149572767826744}, "Butchers and Meat Cutters_8786_8787": {"llm_label": "TASK_1", "label_logprob": -0.001607, "p_task_1": 0.9983942905331119, "uncertainty": 0.011935858752671405}, "Butchers and Meat Cutters_8786_8788": {"llm_label": "TASK_1", "label_logprob": -0.000302, "p_task_1": 0.9996980455974097, "uncertainty": 0.002749320062180779}, "Butchers and Meat Cutters_8786_8789": {"llm_label": "TASK_1", "label_logprob": -0.005244, "p_task_1": 0.9947697257648819, "uncertainty": 0.03269272797575067}, "Butchers and Meat Cutters_8786_8790": {"llm_label": "TASK_1", "label_logprob": -0.482935, "p_task_1": 0.6169699251153592, "uncertainty": 0.6655280291911427}, "Butchers and Meat Cutters_8786_8791": {"llm_label": "TASK_1", "label_logprob": -1e-06, "p_task_1": 0.9999990000005, "uncertainty": 1.4815503149992376e-05}, "Butchers and Meat Cutters_8786_8792": {"llm_label": "TASK_1", "label_logprob": -0.034043, "p_task_1": 0.9665299429563898, "uncertainty": 0.14660484550059288}, "Butchers and Meat Cutters_8786_8793": {"llm_label": "TASK_2", "label_logprob": -0.002679, "p_task_1": 0.0026754146819036873, "uncertainty": 0.01852005512397639}, "Butchers and Meat Cutters_8787_8788": {"llm_label": "TASK_1", "label_logprob": -0.001561, "p_task_1": 0.9984402177267937, "uncertainty": 0.011639764062124457}, "Butchers and Meat Cutters_8787_8789": {"llm_label": "TASK_1", "label_logprob": -0.005257, "p_task_1": 0.9947567938425046, "uncertainty": 0.03276057926145068}, "Butchers and Meat Cutters_8787_8790": {"llm_label": "TASK_2", "label_logprob": -0.153184, "p_task_1": 0.14202815953189052, "uncertainty": 0.4086281689075334}, "Butchers and Meat Cutters_8787_8791": {"llm_label": "TASK_1", "label_logprob": -9e-06, "p_task_1": 0.9999910000404999, "uncertainty": 0.0001135640627863842}, "Butchers and Meat Cutters_8787_8792": {"llm_label": "TASK_1", "label_logprob": -0.080786, "p_task_1": 0.9223910620124748, "uncertainty": 0.2728903703077599}, "Butchers and Meat Cutters_8787_8793": {"llm_label": "TASK_2", "label_logprob": -0.00408, "p_task_1": 0.004071688108015503, "uncertainty": 0.026472727568199923}, "Butchers and Meat Cutters_8788_8789": {"llm_label": "TASK_2", "label_logprob": -0.000431, "p_task_1": 0.00043090713284243964, "uncertainty": 0.003770179934845539}, "Butchers and Meat Cutters_8788_8790": {"llm_label": "CANNOT_DECIDE", "label_logprob": -0.378635, "p_task_1": 0.5, "uncertainty": 0.6931471805599453}, "Butchers and Meat Cutters_8788_8791": {"llm_label": "TASK_1", "label_logprob": -0.026353, "p_task_1": 0.9739912100204356, "uncertainty": 0.12058200658315736}, "Butchers and Meat Cutters_8788_8792": {"llm_label": "TASK_2", "label_logprob": -0.001272, "p_task_1": 0.0012711913509035888, "uncertainty": 0.009746433683289344}, "Butchers and Meat Cutters_8788_8793": {"llm_label": "TASK_2", "label_logprob": -0.126944, "p_task_1": 0.1192170049361615, "uncertainty": 0.36536201997084866}, "Butchers and Meat Cutters_8789_8790": {"llm_label": "TASK_2", "label_logprob": -0.033711, "p_task_1": 0.03314911582925506, "uncertainty": 0.14552390364156084}, "Butchers and Meat Cutters_8789_8791": {"llm_label": "TASK_1", "label_logprob": -0.003125, "p_task_1": 0.9968798777302081, "uncertainty": 0.021117990337656652}, "Butchers and Meat Cutters_8789_8792": {"llm_label": "TASK_2", "label_logprob": -0.474882, "p_task_1": 0.378041556768583, "uncertainty": 0.6630972288597257}, "Butchers and Meat Cutters_8789_8793": {"llm_label": "TASK_2", "label_logprob": -0.018245, "p_task_1": 0.01807956761992624, "uncertainty": 0.09046795209077363}, "Butchers and Meat Cutters_8790_8791": {"llm_label": "TASK_2", "label_logprob": -0.206909, "p_task_1": 0.18690636185787013, "uncertainty": 0.48170593400784567},