{"Patternmakers, Metal and Plastic_12036_12037": {"llm_label": "TASK_1", "label_logprob": -0.00023, "p_task_1": 0.9997700264479723, "uncertainty": 0.0021565611737444095}, "Patternmakers, Metal and Plastic_12036_12038": {"llm_label": "TASK_1", "label_logprob": -1.1e-05, "p_task_1": 0.9999890000604997, "uncertainty": 0.0001365930168744248}, "Patternmakers, Metal and Plastic_12036_12039": {"llm_label": "TASK_1", "label_logprob": -0.392761, "p_task_1": 0.6751900987375008, "uncertainty": 0.6304420052203146}, "Patternmakers, Metal and Plastic_12036_12040": {"llm_label": "TASK_2", "label_logprob": -2.4e-05, "p_task_1": 2.3999712002287232e-05, "uncertainty": 0.0002792956099024647}, "Patternmakers, Metal and Plastic_12036_12041": {"llm_label": "TASK_1", "label_logprob": -0.020122, "p_task_1": 0.9800790963629538, "uncertainty": 0.09773112464455115}, "Patternmakers, Metal and Plastic_12036_12042": {"llm_label": "TASK_1", "label_logprob": -0.270495, "p_task_1": 0.7630017149952573, "uncertainty": 0.5475951424861013}, "Patternmakers, Metal and Plastic_12036_12043": {"llm_label": "TASK_1", "label_logprob": -0.000234, "p_task_1": 0.9997660273758646, "uncertainty": 0.002190028086824737}, "Patternmakers, Metal and Plastic_12036_12044": {"llm_label": "TASK_1", "label_logprob": -0.001144, "p_task_1": 0.998856654118539, "uncertainty": 0.008887484149780973}, "Patternmakers, Metal and Plastic_12036_12045": {"llm_label": "TASK_2", "label_logprob": -0.004349, "p_task_1": 0.004339556793960919, "uncertainty": 0.027937242702805634}, "Patternmakers, Metal and Plastic_12036_12046": {"llm_label": "TASK_1", "label_logprob": -1e-06, "p_task_1": 0.9999990000005, "uncertainty": 1.4815503149992376e-05}, "Patternmakers, Metal and Plastic_12036_12047": {"llm_label": "TASK_1", "label_logprob": -1e-06, "p_task_1": 0.9999990000005, "uncertainty": 1.4815503149992376e-05}, "Patternmakers, Metal and Plastic_12036_12048": {"llm_label": "TASK_1", "label_logprob": -4e-05, "p_task_1": 0.9999600007999894, "uncertainty": 0.00044505634297012944}, "Patternmakers, Metal and Plastic_12036_12049": {"llm_label": "TASK_1", "label_logprob": -1.3e-05, "p_task_1": 0.9999870000844996, "uncertainty": 0.00015925626043919854}, "Patternmakers, Metal and Plastic_12036_21025": {"llm_label": "TASK_1", "label_logprob": -0.554978, "p_task_1": 0.5740848909251088, "uncertainty": 0.6821295156187852}, "Patternmakers, Metal and Plastic_12037_12038": {"llm_label": "TASK_1", "label_logprob": -1.9e-05, "p_task_1": 0.9999810001804988, "uncertainty": 0.00022554821728270377}, "Patternmakers, Metal and Plastic_12037_12039": {"llm_label": "TASK_1", "label_logprob": -0.707753, "p_task_1": 0.4927501640607986, "uncertainty": 0.693042056633923}, "Patternmakers, Metal and Plastic_12037_12040": {"llm_label": "TASK_2", "label_logprob": 0.0, "p_task_1": 0.0, "uncertainty": 0.0}, "Patternmakers, Metal and Plastic_12037_12041": {"llm_label": "TASK_2", "label_logprob": -0.003187, "p_task_1": 0.003181926906247634, "uncertainty": 0.021473792685582808}, "Patternmakers, Metal and Plastic_12037_12042": {"llm_label": "TASK_1", "label_logprob": -0.459331, "p_task_1": 0.6317061155662482, "uncertainty": 0.6580414095778029}, "Patternmakers, Metal and Plastic_12037_12043": {"llm_label": "TASK_2", "label_logprob": -0.006796, "p_task_1": 0.006772959416148749, "uncertainty": 0.0405796648210739}, "Patternmakers, Metal and Plastic_12037_12044": {"llm_label": "TASK_1", "label_logprob": -0.160877, "p_task_1": 0.8513967864717602, "uncertainty": 0.42027854983604485}, "Patternmakers, Metal and Plastic_12037_12045": {"llm_label": "TASK_2", "label_logprob": 0.0, "p_task_1": 0.0, "uncertainty": 0.0}, "Patternmakers, Metal and Plastic_12037_12046": {"llm_label": "TASK_1", "label_logprob": 0.0, "p_task_1": 1.0, "uncertainty": 0.0}, "Patternmakers, Metal and Plastic_12037_12047": {"llm_label": "TASK_1", "label_logprob": -2e-06, "p_task_1": 0.999998000002, "uncertainty": 2.8244698509961958e-05}, "Patternmakers, Metal and Plastic_12037_12048": {"llm_label": "TASK_1", "label_logprob": -2.2e-05, "p_task_1": 0.9999780002419982, "uncertainty": 0.0002579354610012207}, "Patternmakers, Metal and Plastic_12037_12049": {"llm_label": "TASK_1", "label_logprob": -6e-06, "p_task_1": 0.999994000018, "uncertainty": 7.814227210513045e-05}, "Patternmakers, Metal and Plastic_12037_21025": {"llm_label": "TASK_2", "label_logprob": -8.5e-05, "p_task_1": 8.499638760239847e-05, "uncertainty": 0.0008816555697587658}, "Patternmakers, Metal and Plastic_12038_12039": {"llm_label": "TASK_2", "label_logprob": -1e-06, "p_task_1": 9.999994999843054e-07, "uncertainty": 1.4815503149992376e-05}, "Patternmakers, Metal and Plastic_12038_12040": {"llm_label": "TASK_2", "label_logprob": 0.0, "p_task_1": 0.0, "uncertainty": 0.0}, "Patternmakers, Metal and Plastic_12038_12041": {"llm_label": "TASK_2", "label_logprob": -3e-06, "p_task_1": 2.9999955000192813e-06, "uncertainty": 4.1150633082097105e-05}, "Patternmakers, Metal and Plastic_12038_12042": {"llm_label": "TASK_2", "label_logprob": 0.0, "p_task_1": 0.0, "uncertainty": 0.0}, "Patternmakers, Metal and Plastic_12038_12043": {"llm_label": "TASK_2", "label_logprob": -7e-06, "p_task_1": 6.999975500021627e-06, "uncertainty": 9.008688755748087e-05}, "Patternmakers, Metal and Plastic_12038_12044": {"llm_label": "TASK_2", "label_logprob": -0.018224, "p_task_1": 0.01805894707433131, "uncertainty": 0.09038556664291617}, "Patternmakers, Metal and Plastic_12038_12045": {"llm_label": "TASK_2", "label_logprob": 0.0, "p_task_1": 0.0, "uncertainty": 0.0}, "Patternmakers, Metal and Plastic_12038_12046": {"llm_label": "TASK_1", "label_logprob": 0.0, "p_task_1": 1.0, "uncertainty": 0.0}, "Patternmakers, Metal and Plastic_12038_12047": {"llm_label": "TASK_1", "label_logprob": -0.000176, "p_task_1": 0.9998240154870914, "uncertainty": 0.0016973753018939023}, "Patternmakers, Metal and Plastic_12038_12048": {"llm_label": "TASK_1", "label_logprob": -0.16617, "p_task_1": 0.846902248568712, "uncertainty": 0.4280450301633246}, "Patternmakers, Metal and Plastic_12038_12049": {"llm_label": "TASK_2", "label_logprob": -0.583942, "p_task_1": 0.4423044082739145, "uncertainty": 0.6864747643156557}, "Patternmakers, Metal and Plastic_12038_21025": {"llm_label": "TASK_2", "label_logprob": 0.0, "p_task_1": 0.0, "uncertainty": 0.0}, "Patternmakers, Metal and Plastic_12039_12040": {"llm_label": "TASK_2", "label_logprob": -1e-06, "p_task_1": 9.999994999843054e-07, "uncertainty": 1.4815503149992376e-05}, "Patternmakers, Metal and Plastic_12039_12041": {"llm_label": "TASK_2", "label_logprob": -0.12911, "p_task_1": 0.12112271627302929, "uncertainty": 0.3691559728020246}, "Patternmakers, Metal and Plastic_12039_12042": {"llm_label": "CANNOT_DECIDE", "label_logprob": -0.579729, "p_task_1": 0.5, "uncertainty": 0.6931471805599453}, "Patternmakers, Metal and Plastic_12039_12043": {"llm_label": "TASK_1", "label_logprob": -0.002116, "p_task_1": 0.9978862371497855, "uncertainty": 0.015130796317346373}, "Patternmakers, Metal and Plastic_12039_12044": {"llm_label": "TASK_1", "label_logprob": -0.075375, "p_task_1": 0.9273956477449904, "uncertainty": 0.26032408954497793}, "Patternmakers, Metal and Plastic_12039_12045": {"llm_label": "TASK_2", "label_logprob": -0.001519, "p_task_1": 0.0015178469034251574, "uncertainty": 0.011368222736090849}, "Patternmakers, Metal and Plastic_12039_12046": {"llm_label": "TASK_1", "label_logprob": 0.0, "p_task_1": 1.0, "uncertainty": 0.0}, "Patternmakers, Metal and Plastic_12039_12047": {"llm_label": "TASK_1", "label_logprob": -6e-06, "p_task_1": 0.999994000018, "uncertainty": 7.814227210513045e-05}, "Patternmakers, Metal and Plastic_12039_12048": {"llm_label": "TASK_1", "label_logprob": -0.002676, "p_task_1": 0.9973275772963403, "uncertainty": 0.018502338026789134}, "Patternmakers, Metal and Plastic_12039_12049": {"llm_label": "TASK_1", "label_logprob": -0.163927, "p_task_1": 0.8488039823093322, "uncertainty": 0.4247781039417965},