{"Model Makers, Metal and Plastic_12022_12023": {"llm_label": "TASK_2", "label_logprob": -2.1e-05, "p_task_1": 2.0999779501540417e-05, "uncertainty": 0.0002471881550406985}, "Model Makers, Metal and Plastic_12022_12024": {"llm_label": "EQUAL_TIME", "label_logprob": -0.179176, "p_task_1": 0.5, "uncertainty": 0.6931471805599453}, "Model Makers, Metal and Plastic_12022_12025": {"llm_label": "TASK_2", "label_logprob": -3e-06, "p_task_1": 2.9999955000192813e-06, "uncertainty": 4.1150633082097105e-05}, "Model Makers, Metal and Plastic_12022_12026": {"llm_label": "TASK_1", "label_logprob": -0.064321, "p_task_1": 0.9377039482471962, "uncertainty": 0.23323900131065173}, "Model Makers, Metal and Plastic_12022_12027": {"llm_label": "TASK_2", "label_logprob": -0.160411, "p_task_1": 0.14820637016842253, "uncertainty": 0.41958519782678977}, "Model Makers, Metal and Plastic_12022_12028": {"llm_label": "TASK_2", "label_logprob": -0.008969, "p_task_1": 0.008928898499174553, "uncertainty": 0.051019587123030834}, "Model Makers, Metal and Plastic_12022_12029": {"llm_label": "TASK_1", "label_logprob": -0.001505, "p_task_1": 0.9984961319445699, "uncertainty": 0.01127745011525828}, "Model Makers, Metal and Plastic_12022_12030": {"llm_label": "TASK_2", "label_logprob": -7e-06, "p_task_1": 6.999975500021627e-06, "uncertainty": 9.008688755748087e-05}, "Model Makers, Metal and Plastic_12022_12031": {"llm_label": "TASK_2", "label_logprob": -0.014789, "p_task_1": 0.014680179847054386, "uncertainty": 0.07654070683000921}, "Model Makers, Metal and Plastic_12022_12032": {"llm_label": "TASK_1", "label_logprob": -0.011386, "p_task_1": 0.9886785751812944, "uncertainty": 0.0619890594379878}, "Model Makers, Metal and Plastic_12022_12033": {"llm_label": "TASK_2", "label_logprob": -1e-06, "p_task_1": 9.999994999843054e-07, "uncertainty": 1.4815503149992376e-05}, "Model Makers, Metal and Plastic_12022_12034": {"llm_label": "TASK_2", "label_logprob": 0.0, "p_task_1": 0.0, "uncertainty": 0.0}, "Model Makers, Metal and Plastic_12022_12035": {"llm_label": "TASK_1", "label_logprob": -0.055056, "p_task_1": 0.9464321462692595, "uncertainty": 0.20888949116433253}, "Model Makers, Metal and Plastic_12022_20924": {"llm_label": "TASK_2", "label_logprob": -3.8e-05, "p_task_1": 3.7999278009182014e-05, "uncertainty": 0.0004247530567765096}, "Model Makers, Metal and Plastic_12022_20925": {"llm_label": "TASK_2", "label_logprob": -0.00013, "p_task_1": 0.00012999155036619303, "uncertainty": 0.0012931528373123986}, "Model Makers, Metal and Plastic_12023_12024": {"llm_label": "TASK_1", "label_logprob": -7.6e-05, "p_task_1": 0.9999240028879268, "uncertainty": 0.0007968127892924509}, "Model Makers, Metal and Plastic_12023_12025": {"llm_label": "EQUAL_TIME", "label_logprob": -0.11524, "p_task_1": 0.5, "uncertainty": 0.6931471805599453}, "Model Makers, Metal and Plastic_12023_12026": {"llm_label": "TASK_1", "label_logprob": -0.000358, "p_task_1": 0.9996420640743535, "uncertainty": 0.003198149469619536}, "Model Makers, Metal and Plastic_12023_12027": {"llm_label": "TASK_1", "label_logprob": -7e-06, "p_task_1": 0.9999930000245, "uncertainty": 9.008688755748087e-05}, "Model Makers, Metal and Plastic_12023_12028": {"llm_label": "TASK_1", "label_logprob": -0.045186, "p_task_1": 0.9558196828372981, "uncertainty": 0.18100910292667385}, "Model Makers, Metal and Plastic_12023_12029": {"llm_label": "TASK_1", "label_logprob": -1e-05, "p_task_1": 0.9999900000499998, "uncertainty": 0.00012512862900562218}, "Model Makers, Metal and Plastic_12023_12030": {"llm_label": "CANNOT_DECIDE", "label_logprob": -0.611897, "p_task_1": 0.5, "uncertainty": 0.6931471805599453}, "Model Makers, Metal and Plastic_12023_12031": {"llm_label": "TASK_1", "label_logprob": -0.661479, "p_task_1": 0.5160874763803006, "uncertainty": 0.6926294774223569}, "Model Makers, Metal and Plastic_12023_12032": {"llm_label": "TASK_1", "label_logprob": -5e-05, "p_task_1": 0.9999500012499791, "uncertainty": 0.0005451607485001352}, "Model Makers, Metal and Plastic_12023_12033": {"llm_label": "TASK_2", "label_logprob": -0.03817, "p_task_1": 0.03745070639833825, "uncertainty": 0.15975595438246387}, "Model Makers, Metal and Plastic_12023_12034": {"llm_label": "TASK_2", "label_logprob": -2.5e-05, "p_task_1": 2.4999687502580414e-05, "uncertainty": 0.0002899122444096467}, "Model Makers, Metal and Plastic_12023_12035": {"llm_label": "TASK_1", "label_logprob": -0.000264, "p_task_1": 0.9997360348449336, "uncertainty": 0.0024389222729334346}, "Model Makers, Metal and Plastic_12023_20924": {"llm_label": "TASK_2", "label_logprob": -0.005662, "p_task_1": 0.005646001087522556, "uncertainty": 0.034858294565120816}, "Model Makers, Metal and Plastic_12023_20925": {"llm_label": "TASK_1", "label_logprob": -0.556417, "p_task_1": 0.5732593768668832, "uncertainty": 0.6823745689871611}, "Model Makers, Metal and Plastic_12024_12025": {"llm_label": "TASK_2", "label_logprob": 0.0, "p_task_1": 0.0, "uncertainty": 0.0}, "Model Makers, Metal and Plastic_12024_12026": {"llm_label": "EQUAL_TIME", "label_logprob": -0.019523, "p_task_1": 0.5, "uncertainty": 0.6931471805599453}, "Model Makers, Metal and Plastic_12024_12027": {"llm_label": "TASK_1", "label_logprob": -0.004604, "p_task_1": 0.9954065821616803, "uncertainty": 0.029309821428951006}, "Model Makers, Metal and Plastic_12024_12028": {"llm_label": "TASK_2", "label_logprob": -3e-06, "p_task_1": 2.9999955000192813e-06, "uncertainty": 4.1150633082097105e-05}, "Model Makers, Metal and Plastic_12024_12029": {"llm_label": "TASK_1", "label_logprob": -0.313586, "p_task_1": 0.7308215256497428, "uncertainty": 0.58244001898884}, "Model Makers, Metal and Plastic_12024_12030": {"llm_label": "TASK_2", "label_logprob": 0.0, "p_task_1": 0.0, "uncertainty": 0.0}, "Model Makers, Metal and Plastic_12024_12031": {"llm_label": "TASK_2", "label_logprob": -4e-06, "p_task_1": 3.9999919999589295e-06, "uncertainty": 5.371675735315082e-05}, "Model Makers, Metal and Plastic_12024_12032": {"llm_label": "TASK_2", "label_logprob": -0.003281, "p_task_1": 0.003275623401314154, "uncertainty": 0.02201090348798324}, "Model Makers, Metal and Plastic_12024_12033": {"llm_label": "TASK_2", "label_logprob": 0.0, "p_task_1": 0.0, "uncertainty": 0.0}, "Model Makers, Metal and Plastic_12024_12034": {"llm_label": "TASK_2", "label_logprob": 0.0, "p_task_1": 0.0, "uncertainty": 0.0}, "Model Makers, Metal and Plastic_12024_12035": {"llm_label": "TASK_2", "label_logprob": -0.903172, "p_task_1": 0.5947179360136277, "uncertainty": 0.6750953182143649}, "Model Makers, Metal and Plastic_12024_20924": {"llm_label": "TASK_2", "label_logprob": -2e-06, "p_task_1": 1.9999979999907325e-06, "uncertainty": 2.8244698509961958e-05}, "Model Makers, Metal and Plastic_12024_20925": {"llm_label": "TASK_2", "label_logprob": 0.0, "p_task_1": 0.0, "uncertainty": 0.0}, "Model Makers, Metal and Plastic_12025_12026": {"llm_label": "TASK_1", "label_logprob": -7e-06, "p_task_1": 0.9999930000245, "uncertainty": 9.008688755748087e-05}, "Model Makers, Metal and Plastic_12025_12027": {"llm_label": "TASK_1", "label_logprob": -1.5e-05, "p_task_1": 0.9999850001124995, "uncertainty": 0.00018161054327026476}, "Model Makers, Metal and Plastic_12025_12028": {"llm_label": "TASK_1", "label_logprob": -0.334265, "p_task_1": 0.7158640531151359, "uncertainty": 0.5968172612512777}, "Model Makers, Metal and Plastic_12025_12029": {"llm_label": "TASK_1", "label_logprob": -3e-06, "p_task_1": 0.9999970000045, "uncertainty": 4.1150633082097105e-05}, "Model Makers, Metal and Plastic_12025_12030": {"llm_label": "TASK_2", "label_logprob": -0.38832, "p_task_1": 0.3218047139547332, "uncertainty": 0.6282223235833694}, "Model Makers, Metal and Plastic_12025_12031": {"llm_label": "EQUAL_TIME", "label_logprob": -0.658891, "p_task_1": 0.5, "uncertainty": 0.6931471805599453}, "Model Makers, Metal and Plastic_12025_12032": {"llm_label": "TASK_1", "label_logprob": -0.001664, "p_task_1": 0.9983373836804121, "uncertainty": 0.012300918467955856},