{"Forging Machine Setters, Operators, and Tenders, Metal and Plastic_10078_10079": {"llm_label": "TASK_1", "label_logprob": -0.414142, "p_task_1": 0.6609070957947288, "uncertainty": 0.6404319723096289}, "Forging Machine Setters, Operators, and Tenders, Metal and Plastic_10078_10080": {"llm_label": "TASK_2", "label_logprob": -9e-06, "p_task_1": 8.999959500100019e-06, "uncertainty": 0.0001135640627863842}, "Forging Machine Setters, Operators, and Tenders, Metal and Plastic_10078_10081": {"llm_label": "TASK_2", "label_logprob": -0.001538, "p_task_1": 0.0015368178841090874, "uncertainty": 0.011491206112283126}, "Forging Machine Setters, Operators, and Tenders, Metal and Plastic_10078_10082": {"llm_label": "TASK_1", "label_logprob": -0.004412, "p_task_1": 0.9955977185739638, "uncertainty": 0.02827773772597265}, "Forging Machine Setters, Operators, and Tenders, Metal and Plastic_10078_10083": {"llm_label": "TASK_1", "label_logprob": -0.080425, "p_task_1": 0.9227241052965571, "uncertainty": 0.2720652169666806}, "Forging Machine Setters, Operators, and Tenders, Metal and Plastic_10078_10084": {"llm_label": "TASK_2", "label_logprob": -1e-06, "p_task_1": 9.999994999843054e-07, "uncertainty": 1.4815503149992376e-05}, "Forging Machine Setters, Operators, and Tenders, Metal and Plastic_10078_10085": {"llm_label": "TASK_2", "label_logprob": -3.8e-05, "p_task_1": 3.7999278009182014e-05, "uncertainty": 0.0004247530567765096}, "Forging Machine Setters, Operators, and Tenders, Metal and Plastic_10078_10086": {"llm_label": "TASK_2", "label_logprob": -0.014466, "p_task_1": 0.01436187014089485, "uncertainty": 0.07519821966163283}, "Forging Machine Setters, Operators, and Tenders, Metal and Plastic_10078_10087": {"llm_label": "TASK_2", "label_logprob": 0.0, "p_task_1": 0.0, "uncertainty": 0.0}, "Forging Machine Setters, Operators, and Tenders, Metal and Plastic_10078_10088": {"llm_label": "TASK_2", "label_logprob": -8e-05, "p_task_1": 7.999680008530241e-05, "uncertainty": 0.0008346453276260399}, "Forging Machine Setters, Operators, and Tenders, Metal and Plastic_10078_10089": {"llm_label": "TASK_2", "label_logprob": -0.007339, "p_task_1": 0.0073121352996854405, "uncertainty": 0.04324802588281196}, "Forging Machine Setters, Operators, and Tenders, Metal and Plastic_10078_10090": {"llm_label": "TASK_1", "label_logprob": -0.095067, "p_task_1": 0.909312008522664, "uncertainty": 0.30412670112355333}, "Forging Machine Setters, Operators, and Tenders, Metal and Plastic_10079_10080": {"llm_label": "TASK_2", "label_logprob": -2e-05, "p_task_1": 1.999980000133572e-05, "uncertainty": 0.00023639320174866763}, "Forging Machine Setters, Operators, and Tenders, Metal and Plastic_10079_10081": {"llm_label": "TASK_2", "label_logprob": -0.082015, "p_task_1": 0.07874186027938923, "uncertainty": 0.27568575256690214}, "Forging Machine Setters, Operators, and Tenders, Metal and Plastic_10079_10082": {"llm_label": "TASK_1", "label_logprob": -0.000363, "p_task_1": 0.9996370658765287, "uncertainty": 0.0032377744140867433}, "Forging Machine Setters, Operators, and Tenders, Metal and Plastic_10079_10083": {"llm_label": "TASK_1", "label_logprob": -0.000757, "p_task_1": 0.999243286452214, "uncertainty": 0.006194568587575001}, "Forging Machine Setters, Operators, and Tenders, Metal and Plastic_10079_10084": {"llm_label": "TASK_2", "label_logprob": -2e-06, "p_task_1": 1.9999979999907325e-06, "uncertainty": 2.8244698509961958e-05}, "Forging Machine Setters, Operators, and Tenders, Metal and Plastic_10079_10085": {"llm_label": "TASK_2", "label_logprob": 0.0, "p_task_1": 0.0, "uncertainty": 0.0}, "Forging Machine Setters, Operators, and Tenders, Metal and Plastic_10079_10086": {"llm_label": "TASK_2", "label_logprob": -0.008634, "p_task_1": 0.008596834062484127, "uncertainty": 0.04944942356371833}, "Forging Machine Setters, Operators, and Tenders, Metal and Plastic_10079_10087": {"llm_label": "TASK_2", "label_logprob": 0.0, "p_task_1": 0.0, "uncertainty": 0.0}, "Forging Machine Setters, Operators, and Tenders, Metal and Plastic_10079_10088": {"llm_label": "TASK_2", "label_logprob": 0.0, "p_task_1": 0.0, "uncertainty": 0.0}, "Forging Machine Setters, Operators, and Tenders, Metal and Plastic_10079_10089": {"llm_label": "TASK_2", "label_logprob": -0.00862, "p_task_1": 0.008582954321003089, "uncertainty": 0.04938351502877017}, "Forging Machine Setters, Operators, and Tenders, Metal and Plastic_10079_10090": {"llm_label": "TASK_1", "label_logprob": -0.270139, "p_task_1": 0.7632733919614263, "uncertainty": 0.5472772916379733}, "Forging Machine Setters, Operators, and Tenders, Metal and Plastic_10080_10081": {"llm_label": "TASK_1", "label_logprob": -0.000913, "p_task_1": 0.9990874166576875, "uncertainty": 0.007299548561173971}, "Forging Machine Setters, Operators, and Tenders, Metal and Plastic_10080_10082": {"llm_label": "TASK_1", "label_logprob": -1e-06, "p_task_1": 0.9999990000005, "uncertainty": 1.4815503149992376e-05}, "Forging Machine Setters, Operators, and Tenders, Metal and Plastic_10080_10083": {"llm_label": "TASK_1", "label_logprob": -4e-06, "p_task_1": 0.999996000008, "uncertainty": 5.371675735315082e-05}, "Forging Machine Setters, Operators, and Tenders, Metal and Plastic_10080_10084": {"llm_label": "TASK_2", "label_logprob": -1e-06, "p_task_1": 9.999994999843054e-07, "uncertainty": 1.4815503149992376e-05}, "Forging Machine Setters, Operators, and Tenders, Metal and Plastic_10080_10085": {"llm_label": "TASK_2", "label_logprob": -7e-06, "p_task_1": 6.999975500021627e-06, "uncertainty": 9.008688755748087e-05}, "Forging Machine Setters, Operators, and Tenders, Metal and Plastic_10080_10086": {"llm_label": "TASK_1", "label_logprob": -0.414969, "p_task_1": 0.6603607515709815, "uncertainty": 0.6407959034233949}, "Forging Machine Setters, Operators, and Tenders, Metal and Plastic_10080_10087": {"llm_label": "TASK_2", "label_logprob": 0.0, "p_task_1": 0.0, "uncertainty": 0.0}, "Forging Machine Setters, Operators, and Tenders, Metal and Plastic_10080_10088": {"llm_label": "TASK_2", "label_logprob": -0.0001, "p_task_1": 9.999500016666385e-05, "uncertainty": 0.0010209829872391161}, "Forging Machine Setters, Operators, and Tenders, Metal and Plastic_10080_10089": {"llm_label": "TASK_1", "label_logprob": -0.008648, "p_task_1": 0.9913892863903498, "uncertainty": 0.04951530857301106}, "Forging Machine Setters, Operators, and Tenders, Metal and Plastic_10080_10090": {"llm_label": "TASK_1", "label_logprob": -0.00012, "p_task_1": 0.999880007199712, "uncertainty": 0.0012032900590460954}, "Forging Machine Setters, Operators, and Tenders, Metal and Plastic_10081_10082": {"llm_label": "TASK_1", "label_logprob": -1.7e-05, "p_task_1": 0.9999830001444991, "uncertainty": 0.000203697321204896}, "Forging Machine Setters, Operators, and Tenders, Metal and Plastic_10081_10083": {"llm_label": "TASK_1", "label_logprob": -0.001639, "p_task_1": 0.9983623424269872, "uncertainty": 0.012141051330933593}, "Forging Machine Setters, Operators, and Tenders, Metal and Plastic_10081_10084": {"llm_label": "TASK_2", "label_logprob": 0.0, "p_task_1": 0.0, "uncertainty": 0.0}, "Forging Machine Setters, Operators, and Tenders, Metal and Plastic_10081_10085": {"llm_label": "TASK_2", "label_logprob": -6.2e-05, "p_task_1": 6.199807803974888e-05, "uncertainty": 0.0006626587800967377}, "Forging Machine Setters, Operators, and Tenders, Metal and Plastic_10081_10086": {"llm_label": "TASK_2", "label_logprob": -0.018181, "p_task_1": 0.018016722701237997, "uncertainty": 0.09021679238164391}, "Forging Machine Setters, Operators, and Tenders, Metal and Plastic_10081_10087": {"llm_label": "TASK_2", "label_logprob": 0.0, "p_task_1": 0.0, "uncertainty": 0.0}, "Forging Machine Setters, Operators, and Tenders, Metal and Plastic_10081_10088": {"llm_label": "TASK_2", "label_logprob": 0.0, "p_task_1": 0.0, "uncertainty": 0.0}, "Forging Machine Setters, Operators, and Tenders, Metal and Plastic_10081_10089": {"llm_label": "TASK_2", "label_logprob": -0.062688,