{"Pourers and Casters, Metal_12006_12007": {"llm_label": "TASK_2", "label_logprob": 0.0, "p_task_1": 0.0, "uncertainty": 0.0}, "Pourers and Casters, Metal_12006_12008": {"llm_label": "TASK_2", "label_logprob": 0.0, "p_task_1": 0.0, "uncertainty": 0.0}, "Pourers and Casters, Metal_12006_12009": {"llm_label": "TASK_2", "label_logprob": -0.162338, "p_task_1": 0.14984619601347193, "uncertainty": 0.4224422064551924}, "Pourers and Casters, Metal_12006_12010": {"llm_label": "TASK_2", "label_logprob": -0.014919, "p_task_1": 0.014808263098082475, "uncertainty": 0.07707891946271865}, "Pourers and Casters, Metal_12006_12011": {"llm_label": "TASK_2", "label_logprob": -1e-06, "p_task_1": 9.999994999843054e-07, "uncertainty": 1.4815503149992376e-05}, "Pourers and Casters, Metal_12006_12012": {"llm_label": "TASK_2", "label_logprob": -0.009448, "p_task_1": 0.009403507878772421, "uncertainty": 0.053242247097729796}, "Pourers and Casters, Metal_12006_12013": {"llm_label": "TASK_2", "label_logprob": -0.512619, "p_task_1": 0.40107506145743743, "uncertainty": 0.6734451598087426}, "Pourers and Casters, Metal_12006_12014": {"llm_label": "TASK_2", "label_logprob": -0.59503, "p_task_1": 0.44845398076094556, "uncertainty": 0.6878237433068395}, "Pourers and Casters, Metal_12006_12015": {"llm_label": "TASK_2", "label_logprob": -1.5e-05, "p_task_1": 1.4999887500533049e-05, "uncertainty": 0.00018161054327026476}, "Pourers and Casters, Metal_12006_12016": {"llm_label": "TASK_2", "label_logprob": -0.001008, "p_task_1": 0.0010074921386556968, "uncertainty": 0.007958973452359804}, "Pourers and Casters, Metal_12006_12017": {"llm_label": "TASK_2", "label_logprob": 0.0, "p_task_1": 0.0, "uncertainty": 0.0}, "Pourers and Casters, Metal_12006_12018": {"llm_label": "TASK_2", "label_logprob": -1e-05, "p_task_1": 9.999950000172397e-06, "uncertainty": 0.00012512862900562218}, "Pourers and Casters, Metal_12006_12019": {"llm_label": "TASK_2", "label_logprob": -9.1e-05, "p_task_1": 9.099585962557555e-05, "uncertainty": 0.0009376805805994633}, "Pourers and Casters, Metal_12006_12020": {"llm_label": "TASK_2", "label_logprob": -0.006122, "p_task_1": 0.00610329874049842, "uncertainty": 0.037204903487118385}, "Pourers and Casters, Metal_12006_12021": {"llm_label": "TASK_2", "label_logprob": 0.0, "p_task_1": 0.0, "uncertainty": 0.0}, "Pourers and Casters, Metal_12007_12008": {"llm_label": "EQUAL_TIME", "label_logprob": -0.096177, "p_task_1": 0.5, "uncertainty": 0.6931471805599453}, "Pourers and Casters, Metal_12007_12009": {"llm_label": "TASK_1", "label_logprob": -0.001621, "p_task_1": 0.9983803131108866, "uncertainty": 0.012025708917853426}, "Pourers and Casters, Metal_12007_12010": {"llm_label": "TASK_1", "label_logprob": -0.000254, "p_task_1": 0.999746032255269, "uncertainty": 0.002356357508510547}, "Pourers and Casters, Metal_12007_12011": {"llm_label": "TASK_1", "label_logprob": -0.001509, "p_task_1": 0.9984921379680302, "uncertainty": 0.011303398505789847}, "Pourers and Casters, Metal_12007_12012": {"llm_label": "TASK_1", "label_logprob": -0.019689, "p_task_1": 0.9805035625019661, "uncertainty": 0.09607281589577989}, "Pourers and Casters, Metal_12007_12013": {"llm_label": "TASK_1", "label_logprob": -2e-06, "p_task_1": 0.999998000002, "uncertainty": 2.8244698509961958e-05}, "Pourers and Casters, Metal_12007_12014": {"llm_label": "TASK_1", "label_logprob": -0.001211, "p_task_1": 0.9987897329645967, "uncertainty": 0.009338794267026976}, "Pourers and Casters, Metal_12007_12015": {"llm_label": "TASK_1", "label_logprob": -0.013838, "p_task_1": 0.9862573050053032, "uncertainty": 0.0725661684191668}, "Pourers and Casters, Metal_12007_12016": {"llm_label": "TASK_1", "label_logprob": -4.7e-05, "p_task_1": 0.9999530011044827, "uncertainty": 0.0005153599478945111}, "Pourers and Casters, Metal_12007_12017": {"llm_label": "TASK_2", "label_logprob": -0.012693, "p_task_1": 0.012612783629654345, "uncertainty": 0.06768916882777332}, "Pourers and Casters, Metal_12007_12018": {"llm_label": "EQUAL_TIME", "label_logprob": -0.044622, "p_task_1": 0.5, "uncertainty": 0.6931471805599453}, "Pourers and Casters, Metal_12007_12019": {"llm_label": "TASK_1", "label_logprob": -0.083166, "p_task_1": 0.9201983816095827, "uncertainty": 0.2782845874713957}, "Pourers and Casters, Metal_12007_12020": {"llm_label": "TASK_1", "label_logprob": -0.000274, "p_task_1": 0.9997260375345718, "uncertainty": 0.002521107385104158}, "Pourers and Casters, Metal_12007_12021": {"llm_label": "TASK_2", "label_logprob": -0.001174, "p_task_1": 0.0011733111316035716, "uncertainty": 0.009090038637286822}, "Pourers and Casters, Metal_12008_12009": {"llm_label": "TASK_1", "label_logprob": -0.00282, "p_task_1": 0.9971839724650056, "uncertainty": 0.01934897792413825}, "Pourers and Casters, Metal_12008_12010": {"llm_label": "TASK_1", "label_logprob": -0.000206, "p_task_1": 0.9997940212165431, "uncertainty": 0.0019542513897298306}, "Pourers and Casters, Metal_12008_12011": {"llm_label": "TASK_1", "label_logprob": -0.005031, "p_task_1": 0.9949816342839259, "uncertainty": 0.03157624742244273}, "Pourers and Casters, Metal_12008_12012": {"llm_label": "TASK_1", "label_logprob": -0.106501, "p_task_1": 0.8989741491866328, "uncertainty": 0.3273311691907842}, "Pourers and Casters, Metal_12008_12013": {"llm_label": "TASK_1", "label_logprob": -1.4e-05, "p_task_1": 0.9999860000979995, "uncertainty": 0.0001704691519101948}, "Pourers and Casters, Metal_12008_12014": {"llm_label": "TASK_1", "label_logprob": -0.000111, "p_task_1": 0.9998890061602721, "uncertainty": 0.001121701564056563}, "Pourers and Casters, Metal_12008_12015": {"llm_label": "TASK_1", "label_logprob": -0.004359, "p_task_1": 0.9956504866513899, "uncertainty": 0.027991351427276108}, "Pourers and Casters, Metal_12008_12016": {"llm_label": "TASK_1", "label_logprob": -0.002022, "p_task_1": 0.9979800428648771, "uncertainty": 0.014551101239692032}, "Pourers and Casters, Metal_12008_12017": {"llm_label": "TASK_2", "label_logprob": -0.031534, "p_task_1": 0.03104198867870933, "uncertainty": 0.13834577406784734}, "Pourers and Casters, Metal_12008_12018": {"llm_label": "TASK_1", "label_logprob": -0.203475, "p_task_1": 0.8158906013327433, "uncertainty": 0.47756789305564595}, "Pourers and Casters, Metal_12008_12019": {"llm_label": "TASK_1", "label_logprob": -0.105582, "p_task_1": 0.8998006861653053, "uncertainty": 0.3255206900778214}, "Pourers and Casters, Metal_12008_12020": {"llm_label": "TASK_1", "label_logprob": -5.1e-05, "p_task_1": 0.9999490013004779, "uncertainty": 0.0005550537772008165}, "Pourers and Casters, Metal_12008_12021": {"llm_label": "TASK_2", "label_logprob": -0.00119, "p_task_1": 0.001189292230776351, "uncertainty": 0.009197750669667515}, "Pourers and Casters, Metal_12009_12010": {"llm_label": "EQUAL_TIME", "label_logprob": -0.020199, "p_task_1": 0.5, "uncertainty": 0.6931471805599453}, "Pourers and Casters, Metal_12009_12011": {"llm_label": "TASK_2", "label_logprob": -0.002812, "p_task_1": 0.0028080500313047985, "uncertainty": 0.01930214176186023}, "Pourers and Casters, Metal_12009_12012": {"llm_label": "TASK_2", "label_logprob": -0.253648, "p_task_1": 0.22403510637790602, "uncertainty": 0.5319678240610587}, "Pourers and Casters, Metal_12009_12013": {"llm_label": "TASK_1", "label_logprob": -0.079106, "p_task_1": 0.9239419814041685, "uncertainty": 0.2690344961801785}, "Pourers and Casters, Metal_12009_12014": {"llm_label": "TASK_1", "label_logprob": -0.007154, "p_task_1": 0.9928715289437028, "uncertainty": 0.042343729487864225}, "Pourers and Casters, Metal_12009_12015": {"llm_label": "TASK_2", "label_logprob": -0.252207, "p_task_1": 0.22291613494090312, "uncertainty": 0.5305741152951122}, "Pourers and Casters, Metal_12009_12016": {"llm_label": "TASK_2", "label_logprob": -0.001933, "p_task_1": 0.00193113295869074, "uncertainty": 0.013998169170008824}, "Pourers and Casters, Metal_12009_12017": {"llm_label": "TASK_2", "label_logprob": 0.0, "p_task_1": 0.0, "uncertainty": 0.0},