{"Foundry Mold and Coremakers_12050_12051": {"llm_label": "TASK_1", "label_logprob": -0.002008, "p_task_1": 0.9979940146832798, "uncertainty": 0.01446439031228608}, "Foundry Mold and Coremakers_12050_12052": {"llm_label": "TASK_1", "label_logprob": -2e-06, "p_task_1": 0.999998000002, "uncertainty": 2.8244698509961958e-05}, "Foundry Mold and Coremakers_12050_12053": {"llm_label": "EQUAL_TIME", "label_logprob": -0.180125, "p_task_1": 0.5, "uncertainty": 0.6931471805599453}, "Foundry Mold and Coremakers_12050_12054": {"llm_label": "EQUAL_TIME", "label_logprob": -0.476183, "p_task_1": 0.5, "uncertainty": 0.6931471805599453}, "Foundry Mold and Coremakers_12050_12055": {"llm_label": "TASK_2", "label_logprob": -0.000356, "p_task_1": 0.00035593663951904997, "uncertainty": 0.003182279940893674}, "Foundry Mold and Coremakers_12050_12056": {"llm_label": "TASK_2", "label_logprob": -0.077524, "p_task_1": 0.07459518558542777, "uncertainty": 0.26536626270053326}, "Foundry Mold and Coremakers_12050_12057": {"llm_label": "TASK_1", "label_logprob": -0.221028, "p_task_1": 0.8016942325374171, "uncertainty": 0.498044729366137}, "Foundry Mold and Coremakers_12050_12058": {"llm_label": "TASK_1", "label_logprob": -0.000112, "p_task_1": 0.9998880062717659, "uncertainty": 0.001130801982872094}, "Foundry Mold and Coremakers_12050_12059": {"llm_label": "TASK_2", "label_logprob": 0.0, "p_task_1": 0.0, "uncertainty": 0.0}, "Foundry Mold and Coremakers_12050_12060": {"llm_label": "TASK_1", "label_logprob": -0.313387, "p_task_1": 0.7309669736049387, "uncertainty": 0.5822946925746035}, "Foundry Mold and Coremakers_12050_12061": {"llm_label": "TASK_2", "label_logprob": -0.216647, "p_task_1": 0.194785840259173, "uncertainty": 0.4930885407822964}, "Foundry Mold and Coremakers_12050_12062": {"llm_label": "TASK_2", "label_logprob": -4.8e-05, "p_task_1": 4.79988480184268e-05, "uncertainty": 0.0005253142506203896}, "Foundry Mold and Coremakers_12051_12052": {"llm_label": "TASK_1", "label_logprob": -3.8e-05, "p_task_1": 0.9999620007219908, "uncertainty": 0.0004247530567765096}, "Foundry Mold and Coremakers_12051_12053": {"llm_label": "EQUAL_TIME", "label_logprob": -0.529851, "p_task_1": 0.5, "uncertainty": 0.6931471805599453}, "Foundry Mold and Coremakers_12051_12054": {"llm_label": "TASK_2", "label_logprob": -0.000355, "p_task_1": 0.0003549369949558123, "uncertainty": 0.0031743409558207722}, "Foundry Mold and Coremakers_12051_12055": {"llm_label": "TASK_2", "label_logprob": 0.0, "p_task_1": 0.0, "uncertainty": 0.0}, "Foundry Mold and Coremakers_12051_12056": {"llm_label": "TASK_2", "label_logprob": -0.014212, "p_task_1": 0.01411148625850367, "uncertainty": 0.07413719102712281}, "Foundry Mold and Coremakers_12051_12057": {"llm_label": "TASK_2", "label_logprob": -0.389824, "p_task_1": 0.3228239530050515, "uncertainty": 0.628979777834882}, "Foundry Mold and Coremakers_12051_12058": {"llm_label": "EQUAL_TIME", "label_logprob": -0.045452, "p_task_1": 0.5, "uncertainty": 0.6931471805599453}, "Foundry Mold and Coremakers_12051_12059": {"llm_label": "TASK_2", "label_logprob": 0.0, "p_task_1": 0.0, "uncertainty": 0.0}, "Foundry Mold and Coremakers_12051_12060": {"llm_label": "TASK_2", "label_logprob": -0.103506, "p_task_1": 0.09832938729805085, "uncertainty": 0.32139667943645933}, "Foundry Mold and Coremakers_12051_12061": {"llm_label": "TASK_2", "label_logprob": -0.06967, "p_task_1": 0.06729843935905433, "uncertainty": 0.24659411316369323}, "Foundry Mold and Coremakers_12051_12062": {"llm_label": "TASK_2", "label_logprob": -4e-05, "p_task_1": 3.999920001063195e-05, "uncertainty": 0.00044505634297012944}, "Foundry Mold and Coremakers_12052_12053": {"llm_label": "TASK_2", "label_logprob": -0.00017, "p_task_1": 0.0001699855508188186, "uncertainty": 0.0016454111968458342}, "Foundry Mold and Coremakers_12052_12054": {"llm_label": "TASK_2", "label_logprob": 0.0, "p_task_1": 0.0, "uncertainty": 0.0}, "Foundry Mold and Coremakers_12052_12055": {"llm_label": "TASK_2", "label_logprob": 0.0, "p_task_1": 0.0, "uncertainty": 0.0}, "Foundry Mold and Coremakers_12052_12056": {"llm_label": "TASK_2", "label_logprob": -6.2e-05, "p_task_1": 6.199807803974888e-05, "uncertainty": 0.0006626587800967377}, "Foundry Mold and Coremakers_12052_12057": {"llm_label": "TASK_2", "label_logprob": -5e-06, "p_task_1": 4.999987500031722e-06, "uncertainty": 6.603019815215604e-05}, "Foundry Mold and Coremakers_12052_12058": {"llm_label": "TASK_2", "label_logprob": -0.023345, "p_task_1": 0.023074613630978846, "uncertainty": 0.10977505516364457}, "Foundry Mold and Coremakers_12052_12059": {"llm_label": "TASK_2", "label_logprob": 0.0, "p_task_1": 0.0, "uncertainty": 0.0}, "Foundry Mold and Coremakers_12052_12060": {"llm_label": "TASK_2", "label_logprob": -0.00019, "p_task_1": 0.00018998195114305894, "uncertainty": 0.0018178397323448132}, "Foundry Mold and Coremakers_12052_12061": {"llm_label": "TASK_2", "label_logprob": -1e-06, "p_task_1": 9.999994999843054e-07, "uncertainty": 1.4815503149992376e-05}, "Foundry Mold and Coremakers_12052_12062": {"llm_label": "TASK_2", "label_logprob": -3.5e-05, "p_task_1": 3.499938750717302e-05, "uncertainty": 0.00039409879060961955}, "Foundry Mold and Coremakers_12053_12054": {"llm_label": "TASK_2", "label_logprob": -0.000307, "p_task_1": 0.00030695288032200896, "uncertainty": 0.0027897912291262135}, "Foundry Mold and Coremakers_12053_12055": {"llm_label": "TASK_2", "label_logprob": 0.0, "p_task_1": 0.0, "uncertainty": 0.0}, "Foundry Mold and Coremakers_12053_12056": {"llm_label": "EQUAL_TIME", "label_logprob": -0.593277, "p_task_1": 0.5, "uncertainty": 0.6931471805599453}, "Foundry Mold and Coremakers_12053_12057": {"llm_label": "TASK_2", "label_logprob": -0.082224, "p_task_1": 0.07893438311125411, "uncertainty": 0.2761590197724624}, "Foundry Mold and Coremakers_12053_12058": {"llm_label": "EQUAL_TIME", "label_logprob": -0.000888, "p_task_1": 0.5, "uncertainty": 0.6931471805599453}, "Foundry Mold and Coremakers_12053_12059": {"llm_label": "TASK_2", "label_logprob": 0.0, "p_task_1": 0.0, "uncertainty": 0.0}, "Foundry Mold and Coremakers_12053_12060": {"llm_label": "TASK_2", "label_logprob": -0.305402, "p_task_1": 0.2631728896518152, "uncertainty": 0.5763495662325868}, "Foundry Mold and Coremakers_12053_12061": {"llm_label": "TASK_2", "label_logprob": -0.091369, "p_task_1": 0.08731913048499862, "uncertainty": 0.29629099410127047}, "Foundry Mold and Coremakers_12053_12062": {"llm_label": "TASK_2", "label_logprob": -0.00016, "p_task_1": 0.00015998720068266525, "uncertainty": 0.0015583292093465813}, "Foundry Mold and Coremakers_12054_12055": {"llm_label": "TASK_2", "label_logprob": -3e-06, "p_task_1": 2.9999955000192813e-06, "uncertainty": 4.1150633082097105e-05}, "Foundry Mold and Coremakers_12054_12056": {"llm_label": "TASK_2", "label_logprob": -0.361935, "p_task_1": 0.30367237233339095, "uncertainty": 0.6139438592620683}, "Foundry Mold and Coremakers_12054_12057": {"llm_label": "TASK_1", "label_logprob": -0.400528, "p_task_1": 0.6699662104721416, "uncertainty": 0.6342025623690579}, "Foundry Mold and Coremakers_12054_12058": {"llm_label": "EQUAL_TIME", "label_logprob": -0.000138, "p_task_1": 0.5, "uncertainty": 0.6931471805599453}, "Foundry Mold and Coremakers_12054_12059": {"llm_label": "TASK_2", "label_logprob": 0.0, "p_task_1": 0.0, "uncertainty": 0.0}, "Foundry Mold and Coremakers_12054_12060": {"llm_label": "TASK_1", "label_logprob": -0.633612, "p_task_1": 0.5306715494836314, "uncertainty": 0.6912645108858797}, "Foundry Mold and Coremakers_12054_12061": {"llm_label": "TASK_2", "label_logprob": -0.579809, "p_task_1": 0.4399946826331076, "uncertainty": 0.6859285178478612}, "Foundry Mold and Coremakers_12054_12062": {"llm_label": "TASK_2", "label_logprob": -0.001527, "p_task_1": 0.0015258347286986051, "uncertainty": 0.011420034269099344}, "Foundry Mold and Coremakers_12055_12056": {"llm_label": "TASK_1", "label_logprob": -0.107804, "p_task_1": 0.8978035486820927, "uncertainty": 0.32988244050865667},