{"Prepress Technicians and Workers_10402_10403": {"llm_label": "TASK_2", "label_logprob": -7e-06, "p_task_1": 6.999975500021627e-06, "uncertainty": 9.008688755748087e-05}, "Prepress Technicians and Workers_10402_10404": {"llm_label": "TASK_2", "label_logprob": -3.6e-05, "p_task_1": 3.599935200782056e-05, "uncertainty": 0.0004043444200614643}, "Prepress Technicians and Workers_10402_10405": {"llm_label": "TASK_2", "label_logprob": -3.1e-05, "p_task_1": 3.0999519504915085e-05, "uncertainty": 0.0003528217551931141}, "Prepress Technicians and Workers_10402_10406": {"llm_label": "TASK_2", "label_logprob": -0.444316, "p_task_1": 0.35873725022194924, "uncertainty": 0.6526881917052271}, "Prepress Technicians and Workers_10402_10407": {"llm_label": "TASK_2", "label_logprob": -7e-06, "p_task_1": 6.999975500021627e-06, "uncertainty": 9.008688755748087e-05}, "Prepress Technicians and Workers_10402_10410": {"llm_label": "TASK_1", "label_logprob": -0.724671, "p_task_1": 0.48448393795331146, "uncertainty": 0.6926656068877062}, "Prepress Technicians and Workers_10402_10412": {"llm_label": "TASK_2", "label_logprob": -0.002152, "p_task_1": 0.0021496861081293783, "uncertainty": 0.015351677719569358}, "Prepress Technicians and Workers_10402_10425": {"llm_label": "TASK_1", "label_logprob": -0.000121, "p_task_1": 0.9998790073202047, "uncertainty": 0.001212312775168364}, "Prepress Technicians and Workers_10402_10427": {"llm_label": "TASK_2", "label_logprob": -0.001091, "p_task_1": 0.0010904050758737682, "uncertainty": 0.008527688038616369}, "Prepress Technicians and Workers_10402_10428": {"llm_label": "TASK_2", "label_logprob": -0.004263, "p_task_1": 0.004253926313787293, "uncertainty": 0.027470932600289294}, "Prepress Technicians and Workers_10402_10433": {"llm_label": "TASK_1", "label_logprob": -0.021344, "p_task_1": 0.9788821711774324, "uncertainty": 0.10235819213633582}, "Prepress Technicians and Workers_10402_20927": {"llm_label": "TASK_2", "label_logprob": -6e-06, "p_task_1": 5.9999820000156134e-06, "uncertainty": 7.814227210513045e-05}, "Prepress Technicians and Workers_10402_20928": {"llm_label": "TASK_2", "label_logprob": -0.000118, "p_task_1": 0.00011799303827386698, "uncertainty": 0.0011852195308940522}, "Prepress Technicians and Workers_10402_20929": {"llm_label": "TASK_2", "label_logprob": -1.2e-05, "p_task_1": 1.1999928000272497e-05, "uncertainty": 0.00014796635909808146}, "Prepress Technicians and Workers_10403_10404": {"llm_label": "TASK_1", "label_logprob": -0.044515, "p_task_1": 0.9564612530672224, "uncertainty": 0.17903183373961495}, "Prepress Technicians and Workers_10403_10405": {"llm_label": "TASK_1", "label_logprob": -0.003236, "p_task_1": 0.9967692302048313, "uncertainty": 0.021754122575450317}, "Prepress Technicians and Workers_10403_10406": {"llm_label": "TASK_1", "label_logprob": -6e-06, "p_task_1": 0.999994000018, "uncertainty": 7.814227210513045e-05}, "Prepress Technicians and Workers_10403_10407": {"llm_label": "TASK_2", "label_logprob": -0.066655, "p_task_1": 0.0644821006565569, "uncertainty": 0.23912608728716467}, "Prepress Technicians and Workers_10403_10410": {"llm_label": "TASK_1", "label_logprob": -1e-06, "p_task_1": 0.9999990000005, "uncertainty": 1.4815503149992376e-05}, "Prepress Technicians and Workers_10403_10412": {"llm_label": "TASK_1", "label_logprob": -4e-06, "p_task_1": 0.999996000008, "uncertainty": 5.371675735315082e-05}, "Prepress Technicians and Workers_10403_10425": {"llm_label": "TASK_1", "label_logprob": 0.0, "p_task_1": 1.0, "uncertainty": 0.0}, "Prepress Technicians and Workers_10403_10427": {"llm_label": "TASK_1", "label_logprob": -1.7e-05, "p_task_1": 0.9999830001444991, "uncertainty": 0.000203697321204896}, "Prepress Technicians and Workers_10403_10428": {"llm_label": "TASK_1", "label_logprob": -2e-06, "p_task_1": 0.999998000002, "uncertainty": 2.8244698509961958e-05}, "Prepress Technicians and Workers_10403_10433": {"llm_label": "TASK_1", "label_logprob": -1e-06, "p_task_1": 0.9999990000005, "uncertainty": 1.4815503149992376e-05}, "Prepress Technicians and Workers_10403_20927": {"llm_label": "TASK_1", "label_logprob": -0.000441, "p_task_1": 0.9995590972262072, "uncertainty": 0.0038475229284026112}, "Prepress Technicians and Workers_10403_20928": {"llm_label": "TASK_1", "label_logprob": -0.100432, "p_task_1": 0.9044466126914003, "uncertainty": 0.3152014394681716}, "Prepress Technicians and Workers_10403_20929": {"llm_label": "TASK_1", "label_logprob": -1.5e-05, "p_task_1": 0.9999850001124995, "uncertainty": 0.00018161054327026476}, "Prepress Technicians and Workers_10404_10405": {"llm_label": "TASK_2", "label_logprob": -0.000584, "p_task_1": 0.0005838295051913134, "uncertainty": 0.004930796067587262}, "Prepress Technicians and Workers_10404_10406": {"llm_label": "TASK_1", "label_logprob": -0.024829, "p_task_1": 0.9754767042836209, "uncertainty": 0.11515572298360349}, "Prepress Technicians and Workers_10404_10407": {"llm_label": "TASK_2", "label_logprob": -3.3e-05, "p_task_1": 3.29994555059443e-05, "uncertainty": 0.00037352093575612164}, "Prepress Technicians and Workers_10404_10410": {"llm_label": "TASK_1", "label_logprob": -0.000362, "p_task_1": 0.9996380655140944, "uncertainty": 0.0032298549802561665}, "Prepress Technicians and Workers_10404_10412": {"llm_label": "TASK_1", "label_logprob": -0.702856, "p_task_1": 0.49516907949472405, "uncertainty": 0.6931005042478582}, "Prepress Technicians and Workers_10404_10425": {"llm_label": "TASK_1", "label_logprob": -1e-06, "p_task_1": 0.9999990000005, "uncertainty": 1.4815503149992376e-05}, "Prepress Technicians and Workers_10404_10427": {"llm_label": "TASK_1", "label_logprob": -0.39781, "p_task_1": 0.671789655571533, "uncertainty": 0.6329039786782809}, "Prepress Technicians and Workers_10404_10428": {"llm_label": "TASK_2", "label_logprob": -0.475534, "p_task_1": 0.37844694150378533, "uncertainty": 0.6632987079973984}, "Prepress Technicians and Workers_10404_10433": {"llm_label": "TASK_1", "label_logprob": -0.000337, "p_task_1": 0.9996630567781217, "uncertainty": 0.0030309483686147905}, "Prepress Technicians and Workers_10404_20927": {"llm_label": "TASK_2", "label_logprob": -0.009304, "p_task_1": 0.009260851712909579, "uncertainty": 0.05257676743986231}, "Prepress Technicians and Workers_10404_20928": {"llm_label": "TASK_2", "label_logprob": -0.006549, "p_task_1": 0.006527602036735636, "uncertainty": 0.03935128790078009}, "Prepress Technicians and Workers_10404_20929": {"llm_label": "TASK_2", "label_logprob": -0.153183, "p_task_1": 0.14202730155962107, "uncertainty": 0.4086266258019758}, "Prepress Technicians and Workers_10405_10406": {"llm_label": "TASK_1", "label_logprob": -6.3e-05, "p_task_1": 0.9999370019844583, "uncertainty": 0.0006723384985142869}, "Prepress Technicians and Workers_10405_10407": {"llm_label": "TASK_2", "label_logprob": -0.002087, "p_task_1": 0.002084823729721963, "uncertainty": 0.014952413815149456}, "Prepress Technicians and Workers_10405_10410": {"llm_label": "TASK_1", "label_logprob": -0.000153, "p_task_1": 0.9998470117039031, "uncertainty": 0.0014970015900026645}, "Prepress Technicians and Workers_10405_10412": {"llm_label": "TASK_1", "label_logprob": -0.041549, "p_task_1": 0.9593023283757206, "uncertainty": 0.1701550828845481}, "Prepress Technicians and Workers_10405_10425": {"llm_label": "TASK_1", "label_logprob": -1e-06, "p_task_1": 0.9999990000005, "uncertainty": 1.4815503149992376e-05}, "Prepress Technicians and Workers_10405_10427": {"llm_label": "TASK_1", "label_logprob": -0.037113, "p_task_1": 0.9635672460981175, "uncertainty": 0.15643661111410018}, "Prepress Technicians and Workers_10405_10428": {"llm_label": "TASK_1", "label_logprob": -0.019104, "p_task_1": 0.9810773248951667, "uncertainty": 0.09381621522940531}, "Prepress Technicians and Workers_10405_10433": {"llm_label": "TASK_1", "label_logprob": -0.000307, "p_task_1": 0.999693047119678, "uncertainty": 0.0027897912291262135},