{"Sewers, Hand_14108_14109": {"llm_label": "TASK_1", "label_logprob": 0.0, "p_task_1": 1.0, "uncertainty": 0.0}, "Sewers, Hand_14108_14110": {"llm_label": "TASK_1", "label_logprob": 0.0, "p_task_1": 1.0, "uncertainty": 0.0}, "Sewers, Hand_14108_14111": {"llm_label": "TASK_1", "label_logprob": -0.001968, "p_task_1": 0.9980339352422729, "uncertainty": 0.014216098449772261}, "Sewers, Hand_14108_14112": {"llm_label": "TASK_1", "label_logprob": -8.6e-05, "p_task_1": 0.999914003697894, "uncertainty": 0.0008910217260505452}, "Sewers, Hand_14108_14113": {"llm_label": "TASK_1", "label_logprob": -1e-06, "p_task_1": 0.9999990000005, "uncertainty": 1.4815503149992376e-05}, "Sewers, Hand_14108_14114": {"llm_label": "TASK_1", "label_logprob": -1.8e-05, "p_task_1": 0.999982000161999, "uncertainty": 0.0002146505665408007}, "Sewers, Hand_14108_14115": {"llm_label": "CANNOT_DECIDE", "label_logprob": -0.019573, "p_task_1": 0.5, "uncertainty": 0.6931471805599453}, "Sewers, Hand_14108_14116": {"llm_label": "TASK_1", "label_logprob": -1.4e-05, "p_task_1": 0.9999860000979995, "uncertainty": 0.0001704691519101948}, "Sewers, Hand_14108_14118": {"llm_label": "TASK_1", "label_logprob": -0.001627, "p_task_1": 0.9983743228469787, "uncertainty": 0.012064178701156305}, "Sewers, Hand_14108_24001": {"llm_label": "TASK_1", "label_logprob": -0.011756, "p_task_1": 0.98831283177518, "uncertainty": 0.06361789982974242}, "Sewers, Hand_14109_14110": {"llm_label": "EQUAL_TIME", "label_logprob": -0.513103, "p_task_1": 0.5, "uncertainty": 0.6931471805599453}, "Sewers, Hand_14109_14111": {"llm_label": "TASK_2", "label_logprob": 0.0, "p_task_1": 0.0, "uncertainty": 0.0}, "Sewers, Hand_14109_14112": {"llm_label": "TASK_2", "label_logprob": -8e-06, "p_task_1": 7.999968000049762e-06, "uncertainty": 0.00010188814457675767}, "Sewers, Hand_14109_14113": {"llm_label": "TASK_2", "label_logprob": -0.201488, "p_task_1": 0.18248661233811003, "uncertainty": 0.47514318398045075}, "Sewers, Hand_14109_14114": {"llm_label": "TASK_2", "label_logprob": -0.000762, "p_task_1": 0.0007617097517277349, "uncertainty": 0.006230453683844442}, "Sewers, Hand_14109_14115": {"llm_label": "TASK_2", "label_logprob": -2e-06, "p_task_1": 1.9999979999907325e-06, "uncertainty": 2.8244698509961958e-05}, "Sewers, Hand_14109_14116": {"llm_label": "TASK_2", "label_logprob": -1e-06, "p_task_1": 9.999994999843054e-07, "uncertainty": 1.4815503149992376e-05}, "Sewers, Hand_14109_14118": {"llm_label": "TASK_2", "label_logprob": -0.000177, "p_task_1": 0.00017698433642421296, "uncertainty": 0.0017060158794662643}, "Sewers, Hand_14109_24001": {"llm_label": "TASK_2", "label_logprob": 0.0, "p_task_1": 0.0, "uncertainty": 0.0}, "Sewers, Hand_14110_14111": {"llm_label": "TASK_2", "label_logprob": 0.0, "p_task_1": 0.0, "uncertainty": 0.0}, "Sewers, Hand_14110_14112": {"llm_label": "TASK_2", "label_logprob": -9.2e-05, "p_task_1": 9.199576812979338e-05, "uncertainty": 0.000946978860581264}, "Sewers, Hand_14110_14113": {"llm_label": "TASK_2", "label_logprob": -0.203461, "p_task_1": 0.18409797611888046, "uncertainty": 0.4775508873008455}, "Sewers, Hand_14110_14114": {"llm_label": "TASK_2", "label_logprob": -2.6e-05, "p_task_1": 2.5999662002895718e-05, "uncertainty": 0.0003004888581468068}, "Sewers, Hand_14110_14115": {"llm_label": "TASK_2", "label_logprob": 0.0, "p_task_1": 0.0, "uncertainty": 0.0}, "Sewers, Hand_14110_14116": {"llm_label": "TASK_2", "label_logprob": 0.0, "p_task_1": 0.0, "uncertainty": 0.0}, "Sewers, Hand_14110_14118": {"llm_label": "TASK_2", "label_logprob": -5e-05, "p_task_1": 4.999875002087428e-05, "uncertainty": 0.0005451607485001352}, "Sewers, Hand_14110_24001": {"llm_label": "TASK_2", "label_logprob": 0.0, "p_task_1": 0.0, "uncertainty": 0.0}, "Sewers, Hand_14111_14112": {"llm_label": "TASK_1", "label_logprob": -0.051873, "p_task_1": 0.9494494392651653, "uncertainty": 0.20013315616130936}, "Sewers, Hand_14111_14113": {"llm_label": "TASK_1", "label_logprob": -5.3e-05, "p_task_1": 0.9999470014044752, "uncertainty": 0.0005747813563191094}, "Sewers, Hand_14111_14114": {"llm_label": "TASK_1", "label_logprob": -0.000705, "p_task_1": 0.9992952484541099, "uncertainty": 0.00581935394368653}, "Sewers, Hand_14111_14115": {"llm_label": "TASK_1", "label_logprob": -0.794405, "p_task_1": 0.4518500057087507, "uncertainty": 0.6885031431678534}, "Sewers, Hand_14111_14116": {"llm_label": "TASK_1", "label_logprob": -0.001374, "p_task_1": 0.9986269435058248, "uncertainty": 0.010421538834394287}, "Sewers, Hand_14111_14118": {"llm_label": "TASK_1", "label_logprob": -0.000368, "p_task_1": 0.9996320677036947, "uncertainty": 0.003277330300400403}, "Sewers, Hand_14111_24001": {"llm_label": "TASK_2", "label_logprob": -0.000211, "p_task_1": 0.00021097774106559886, "uncertainty": 0.001996620011139846}, "Sewers, Hand_14112_14113": {"llm_label": "TASK_1", "label_logprob": -0.050062, "p_task_1": 0.9511704501046201, "uncertainty": 0.19505439600147711}, "Sewers, Hand_14112_14114": {"llm_label": "EQUAL_TIME", "label_logprob": -0.004128, "p_task_1": 0.5, "uncertainty": 0.6931471805599453}, "Sewers, Hand_14112_14115": {"llm_label": "TASK_2", "label_logprob": -0.127554, "p_task_1": 0.1197541187267892, "uncertainty": 0.3664348035804231}, "Sewers, Hand_14112_14116": {"llm_label": "TASK_2", "label_logprob": -0.007732, "p_task_1": 0.0077021849807301646, "uncertainty": 0.04515321381605098}, "Sewers, Hand_14112_14118": {"llm_label": "EQUAL_TIME", "label_logprob": -0.509499, "p_task_1": 0.5, "uncertainty": 0.6931471805599453}, "Sewers, Hand_14112_24001": {"llm_label": "TASK_2", "label_logprob": -1e-06, "p_task_1": 9.999994999843054e-07, "uncertainty": 1.4815503149992376e-05}, "Sewers, Hand_14113_14114": {"llm_label": "TASK_2", "label_logprob": -0.000531, "p_task_1": 0.0005308590444502714, "uncertainty": 0.004533933613331168}, "Sewers, Hand_14113_14115": {"llm_label": "TASK_2", "label_logprob": -0.100294, "p_task_1": 0.0954285650635115, "uncertainty": 0.31492079405044393}, "Sewers, Hand_14113_14116": {"llm_label": "TASK_2", "label_logprob": -8.4e-05, "p_task_1": 8.399647209877958e-05, "uncertainty": 0.0008722776396170715}, "Sewers, Hand_14113_14118": {"llm_label": "TASK_2", "label_logprob": -0.024701, "p_task_1": 0.024398426706784715, "uncertainty": 0.11469546617492678}, "Sewers, Hand_14113_24001": {"llm_label": "TASK_2", "label_logprob": 0.0, "p_task_1": 0.0, "uncertainty": 0.0}, "Sewers, Hand_14114_14115": {"llm_label": "TASK_2", "label_logprob": -0.018082, "p_task_1": 0.01791950154441757, "uncertainty": 0.0898278079703067}, "Sewers, Hand_14114_14116": {"llm_label": "TASK_2", "label_logprob": -0.034044, "p_task_1": 0.03347102357306986, "uncertainty": 0.146608095983743}, "Sewers, Hand_14114_14118": {"llm_label": "EQUAL_TIME", "label_logprob": -0.773743, "p_task_1": 0.5, "uncertainty": 0.6931471805599453}, "Sewers, Hand_14114_24001": {"llm_label": "TASK_2", "label_logprob": 0.0, "p_task_1": 0.0, "uncertainty": 0.0}, "Sewers, Hand_14115_14116": {"llm_label": "CANNOT_DECIDE", "label_logprob": -0.02775, "p_task_1": 0.5, "uncertainty": 0.6931471805599453}, "Sewers, Hand_14115_14118": {"llm_label": "EQUAL_TIME", "label_logprob": -0.38987, "p_task_1": 0.5, "uncertainty": 0.6931471805599453}, "Sewers, Hand_14115_24001": {"llm_label": "TASK_2", "label_logprob": -0.000193, "p_task_1": 0.00019298137669809812, "uncertainty": 0.00184351642647025}, "Sewers, Hand_14116_14118": {"llm_label": "CANNOT_DECIDE", "label_logprob": -0.165154, "p_task_1": 0.5, "uncertainty": 0.6931471805599453}, "Sewers, Hand_14116_24001": {"llm_label": "TASK_2", "label_logprob": 0.0, "p_task_1": 0.0, "uncertainty": 0.0}, "Sewers, Hand_14118_24001": {"llm_label": "TASK_2", "label_logprob": -1e-06, "p_task_1": 9.999994999843054e-07, "uncertainty": 1.4815503149992376e-05}}