{"Fabric and Apparel Patternmakers_12197_12198": {"llm_label": "TASK_1", "label_logprob": -4e-06, "p_task_1": 0.999996000008, "uncertainty": 5.371675735315082e-05}, "Fabric and Apparel Patternmakers_12197_12199": {"llm_label": "TASK_1", "label_logprob": -4e-06, "p_task_1": 0.999996000008, "uncertainty": 5.371675735315082e-05}, "Fabric and Apparel Patternmakers_12197_12200": {"llm_label": "TASK_2", "label_logprob": -0.31327, "p_task_1": 0.26894749825585096, "uncertainty": 0.582209185680162}, "Fabric and Apparel Patternmakers_12197_12201": {"llm_label": "TASK_1", "label_logprob": -7.6e-05, "p_task_1": 0.9999240028879268, "uncertainty": 0.0007968127892924509}, "Fabric and Apparel Patternmakers_12197_12202": {"llm_label": "TASK_1", "label_logprob": -0.001321, "p_task_1": 0.998679872136427, "uncertainty": 0.010071739068559158}, "Fabric and Apparel Patternmakers_12197_12203": {"llm_label": "TASK_1", "label_logprob": -1e-06, "p_task_1": 0.9999990000005, "uncertainty": 1.4815503149992376e-05}, "Fabric and Apparel Patternmakers_12197_12204": {"llm_label": "TASK_1", "label_logprob": -0.000711, "p_task_1": 0.9992892527006064, "uncertainty": 0.005862839437695975}, "Fabric and Apparel Patternmakers_12197_12205": {"llm_label": "TASK_1", "label_logprob": 0.0, "p_task_1": 1.0, "uncertainty": 0.0}, "Fabric and Apparel Patternmakers_12197_12206": {"llm_label": "TASK_1", "label_logprob": 0.0, "p_task_1": 1.0, "uncertainty": 0.0}, "Fabric and Apparel Patternmakers_12197_12207": {"llm_label": "TASK_1", "label_logprob": -3e-06, "p_task_1": 0.9999970000045, "uncertainty": 4.1150633082097105e-05}, "Fabric and Apparel Patternmakers_12197_12208": {"llm_label": "TASK_1", "label_logprob": 0.0, "p_task_1": 1.0, "uncertainty": 0.0}, "Fabric and Apparel Patternmakers_12197_12209": {"llm_label": "TASK_1", "label_logprob": -1e-06, "p_task_1": 0.9999990000005, "uncertainty": 1.4815503149992376e-05}, "Fabric and Apparel Patternmakers_12197_20930": {"llm_label": "TASK_1", "label_logprob": 0.0, "p_task_1": 1.0, "uncertainty": 0.0}, "Fabric and Apparel Patternmakers_12197_20931": {"llm_label": "TASK_1", "label_logprob": -2.7e-05, "p_task_1": 0.9999730003644968, "uncertainty": 0.00031102699079997}, "Fabric and Apparel Patternmakers_12197_20932": {"llm_label": "TASK_1", "label_logprob": -1e-05, "p_task_1": 0.9999900000499998, "uncertainty": 0.00012512862900562218}, "Fabric and Apparel Patternmakers_12198_12199": {"llm_label": "TASK_1", "label_logprob": -0.681525, "p_task_1": 0.5058449902534582, "uncertainty": 0.6930788511815038}, "Fabric and Apparel Patternmakers_12198_12200": {"llm_label": "TASK_2", "label_logprob": 0.0, "p_task_1": 0.0, "uncertainty": 0.0}, "Fabric and Apparel Patternmakers_12198_12201": {"llm_label": "TASK_2", "label_logprob": 0.0, "p_task_1": 0.0, "uncertainty": 0.0}, "Fabric and Apparel Patternmakers_12198_12202": {"llm_label": "TASK_2", "label_logprob": 0.0, "p_task_1": 0.0, "uncertainty": 0.0}, "Fabric and Apparel Patternmakers_12198_12203": {"llm_label": "TASK_1", "label_logprob": -0.09213, "p_task_1": 0.9119865835826041, "uncertainty": 0.29791733889030503}, "Fabric and Apparel Patternmakers_12198_12204": {"llm_label": "TASK_2", "label_logprob": -4e-06, "p_task_1": 3.9999919999589295e-06, "uncertainty": 5.371675735315082e-05}, "Fabric and Apparel Patternmakers_12198_12205": {"llm_label": "TASK_1", "label_logprob": -7e-06, "p_task_1": 0.9999930000245, "uncertainty": 9.008688755748087e-05}, "Fabric and Apparel Patternmakers_12198_12206": {"llm_label": "TASK_1", "label_logprob": -8e-05, "p_task_1": 0.9999200031999147, "uncertainty": 0.0008346453276260399}, "Fabric and Apparel Patternmakers_12198_12207": {"llm_label": "TASK_2", "label_logprob": -0.001895, "p_task_1": 0.0018932056211282688, "uncertainty": 0.01376083432970419}, "Fabric and Apparel Patternmakers_12198_12208": {"llm_label": "TASK_1", "label_logprob": -0.055637, "p_task_1": 0.9458824289006362, "uncertainty": 0.21046517139291807}, "Fabric and Apparel Patternmakers_12198_12209": {"llm_label": "TASK_1", "label_logprob": -0.022696, "p_task_1": 0.9775596167302653, "uncertainty": 0.10739042987953916}, "Fabric and Apparel Patternmakers_12198_20930": {"llm_label": "TASK_1", "label_logprob": -0.00022, "p_task_1": 0.9997800241982254, "uncertainty": 0.002072586270149186}, "Fabric and Apparel Patternmakers_12198_20931": {"llm_label": "TASK_2", "label_logprob": -0.003359, "p_task_1": 0.003353364870732123, "uncertainty": 0.022454508221644062}, "Fabric and Apparel Patternmakers_12198_20932": {"llm_label": "TASK_2", "label_logprob": -0.000405, "p_task_1": 0.0004049179985705642, "uncertainty": 0.0035679849508428465}, "Fabric and Apparel Patternmakers_12199_12200": {"llm_label": "TASK_2", "label_logprob": 0.0, "p_task_1": 0.0, "uncertainty": 0.0}, "Fabric and Apparel Patternmakers_12199_12201": {"llm_label": "TASK_2", "label_logprob": 0.0, "p_task_1": 0.0, "uncertainty": 0.0}, "Fabric and Apparel Patternmakers_12199_12202": {"llm_label": "TASK_2", "label_logprob": 0.0, "p_task_1": 0.0, "uncertainty": 0.0}, "Fabric and Apparel Patternmakers_12199_12203": {"llm_label": "TASK_2", "label_logprob": -0.01834, "p_task_1": 0.018172845630226697, "uncertainty": 0.09084032771254943}, "Fabric and Apparel Patternmakers_12199_12204": {"llm_label": "TASK_2", "label_logprob": -1e-06, "p_task_1": 9.999994999843054e-07, "uncertainty": 1.4815503149992376e-05}, "Fabric and Apparel Patternmakers_12199_12205": {"llm_label": "TASK_1", "label_logprob": -1.9e-05, "p_task_1": 0.9999810001804988, "uncertainty": 0.00022554821728270377}, "Fabric and Apparel Patternmakers_12199_12206": {"llm_label": "TASK_1", "label_logprob": -0.025822, "p_task_1": 0.9745085366910321, "uncertainty": 0.1187024320049942}, "Fabric and Apparel Patternmakers_12199_12207": {"llm_label": "TASK_2", "label_logprob": -3e-06, "p_task_1": 2.9999955000192813e-06, "uncertainty": 4.1150633082097105e-05}, "Fabric and Apparel Patternmakers_12199_12208": {"llm_label": "TASK_1", "label_logprob": -0.441185, "p_task_1": 0.6432736899316189, "uncertainty": 0.6515113424222023}, "Fabric and Apparel Patternmakers_12199_12209": {"llm_label": "TASK_2", "label_logprob": -0.000284, "p_task_1": 0.00028395967581740233, "uncertainty": 0.002602926682694061}, "Fabric and Apparel Patternmakers_12199_20930": {"llm_label": "TASK_1", "label_logprob": -0.508657, "p_task_1": 0.6013025861587474, "uncertainty": 0.6724799776320727}, "Fabric and Apparel Patternmakers_12199_20931": {"llm_label": "TASK_2", "label_logprob": -0.000582, "p_task_1": 0.0005818306708514909, "uncertainty": 0.00491591068359955}, "Fabric and Apparel Patternmakers_12199_20932": {"llm_label": "TASK_2", "label_logprob": -0.000188, "p_task_1": 0.00018798232910743895, "uncertainty": 0.001800695625470063}, "Fabric and Apparel Patternmakers_12200_12201": {"llm_label": "TASK_1", "label_logprob": -0.012296, "p_task_1": 0.9877792869160985, "uncertainty": 0.06597336770897465}, "Fabric and Apparel Patternmakers_12200_12202": {"llm_label": "TASK_1", "label_logprob": -0.000131, "p_task_1": 0.9998690085801253, "uncertainty": 0.0013020957447146641}, "Fabric and Apparel Patternmakers_12200_12203": {"llm_label": "TASK_1", "label_logprob": -5e-06, "p_task_1": 0.9999950000125, "uncertainty": 6.603019815215604e-05}, "Fabric and Apparel Patternmakers_12200_12204": {"llm_label": "TASK_1", "label_logprob": -0.127968, "p_task_1": 0.8798815349032661, "uncertainty": 0.36716095827501527}, "Fabric and Apparel Patternmakers_12200_12205": {"llm_label": "TASK_1", "label_logprob": 0.0, "p_task_1": 1.0, "uncertainty": 0.0}, "Fabric and Apparel Patternmakers_12200_12206": {"llm_label": "TASK_1", "label_logprob": -2e-06, "p_task_1": 0.999998000002, "uncertainty": 2.8244698509961958e-05}, "Fabric and Apparel Patternmakers_12200_12207": {"llm_label": "TASK_1", "label_logprob": -5.7e-05, "p_task_1": 0.9999430016244691, "uncertainty": 0.0006140126800174265}, "Fabric and Apparel Patternmakers_12200_12208": {"llm_label": "TASK_1", "label_logprob": 0.0, "p_task_1": 1.0,