{"Model Makers, Wood_14272_14273": {"llm_label": "TASK_2", "label_logprob": -0.00112, "p_task_1": 0.001119373034089155, "uncertainty": 0.008724871003653191}, "Model Makers, Wood_14272_14274": {"llm_label": "TASK_2", "label_logprob": -0.002313, "p_task_1": 0.002310327076720964, "uncertainty": 0.016332187548142755}, "Model Makers, Wood_14272_14275": {"llm_label": "TASK_2", "label_logprob": -3.7e-05, "p_task_1": 3.699931550849023e-05, "uncertainty": 0.00041456225843036797}, "Model Makers, Wood_14272_14276": {"llm_label": "TASK_2", "label_logprob": 0.0, "p_task_1": 0.0, "uncertainty": 0.0}, "Model Makers, Wood_14272_14277": {"llm_label": "TASK_2", "label_logprob": -0.316335, "p_task_1": 0.27118474384340174, "uncertainty": 0.5844336556993053}, "Model Makers, Wood_14272_14278": {"llm_label": "TASK_2", "label_logprob": 0.0, "p_task_1": 0.0, "uncertainty": 0.0}, "Model Makers, Wood_14272_14279": {"llm_label": "TASK_1", "label_logprob": -3e-06, "p_task_1": 0.9999970000045, "uncertainty": 4.1150633082097105e-05}, "Model Makers, Wood_14272_14280": {"llm_label": "TASK_2", "label_logprob": -2e-06, "p_task_1": 1.9999979999907325e-06, "uncertainty": 2.8244698509961958e-05}, "Model Makers, Wood_14272_14281": {"llm_label": "TASK_2", "label_logprob": -0.005226, "p_task_1": 0.005212368218900698, "uncertainty": 0.03259872550379026}, "Model Makers, Wood_14272_14282": {"llm_label": "TASK_1", "label_logprob": -8e-06, "p_task_1": 0.999992000032, "uncertainty": 0.00010188814457675767}, "Model Makers, Wood_14272_14283": {"llm_label": "TASK_2", "label_logprob": -1e-06, "p_task_1": 9.999994999843054e-07, "uncertainty": 1.4815503149992376e-05}, "Model Makers, Wood_14272_14284": {"llm_label": "TASK_1", "label_logprob": 0.0, "p_task_1": 1.0, "uncertainty": 0.0}, "Model Makers, Wood_14272_14285": {"llm_label": "TASK_2", "label_logprob": -0.464942, "p_task_1": 0.37182846191771457, "uncertainty": 0.6599216523844099}, "Model Makers, Wood_14273_14274": {"llm_label": "TASK_2", "label_logprob": -1e-06, "p_task_1": 9.999994999843054e-07, "uncertainty": 1.4815503149992376e-05}, "Model Makers, Wood_14273_14275": {"llm_label": "TASK_2", "label_logprob": 0.0, "p_task_1": 0.0, "uncertainty": 0.0}, "Model Makers, Wood_14273_14276": {"llm_label": "TASK_2", "label_logprob": 0.0, "p_task_1": 0.0, "uncertainty": 0.0}, "Model Makers, Wood_14273_14277": {"llm_label": "TASK_1", "label_logprob": -0.100856, "p_task_1": 0.9040632086150272, "uncertainty": 0.31606234365445673}, "Model Makers, Wood_14273_14278": {"llm_label": "TASK_2", "label_logprob": 0.0, "p_task_1": 0.0, "uncertainty": 0.0}, "Model Makers, Wood_14273_14279": {"llm_label": "TASK_1", "label_logprob": 0.0, "p_task_1": 1.0, "uncertainty": 0.0}, "Model Makers, Wood_14273_14280": {"llm_label": "TASK_2", "label_logprob": -5e-06, "p_task_1": 4.999987500031722e-06, "uncertainty": 6.603019815215604e-05}, "Model Makers, Wood_14273_14281": {"llm_label": "TASK_2", "label_logprob": -0.201866, "p_task_1": 0.18279557400121316, "uncertainty": 0.47560618015605105}, "Model Makers, Wood_14273_14282": {"llm_label": "TASK_1", "label_logprob": 0.0, "p_task_1": 1.0, "uncertainty": 0.0}, "Model Makers, Wood_14273_14283": {"llm_label": "TASK_2", "label_logprob": -2e-06, "p_task_1": 1.9999979999907325e-06, "uncertainty": 2.8244698509961958e-05}, "Model Makers, Wood_14273_14284": {"llm_label": "TASK_1", "label_logprob": 0.0, "p_task_1": 1.0, "uncertainty": 0.0}, "Model Makers, Wood_14273_14285": {"llm_label": "TASK_1", "label_logprob": -0.313495, "p_task_1": 0.7308880334346353, "uncertainty": 0.582373580126279}, "Model Makers, Wood_14274_14275": {"llm_label": "TASK_2", "label_logprob": -0.220804, "p_task_1": 0.19812616784008774, "uncertainty": 0.49779374210217653}, "Model Makers, Wood_14274_14276": {"llm_label": "TASK_2", "label_logprob": -0.001477, "p_task_1": 0.001475909772321482, "uncertainty": 0.011095509424261572}, "Model Makers, Wood_14274_14277": {"llm_label": "TASK_1", "label_logprob": -0.008772, "p_task_1": 0.9912663617403232, "uncertainty": 0.050097840366610275}, "Model Makers, Wood_14274_14278": {"llm_label": "TASK_2", "label_logprob": 0.0, "p_task_1": 0.0, "uncertainty": 0.0}, "Model Makers, Wood_14274_14279": {"llm_label": "TASK_1", "label_logprob": 0.0, "p_task_1": 1.0, "uncertainty": 0.0}, "Model Makers, Wood_14274_14280": {"llm_label": "TASK_2", "label_logprob": -0.182169, "p_task_1": 0.16653952630722157, "uncertainty": 0.4503565261469551}, "Model Makers, Wood_14274_14281": {"llm_label": "TASK_1", "label_logprob": -0.003342, "p_task_1": 0.9966635782660813, "uncertainty": 0.022357983661676267}, "Model Makers, Wood_14274_14282": {"llm_label": "TASK_1", "label_logprob": 0.0, "p_task_1": 1.0, "uncertainty": 0.0}, "Model Makers, Wood_14274_14283": {"llm_label": "TASK_2", "label_logprob": -0.038046, "p_task_1": 0.03733134288554685, "uncertainty": 0.15936823578959125}, "Model Makers, Wood_14274_14284": {"llm_label": "TASK_1", "label_logprob": 0.0, "p_task_1": 1.0, "uncertainty": 0.0}, "Model Makers, Wood_14274_14285": {"llm_label": "TASK_1", "label_logprob": -0.001131, "p_task_1": 0.9988696393394463, "uncertainty": 0.00879946566002578}, "Model Makers, Wood_14275_14276": {"llm_label": "EQUAL_TIME", "label_logprob": -0.204797, "p_task_1": 0.5, "uncertainty": 0.6931471805599453}, "Model Makers, Wood_14275_14277": {"llm_label": "TASK_1", "label_logprob": -0.00122, "p_task_1": 0.998780743897451, "uncertainty": 0.009399128833955314}, "Model Makers, Wood_14275_14278": {"llm_label": "TASK_2", "label_logprob": -4e-06, "p_task_1": 3.9999919999589295e-06, "uncertainty": 5.371675735315082e-05}, "Model Makers, Wood_14275_14279": {"llm_label": "TASK_1", "label_logprob": 0.0, "p_task_1": 1.0, "uncertainty": 0.0}, "Model Makers, Wood_14275_14280": {"llm_label": "TASK_2", "label_logprob": -0.11544, "p_task_1": 0.10902597092489852, "uncertainty": 0.3444740362939128}, "Model Makers, Wood_14275_14281": {"llm_label": "TASK_1", "label_logprob": -5e-06, "p_task_1": 0.9999950000125, "uncertainty": 6.603019815215604e-05}, "Model Makers, Wood_14275_14282": {"llm_label": "TASK_1", "label_logprob": 0.0, "p_task_1": 1.0, "uncertainty": 0.0}, "Model Makers, Wood_14275_14283": {"llm_label": "TASK_2", "label_logprob": -0.053748, "p_task_1": 0.05232911052197187, "uncertainty": 0.20531688536142378}, "Model Makers, Wood_14275_14284": {"llm_label": "TASK_1", "label_logprob": 0.0, "p_task_1": 1.0, "uncertainty": 0.0}, "Model Makers, Wood_14275_14285": {"llm_label": "TASK_1", "label_logprob": -4e-06, "p_task_1": 0.999996000008, "uncertainty": 5.371675735315082e-05}, "Model Makers, Wood_14276_14277": {"llm_label": "TASK_1", "label_logprob": -9.2e-05, "p_task_1": 0.9999080042318702, "uncertainty": 0.000946978860581264}, "Model Makers, Wood_14276_14278": {"llm_label": "TASK_2", "label_logprob": 0.0, "p_task_1": 0.0, "uncertainty": 0.0}, "Model Makers, Wood_14276_14279": {"llm_label": "TASK_1", "label_logprob": 0.0, "p_task_1": 1.0, "uncertainty": 0.0}, "Model Makers, Wood_14276_14280": {"llm_label": "TASK_2", "label_logprob": -0.07989, "p_task_1": 0.07678210523020301, "uncertainty": 0.27083893152718586}, "Model Makers, Wood_14276_14281": {"llm_label": "TASK_1", "label_logprob": -0.000129, "p_task_1": 0.9998710083201422, "uncertainty": 0.001284202229079842}, "Model Makers, Wood_14276_14282": {"llm_label": "TASK_1", "label_logprob": 0.0, "p_task_1": 1.0, "uncertainty": 0.0}, "Model Makers, Wood_14276_14283": {"llm_label": "TASK_2", "label_logprob": -9.4e-05, "p_task_1": 9.399558213840642e-05, "uncertainty": 0.000965542901722332}, "Model Makers, Wood_14276_14284": {"llm_label": "TASK_1", "label_logprob": 0.0, "p_task_1": 1.0, "uncertainty": 0.0}, "Model Makers, Wood_14276_14285": {"llm_label": "TASK_1", "label_logprob": -1.1e-05, "p_task_1": 0.9999890000604997, "uncertainty": 0.0001365930168744248}, "Model Makers, Wood_14277_14278": {"llm_label": "TASK_2", "label_logprob": 0.0, "p_task_1": 0.0, "uncertainty": 0.0}, "Model Makers, Wood_14277_14279": {"llm_label": "TASK_1", "label_logprob": 0.0,