{"Stone Cutters and Carvers, Manufacturing_12614_12615": {"llm_label": "TASK_1", "label_logprob": 0.0, "p_task_1": 1.0, "uncertainty": 0.0}, "Stone Cutters and Carvers, Manufacturing_12614_12616": {"llm_label": "TASK_1", "label_logprob": 0.0, "p_task_1": 1.0, "uncertainty": 0.0}, "Stone Cutters and Carvers, Manufacturing_12614_12617": {"llm_label": "TASK_1", "label_logprob": -1e-06, "p_task_1": 0.9999990000005, "uncertainty": 1.4815503149992376e-05}, "Stone Cutters and Carvers, Manufacturing_12614_12618": {"llm_label": "TASK_1", "label_logprob": -0.000835, "p_task_1": 0.9991653485154898, "uncertainty": 0.0067507270291413705}, "Stone Cutters and Carvers, Manufacturing_12614_12619": {"llm_label": "TASK_1", "label_logprob": -0.348114, "p_task_1": 0.7060183855305521, "uncertainty": 0.6056783625231512}, "Stone Cutters and Carvers, Manufacturing_12614_12620": {"llm_label": "TASK_1", "label_logprob": 0.0, "p_task_1": 1.0, "uncertainty": 0.0}, "Stone Cutters and Carvers, Manufacturing_12614_12621": {"llm_label": "TASK_1", "label_logprob": 0.0, "p_task_1": 1.0, "uncertainty": 0.0}, "Stone Cutters and Carvers, Manufacturing_12614_12622": {"llm_label": "TASK_1", "label_logprob": -0.001101, "p_task_1": 0.9988996058781223, "uncertainty": 0.008595768816346761}, "Stone Cutters and Carvers, Manufacturing_12614_12623": {"llm_label": "TASK_1", "label_logprob": -0.010199, "p_task_1": 0.9898528334344334, "uncertainty": 0.056676693796207246}, "Stone Cutters and Carvers, Manufacturing_12614_12624": {"llm_label": "CANNOT_DECIDE", "label_logprob": -0.020812, "p_task_1": 0.5, "uncertainty": 0.6931471805599453}, "Stone Cutters and Carvers, Manufacturing_12614_12625": {"llm_label": "TASK_1", "label_logprob": -6e-06, "p_task_1": 0.999994000018, "uncertainty": 7.814227210513045e-05}, "Stone Cutters and Carvers, Manufacturing_12614_12626": {"llm_label": "TASK_1", "label_logprob": -3e-06, "p_task_1": 0.9999970000045, "uncertainty": 4.1150633082097105e-05}, "Stone Cutters and Carvers, Manufacturing_12614_12627": {"llm_label": "TASK_1", "label_logprob": -7e-06, "p_task_1": 0.9999930000245, "uncertainty": 9.008688755748087e-05}, "Stone Cutters and Carvers, Manufacturing_12614_12628": {"llm_label": "TASK_1", "label_logprob": 0.0, "p_task_1": 1.0, "uncertainty": 0.0}, "Stone Cutters and Carvers, Manufacturing_12614_12629": {"llm_label": "TASK_1", "label_logprob": -1.2e-05, "p_task_1": 0.9999880000719997, "uncertainty": 0.00014796635909808146}, "Stone Cutters and Carvers, Manufacturing_12615_12616": {"llm_label": "TASK_2", "label_logprob": -3.9e-05, "p_task_1": 3.899923950989592e-05, "uncertainty": 0.0004349175266172239}, "Stone Cutters and Carvers, Manufacturing_12615_12617": {"llm_label": "TASK_2", "label_logprob": -0.004122, "p_task_1": 0.0041135162187184715, "uncertainty": 0.026702551187098265}, "Stone Cutters and Carvers, Manufacturing_12615_12618": {"llm_label": "TASK_2", "label_logprob": 0.0, "p_task_1": 0.0, "uncertainty": 0.0}, "Stone Cutters and Carvers, Manufacturing_12615_12619": {"llm_label": "TASK_2", "label_logprob": 0.0, "p_task_1": 0.0, "uncertainty": 0.0}, "Stone Cutters and Carvers, Manufacturing_12615_12620": {"llm_label": "TASK_1", "label_logprob": -0.000542, "p_task_1": 0.999458146855467, "uncertainty": 0.004616721311775754}, "Stone Cutters and Carvers, Manufacturing_12615_12621": {"llm_label": "TASK_1", "label_logprob": -3e-05, "p_task_1": 0.9999700004499955, "uncertainty": 0.00034242425890051087}, "Stone Cutters and Carvers, Manufacturing_12615_12622": {"llm_label": "TASK_2", "label_logprob": 0.0, "p_task_1": 0.0, "uncertainty": 0.0}, "Stone Cutters and Carvers, Manufacturing_12615_12623": {"llm_label": "TASK_2", "label_logprob": 0.0, "p_task_1": 0.0, "uncertainty": 0.0}, "Stone Cutters and Carvers, Manufacturing_12615_12624": {"llm_label": "TASK_2", "label_logprob": 0.0, "p_task_1": 0.0, "uncertainty": 0.0}, "Stone Cutters and Carvers, Manufacturing_12615_12625": {"llm_label": "TASK_2", "label_logprob": -1e-06, "p_task_1": 9.999994999843054e-07, "uncertainty": 1.4815503149992376e-05}, "Stone Cutters and Carvers, Manufacturing_12615_12626": {"llm_label": "TASK_1", "label_logprob": -0.308179, "p_task_1": 0.7347837799401535, "uncertainty": 0.5784425130595033}, "Stone Cutters and Carvers, Manufacturing_12615_12627": {"llm_label": "TASK_2", "label_logprob": -0.001469, "p_task_1": 0.0014679215476468555, "uncertainty": 0.01104342844580156}, "Stone Cutters and Carvers, Manufacturing_12615_12628": {"llm_label": "TASK_1", "label_logprob": -0.128627, "p_task_1": 0.8793018839877192, "uncertainty": 0.368313634923292}, "Stone Cutters and Carvers, Manufacturing_12615_12629": {"llm_label": "TASK_2", "label_logprob": -1e-06, "p_task_1": 9.999994999843054e-07, "uncertainty": 1.4815503149992376e-05}, "Stone Cutters and Carvers, Manufacturing_12616_12617": {"llm_label": "TASK_1", "label_logprob": -0.170413, "p_task_1": 0.8433164549687571, "uncertainty": 0.4341292908535975}, "Stone Cutters and Carvers, Manufacturing_12616_12618": {"llm_label": "TASK_2", "label_logprob": 0.0, "p_task_1": 0.0, "uncertainty": 0.0}, "Stone Cutters and Carvers, Manufacturing_12616_12619": {"llm_label": "TASK_2", "label_logprob": 0.0, "p_task_1": 0.0, "uncertainty": 0.0}, "Stone Cutters and Carvers, Manufacturing_12616_12620": {"llm_label": "TASK_1", "label_logprob": -1e-06, "p_task_1": 0.9999990000005, "uncertainty": 1.4815503149992376e-05}, "Stone Cutters and Carvers, Manufacturing_12616_12621": {"llm_label": "TASK_1", "label_logprob": -1e-06, "p_task_1": 0.9999990000005, "uncertainty": 1.4815503149992376e-05}, "Stone Cutters and Carvers, Manufacturing_12616_12622": {"llm_label": "TASK_2", "label_logprob": -1e-06, "p_task_1": 9.999994999843054e-07, "uncertainty": 1.4815503149992376e-05}, "Stone Cutters and Carvers, Manufacturing_12616_12623": {"llm_label": "TASK_2", "label_logprob": 0.0, "p_task_1": 0.0, "uncertainty": 0.0}, "Stone Cutters and Carvers, Manufacturing_12616_12624": {"llm_label": "TASK_2", "label_logprob": 0.0, "p_task_1": 0.0, "uncertainty": 0.0}, "Stone Cutters and Carvers, Manufacturing_12616_12625": {"llm_label": "TASK_2", "label_logprob": -0.005725, "p_task_1": 0.005708643416200032, "uncertainty": 0.035181878974122754}, "Stone Cutters and Carvers, Manufacturing_12616_12626": {"llm_label": "TASK_1", "label_logprob": -0.00768, "p_task_1": 0.9923494158472608, "uncertainty": 0.04490233562220508}, "Stone Cutters and Carvers, Manufacturing_12616_12627": {"llm_label": "TASK_1", "label_logprob": -0.181611, "p_task_1": 0.8339256744160302, "uncertainty": 0.449606608346711}, "Stone Cutters and Carvers, Manufacturing_12616_12628": {"llm_label": "TASK_1", "label_logprob": -1.4e-05, "p_task_1": 0.9999860000979995, "uncertainty": 0.0001704691519101948}, "Stone Cutters and Carvers, Manufacturing_12616_12629": {"llm_label": "TASK_2", "label_logprob": -5e-06, "p_task_1": 4.999987500031722e-06, "uncertainty": 6.603019815215604e-05}, "Stone Cutters and Carvers, Manufacturing_12617_12618": {"llm_label": "TASK_2", "label_logprob": 0.0, "p_task_1": 0.0, "uncertainty": 0.0}, "Stone Cutters and Carvers, Manufacturing_12617_12619": {"llm_label": "TASK_2", "label_logprob": 0.0, "p_task_1": 0.0, "uncertainty": 0.0}, "Stone Cutters and Carvers, Manufacturing_12617_12620": {"llm_label": "TASK_1", "label_logprob": -4.4e-05, "p_task_1": 0.9999560009679858, "uncertainty": 0.0004853674424999764}, "Stone Cutters and Carvers, Manufacturing_12617_12621": {"llm_label": "TASK_1", "label_logprob": -6e-05, "p_task_1": 0.999940001799964, "uncertainty": 0.0006432506620406343}, "Stone Cutters and Carvers, Manufacturing_12617_12622": {"llm_label": "TASK_2", "label_logprob": 0.0, "p_task_1": 0.0, "uncertainty": 0.0}, "Stone Cutters and Carvers, Manufacturing_12617_12623": {"llm_label": "TASK_2", "label_logprob": -1e-06, "p_task_1": 9.999994999843054e-07, "uncertainty": 1.4815503149992376e-05}, "Stone Cutters and Carvers, Manufacturing_12617_12624": {"llm_label": "TASK_2", "label_logprob": 0.0, "p_task_1": 0.0,