{"Cleaning, Washing, and Metal Pickling Equipment Operators and Tenders_14367_14368": {"llm_label": "TASK_1", "label_logprob": -0.001218, "p_task_1": 0.9987827414609363, "uncertainty": 0.009385726950854649}, "Cleaning, Washing, and Metal Pickling Equipment Operators and Tenders_14367_14369": {"llm_label": "TASK_1", "label_logprob": -0.403192, "p_task_1": 0.6681837957180304, "uncertainty": 0.6354573918471775}, "Cleaning, Washing, and Metal Pickling Equipment Operators and Tenders_14367_14370": {"llm_label": "TASK_1", "label_logprob": -0.001946, "p_task_1": 0.9980558922303742, "uncertainty": 0.014079188522060505}, "Cleaning, Washing, and Metal Pickling Equipment Operators and Tenders_14367_14371": {"llm_label": "TASK_1", "label_logprob": -0.039261, "p_task_1": 0.9614997249661398, "uncertainty": 0.16314829743002776}, "Cleaning, Washing, and Metal Pickling Equipment Operators and Tenders_14367_14372": {"llm_label": "TASK_1", "label_logprob": -0.003846, "p_task_1": 0.9961613863856195, "uncertainty": 0.02518407774186726}, "Cleaning, Washing, and Metal Pickling Equipment Operators and Tenders_14367_14373": {"llm_label": "TASK_1", "label_logprob": -0.001951, "p_task_1": 0.9980509019633887, "uncertainty": 0.014110326397264221}, "Cleaning, Washing, and Metal Pickling Equipment Operators and Tenders_14367_14374": {"llm_label": "TASK_1", "label_logprob": -0.001104, "p_task_1": 0.9988966091837997, "uncertainty": 0.008616175177804154}, "Cleaning, Washing, and Metal Pickling Equipment Operators and Tenders_14367_14375": {"llm_label": "TASK_1", "label_logprob": -1.9e-05, "p_task_1": 0.9999810001804988, "uncertainty": 0.00022554821728270377}, "Cleaning, Washing, and Metal Pickling Equipment Operators and Tenders_14367_14376": {"llm_label": "TASK_1", "label_logprob": -0.062578, "p_task_1": 0.9393397914521966, "uncertainty": 0.22878025868639668}, "Cleaning, Washing, and Metal Pickling Equipment Operators and Tenders_14367_14377": {"llm_label": "TASK_1", "label_logprob": -0.024588, "p_task_1": 0.9757118224999604, "uncertainty": 0.11428855235102543}, "Cleaning, Washing, and Metal Pickling Equipment Operators and Tenders_14368_14369": {"llm_label": "TASK_2", "label_logprob": 0.0, "p_task_1": 0.0, "uncertainty": 0.0}, "Cleaning, Washing, and Metal Pickling Equipment Operators and Tenders_14368_14370": {"llm_label": "TASK_2", "label_logprob": -0.006753, "p_task_1": 0.006730249735152127, "uncertainty": 0.040366492164975454}, "Cleaning, Washing, and Metal Pickling Equipment Operators and Tenders_14368_14371": {"llm_label": "TASK_2", "label_logprob": -0.000262, "p_task_1": 0.0002619656809972337, "uncertainty": 0.0024224401534331287}, "Cleaning, Washing, and Metal Pickling Equipment Operators and Tenders_14368_14372": {"llm_label": "TASK_2", "label_logprob": -0.011751, "p_task_1": 0.011682226648307203, "uncertainty": 0.06359597048835972}, "Cleaning, Washing, and Metal Pickling Equipment Operators and Tenders_14368_14373": {"llm_label": "EQUAL_TIME", "label_logprob": -0.003319, "p_task_1": 0.5, "uncertainty": 0.6931471805599453}, "Cleaning, Washing, and Metal Pickling Equipment Operators and Tenders_14368_14374": {"llm_label": "TASK_2", "label_logprob": -0.00526, "p_task_1": 0.005246190423400576, "uncertainty": 0.032776232568958945}, "Cleaning, Washing, and Metal Pickling Equipment Operators and Tenders_14368_14375": {"llm_label": "EQUAL_TIME", "label_logprob": -0.485427, "p_task_1": 0.5, "uncertainty": 0.6931471805599453}, "Cleaning, Washing, and Metal Pickling Equipment Operators and Tenders_14368_14376": {"llm_label": "TASK_2", "label_logprob": -3.9e-05, "p_task_1": 3.899923950989592e-05, "uncertainty": 0.0004349175266172239}, "Cleaning, Washing, and Metal Pickling Equipment Operators and Tenders_14368_14377": {"llm_label": "TASK_2", "label_logprob": -0.006906, "p_task_1": 0.006882208381809751, "uncertainty": 0.041123718561483086}, "Cleaning, Washing, and Metal Pickling Equipment Operators and Tenders_14369_14370": {"llm_label": "TASK_1", "label_logprob": -5e-06, "p_task_1": 0.9999950000125, "uncertainty": 6.603019815215604e-05}, "Cleaning, Washing, and Metal Pickling Equipment Operators and Tenders_14369_14371": {"llm_label": "TASK_1", "label_logprob": -3.1e-05, "p_task_1": 0.9999690004804951, "uncertainty": 0.0003528217551931141}, "Cleaning, Washing, and Metal Pickling Equipment Operators and Tenders_14369_14372": {"llm_label": "TASK_1", "label_logprob": -0.007308, "p_task_1": 0.9927186385011117, "uncertainty": 0.04309683408575473}, "Cleaning, Washing, and Metal Pickling Equipment Operators and Tenders_14369_14373": {"llm_label": "TASK_1", "label_logprob": -4.3e-05, "p_task_1": 0.9999570009244867, "uncertainty": 0.0004753251294579815}, "Cleaning, Washing, and Metal Pickling Equipment Operators and Tenders_14369_14374": {"llm_label": "TASK_1", "label_logprob": -2.1e-05, "p_task_1": 0.9999790002204985, "uncertainty": 0.0002471881550406985}, "Cleaning, Washing, and Metal Pickling Equipment Operators and Tenders_14369_14375": {"llm_label": "TASK_1", "label_logprob": -6e-06, "p_task_1": 0.999994000018, "uncertainty": 7.814227210513045e-05}, "Cleaning, Washing, and Metal Pickling Equipment Operators and Tenders_14369_14376": {"llm_label": "TASK_1", "label_logprob": -0.000605, "p_task_1": 0.999395182975598, "uncertainty": 0.005086681803286876}, "Cleaning, Washing, and Metal Pickling Equipment Operators and Tenders_14369_14377": {"llm_label": "TASK_1", "label_logprob": -0.041007, "p_task_1": 0.9598224111674051, "uncertainty": 0.16850812453658376}, "Cleaning, Washing, and Metal Pickling Equipment Operators and Tenders_14370_14371": {"llm_label": "TASK_2", "label_logprob": -0.10637, "p_task_1": 0.1009080774858393, "uncertainty": 0.32707365469369765}, "Cleaning, Washing, and Metal Pickling Equipment Operators and Tenders_14370_14372": {"llm_label": "TASK_2", "label_logprob": -0.025758, "p_task_1": 0.025429092766783623, "uncertainty": 0.11847510098281527}, "Cleaning, Washing, and Metal Pickling Equipment Operators and Tenders_14370_14373": {"llm_label": "EQUAL_TIME", "label_logprob": -0.008141, "p_task_1": 0.5, "uncertainty": 0.6931471805599453}, "Cleaning, Washing, and Metal Pickling Equipment Operators and Tenders_14370_14374": {"llm_label": "TASK_2", "label_logprob": -0.051771, "p_task_1": 0.050453711952825664, "uncertainty": 0.1998490097964596}, "Cleaning, Washing, and Metal Pickling Equipment Operators and Tenders_14370_14375": {"llm_label": "TASK_1", "label_logprob": -0.281696, "p_task_1": 0.7545030185901975, "uncertainty": 0.5573337818562972}, "Cleaning, Washing, and Metal Pickling Equipment Operators and Tenders_14370_14376": {"llm_label": "TASK_2", "label_logprob": -6.5e-05, "p_task_1": 6.499788754577018e-05, "uncertainty": 0.0006916505348500037}, "Cleaning, Washing, and Metal Pickling Equipment Operators and Tenders_14370_14377": {"llm_label": "TASK_2", "label_logprob": -0.0003, "p_task_1": 0.0002999550044996413, "uncertainty": 0.0027331084393530337}, "Cleaning, Washing, and Metal Pickling Equipment Operators and Tenders_14371_14372": {"llm_label": "TASK_2", "label_logprob": -0.140721, "p_task_1": 0.13126834597918635, "uncertainty": 0.38879068741029305}, "Cleaning, Washing, and Metal Pickling Equipment Operators and Tenders_14371_14373": {"llm_label": "TASK_1", "label_logprob": -0.046453, "p_task_1": 0.9546094261586502, "uncertainty": 0.18471258897527787}, "Cleaning, Washing, and Metal Pickling Equipment Operators and Tenders_14371_14374": {"llm_label": "EQUAL_TIME", "label_logprob": -0.076371, "p_task_1": 0.5, "uncertainty": 0.6931471805599453}, "Cleaning, Washing, and Metal Pickling Equipment Operators and Tenders_14371_14375": {"llm_label": "TASK_1", "label_logprob": -0.002848, "p_task_1": 0.997156051704669, "uncertainty": 0.019512723492033725}, "Cleaning, Washing, and Metal Pickling Equipment Operators and Tenders_14371_14376": {"llm_label": "TASK_2", "label_logprob": -9.4e-05, "p_task_1": 9.399558213840642e-05, "uncertainty": 0.000965542901722332},