{"Paper Goods Machine Setters, Operators, and Tenders_12678_12679": {"llm_label": "TASK_1", "label_logprob": -0.006817, "p_task_1": 0.993206183035004, "uncertainty": 0.04068367041404035}, "Paper Goods Machine Setters, Operators, and Tenders_12678_12680": {"llm_label": "TASK_1", "label_logprob": -0.00964, "p_task_1": 0.9904063158522463, "uncertainty": 0.054126012191733346}, "Paper Goods Machine Setters, Operators, and Tenders_12678_12681": {"llm_label": "TASK_2", "label_logprob": -0.034833, "p_task_1": 0.03423331417228426, "uncertainty": 0.1491627870646266}, "Paper Goods Machine Setters, Operators, and Tenders_12678_12682": {"llm_label": "TASK_1", "label_logprob": -0.100396, "p_task_1": 0.9044791733555456, "uncertainty": 0.3151282487425861}, "Paper Goods Machine Setters, Operators, and Tenders_12678_12683": {"llm_label": "EQUAL_TIME", "label_logprob": -0.01866, "p_task_1": 0.5, "uncertainty": 0.6931471805599453}, "Paper Goods Machine Setters, Operators, and Tenders_12678_12684": {"llm_label": "TASK_1", "label_logprob": -5e-06, "p_task_1": 0.9999950000125, "uncertainty": 6.603019815215604e-05}, "Paper Goods Machine Setters, Operators, and Tenders_12678_12685": {"llm_label": "TASK_2", "label_logprob": -0.266442, "p_task_1": 0.23389956373705867, "uncertainty": 0.5439454643728174}, "Paper Goods Machine Setters, Operators, and Tenders_12678_12686": {"llm_label": "TASK_1", "label_logprob": -0.000156, "p_task_1": 0.9998440121673673, "uncertainty": 0.0015233232877639182}, "Paper Goods Machine Setters, Operators, and Tenders_12678_12687": {"llm_label": "TASK_1", "label_logprob": -0.00265, "p_task_1": 0.9973535081504495, "uncertainty": 0.018348646524284345}, "Paper Goods Machine Setters, Operators, and Tenders_12678_12688": {"llm_label": "TASK_1", "label_logprob": -0.029035, "p_task_1": 0.9713824654853341, "uncertainty": 0.1299032426226823}, "Paper Goods Machine Setters, Operators, and Tenders_12678_12689": {"llm_label": "TASK_2", "label_logprob": -4e-06, "p_task_1": 3.9999919999589295e-06, "uncertainty": 5.371675735315082e-05}, "Paper Goods Machine Setters, Operators, and Tenders_12678_12690": {"llm_label": "TASK_1", "label_logprob": -3.6e-05, "p_task_1": 0.9999640006479922, "uncertainty": 0.0004043444200614643}, "Paper Goods Machine Setters, Operators, and Tenders_12678_12691": {"llm_label": "TASK_1", "label_logprob": -2.3e-05, "p_task_1": 0.999977000264498, "uncertainty": 0.00026863728652655293}, "Paper Goods Machine Setters, Operators, and Tenders_12679_12680": {"llm_label": "TASK_2", "label_logprob": -0.012007, "p_task_1": 0.011935203615851764, "uncertainty": 0.06471591408965245}, "Paper Goods Machine Setters, Operators, and Tenders_12679_12681": {"llm_label": "TASK_2", "label_logprob": -0.000205, "p_task_1": 0.00020497898893578892, "uncertainty": 0.0019457631714790353}, "Paper Goods Machine Setters, Operators, and Tenders_12679_12682": {"llm_label": "TASK_2", "label_logprob": -0.009175, "p_task_1": 0.00913303811898103, "uncertainty": 0.05197864423890876}, "Paper Goods Machine Setters, Operators, and Tenders_12679_12683": {"llm_label": "TASK_2", "label_logprob": -0.00918, "p_task_1": 0.009137992441404563, "uncertainty": 0.05200186221611881}, "Paper Goods Machine Setters, Operators, and Tenders_12679_12684": {"llm_label": "TASK_1", "label_logprob": -1.5e-05, "p_task_1": 0.9999850001124995, "uncertainty": 0.00018161054327026476}, "Paper Goods Machine Setters, Operators, and Tenders_12679_12685": {"llm_label": "TASK_2", "label_logprob": -7.7e-05, "p_task_1": 7.699703557606519e-05, "uncertainty": 0.0008062902529262152}, "Paper Goods Machine Setters, Operators, and Tenders_12679_12686": {"llm_label": "TASK_1", "label_logprob": -0.488646, "p_task_1": 0.6134564521445676, "uncertainty": 0.6671768371508221}, "Paper Goods Machine Setters, Operators, and Tenders_12679_12687": {"llm_label": "TASK_2", "label_logprob": -0.611257, "p_task_1": 0.4573316938872318, "uncertainty": 0.6895015795732747}, "Paper Goods Machine Setters, Operators, and Tenders_12679_12688": {"llm_label": "TASK_1", "label_logprob": -0.475247, "p_task_1": 0.6217314698248041, "uncertainty": 0.6632101223738571}, "Paper Goods Machine Setters, Operators, and Tenders_12679_12689": {"llm_label": "TASK_2", "label_logprob": 0.0, "p_task_1": 0.0, "uncertainty": 0.0}, "Paper Goods Machine Setters, Operators, and Tenders_12679_12690": {"llm_label": "TASK_1", "label_logprob": -0.016606, "p_task_1": 0.9835311195663253, "uncertainty": 0.08395839680208325}, "Paper Goods Machine Setters, Operators, and Tenders_12679_12691": {"llm_label": "TASK_1", "label_logprob": -0.001008, "p_task_1": 0.9989925078613443, "uncertainty": 0.007958973452359804}, "Paper Goods Machine Setters, Operators, and Tenders_12680_12681": {"llm_label": "TASK_2", "label_logprob": -0.129053, "p_task_1": 0.12107261884009357, "uncertainty": 0.3690566758626782}, "Paper Goods Machine Setters, Operators, and Tenders_12680_12682": {"llm_label": "EQUAL_TIME", "label_logprob": -0.00089, "p_task_1": 0.5, "uncertainty": 0.6931471805599453}, "Paper Goods Machine Setters, Operators, and Tenders_12680_12683": {"llm_label": "TASK_1", "label_logprob": -0.024416, "p_task_1": 0.9758796593669872, "uncertainty": 0.11366810532801674}, "Paper Goods Machine Setters, Operators, and Tenders_12680_12684": {"llm_label": "TASK_1", "label_logprob": 0.0, "p_task_1": 1.0, "uncertainty": 0.0}, "Paper Goods Machine Setters, Operators, and Tenders_12680_12685": {"llm_label": "TASK_2", "label_logprob": -0.046339, "p_task_1": 0.04528174216347991, "uncertainty": 0.18438095114250314}, "Paper Goods Machine Setters, Operators, and Tenders_12680_12686": {"llm_label": "TASK_1", "label_logprob": -3.8e-05, "p_task_1": 0.9999620007219908, "uncertainty": 0.0004247530567765096}, "Paper Goods Machine Setters, Operators, and Tenders_12680_12687": {"llm_label": "TASK_1", "label_logprob": -0.001193, "p_task_1": 0.9988077113415951, "uncertainty": 0.009217922460804582}, "Paper Goods Machine Setters, Operators, and Tenders_12680_12688": {"llm_label": "TASK_1", "label_logprob": -0.019682, "p_task_1": 0.9805104260509261, "uncertainty": 0.09604592441442741}, "Paper Goods Machine Setters, Operators, and Tenders_12680_12689": {"llm_label": "TASK_2", "label_logprob": 0.0, "p_task_1": 0.0, "uncertainty": 0.0}, "Paper Goods Machine Setters, Operators, and Tenders_12680_12690": {"llm_label": "TASK_1", "label_logprob": -8e-06, "p_task_1": 0.999992000032, "uncertainty": 0.00010188814457675767}, "Paper Goods Machine Setters, Operators, and Tenders_12680_12691": {"llm_label": "TASK_1", "label_logprob": -2.9e-05, "p_task_1": 0.9999710004204959, "uncertainty": 0.000331993413184829}, "Paper Goods Machine Setters, Operators, and Tenders_12681_12682": {"llm_label": "TASK_2", "label_logprob": -0.048751, "p_task_1": 0.04758174767965895, "uncertainty": 0.1913323259827604}, "Paper Goods Machine Setters, Operators, and Tenders_12681_12683": {"llm_label": "TASK_1", "label_logprob": -0.165955, "p_task_1": 0.8470843521275854, "uncertainty": 0.4277334125260494}, "Paper Goods Machine Setters, Operators, and Tenders_12681_12684": {"llm_label": "TASK_1", "label_logprob": -1.5e-05, "p_task_1": 0.9999850001124995, "uncertainty": 0.00018161054327026476}, "Paper Goods Machine Setters, Operators, and Tenders_12681_12685": {"llm_label": "TASK_1", "label_logprob": -0.665899, "p_task_1": 0.5138114035611512, "uncertainty": 0.6927656222919139}, "Paper Goods Machine Setters, Operators, and Tenders_12681_12686": {"llm_label": "TASK_1", "label_logprob": -0.000466, "p_task_1": 0.9995341085611362, "uncertainty": 0.004039896049837997}, "Paper Goods Machine Setters, Operators, and Tenders_12681_12687": {"llm_label": "TASK_1", "label_logprob": -0.06345, "p_task_1": 0.9385210441797412, "uncertainty": 0.23101767795347017}, "Paper Goods Machine Setters, Operators, and Tenders_12681_12688": {"llm_label": "TASK_1", "label_logprob": -0.004631, "p_task_1": 0.9953797065467844, "uncertainty": 0.02945429381359951},