{"Medical Appliance Technicians_10512_10513": {"llm_label": "TASK_2", "label_logprob": 0.0, "p_task_1": 0.0, "uncertainty": 0.0}, "Medical Appliance Technicians_10512_10514": {"llm_label": "TASK_1", "label_logprob": -1e-05, "p_task_1": 0.9999900000499998, "uncertainty": 0.00012512862900562218}, "Medical Appliance Technicians_10512_10515": {"llm_label": "TASK_2", "label_logprob": -0.000575, "p_task_1": 0.0005748347191802949, "uncertainty": 0.004863757341049658}, "Medical Appliance Technicians_10512_10516": {"llm_label": "TASK_1", "label_logprob": -0.023944, "p_task_1": 0.9763403832885004, "uncertainty": 0.11195875888984963}, "Medical Appliance Technicians_10512_10517": {"llm_label": "TASK_1", "label_logprob": -1.6e-05, "p_task_1": 0.9999840001279993, "uncertainty": 0.00019268520788660168}, "Medical Appliance Technicians_10512_10518": {"llm_label": "TASK_2", "label_logprob": -3e-05, "p_task_1": 2.9999550004489173e-05, "uncertainty": 0.00034242425890051087}, "Medical Appliance Technicians_10512_10519": {"llm_label": "TASK_1", "label_logprob": -0.288945, "p_task_1": 0.7490534022068682, "uncertainty": 0.5633727011331925}, "Medical Appliance Technicians_10512_10520": {"llm_label": "TASK_2", "label_logprob": -1.9e-05, "p_task_1": 1.8999819501153148e-05, "uncertainty": 0.00022554821728270377}, "Medical Appliance Technicians_10512_10521": {"llm_label": "TASK_1", "label_logprob": -0.01562, "p_task_1": 0.9845013594998997, "uncertainty": 0.07996079220817692}, "Medical Appliance Technicians_10512_10522": {"llm_label": "TASK_1", "label_logprob": -0.005996, "p_task_1": 0.9940219401337437, "uncertainty": 0.036565784749905024}, "Medical Appliance Technicians_10512_10523": {"llm_label": "TASK_1", "label_logprob": -0.007516, "p_task_1": 0.9925121744973042, "uncertainty": 0.04410871003591808}, "Medical Appliance Technicians_10512_10524": {"llm_label": "TASK_1", "label_logprob": -0.00012, "p_task_1": 0.999880007199712, "uncertainty": 0.0012032900590460954}, "Medical Appliance Technicians_10512_10525": {"llm_label": "TASK_2", "label_logprob": -0.213019, "p_task_1": 0.1918592176042475, "uncertainty": 0.4889076466864568}, "Medical Appliance Technicians_10512_10526": {"llm_label": "TASK_1", "label_logprob": -0.009651, "p_task_1": 0.9903954214426913, "uncertainty": 0.05417652343770982}, "Medical Appliance Technicians_10513_10514": {"llm_label": "TASK_1", "label_logprob": 0.0, "p_task_1": 1.0, "uncertainty": 0.0}, "Medical Appliance Technicians_10513_10515": {"llm_label": "TASK_1", "label_logprob": -0.000202, "p_task_1": 0.9997980204006264, "uncertainty": 0.0019202691044677253}, "Medical Appliance Technicians_10513_10516": {"llm_label": "TASK_1", "label_logprob": -1e-06, "p_task_1": 0.9999990000005, "uncertainty": 1.4815503149992376e-05}, "Medical Appliance Technicians_10513_10517": {"llm_label": "TASK_1", "label_logprob": -1e-06, "p_task_1": 0.9999990000005, "uncertainty": 1.4815503149992376e-05}, "Medical Appliance Technicians_10513_10518": {"llm_label": "TASK_1", "label_logprob": -7.5e-05, "p_task_1": 0.9999250028124297, "uncertainty": 0.0007873221583997021}, "Medical Appliance Technicians_10513_10519": {"llm_label": "TASK_1", "label_logprob": -6e-06, "p_task_1": 0.999994000018, "uncertainty": 7.814227210513045e-05}, "Medical Appliance Technicians_10513_10520": {"llm_label": "TASK_1", "label_logprob": -1.1e-05, "p_task_1": 0.9999890000604997, "uncertainty": 0.0001365930168744248}, "Medical Appliance Technicians_10513_10521": {"llm_label": "TASK_1", "label_logprob": -2e-06, "p_task_1": 0.999998000002, "uncertainty": 2.8244698509961958e-05}, "Medical Appliance Technicians_10513_10522": {"llm_label": "TASK_1", "label_logprob": -8e-06, "p_task_1": 0.999992000032, "uncertainty": 0.00010188814457675767}, "Medical Appliance Technicians_10513_10523": {"llm_label": "TASK_1", "label_logprob": -4e-06, "p_task_1": 0.999996000008, "uncertainty": 5.371675735315082e-05}, "Medical Appliance Technicians_10513_10524": {"llm_label": "TASK_1", "label_logprob": -1e-06, "p_task_1": 0.9999990000005, "uncertainty": 1.4815503149992376e-05}, "Medical Appliance Technicians_10513_10525": {"llm_label": "TASK_1", "label_logprob": -9.1e-05, "p_task_1": 0.9999090041403744, "uncertainty": 0.0009376805805994633}, "Medical Appliance Technicians_10513_10526": {"llm_label": "TASK_1", "label_logprob": -2e-06, "p_task_1": 0.999998000002, "uncertainty": 2.8244698509961958e-05}, "Medical Appliance Technicians_10514_10515": {"llm_label": "TASK_2", "label_logprob": 0.0, "p_task_1": 0.0, "uncertainty": 0.0}, "Medical Appliance Technicians_10514_10516": {"llm_label": "TASK_2", "label_logprob": -3.6e-05, "p_task_1": 3.599935200782056e-05, "uncertainty": 0.0004043444200614643}, "Medical Appliance Technicians_10514_10517": {"llm_label": "TASK_2", "label_logprob": -0.412339, "p_task_1": 0.3379002138242755, "uncertainty": 0.6396328677980315}, "Medical Appliance Technicians_10514_10518": {"llm_label": "TASK_2", "label_logprob": 0.0, "p_task_1": 0.0, "uncertainty": 0.0}, "Medical Appliance Technicians_10514_10519": {"llm_label": "TASK_2", "label_logprob": -1e-06, "p_task_1": 9.999994999843054e-07, "uncertainty": 1.4815503149992376e-05}, "Medical Appliance Technicians_10514_10520": {"llm_label": "TASK_2", "label_logprob": 0.0, "p_task_1": 0.0, "uncertainty": 0.0}, "Medical Appliance Technicians_10514_10521": {"llm_label": "TASK_2", "label_logprob": -0.009258, "p_task_1": 0.009215276663870231, "uncertainty": 0.05236369757142591}, "Medical Appliance Technicians_10514_10522": {"llm_label": "TASK_2", "label_logprob": -0.00499, "p_task_1": 0.00497757063277493, "uncertainty": 0.031360289833573224}, "Medical Appliance Technicians_10514_10523": {"llm_label": "TASK_2", "label_logprob": 0.0, "p_task_1": 0.0, "uncertainty": 0.0}, "Medical Appliance Technicians_10514_10524": {"llm_label": "TASK_2", "label_logprob": -0.000133, "p_task_1": 0.00013299115589204824, "uncertainty": 0.001319958691054697}, "Medical Appliance Technicians_10514_10525": {"llm_label": "TASK_2", "label_logprob": -1e-06, "p_task_1": 9.999994999843054e-07, "uncertainty": 1.4815503149992376e-05}, "Medical Appliance Technicians_10514_10526": {"llm_label": "TASK_2", "label_logprob": -7.4e-05, "p_task_1": 7.399726206758217e-05, "uncertainty": 0.0007778181847817892}, "Medical Appliance Technicians_10515_10516": {"llm_label": "TASK_1", "label_logprob": -1.1e-05, "p_task_1": 0.9999890000604997, "uncertainty": 0.0001365930168744248}, "Medical Appliance Technicians_10515_10517": {"llm_label": "TASK_1", "label_logprob": -2e-06, "p_task_1": 0.999998000002, "uncertainty": 2.8244698509961958e-05}, "Medical Appliance Technicians_10515_10518": {"llm_label": "TASK_1", "label_logprob": -0.079692, "p_task_1": 0.923400710011073, "uncertainty": 0.2703840535504592}, "Medical Appliance Technicians_10515_10519": {"llm_label": "TASK_1", "label_logprob": -4.3e-05, "p_task_1": 0.9999570009244867, "uncertainty": 0.0004753251294579815}, "Medical Appliance Technicians_10515_10520": {"llm_label": "TASK_1", "label_logprob": -0.001539, "p_task_1": 0.998462183653208, "uncertainty": 0.011497672334375911}, "Medical Appliance Technicians_10515_10521": {"llm_label": "TASK_1", "label_logprob": -4e-06, "p_task_1": 0.999996000008, "uncertainty": 5.371675735315082e-05}, "Medical Appliance Technicians_10515_10522": {"llm_label": "TASK_1", "label_logprob": -9e-06, "p_task_1": 0.9999910000404999, "uncertainty": 0.0001135640627863842}, "Medical Appliance Technicians_10515_10523": {"llm_label": "TASK_1", "label_logprob": -3.1e-05, "p_task_1": 0.9999690004804951, "uncertainty": 0.0003528217551931141}, "Medical Appliance Technicians_10515_10524": {"llm_label": "TASK_1", "label_logprob": -3e-06, "p_task_1": 0.9999970000045, "uncertainty": 4.1150633082097105e-05}, "Medical Appliance Technicians_10515_10525": {"llm_label": "CANNOT_DECIDE", "label_logprob": -0.028073, "p_task_1": 0.5, "uncertainty": 0.6931471805599453}, "Medical Appliance Technicians_10515_10526": {"llm_label": "TASK_1", "label_logprob": -4e-06,