{"Gem and Diamond Workers_15092_15093": {"llm_label": "TASK_2", "label_logprob": -0.023921, "p_task_1": 0.02363716062443999, "uncertainty": 0.11187521039284731}, "Gem and Diamond Workers_15092_15094": {"llm_label": "TASK_2", "label_logprob": -0.002414, "p_task_1": 0.0024110886451413904, "uncertainty": 0.01694144299472811}, "Gem and Diamond Workers_15092_15095": {"llm_label": "TASK_2", "label_logprob": -4e-06, "p_task_1": 3.9999919999589295e-06, "uncertainty": 5.371675735315082e-05}, "Gem and Diamond Workers_15092_15096": {"llm_label": "TASK_2", "label_logprob": -0.011536, "p_task_1": 0.011469715482904874, "uncertainty": 0.0626508920373198}, "Gem and Diamond Workers_15092_15097": {"llm_label": "TASK_1", "label_logprob": -0.488656, "p_task_1": 0.6134503176107189, "uncertainty": 0.667179670396383}, "Gem and Diamond Workers_15092_15098": {"llm_label": "EQUAL_TIME", "label_logprob": -0.407613, "p_task_1": 0.5, "uncertainty": 0.6931471805599453}, "Gem and Diamond Workers_15092_15099": {"llm_label": "TASK_1", "label_logprob": -0.001958, "p_task_1": 0.9980439156315272, "uncertainty": 0.014153897661951532}, "Gem and Diamond Workers_15092_15100": {"llm_label": "TASK_2", "label_logprob": -4e-06, "p_task_1": 3.9999919999589295e-06, "uncertainty": 5.371675735315082e-05}, "Gem and Diamond Workers_15092_15101": {"llm_label": "TASK_1", "label_logprob": -0.33718, "p_task_1": 0.713780347876167, "uncertainty": 0.5987320256453709}, "Gem and Diamond Workers_15092_15102": {"llm_label": "TASK_1", "label_logprob": -0.181317, "p_task_1": 0.8341708846084406, "uncertainty": 0.4492106933256807}, "Gem and Diamond Workers_15092_15106": {"llm_label": "EQUAL_TIME", "label_logprob": -0.000105, "p_task_1": 0.5, "uncertainty": 0.6931471805599453}, "Gem and Diamond Workers_15092_15107": {"llm_label": "TASK_1", "label_logprob": -0.015412, "p_task_1": 0.9847061570808857, "uncertainty": 0.0791092186312215}, "Gem and Diamond Workers_15092_15112": {"llm_label": "TASK_2", "label_logprob": -8e-05, "p_task_1": 7.999680008530241e-05, "uncertainty": 0.0008346453276260399}, "Gem and Diamond Workers_15093_15094": {"llm_label": "TASK_2", "label_logprob": -0.000784, "p_task_1": 0.0007836927522992809, "uncertainty": 0.006387959218354436}, "Gem and Diamond Workers_15093_15095": {"llm_label": "TASK_2", "label_logprob": -2e-06, "p_task_1": 1.9999979999907325e-06, "uncertainty": 2.8244698509961958e-05}, "Gem and Diamond Workers_15093_15096": {"llm_label": "TASK_2", "label_logprob": -0.000978, "p_task_1": 0.0009775219138687952, "uncertainty": 0.007751749683907702}, "Gem and Diamond Workers_15093_15097": {"llm_label": "TASK_1", "label_logprob": -0.017298, "p_task_1": 0.9828507514660983, "uncertainty": 0.08672678282696503}, "Gem and Diamond Workers_15093_15098": {"llm_label": "TASK_2", "label_logprob": -0.012023, "p_task_1": 0.011951012526122295, "uncertainty": 0.06478571969205137}, "Gem and Diamond Workers_15093_15099": {"llm_label": "TASK_1", "label_logprob": -0.006755, "p_task_1": 0.9932677637273339, "uncertainty": 0.04037641341298945}, "Gem and Diamond Workers_15093_15100": {"llm_label": "TASK_2", "label_logprob": -3e-06, "p_task_1": 2.9999955000192813e-06, "uncertainty": 4.1150633082097105e-05}, "Gem and Diamond Workers_15093_15101": {"llm_label": "TASK_1", "label_logprob": -0.002693, "p_task_1": 0.9973106228716392, "uncertainty": 0.0186026899088463}, "Gem and Diamond Workers_15093_15102": {"llm_label": "TASK_1", "label_logprob": -0.018184, "p_task_1": 0.9819803313533491, "uncertainty": 0.09022857083308478}, "Gem and Diamond Workers_15093_15106": {"llm_label": "TASK_1", "label_logprob": -0.001369, "p_task_1": 0.9986319366530253, "uncertainty": 0.010388628177453885}, "Gem and Diamond Workers_15093_15107": {"llm_label": "TASK_1", "label_logprob": -0.063587, "p_task_1": 0.9383924756038372, "uncertainty": 0.23136796264554313}, "Gem and Diamond Workers_15093_15112": {"llm_label": "TASK_2", "label_logprob": -7.2e-05, "p_task_1": 7.199740806218546e-05, "uncertainty": 0.0007587694835904218}, "Gem and Diamond Workers_15094_15095": {"llm_label": "TASK_2", "label_logprob": -0.000266, "p_task_1": 0.00026596462513661656, "uncertainty": 0.002455389209823878}, "Gem and Diamond Workers_15094_15096": {"llm_label": "TASK_1", "label_logprob": -0.021931, "p_task_1": 0.978307735956183, "uncertainty": 0.10455398289505968}, "Gem and Diamond Workers_15094_15097": {"llm_label": "TASK_1", "label_logprob": -0.579396, "p_task_1": 0.560236647329314, "uncertainty": 0.6858726162509872}, "Gem and Diamond Workers_15094_15098": {"llm_label": "TASK_2", "label_logprob": -0.412235, "p_task_1": 0.3378313518657534, "uncertainty": 0.639586536125593}, "Gem and Diamond Workers_15094_15099": {"llm_label": "TASK_1", "label_logprob": -9.7e-05, "p_task_1": 0.9999030047043479, "uncertainty": 0.0009933093829617684}, "Gem and Diamond Workers_15094_15100": {"llm_label": "TASK_2", "label_logprob": -6e-06, "p_task_1": 5.9999820000156134e-06, "uncertainty": 7.814227210513045e-05}, "Gem and Diamond Workers_15094_15101": {"llm_label": "TASK_1", "label_logprob": -0.004043, "p_task_1": 0.9959651619212458, "uncertainty": 0.026269898559707117}, "Gem and Diamond Workers_15094_15102": {"llm_label": "TASK_1", "label_logprob": -0.006772, "p_task_1": 0.9932508783188769, "uncertainty": 0.04046071941023495}, "Gem and Diamond Workers_15094_15106": {"llm_label": "TASK_1", "label_logprob": -1.8e-05, "p_task_1": 0.999982000161999, "uncertainty": 0.0002146505665408007}, "Gem and Diamond Workers_15094_15107": {"llm_label": "TASK_1", "label_logprob": -0.023656, "p_task_1": 0.9766216098135632, "uncertainty": 0.11091086597275913}, "Gem and Diamond Workers_15094_15112": {"llm_label": "TASK_2", "label_logprob": -0.013386, "p_task_1": 0.013296805929497002, "uncertainty": 0.07065328782809194}, "Gem and Diamond Workers_15095_15096": {"llm_label": "TASK_1", "label_logprob": -1.9e-05, "p_task_1": 0.9999810001804988, "uncertainty": 0.00022554821728270377}, "Gem and Diamond Workers_15095_15097": {"llm_label": "TASK_1", "label_logprob": -5e-06, "p_task_1": 0.9999950000125, "uncertainty": 6.603019815215604e-05}, "Gem and Diamond Workers_15095_15098": {"llm_label": "EQUAL_TIME", "label_logprob": -0.387943, "p_task_1": 0.5, "uncertainty": 0.6931471805599453}, "Gem and Diamond Workers_15095_15099": {"llm_label": "TASK_1", "label_logprob": -2.8e-05, "p_task_1": 0.9999720003919963, "uncertainty": 0.0003215280679255237}, "Gem and Diamond Workers_15095_15100": {"llm_label": "TASK_2", "label_logprob": 0.0, "p_task_1": 0.0, "uncertainty": 0.0}, "Gem and Diamond Workers_15095_15101": {"llm_label": "TASK_1", "label_logprob": -3.8e-05, "p_task_1": 0.9999620007219908, "uncertainty": 0.0004247530567765096}, "Gem and Diamond Workers_15095_15102": {"llm_label": "TASK_1", "label_logprob": -0.000571, "p_task_1": 0.9994291629894761, "uncertainty": 0.0048339170829762865}, "Gem and Diamond Workers_15095_15106": {"llm_label": "TASK_1", "label_logprob": -1e-06, "p_task_1": 0.9999990000005, "uncertainty": 1.4815503149992376e-05}, "Gem and Diamond Workers_15095_15107": {"llm_label": "TASK_1", "label_logprob": -0.000163, "p_task_1": 0.9998370132837783, "uncertainty": 0.0015845177966881145}, "Gem and Diamond Workers_15095_15112": {"llm_label": "TASK_2", "label_logprob": -0.003385, "p_task_1": 0.0033792773463818815, "uncertainty": 0.02260196485535166}, "Gem and Diamond Workers_15096_15097": {"llm_label": "TASK_1", "label_logprob": -0.015273, "p_task_1": 0.9848430407499146, "uncertainty": 0.07853848888168105}, "Gem and Diamond Workers_15096_15098": {"llm_label": "TASK_2", "label_logprob": -0.20379, "p_task_1": 0.184366363732554, "uncertainty": 0.4779502301205333}, "Gem and Diamond Workers_15096_15099": {"llm_label": "TASK_1", "label_logprob": -0.008694, "p_task_1": 0.9913436835320496, "uncertainty": 0.049731622708567874}, "Gem and Diamond Workers_15096_15100": {"llm_label": "TASK_2", "label_logprob": -1.8e-05, "p_task_1": 1.7999838000992696e-05, "uncertainty": 0.0002146505665408007},