{"Painting, Coating, and Decorating Workers_12527_12528": {"llm_label": "TASK_1", "label_logprob": -5.8e-05, "p_task_1": 0.9999420016819675, "uncertainty": 0.0006237758280847792}, "Painting, Coating, and Decorating Workers_12527_12529": {"llm_label": "TASK_1", "label_logprob": -7e-06, "p_task_1": 0.9999930000245, "uncertainty": 9.008688755748087e-05}, "Painting, Coating, and Decorating Workers_12527_12530": {"llm_label": "TASK_1", "label_logprob": -2e-06, "p_task_1": 0.999998000002, "uncertainty": 2.8244698509961958e-05}, "Painting, Coating, and Decorating Workers_12527_12531": {"llm_label": "EQUAL_TIME", "label_logprob": -0.210584, "p_task_1": 0.5, "uncertainty": 0.6931471805599453}, "Painting, Coating, and Decorating Workers_12527_12532": {"llm_label": "TASK_1", "label_logprob": -5e-06, "p_task_1": 0.9999950000125, "uncertainty": 6.603019815215604e-05}, "Painting, Coating, and Decorating Workers_12527_12533": {"llm_label": "TASK_1", "label_logprob": -8.1e-05, "p_task_1": 0.9999190032804114, "uncertainty": 0.0008440717883202269}, "Painting, Coating, and Decorating Workers_12527_12534": {"llm_label": "TASK_1", "label_logprob": -1e-06, "p_task_1": 0.9999990000005, "uncertainty": 1.4815503149992376e-05}, "Painting, Coating, and Decorating Workers_12527_12536": {"llm_label": "TASK_1", "label_logprob": -6e-06, "p_task_1": 0.999994000018, "uncertainty": 7.814227210513045e-05}, "Painting, Coating, and Decorating Workers_12528_12529": {"llm_label": "EQUAL_TIME", "label_logprob": -0.11448, "p_task_1": 0.5, "uncertainty": 0.6931471805599453}, "Painting, Coating, and Decorating Workers_12528_12530": {"llm_label": "EQUAL_TIME", "label_logprob": -0.332957, "p_task_1": 0.5, "uncertainty": 0.6931471805599453}, "Painting, Coating, and Decorating Workers_12528_12531": {"llm_label": "TASK_2", "label_logprob": -0.000173, "p_task_1": 0.00017298503636287155, "uncertainty": 0.0016714192989570422}, "Painting, Coating, and Decorating Workers_12528_12532": {"llm_label": "EQUAL_TIME", "label_logprob": -0.402724, "p_task_1": 0.5, "uncertainty": 0.6931471805599453}, "Painting, Coating, and Decorating Workers_12528_12533": {"llm_label": "TASK_1", "label_logprob": -0.001723, "p_task_1": 0.998278483512347, "uncertainty": 0.012676711068236602}, "Painting, Coating, and Decorating Workers_12528_12534": {"llm_label": "TASK_2", "label_logprob": -0.083945, "p_task_1": 0.08051817379512483, "uncertainty": 0.28003311150840304}, "Painting, Coating, and Decorating Workers_12528_12536": {"llm_label": "TASK_1", "label_logprob": -0.075202, "p_task_1": 0.9275561010708627, "uncertainty": 0.259915166588422}, "Painting, Coating, and Decorating Workers_12529_12530": {"llm_label": "TASK_1", "label_logprob": -0.01396, "p_task_1": 0.986136988953521, "uncertainty": 0.07307979573537837}, "Painting, Coating, and Decorating Workers_12529_12531": {"llm_label": "TASK_2", "label_logprob": -1.5e-05, "p_task_1": 1.4999887500533049e-05, "uncertainty": 0.00018161054327026476}, "Painting, Coating, and Decorating Workers_12529_12532": {"llm_label": "TASK_1", "label_logprob": -0.131541, "p_task_1": 0.876743327924439, "uncertainty": 0.3733638525443491}, "Painting, Coating, and Decorating Workers_12529_12533": {"llm_label": "TASK_1", "label_logprob": -0.083781, "p_task_1": 0.9196326335902404, "uncertainty": 0.27966569247398254}, "Painting, Coating, and Decorating Workers_12529_12534": {"llm_label": "EQUAL_TIME", "label_logprob": -0.603556, "p_task_1": 0.5, "uncertainty": 0.6931471805599453}, "Painting, Coating, and Decorating Workers_12529_12536": {"llm_label": "EQUAL_TIME", "label_logprob": -0.639382, "p_task_1": 0.5, "uncertainty": 0.6931471805599453}, "Painting, Coating, and Decorating Workers_12530_12531": {"llm_label": "TASK_2", "label_logprob": -1e-06, "p_task_1": 9.999994999843054e-07, "uncertainty": 1.4815503149992376e-05}, "Painting, Coating, and Decorating Workers_12530_12532": {"llm_label": "TASK_1", "label_logprob": -0.476116, "p_task_1": 0.6211914198632201, "uncertainty": 0.6634778553804535}, "Painting, Coating, and Decorating Workers_12530_12533": {"llm_label": "TASK_1", "label_logprob": -0.019176, "p_task_1": 0.9810066898706657, "uncertainty": 0.09409496860078584}, "Painting, Coating, and Decorating Workers_12530_12534": {"llm_label": "TASK_2", "label_logprob": -0.000278, "p_task_1": 0.0002779613615805365, "uncertainty": 0.0025538782608768612}, "Painting, Coating, and Decorating Workers_12530_12536": {"llm_label": "TASK_2", "label_logprob": -0.000279, "p_task_1": 0.0002789610831193112, "uncertainty": 0.0025620619351890083}, "Painting, Coating, and Decorating Workers_12531_12532": {"llm_label": "TASK_1", "label_logprob": -4e-06, "p_task_1": 0.999996000008, "uncertainty": 5.371675735315082e-05}, "Painting, Coating, and Decorating Workers_12531_12533": {"llm_label": "TASK_1", "label_logprob": -3.4e-05, "p_task_1": 0.9999660005779935, "uncertainty": 0.00038382457608067405}, "Painting, Coating, and Decorating Workers_12531_12534": {"llm_label": "TASK_1", "label_logprob": -0.000484, "p_task_1": 0.9995161171091056, "uncertainty": 0.004177566967170598}, "Painting, Coating, and Decorating Workers_12531_12536": {"llm_label": "TASK_1", "label_logprob": -0.00021, "p_task_1": 0.9997900220484566, "uncertainty": 0.001988155872434698}, "Painting, Coating, and Decorating Workers_12532_12533": {"llm_label": "EQUAL_TIME", "label_logprob": -0.318489, "p_task_1": 0.5, "uncertainty": 0.6931471805599453}, "Painting, Coating, and Decorating Workers_12532_12534": {"llm_label": "TASK_2", "label_logprob": -9.1e-05, "p_task_1": 9.099585962557555e-05, "uncertainty": 0.0009376805805994633}, "Painting, Coating, and Decorating Workers_12532_12536": {"llm_label": "TASK_2", "label_logprob": -0.407237, "p_task_1": 0.3345135486787727, "uncertainty": 0.6373290990348898}, "Painting, Coating, and Decorating Workers_12533_12534": {"llm_label": "TASK_2", "label_logprob": -0.001158, "p_task_1": 0.0011573297767311086, "uncertainty": 0.008982106943062434}, "Painting, Coating, and Decorating Workers_12533_12536": {"llm_label": "TASK_2", "label_logprob": -0.000524, "p_task_1": 0.000523862735976488, "uncertainty": 0.004481131736734607}, "Painting, Coating, and Decorating Workers_12534_12536": {"llm_label": "TASK_1", "label_logprob": -0.083796, "p_task_1": 0.9196188392041946, "uncertainty": 0.2796993131553291}}