{"Light Truck Drivers_8615_8616": {"llm_label": "TASK_2", "label_logprob": -0.252973, "p_task_1": 0.2235111532604278, "uncertainty": 0.5313161247183962}, "Light Truck Drivers_8615_8617": {"llm_label": "TASK_1", "label_logprob": -0.104975, "p_task_1": 0.900347030980684, "uncertainty": 0.3243197986440849}, "Light Truck Drivers_8615_8618": {"llm_label": "TASK_1", "label_logprob": -0.07038, "p_task_1": 0.9320395775646916, "uncertainty": 0.2483309522404835}, "Light Truck Drivers_8615_8619": {"llm_label": "TASK_2", "label_logprob": -0.106598, "p_task_1": 0.10111304707675117, "uncertainty": 0.32752172772314647}, "Light Truck Drivers_8615_8620": {"llm_label": "TASK_2", "label_logprob": -0.034042, "p_task_1": 0.03346909051318403, "uncertainty": 0.1466015949853151}, "Light Truck Drivers_8615_8621": {"llm_label": "TASK_1", "label_logprob": -0.26123, "p_task_1": 0.7701037753759361, "uncertainty": 0.5391509181395454}, "Light Truck Drivers_8615_8622": {"llm_label": "TASK_2", "label_logprob": -0.577044, "p_task_1": 0.4384441252729008, "uncertainty": 0.6855496688253768}, "Light Truck Drivers_8615_8623": {"llm_label": "TASK_1", "label_logprob": -0.82787, "p_task_1": 0.4369790611600789, "uncertainty": 0.6851827364112935}, "Light Truck Drivers_8615_8624": {"llm_label": "TASK_1", "label_logprob": -0.205705, "p_task_1": 0.8140731924558183, "uncertainty": 0.48026259434664587}, "Light Truck Drivers_8615_8626": {"llm_label": "TASK_2", "label_logprob": -0.000428, "p_task_1": 0.0004279084210657702, "uncertainty": 0.0037469318937433894}, "Light Truck Drivers_8615_8628": {"llm_label": "TASK_2", "label_logprob": -0.191298, "p_task_1": 0.17411356268177947, "uncertainty": 0.4623492074924167}, "Light Truck Drivers_8615_8629": {"llm_label": "TASK_2", "label_logprob": -0.009878, "p_task_1": 0.009829372802864, "uncertainty": 0.055216003198617414}, "Light Truck Drivers_8616_8617": {"llm_label": "TASK_1", "label_logprob": 0.0, "p_task_1": 1.0, "uncertainty": 0.0}, "Light Truck Drivers_8616_8618": {"llm_label": "TASK_1", "label_logprob": -0.001433, "p_task_1": 0.998568026254234, "uncertainty": 0.010808516662309496}, "Light Truck Drivers_8616_8619": {"llm_label": "TASK_2", "label_logprob": -9e-06, "p_task_1": 8.999959500100019e-06, "uncertainty": 0.0001135640627863842}, "Light Truck Drivers_8616_8620": {"llm_label": "TASK_1", "label_logprob": -0.229792, "p_task_1": 0.7946988826811973, "uncertainty": 0.5076640880117734}, "Light Truck Drivers_8616_8621": {"llm_label": "TASK_1", "label_logprob": 0.0, "p_task_1": 1.0, "uncertainty": 0.0}, "Light Truck Drivers_8616_8622": {"llm_label": "TASK_1", "label_logprob": -0.321865, "p_task_1": 0.7247960311897068, "uncertainty": 0.5883664005143079}, "Light Truck Drivers_8616_8623": {"llm_label": "TASK_1", "label_logprob": -0.141232, "p_task_1": 0.868287845548331, "uncertainty": 0.3896285297125369}, "Light Truck Drivers_8616_8624": {"llm_label": "TASK_1", "label_logprob": -8e-06, "p_task_1": 0.999992000032, "uncertainty": 0.00010188814457675767}, "Light Truck Drivers_8616_8626": {"llm_label": "TASK_2", "label_logprob": -6e-06, "p_task_1": 5.9999820000156134e-06, "uncertainty": 7.814227210513045e-05}, "Light Truck Drivers_8616_8628": {"llm_label": "TASK_1", "label_logprob": -0.000188, "p_task_1": 0.9998120176708926, "uncertainty": 0.001800695625470063}, "Light Truck Drivers_8616_8629": {"llm_label": "TASK_2", "label_logprob": -0.004458, "p_task_1": 0.004448077867764355, "uncertainty": 0.028525771889386677}, "Light Truck Drivers_8617_8618": {"llm_label": "TASK_2", "label_logprob": -0.204756, "p_task_1": 0.18515388539098732, "uncertainty": 0.4791192467646267}, "Light Truck Drivers_8617_8619": {"llm_label": "TASK_2", "label_logprob": 0.0, "p_task_1": 0.0, "uncertainty": 0.0}, "Light Truck Drivers_8617_8620": {"llm_label": "TASK_2", "label_logprob": -1e-06, "p_task_1": 9.999994999843054e-07, "uncertainty": 1.4815503149992376e-05}, "Light Truck Drivers_8617_8621": {"llm_label": "EQUAL_TIME", "label_logprob": -0.139497, "p_task_1": 0.5, "uncertainty": 0.6931471805599453}, "Light Truck Drivers_8617_8622": {"llm_label": "TASK_2", "label_logprob": -2.1e-05, "p_task_1": 2.0999779501540417e-05, "uncertainty": 0.0002471881550406985}, "Light Truck Drivers_8617_8623": {"llm_label": "TASK_2", "label_logprob": -0.006968, "p_task_1": 0.006943779776157122, "uncertainty": 0.04142956945987016}, "Light Truck Drivers_8617_8624": {"llm_label": "EQUAL_TIME", "label_logprob": -0.000288, "p_task_1": 0.5, "uncertainty": 0.6931471805599453}, "Light Truck Drivers_8617_8626": {"llm_label": "TASK_2", "label_logprob": 0.0, "p_task_1": 0.0, "uncertainty": 0.0}, "Light Truck Drivers_8617_8628": {"llm_label": "TASK_2", "label_logprob": -0.009878, "p_task_1": 0.009829372802864, "uncertainty": 0.055216003198617414}, "Light Truck Drivers_8617_8629": {"llm_label": "TASK_2", "label_logprob": 0.0, "p_task_1": 0.0, "uncertainty": 0.0}, "Light Truck Drivers_8618_8619": {"llm_label": "TASK_2", "label_logprob": 0.0, "p_task_1": 0.0, "uncertainty": 0.0}, "Light Truck Drivers_8618_8620": {"llm_label": "TASK_2", "label_logprob": -0.001358, "p_task_1": 0.0013570783352541138, "uncertainty": 0.010316159821729499}, "Light Truck Drivers_8618_8621": {"llm_label": "TASK_1", "label_logprob": -1.8e-05, "p_task_1": 0.999982000161999, "uncertainty": 0.0002146505665408007}, "Light Truck Drivers_8618_8622": {"llm_label": "TASK_2", "label_logprob": -0.00536, "p_task_1": 0.005345660830754939, "uncertainty": 0.03329701209530993}, "Light Truck Drivers_8618_8623": {"llm_label": "CANNOT_DECIDE", "label_logprob": -0.467831, "p_task_1": 0.5, "uncertainty": 0.6931471805599453}, "Light Truck Drivers_8618_8624": {"llm_label": "TASK_1", "label_logprob": -0.00073, "p_task_1": 0.9992702663851757, "uncertainty": 0.006000209870536753}, "Light Truck Drivers_8618_8626": {"llm_label": "TASK_2", "label_logprob": 0.0, "p_task_1": 0.0, "uncertainty": 0.0}, "Light Truck Drivers_8618_8628": {"llm_label": "TASK_2", "label_logprob": -0.08104, "p_task_1": 0.07784319556530461, "uncertainty": 0.2734698420293272}, "Light Truck Drivers_8618_8629": {"llm_label": "TASK_2", "label_logprob": 0.0, "p_task_1": 0.0, "uncertainty": 0.0}, "Light Truck Drivers_8619_8620": {"llm_label": "TASK_1", "label_logprob": -6.7e-05, "p_task_1": 0.9999330022444499, "uncertainty": 0.0007109009864475162}, "Light Truck Drivers_8619_8621": {"llm_label": "TASK_1", "label_logprob": 0.0, "p_task_1": 1.0, "uncertainty": 0.0}, "Light Truck Drivers_8619_8622": {"llm_label": "TASK_1", "label_logprob": -8.1e-05, "p_task_1": 0.9999190032804114, "uncertainty": 0.0008440717883202269}, "Light Truck Drivers_8619_8623": {"llm_label": "TASK_1", "label_logprob": -0.000824, "p_task_1": 0.9991763393947731, "uncertainty": 0.0066727546539581736}, "Light Truck Drivers_8619_8624": {"llm_label": "TASK_1", "label_logprob": -3e-06, "p_task_1": 0.9999970000045, "uncertainty": 4.1150633082097105e-05}, "Light Truck Drivers_8619_8626": {"llm_label": "TASK_2", "label_logprob": -0.000432, "p_task_1": 0.0004319067014354472, "uncertainty": 0.0037779246198059507}, "Light Truck Drivers_8619_8628": {"llm_label": "TASK_1", "label_logprob": -5e-05, "p_task_1": 0.9999500012499791, "uncertainty": 0.0005451607485001352}, "Light Truck Drivers_8619_8629": {"llm_label": "TASK_1", "label_logprob": -0.003441, "p_task_1": 0.9965649134558217, "uncertainty": 0.02291887559456924}, "Light Truck Drivers_8620_8621": {"llm_label": "TASK_1", "label_logprob": -1e-06, "p_task_1": 0.9999990000005, "uncertainty": 1.4815503149992376e-05}, "Light Truck Drivers_8620_8622": {"llm_label": "TASK_2", "label_logprob": -0.261783, "p_task_1": 0.2303219742812167, "uncertainty": 0.539665094044254}, "Light Truck Drivers_8620_8623": {"llm_label": "TASK_1", "label_logprob": -0.044201, "p_task_1": 0.9567616290572479, "uncertainty": 0.17810270967692662}, "Light Truck Drivers_8620_8624": {"llm_label": "TASK_1", "label_logprob": -6e-06, "p_task_1": 0.999994000018, "uncertainty": 7.814227210513045e-05},