{"Bus Drivers, Transit and Intercity_3144_3146": {"llm_label": "EQUAL_TIME", "label_logprob": -0.11321, "p_task_1": 0.5, "uncertainty": 0.6931471805599453}, "Bus Drivers, Transit and Intercity_3144_3148": {"llm_label": "TASK_1", "label_logprob": -7.1e-05, "p_task_1": 0.9999290025204404, "uncertainty": 0.0007492243805800099}, "Bus Drivers, Transit and Intercity_3144_3149": {"llm_label": "TASK_1", "label_logprob": -0.018809, "p_task_1": 0.9813667853993361, "uncertainty": 0.09267107310356162}, "Bus Drivers, Transit and Intercity_3144_3150": {"llm_label": "TASK_1", "label_logprob": -7e-06, "p_task_1": 0.9999930000245, "uncertainty": 9.008688755748087e-05}, "Bus Drivers, Transit and Intercity_3144_3151": {"llm_label": "TASK_2", "label_logprob": -0.330318, "p_task_1": 0.2813048479689362, "uncertainty": 0.5941814774683056}, "Bus Drivers, Transit and Intercity_3144_18794": {"llm_label": "TASK_2", "label_logprob": 0.0, "p_task_1": 0.0, "uncertainty": 0.0}, "Bus Drivers, Transit and Intercity_3144_18795": {"llm_label": "TASK_2", "label_logprob": -0.012537, "p_task_1": 0.012458739208748182, "uncertainty": 0.06701652445181486}, "Bus Drivers, Transit and Intercity_3144_18796": {"llm_label": "CANNOT_DECIDE", "label_logprob": -0.474646, "p_task_1": 0.5, "uncertainty": 0.6931471805599453}, "Bus Drivers, Transit and Intercity_3144_18797": {"llm_label": "TASK_2", "label_logprob": -0.905282, "p_task_1": 0.5955721796246978, "uncertainty": 0.6747661982815667}, "Bus Drivers, Transit and Intercity_3144_18798": {"llm_label": "TASK_1", "label_logprob": -0.000496, "p_task_1": 0.9995041229876652, "uncertainty": 0.004268972789407462}, "Bus Drivers, Transit and Intercity_3144_18799": {"llm_label": "TASK_2", "label_logprob": -0.023941, "p_task_1": 0.0236566876859563, "uncertainty": 0.11194786260721565}, "Bus Drivers, Transit and Intercity_3144_21085": {"llm_label": "TASK_1", "label_logprob": -5.5e-05, "p_task_1": 0.9999450015124722, "uncertainty": 0.0005944334084389942}, "Bus Drivers, Transit and Intercity_3144_21086": {"llm_label": "TASK_2", "label_logprob": -0.162335, "p_task_1": 0.14984364554823426, "uncertainty": 0.42243777931202753}, "Bus Drivers, Transit and Intercity_3146_3148": {"llm_label": "EQUAL_TIME", "label_logprob": -0.039241, "p_task_1": 0.5, "uncertainty": 0.6931471805599453}, "Bus Drivers, Transit and Intercity_3146_3149": {"llm_label": "TASK_1", "label_logprob": -0.109053, "p_task_1": 0.8966828920455436, "uncertainty": 0.33231086649397745}, "Bus Drivers, Transit and Intercity_3146_3150": {"llm_label": "TASK_1", "label_logprob": -0.008667, "p_task_1": 0.991370450172853, "uncertainty": 0.04960468638006883}, "Bus Drivers, Transit and Intercity_3146_3151": {"llm_label": "EQUAL_TIME", "label_logprob": -0.389096, "p_task_1": 0.5, "uncertainty": 0.6931471805599453}, "Bus Drivers, Transit and Intercity_3146_18794": {"llm_label": "TASK_2", "label_logprob": 0.0, "p_task_1": 0.0, "uncertainty": 0.0}, "Bus Drivers, Transit and Intercity_3146_18795": {"llm_label": "TASK_2", "label_logprob": -0.00011, "p_task_1": 0.00010999395022182057, "uncertainty": 0.0011125921275054254}, "Bus Drivers, Transit and Intercity_3146_18796": {"llm_label": "TASK_2", "label_logprob": -0.003253, "p_task_1": 0.0032477147280497443, "uncertainty": 0.021851203018700353}, "Bus Drivers, Transit and Intercity_3146_18797": {"llm_label": "TASK_2", "label_logprob": -0.017301, "p_task_1": 0.01715219708173321, "uncertainty": 0.0867387197735946}, "Bus Drivers, Transit and Intercity_3146_18798": {"llm_label": "EQUAL_TIME", "label_logprob": -0.48348, "p_task_1": 0.5, "uncertainty": 0.6931471805599453}, "Bus Drivers, Transit and Intercity_3146_18799": {"llm_label": "TASK_2", "label_logprob": -0.000432, "p_task_1": 0.0004319067014354472, "uncertainty": 0.0037779246198059507}, "Bus Drivers, Transit and Intercity_3146_21085": {"llm_label": "TASK_1", "label_logprob": -0.079413, "p_task_1": 0.9236583747517261, "uncertainty": 0.26974213369972033}, "Bus Drivers, Transit and Intercity_3146_21086": {"llm_label": "TASK_2", "label_logprob": -0.011171, "p_task_1": 0.011108836072570294, "uncertainty": 0.061036825983312705}, "Bus Drivers, Transit and Intercity_3148_3149": {"llm_label": "EQUAL_TIME", "label_logprob": -0.602252, "p_task_1": 0.5, "uncertainty": 0.6931471805599453}, "Bus Drivers, Transit and Intercity_3148_3150": {"llm_label": "TASK_1", "label_logprob": -0.475059, "p_task_1": 0.6218483663290583, "uncertainty": 0.6631520069877535}, "Bus Drivers, Transit and Intercity_3148_3151": {"llm_label": "TASK_2", "label_logprob": -0.000471, "p_task_1": 0.0004708890969125079, "uncertainty": 0.004078206821774058}, "Bus Drivers, Transit and Intercity_3148_18794": {"llm_label": "TASK_2", "label_logprob": 0.0, "p_task_1": 0.0, "uncertainty": 0.0}, "Bus Drivers, Transit and Intercity_3148_18795": {"llm_label": "TASK_2", "label_logprob": -0.000833, "p_task_1": 0.0008326531518149105, "uncertainty": 0.006736561127698164}, "Bus Drivers, Transit and Intercity_3148_18796": {"llm_label": "TASK_2", "label_logprob": -0.000205, "p_task_1": 0.00020497898893578892, "uncertainty": 0.0019457631714790353}, "Bus Drivers, Transit and Intercity_3148_18797": {"llm_label": "TASK_2", "label_logprob": -0.000433, "p_task_1": 0.00043290626902903195, "uncertainty": 0.003785666982707047}, "Bus Drivers, Transit and Intercity_3148_18798": {"llm_label": "TASK_1", "label_logprob": -0.598331, "p_task_1": 0.5497283675142366, "uncertainty": 0.6881931733398574}, "Bus Drivers, Transit and Intercity_3148_18799": {"llm_label": "TASK_2", "label_logprob": -1.2e-05, "p_task_1": 1.1999928000272497e-05, "uncertainty": 0.00014796635909808146}, "Bus Drivers, Transit and Intercity_3148_21085": {"llm_label": "TASK_1", "label_logprob": -0.004787, "p_task_1": 0.9952244394237136, "uncertainty": 0.030285899936155342}, "Bus Drivers, Transit and Intercity_3148_21086": {"llm_label": "TASK_2", "label_logprob": -3.9e-05, "p_task_1": 3.899923950989592e-05, "uncertainty": 0.0004349175266172239}, "Bus Drivers, Transit and Intercity_3149_3150": {"llm_label": "EQUAL_TIME", "label_logprob": -0.004474, "p_task_1": 0.5, "uncertainty": 0.6931471805599453}, "Bus Drivers, Transit and Intercity_3149_3151": {"llm_label": "TASK_2", "label_logprob": -0.000582, "p_task_1": 0.0005818306708514909, "uncertainty": 0.00491591068359955}, "Bus Drivers, Transit and Intercity_3149_18794": {"llm_label": "TASK_2", "label_logprob": 0.0, "p_task_1": 0.0, "uncertainty": 0.0}, "Bus Drivers, Transit and Intercity_3149_18795": {"llm_label": "TASK_2", "label_logprob": 0.0, "p_task_1": 0.0, "uncertainty": 0.0}, "Bus Drivers, Transit and Intercity_3149_18796": {"llm_label": "TASK_2", "label_logprob": -0.000468, "p_task_1": 0.00046789050508189156, "uncertainty": 0.004055226785825047}, "Bus Drivers, Transit and Intercity_3149_18797": {"llm_label": "TASK_2", "label_logprob": -0.000168, "p_task_1": 0.00016798588879018972, "uncertainty": 0.0016280430659486949}, "Bus Drivers, Transit and Intercity_3149_18798": {"llm_label": "EQUAL_TIME", "label_logprob": -0.02231, "p_task_1": 0.5, "uncertainty": 0.6931471805599453}, "Bus Drivers, Transit and Intercity_3149_18799": {"llm_label": "TASK_2", "label_logprob": -1.7e-05, "p_task_1": 1.6999855500854366e-05, "uncertainty": 0.000203697321204896}, "Bus Drivers, Transit and Intercity_3149_21085": {"llm_label": "EQUAL_TIME", "label_logprob": -0.007445, "p_task_1": 0.5, "uncertainty": 0.6931471805599453}, "Bus Drivers, Transit and Intercity_3149_21086": {"llm_label": "TASK_2", "label_logprob": -0.000181, "p_task_1": 0.0001809836204882398, "uncertainty": 0.0017405219265933163}, "Bus Drivers, Transit and Intercity_3150_3151": {"llm_label": "TASK_2", "label_logprob": -0.000151, "p_task_1": 0.000150988600073787, "uncertainty": 0.0014794211399297749}, "Bus Drivers, Transit and Intercity_3150_18794": {"llm_label": "TASK_2", "label_logprob": -3.8e-05, "p_task_1": 3.7999278009182014e-05, "uncertainty": 0.0004247530567765096},