{"Locomotive Engineers_12750_12751": {"llm_label": "EQUAL_TIME", "label_logprob": -0.001524, "p_task_1": 0.5, "uncertainty": 0.6931471805599453}, "Locomotive Engineers_12750_12752": {"llm_label": "TASK_2", "label_logprob": -0.059495, "p_task_1": 0.05775975521932397, "uncertainty": 0.22075838954817817}, "Locomotive Engineers_12750_12753": {"llm_label": "TASK_2", "label_logprob": -0.004936, "p_task_1": 0.0049238379708202995, "uncertainty": 0.031075331162449607}, "Locomotive Engineers_12750_12754": {"llm_label": "TASK_2", "label_logprob": -0.016522, "p_task_1": 0.016386260349636195, "uncertainty": 0.08362029630910295}, "Locomotive Engineers_12750_12755": {"llm_label": "TASK_2", "label_logprob": -8.9e-05, "p_task_1": 8.899603961753932e-05, "uncertainty": 0.0009190509044105765}, "Locomotive Engineers_12750_12756": {"llm_label": "TASK_2", "label_logprob": -0.002722, "p_task_1": 0.0027182987170589756, "uncertainty": 0.018773627497795257}, "Locomotive Engineers_12750_12757": {"llm_label": "TASK_2", "label_logprob": -0.005834, "p_task_1": 0.005817015267694403, "uncertainty": 0.035740054909537536}, "Locomotive Engineers_12750_12758": {"llm_label": "EQUAL_TIME", "label_logprob": -0.277238, "p_task_1": 0.5, "uncertainty": 0.6931471805599453}, "Locomotive Engineers_12750_12759": {"llm_label": "TASK_2", "label_logprob": -3.1e-05, "p_task_1": 3.0999519504915085e-05, "uncertainty": 0.0003528217551931141}, "Locomotive Engineers_12750_12760": {"llm_label": "TASK_2", "label_logprob": -0.000806, "p_task_1": 0.0008056752692502389, "uncertainty": 0.0065448441085865505}, "Locomotive Engineers_12750_12761": {"llm_label": "TASK_1", "label_logprob": -0.000172, "p_task_1": 0.9998280147911519, "uncertainty": 0.001662755765075375}, "Locomotive Engineers_12750_12762": {"llm_label": "TASK_2", "label_logprob": -4.7e-05, "p_task_1": 4.699889551729175e-05, "uncertainty": 0.0005153599478945111}, "Locomotive Engineers_12750_12764": {"llm_label": "TASK_2", "label_logprob": -0.132808, "p_task_1": 0.12436680245593856, "uncertainty": 0.3755361802048769}, "Locomotive Engineers_12751_12752": {"llm_label": "TASK_2", "label_logprob": -0.259619, "p_task_1": 0.22865458757182489, "uncertainty": 0.5376455470847749}, "Locomotive Engineers_12751_12753": {"llm_label": "TASK_2", "label_logprob": -0.002183, "p_task_1": 0.002180618988397942, "uncertainty": 0.015541392336552488}, "Locomotive Engineers_12751_12754": {"llm_label": "TASK_2", "label_logprob": -0.083686, "p_task_1": 0.08027999715959488, "uncertainty": 0.27945268996967376}, "Locomotive Engineers_12751_12755": {"llm_label": "TASK_2", "label_logprob": -7.9e-05, "p_task_1": 7.89968795821272e-05, "uncertainty": 0.000825206357674103}, "Locomotive Engineers_12751_12756": {"llm_label": "TASK_2", "label_logprob": -0.00322, "p_task_1": 0.0032148213598982567, "uncertainty": 0.02166266979600748}, "Locomotive Engineers_12751_12757": {"llm_label": "TASK_2", "label_logprob": -0.072004, "p_task_1": 0.06947282630493323, "uncertainty": 0.2522731728667114}, "Locomotive Engineers_12751_12758": {"llm_label": "EQUAL_TIME", "label_logprob": -0.669321, "p_task_1": 0.5, "uncertainty": 0.6931471805599453}, "Locomotive Engineers_12751_12759": {"llm_label": "TASK_2", "label_logprob": -0.000389, "p_task_1": 0.000388924349309705, "uncertainty": 0.003442731590125888}, "Locomotive Engineers_12751_12760": {"llm_label": "TASK_2", "label_logprob": -0.063384, "p_task_1": 0.06141701138719913, "uncertainty": 0.23084880830454557}, "Locomotive Engineers_12751_12761": {"llm_label": "TASK_1", "label_logprob": -0.038134, "p_task_1": 0.9625839459999709, "uncertainty": 0.15964343664208758}, "Locomotive Engineers_12751_12762": {"llm_label": "TASK_2", "label_logprob": -0.001623, "p_task_1": 0.0016216836477428442, "uncertainty": 0.012038534666163328}, "Locomotive Engineers_12751_12764": {"llm_label": "TASK_2", "label_logprob": -0.043558, "p_task_1": 0.04262297538679993, "uncertainty": 0.176192338598655}, "Locomotive Engineers_12752_12753": {"llm_label": "TASK_2", "label_logprob": -0.001708, "p_task_1": 0.001706542198093297, "uncertainty": 0.012581366831356184}, "Locomotive Engineers_12752_12754": {"llm_label": "TASK_2", "label_logprob": -0.179096, "p_task_1": 0.1639743629166539, "uncertainty": 0.4462019051712233}, "Locomotive Engineers_12752_12755": {"llm_label": "TASK_2", "label_logprob": -0.000162, "p_task_1": 0.00016198687870860873, "uncertainty": 0.0015757944614625038}, "Locomotive Engineers_12752_12756": {"llm_label": "TASK_2", "label_logprob": -0.000373, "p_task_1": 0.0003729304441484338, "uncertainty": 0.0033168180647317174}, "Locomotive Engineers_12752_12757": {"llm_label": "TASK_2", "label_logprob": -0.004293, "p_task_1": 0.0042837982479165815, "uncertainty": 0.027633798327432374}, "Locomotive Engineers_12752_12758": {"llm_label": "TASK_1", "label_logprob": -0.001035, "p_task_1": 0.9989655354277615, "uncertainty": 0.008144705671038468}, "Locomotive Engineers_12752_12759": {"llm_label": "TASK_2", "label_logprob": -8.4e-05, "p_task_1": 8.399647209877958e-05, "uncertainty": 0.0008722776396170715}, "Locomotive Engineers_12752_12760": {"llm_label": "TASK_2", "label_logprob": -0.0069, "p_task_1": 0.006876249657183808, "uncertainty": 0.04109408972255865}, "Locomotive Engineers_12752_12761": {"llm_label": "TASK_1", "label_logprob": -0.000159, "p_task_1": 0.99984101263983, "uncertainty": 0.0015495872152828344}, "Locomotive Engineers_12752_12762": {"llm_label": "TASK_2", "label_logprob": -1.9e-05, "p_task_1": 1.8999819501153148e-05, "uncertainty": 0.00022554821728270377}, "Locomotive Engineers_12752_12764": {"llm_label": "TASK_2", "label_logprob": -6.8e-05, "p_task_1": 6.799768805243467e-05, "uncertainty": 0.0007205036965996683}, "Locomotive Engineers_12753_12754": {"llm_label": "TASK_1", "label_logprob": -0.014061, "p_task_1": 0.986037394147259, "uncertainty": 0.07350416293317387}, "Locomotive Engineers_12753_12755": {"llm_label": "TASK_2", "label_logprob": -0.002492, "p_task_1": 0.0024888975456405227, "uncertainty": 0.017409016838290846}, "Locomotive Engineers_12753_12756": {"llm_label": "TASK_2", "label_logprob": -0.939089, "p_task_1": 0.6090161405391112, "uncertainty": 0.6691861453997894}, "Locomotive Engineers_12753_12757": {"llm_label": "TASK_1", "label_logprob": -0.08376, "p_task_1": 0.9196519460783261, "uncertainty": 0.2796186183472982}, "Locomotive Engineers_12753_12758": {"llm_label": "TASK_1", "label_logprob": -0.00982, "p_task_1": 0.9902280587590125, "uncertainty": 0.05495093022061507}, "Locomotive Engineers_12753_12759": {"llm_label": "TASK_1", "label_logprob": -1.1e-05, "p_task_1": 0.9999890000604997, "uncertainty": 0.0001365930168744248}, "Locomotive Engineers_12753_12760": {"llm_label": "TASK_1", "label_logprob": -0.001621, "p_task_1": 0.9983803131108866, "uncertainty": 0.012025708917853426}, "Locomotive Engineers_12753_12761": {"llm_label": "TASK_1", "label_logprob": -0.000172, "p_task_1": 0.9998280147911519, "uncertainty": 0.001662755765075375}, "Locomotive Engineers_12753_12762": {"llm_label": "TASK_1", "label_logprob": -0.001267, "p_task_1": 0.9987338023056238, "uncertainty": 0.00971313349478536}, "Locomotive Engineers_12753_12764": {"llm_label": "TASK_2", "label_logprob": -0.186598, "p_task_1": 0.17022276020287475, "uncertainty": 0.4562392518991316}, "Locomotive Engineers_12754_12755": {"llm_label": "TASK_2", "label_logprob": 0.0, "p_task_1": 0.0, "uncertainty": 0.0}, "Locomotive Engineers_12754_12756": {"llm_label": "TASK_2", "label_logprob": 0.0, "p_task_1": 0.0, "uncertainty": 0.0}, "Locomotive Engineers_12754_12757": {"llm_label": "TASK_2", "label_logprob": -0.000384, "p_task_1": 0.0003839262814362421, "uncertainty": 0.0034034558110862135}, "Locomotive Engineers_12754_12758": {"llm_label": "TASK_1", "label_logprob": -0.008653, "p_task_1": 0.9913843294563102, "uncertainty": 0.049538833239166614}, "Locomotive Engineers_12754_12759": {"llm_label": "TASK_2", "label_logprob": -1e-06, "p_task_1": 9.999994999843054e-07, "uncertainty": 1.4815503149992376e-05},