{"Subway and Streetcar Operators_12765_12766": {"llm_label": "TASK_2", "label_logprob": -5e-05, "p_task_1": 4.999875002087428e-05, "uncertainty": 0.0005451607485001352}, "Subway and Streetcar Operators_12765_12767": {"llm_label": "TASK_2", "label_logprob": -0.000432, "p_task_1": 0.0004319067014354472, "uncertainty": 0.0037779246198059507}, "Subway and Streetcar Operators_12765_12768": {"llm_label": "TASK_2", "label_logprob": -5e-06, "p_task_1": 4.999987500031722e-06, "uncertainty": 6.603019815215604e-05}, "Subway and Streetcar Operators_12765_12769": {"llm_label": "TASK_2", "label_logprob": -4.2e-05, "p_task_1": 4.199911801239242e-05, "uncertainty": 0.0004652595489512129}, "Subway and Streetcar Operators_12765_12770": {"llm_label": "TASK_2", "label_logprob": -0.004843, "p_task_1": 0.0048312915844113125, "uncertainty": 0.03058314775832216}, "Subway and Streetcar Operators_12765_12771": {"llm_label": "EQUAL_TIME", "label_logprob": -0.008958, "p_task_1": 0.5, "uncertainty": 0.6931471805599453}, "Subway and Streetcar Operators_12765_12772": {"llm_label": "TASK_2", "label_logprob": -2e-06, "p_task_1": 1.9999979999907325e-06, "uncertainty": 2.8244698509961958e-05}, "Subway and Streetcar Operators_12765_12773": {"llm_label": "TASK_2", "label_logprob": -0.011428, "p_task_1": 0.011362948446860921, "uncertainty": 0.062174579523250575}, "Subway and Streetcar Operators_12765_12774": {"llm_label": "TASK_2", "label_logprob": -3.2e-05, "p_task_1": 3.199948800547414e-05, "uncertainty": 0.0003631869779441248}, "Subway and Streetcar Operators_12766_12767": {"llm_label": "TASK_1", "label_logprob": -0.229356, "p_task_1": 0.7950454469395646, "uncertainty": 0.5071946500739399}, "Subway and Streetcar Operators_12766_12768": {"llm_label": "TASK_1", "label_logprob": -0.00673, "p_task_1": 0.9932925957318258, "uncertainty": 0.040252353911991265}, "Subway and Streetcar Operators_12766_12769": {"llm_label": "TASK_1", "label_logprob": -0.724614, "p_task_1": 0.4845115543248339, "uncertainty": 0.6926673199007505}, "Subway and Streetcar Operators_12766_12770": {"llm_label": "TASK_1", "label_logprob": -1.4e-05, "p_task_1": 0.9999860000979995, "uncertainty": 0.0001704691519101948}, "Subway and Streetcar Operators_12766_12771": {"llm_label": "TASK_1", "label_logprob": -9.7e-05, "p_task_1": 0.9999030047043479, "uncertainty": 0.0009933093829617684}, "Subway and Streetcar Operators_12766_12772": {"llm_label": "TASK_1", "label_logprob": -3.8e-05, "p_task_1": 0.9999620007219908, "uncertainty": 0.0004247530567765096}, "Subway and Streetcar Operators_12766_12773": {"llm_label": "TASK_1", "label_logprob": -0.005269, "p_task_1": 0.9947448568326007, "uncertainty": 0.03282318197447614}, "Subway and Streetcar Operators_12766_12774": {"llm_label": "TASK_1", "label_logprob": -0.001329, "p_task_1": 0.9986718827294075, "uncertainty": 0.010124674336995557}, "Subway and Streetcar Operators_12767_12768": {"llm_label": "TASK_2", "label_logprob": -0.006801, "p_task_1": 0.0067779255389364135, "uncertainty": 0.04060443411395574}, "Subway and Streetcar Operators_12767_12769": {"llm_label": "EQUAL_TIME", "label_logprob": -0.0185, "p_task_1": 0.5, "uncertainty": 0.6931471805599453}, "Subway and Streetcar Operators_12767_12770": {"llm_label": "TASK_2", "label_logprob": -0.255107, "p_task_1": 0.22516641366834955, "uncertainty": 0.5333695755489367}, "Subway and Streetcar Operators_12767_12771": {"llm_label": "TASK_1", "label_logprob": -0.020462, "p_task_1": 0.9797459261123425, "uncertainty": 0.09902628320692523}, "Subway and Streetcar Operators_12767_12772": {"llm_label": "TASK_2", "label_logprob": -0.011479, "p_task_1": 0.011413367650789485, "uncertainty": 0.06239963716319701}, "Subway and Streetcar Operators_12767_12773": {"llm_label": "TASK_1", "label_logprob": -0.011922, "p_task_1": 0.9881487854613261, "uncertainty": 0.0643446970425856}, "Subway and Streetcar Operators_12767_12774": {"llm_label": "TASK_2", "label_logprob": -0.001629, "p_task_1": 0.0016276738996702234, "uncertainty": 0.012076996993907688}, "Subway and Streetcar Operators_12768_12769": {"llm_label": "TASK_2", "label_logprob": -0.070748, "p_task_1": 0.06830334989732922, "uncertainty": 0.24922796372618738}, "Subway and Streetcar Operators_12768_12770": {"llm_label": "TASK_1", "label_logprob": -0.000126, "p_task_1": 0.9998740079376666, "uncertainty": 0.0012573035983213026}, "Subway and Streetcar Operators_12768_12771": {"llm_label": "TASK_1", "label_logprob": -0.003194, "p_task_1": 0.9968110953916627, "uncertainty": 0.02151388643732447}, "Subway and Streetcar Operators_12768_12772": {"llm_label": "TASK_1", "label_logprob": -0.694215, "p_task_1": 0.4994663752381248, "uncertainty": 0.6931466110490643}, "Subway and Streetcar Operators_12768_12773": {"llm_label": "TASK_1", "label_logprob": -0.001548, "p_task_1": 0.9984531975339928, "uncertainty": 0.01155583887556844}, "Subway and Streetcar Operators_12768_12774": {"llm_label": "TASK_2", "label_logprob": -0.040985, "p_task_1": 0.0401564725072705, "uncertainty": 0.168441107385373}, "Subway and Streetcar Operators_12769_12770": {"llm_label": "TASK_1", "label_logprob": -0.049232, "p_task_1": 0.9519602492995318, "uncertainty": 0.19270244986475302}, "Subway and Streetcar Operators_12769_12771": {"llm_label": "TASK_1", "label_logprob": -0.00121, "p_task_1": 0.9987907317548291, "uncertainty": 0.009332086275468016}, "Subway and Streetcar Operators_12769_12772": {"llm_label": "TASK_2", "label_logprob": -0.030899, "p_task_1": 0.03042650494611676, "uncertainty": 0.13622163017586256}, "Subway and Streetcar Operators_12769_12773": {"llm_label": "TASK_1", "label_logprob": -0.063302, "p_task_1": 0.9386599555734694, "uncertainty": 0.23063889228892578}, "Subway and Streetcar Operators_12769_12774": {"llm_label": "TASK_2", "label_logprob": -0.100628, "p_task_1": 0.09573064147321164, "uncertainty": 0.3155996610178142}, "Subway and Streetcar Operators_12770_12771": {"llm_label": "EQUAL_TIME", "label_logprob": -0.002032, "p_task_1": 0.5, "uncertainty": 0.6931471805599453}, "Subway and Streetcar Operators_12770_12772": {"llm_label": "TASK_2", "label_logprob": 0.0, "p_task_1": 0.0, "uncertainty": 0.0}, "Subway and Streetcar Operators_12770_12773": {"llm_label": "TASK_2", "label_logprob": -0.509807, "p_task_1": 0.3993885143563739, "uncertainty": 0.6727629517951617}, "Subway and Streetcar Operators_12770_12774": {"llm_label": "TASK_2", "label_logprob": 0.0, "p_task_1": 0.0, "uncertainty": 0.0}, "Subway and Streetcar Operators_12771_12772": {"llm_label": "TASK_2", "label_logprob": 0.0, "p_task_1": 0.0, "uncertainty": 0.0}, "Subway and Streetcar Operators_12771_12773": {"llm_label": "TASK_2", "label_logprob": -0.026211, "p_task_1": 0.025870473407497263, "uncertainty": 0.12008051184409985}, "Subway and Streetcar Operators_12771_12774": {"llm_label": "TASK_2", "label_logprob": 0.0, "p_task_1": 0.0, "uncertainty": 0.0}, "Subway and Streetcar Operators_12772_12773": {"llm_label": "TASK_1", "label_logprob": -0.000109, "p_task_1": 0.9998910059402841, "uncertainty": 0.0011034735913061967}, "Subway and Streetcar Operators_12772_12774": {"llm_label": "TASK_2", "label_logprob": -0.001432, "p_task_1": 0.0014309751772404455, "uncertainty": 0.010801978417262941}, "Subway and Streetcar Operators_12773_12774": {"llm_label": "TASK_2", "label_logprob": -4e-06, "p_task_1": 3.9999919999589295e-06, "uncertainty": 5.371675735315082e-05}}