{"Motorboat Operators_14535_14536": {"llm_label": "CANNOT_DECIDE", "label_logprob": -0.175751, "p_task_1": 0.5, "uncertainty": 0.6931471805599453}, "Motorboat Operators_14535_14537": {"llm_label": "EQUAL_TIME", "label_logprob": -0.000935, "p_task_1": 0.5, "uncertainty": 0.6931471805599453}, "Motorboat Operators_14535_14538": {"llm_label": "TASK_2", "label_logprob": -0.077736, "p_task_1": 0.07479135061185616, "uncertainty": 0.2658599582062558}, "Motorboat Operators_14535_14539": {"llm_label": "TASK_1", "label_logprob": -0.037174, "p_task_1": 0.963508470288786, "uncertainty": 0.15662906294340073}, "Motorboat Operators_14535_14540": {"llm_label": "TASK_1", "label_logprob": -0.062038, "p_task_1": 0.9398471719199777, "uncertainty": 0.22738782746350303}, "Motorboat Operators_14535_14541": {"llm_label": "TASK_2", "label_logprob": -0.037144, "p_task_1": 0.03646262402352218, "uncertainty": 0.156534428257708}, "Motorboat Operators_14535_14542": {"llm_label": "TASK_1", "label_logprob": -0.000237, "p_task_1": 0.9997630280822815, "uncertainty": 0.002215083251609596}, "Motorboat Operators_14535_14543": {"llm_label": "TASK_2", "label_logprob": -3.4e-05, "p_task_1": 3.39994220065476e-05, "uncertainty": 0.00038382457608067405}, "Motorboat Operators_14535_14544": {"llm_label": "TASK_2", "label_logprob": -0.000404, "p_task_1": 0.0004039184029888121, "uncertainty": 0.0035601754536043195}, "Motorboat Operators_14535_14545": {"llm_label": "CANNOT_DECIDE", "label_logprob": -0.372578, "p_task_1": 0.5, "uncertainty": 0.6931471805599453}, "Motorboat Operators_14535_14546": {"llm_label": "TASK_2", "label_logprob": -0.000263, "p_task_1": 0.00026296541853165767, "uncertainty": 0.002430683118198707}, "Motorboat Operators_14535_14547": {"llm_label": "TASK_2", "label_logprob": 2.7e-05, "p_task_1": 0.0, "uncertainty": 0.0}, "Motorboat Operators_14535_14548": {"llm_label": "TASK_2", "label_logprob": -0.01115, "p_task_1": 0.011088069140075762, "uncertainty": 0.06094358683343498}, "Motorboat Operators_14535_14549": {"llm_label": "TASK_1", "label_logprob": -0.019051, "p_task_1": 0.9811293233713337, "uncertainty": 0.0936108372605308}, "Motorboat Operators_14535_14550": {"llm_label": "TASK_2", "label_logprob": -0.000355, "p_task_1": 0.0003549369949558123, "uncertainty": 0.0031743409558207722}, "Motorboat Operators_14536_14537": {"llm_label": "CANNOT_DECIDE", "label_logprob": -0.101433, "p_task_1": 0.5, "uncertainty": 0.6931471805599453}, "Motorboat Operators_14536_14538": {"llm_label": "TASK_2", "label_logprob": -0.052567, "p_task_1": 0.05120925005405352, "uncertainty": 0.20206053001228916}, "Motorboat Operators_14536_14539": {"llm_label": "TASK_1", "label_logprob": -0.205475, "p_task_1": 0.81426045082397, "uncertainty": 0.4799859545735464}, "Motorboat Operators_14536_14540": {"llm_label": "TASK_1", "label_logprob": -0.062233, "p_task_1": 0.9396639195891363, "uncertainty": 0.22789126003430712}, "Motorboat Operators_14536_14541": {"llm_label": "TASK_2", "label_logprob": -0.000198, "p_task_1": 0.0001979803992936402, "uncertainty": 0.0018862074780200406}, "Motorboat Operators_14536_14542": {"llm_label": "TASK_1", "label_logprob": -0.000126, "p_task_1": 0.9998740079376666, "uncertainty": 0.0012573035983213026}, "Motorboat Operators_14536_14543": {"llm_label": "TASK_2", "label_logprob": 3.1e-05, "p_task_1": 0.0, "uncertainty": 0.0}, "Motorboat Operators_14536_14544": {"llm_label": "TASK_2", "label_logprob": -0.011936, "p_task_1": 0.011865048524832278, "uncertainty": 0.06440588216946752}, "Motorboat Operators_14536_14545": {"llm_label": "CANNOT_DECIDE", "label_logprob": -0.018383, "p_task_1": 0.5, "uncertainty": 0.6931471805599453}, "Motorboat Operators_14536_14546": {"llm_label": "TASK_2", "label_logprob": -0.000919, "p_task_1": 0.0009185778488288721, "uncertainty": 0.00734148036174368}, "Motorboat Operators_14536_14547": {"llm_label": "TASK_2", "label_logprob": -1.5e-05, "p_task_1": 1.4999887500533049e-05, "uncertainty": 0.00018161054327026476}, "Motorboat Operators_14536_14548": {"llm_label": "TASK_2", "label_logprob": -0.005276, "p_task_1": 0.005262106357025953, "uncertainty": 0.03285968728510364}, "Motorboat Operators_14536_14549": {"llm_label": "TASK_2", "label_logprob": -0.213787, "p_task_1": 0.1924796314557139, "uncertainty": 0.48979854569021253}, "Motorboat Operators_14536_14550": {"llm_label": "TASK_2", "label_logprob": -0.000576, "p_task_1": 0.0005758341438458769, "uncertainty": 0.0048712130327562345}, "Motorboat Operators_14537_14538": {"llm_label": "CANNOT_DECIDE", "label_logprob": -0.094982, "p_task_1": 0.5, "uncertainty": 0.6931471805599453}, "Motorboat Operators_14537_14539": {"llm_label": "TASK_1", "label_logprob": -0.005848, "p_task_1": 0.9941690662679488, "uncertainty": 0.035811594864093584}, "Motorboat Operators_14537_14540": {"llm_label": "TASK_1", "label_logprob": -0.014999, "p_task_1": 0.9851129247154948, "uncertainty": 0.0774095330033295}, "Motorboat Operators_14537_14541": {"llm_label": "TASK_2", "label_logprob": -0.01083, "p_task_1": 0.010771566684508516, "uncertainty": 0.05951764655218349}, "Motorboat Operators_14537_14542": {"llm_label": "TASK_1", "label_logprob": -0.00013, "p_task_1": 0.9998700084496338, "uncertainty": 0.0012931528373123986}, "Motorboat Operators_14537_14543": {"llm_label": "TASK_2", "label_logprob": -0.000725, "p_task_1": 0.0007247372510015282, "uncertainty": 0.0059641084700720656}, "Motorboat Operators_14537_14544": {"llm_label": "TASK_2", "label_logprob": -0.052574, "p_task_1": 0.05121589156605777, "uncertainty": 0.20207991791249913}, "Motorboat Operators_14537_14545": {"llm_label": "TASK_1", "label_logprob": -0.903168, "p_task_1": 0.40528368511787055, "uncertainty": 0.6750959399192573}, "Motorboat Operators_14537_14546": {"llm_label": "TASK_2", "label_logprob": -0.001415, "p_task_1": 0.0014139993595243538, "uncertainty": 0.01069072008307988}, "Motorboat Operators_14537_14547": {"llm_label": "TASK_2", "label_logprob": 4e-06, "p_task_1": 0.0, "uncertainty": 0.0}, "Motorboat Operators_14537_14548": {"llm_label": "TASK_2", "label_logprob": -0.002029, "p_task_1": 0.0020269429709725006, "uncertainty": 0.01459441989275778}, "Motorboat Operators_14537_14549": {"llm_label": "TASK_1", "label_logprob": -0.16761, "p_task_1": 0.8456835869777033, "uncertainty": 0.43012384667814857}, "Motorboat Operators_14537_14550": {"llm_label": "TASK_2", "label_logprob": -0.079044, "p_task_1": 0.07600073241713123, "uncertainty": 0.2688914204820566}, "Motorboat Operators_14538_14539": {"llm_label": "CANNOT_DECIDE", "label_logprob": -0.12516, "p_task_1": 0.5, "uncertainty": 0.6931471805599453}, "Motorboat Operators_14538_14540": {"llm_label": "CANNOT_DECIDE", "label_logprob": -0.680363, "p_task_1": 0.5, "uncertainty": 0.6931471805599453}, "Motorboat Operators_14538_14541": {"llm_label": "TASK_2", "label_logprob": -0.474827, "p_task_1": 0.3780073481134759, "uncertainty": 0.663080194937106}, "Motorboat Operators_14538_14542": {"llm_label": "TASK_1", "label_logprob": -0.000111, "p_task_1": 0.9998890061602721, "uncertainty": 0.001121701564056563}, "Motorboat Operators_14538_14543": {"llm_label": "TASK_2", "label_logprob": -0.001049, "p_task_1": 0.0010484499918362866, "uncertainty": 0.008240730958129949}, "Motorboat Operators_14538_14544": {"llm_label": "TASK_2", "label_logprob": -0.065765, "p_task_1": 0.06364911910433424, "uncertainty": 0.2368923267421974}, "Motorboat Operators_14538_14545": {"llm_label": "TASK_2", "label_logprob": -0.039948, "p_task_1": 0.039160598497831045, "uncertainty": 0.1652672480065885}, "Motorboat Operators_14538_14546": {"llm_label": "TASK_2", "label_logprob": -0.001511, "p_task_1": 0.0015098590142488266, "uncertainty": 0.011316368687234905}, "Motorboat Operators_14538_14547": {"llm_label": "TASK_2", "label_logprob": -0.00074, "p_task_1": 0.0007397262675248317, "uncertainty": 0.006072309660317105}, "Motorboat Operators_14538_14548": {"llm_label": "TASK_2", "label_logprob": -0.001602, "p_task_1": 0.0016007174829555382,