{"Aviation Inspectors_10728_10729": {"llm_label": "TASK_1", "label_logprob": -0.000431, "p_task_1": 0.9995690928671576, "uncertainty": 0.003770179934845539}, "Aviation Inspectors_10728_10730": {"llm_label": "TASK_1", "label_logprob": -5e-06, "p_task_1": 0.9999950000125, "uncertainty": 6.603019815215604e-05}, "Aviation Inspectors_10728_10731": {"llm_label": "TASK_1", "label_logprob": -0.001859, "p_task_1": 0.9981427268702503, "uncertainty": 0.013535280430581756}, "Aviation Inspectors_10728_10732": {"llm_label": "TASK_1", "label_logprob": -0.023974, "p_task_1": 0.9763110935163505, "uncertainty": 0.11206769949957893}, "Aviation Inspectors_10728_10733": {"llm_label": "TASK_2", "label_logprob": -0.006198, "p_task_1": 0.006178832019493208, "uncertainty": 0.03758911131642627}, "Aviation Inspectors_10728_10734": {"llm_label": "TASK_1", "label_logprob": -0.010221, "p_task_1": 0.9898310569116405, "uncertainty": 0.05677641455885341}, "Aviation Inspectors_10728_10735": {"llm_label": "TASK_1", "label_logprob": -4e-06, "p_task_1": 0.999996000008, "uncertainty": 5.371675735315082e-05}, "Aviation Inspectors_10728_10736": {"llm_label": "TASK_2", "label_logprob": -0.474088, "p_task_1": 0.37754752566026184, "uncertainty": 0.6628507469102041}, "Aviation Inspectors_10728_10738": {"llm_label": "TASK_2", "label_logprob": -4e-06, "p_task_1": 3.9999919999589295e-06, "uncertainty": 5.371675735315082e-05}, "Aviation Inspectors_10728_10740": {"llm_label": "TASK_2", "label_logprob": -3e-06, "p_task_1": 2.9999955000192813e-06, "uncertainty": 4.1150633082097105e-05}, "Aviation Inspectors_10728_10741": {"llm_label": "TASK_1", "label_logprob": -0.001504, "p_task_1": 0.9984971304412011, "uncertainty": 0.0112709613426276}, "Aviation Inspectors_10728_10742": {"llm_label": "TASK_2", "label_logprob": -0.001613, "p_task_1": 0.0016116998146602501, "uncertainty": 0.011974380981365013}, "Aviation Inspectors_10729_10730": {"llm_label": "TASK_1", "label_logprob": -8.6e-05, "p_task_1": 0.999914003697894, "uncertainty": 0.0008910217260505452}, "Aviation Inspectors_10729_10731": {"llm_label": "TASK_2", "label_logprob": -8.3e-05, "p_task_1": 8.299655559529384e-05, "uncertainty": 0.0008628877955488379}, "Aviation Inspectors_10729_10732": {"llm_label": "TASK_2", "label_logprob": -2e-05, "p_task_1": 1.999980000133572e-05, "uncertainty": 0.00023639320174866763}, "Aviation Inspectors_10729_10733": {"llm_label": "TASK_2", "label_logprob": 0.0, "p_task_1": 0.0, "uncertainty": 0.0}, "Aviation Inspectors_10729_10734": {"llm_label": "TASK_2", "label_logprob": -3e-05, "p_task_1": 2.9999550004489173e-05, "uncertainty": 0.00034242425890051087}, "Aviation Inspectors_10729_10735": {"llm_label": "TASK_2", "label_logprob": -0.002605, "p_task_1": 0.0026016099318481034, "uncertainty": 0.0180820290511419}, "Aviation Inspectors_10729_10736": {"llm_label": "TASK_2", "label_logprob": -0.000124, "p_task_1": 0.00012399231231774444, "uncertainty": 0.0012393315549874347}, "Aviation Inspectors_10729_10738": {"llm_label": "TASK_2", "label_logprob": 0.0, "p_task_1": 0.0, "uncertainty": 0.0}, "Aviation Inspectors_10729_10740": {"llm_label": "TASK_2", "label_logprob": 0.0, "p_task_1": 0.0, "uncertainty": 0.0}, "Aviation Inspectors_10729_10741": {"llm_label": "TASK_2", "label_logprob": -0.01163, "p_task_1": 0.011562632962459518, "uncertainty": 0.06306459991308017}, "Aviation Inspectors_10729_10742": {"llm_label": "TASK_2", "label_logprob": -1e-06, "p_task_1": 9.999994999843054e-07, "uncertainty": 1.4815503149992376e-05}, "Aviation Inspectors_10730_10731": {"llm_label": "TASK_2", "label_logprob": 0.0, "p_task_1": 0.0, "uncertainty": 0.0}, "Aviation Inspectors_10730_10732": {"llm_label": "TASK_2", "label_logprob": -2e-06, "p_task_1": 1.9999979999907325e-06, "uncertainty": 2.8244698509961958e-05}, "Aviation Inspectors_10730_10733": {"llm_label": "TASK_2", "label_logprob": 0.0, "p_task_1": 0.0, "uncertainty": 0.0}, "Aviation Inspectors_10730_10734": {"llm_label": "TASK_2", "label_logprob": 0.0, "p_task_1": 0.0, "uncertainty": 0.0}, "Aviation Inspectors_10730_10735": {"llm_label": "TASK_2", "label_logprob": -1.2e-05, "p_task_1": 1.1999928000272497e-05, "uncertainty": 0.00014796635909808146}, "Aviation Inspectors_10730_10736": {"llm_label": "TASK_2", "label_logprob": -3e-05, "p_task_1": 2.9999550004489173e-05, "uncertainty": 0.00034242425890051087}, "Aviation Inspectors_10730_10738": {"llm_label": "TASK_2", "label_logprob": 0.0, "p_task_1": 0.0, "uncertainty": 0.0}, "Aviation Inspectors_10730_10740": {"llm_label": "TASK_2", "label_logprob": 0.0, "p_task_1": 0.0, "uncertainty": 0.0}, "Aviation Inspectors_10730_10741": {"llm_label": "TASK_2", "label_logprob": -1e-06, "p_task_1": 9.999994999843054e-07, "uncertainty": 1.4815503149992376e-05}, "Aviation Inspectors_10730_10742": {"llm_label": "TASK_2", "label_logprob": 0.0, "p_task_1": 0.0, "uncertainty": 0.0}, "Aviation Inspectors_10731_10732": {"llm_label": "TASK_2", "label_logprob": -0.000712, "p_task_1": 0.0007117465881466556, "uncertainty": 0.005870082062186919}, "Aviation Inspectors_10731_10733": {"llm_label": "TASK_2", "label_logprob": 0.0, "p_task_1": 0.0, "uncertainty": 0.0}, "Aviation Inspectors_10731_10734": {"llm_label": "TASK_2", "label_logprob": -0.009386, "p_task_1": 0.009342088992295161, "uncertainty": 0.05295600263560093}, "Aviation Inspectors_10731_10735": {"llm_label": "TASK_1", "label_logprob": -0.001512, "p_task_1": 0.9984891424961094, "uncertainty": 0.011322852776040941}, "Aviation Inspectors_10731_10736": {"llm_label": "TASK_2", "label_logprob": -0.100393, "p_task_1": 0.09551811320286419, "uncertainty": 0.31512214884264633}, "Aviation Inspectors_10731_10738": {"llm_label": "TASK_2", "label_logprob": -1.3e-05, "p_task_1": 1.2999915500411241e-05, "uncertainty": 0.00015925626043919854}, "Aviation Inspectors_10731_10740": {"llm_label": "TASK_2", "label_logprob": 0.0, "p_task_1": 0.0, "uncertainty": 0.0}, "Aviation Inspectors_10731_10741": {"llm_label": "TASK_1", "label_logprob": -0.002481, "p_task_1": 0.9975220751368361, "uncertainty": 0.01734322862282204}, "Aviation Inspectors_10731_10742": {"llm_label": "TASK_2", "label_logprob": -3e-06, "p_task_1": 2.9999955000192813e-06, "uncertainty": 4.1150633082097105e-05}, "Aviation Inspectors_10732_10733": {"llm_label": "TASK_2", "label_logprob": -5e-06, "p_task_1": 4.999987500031722e-06, "uncertainty": 6.603019815215604e-05}, "Aviation Inspectors_10732_10734": {"llm_label": "TASK_1", "label_logprob": -0.101543, "p_task_1": 0.9034423304867654, "uncertainty": 0.3174528855028078}, "Aviation Inspectors_10732_10735": {"llm_label": "TASK_1", "label_logprob": -2.3e-05, "p_task_1": 0.999977000264498, "uncertainty": 0.00026863728652655293}, "Aviation Inspectors_10732_10736": {"llm_label": "TASK_2", "label_logprob": -0.252088, "p_task_1": 0.22282365645860058, "uncertainty": 0.5304586078568905}, "Aviation Inspectors_10732_10738": {"llm_label": "TASK_2", "label_logprob": -4.1e-05, "p_task_1": 4.0999159511501126e-05, "uncertainty": 0.00045517014709289875}, "Aviation Inspectors_10732_10740": {"llm_label": "TASK_2", "label_logprob": 0.0, "p_task_1": 0.0, "uncertainty": 0.0}, "Aviation Inspectors_10732_10741": {"llm_label": "TASK_1", "label_logprob": -0.00119, "p_task_1": 0.9988107077692236, "uncertainty": 0.009197750669667515}, "Aviation Inspectors_10732_10742": {"llm_label": "TASK_2", "label_logprob": -1e-05, "p_task_1": 9.999950000172397e-06, "uncertainty": 0.00012512862900562218}, "Aviation Inspectors_10733_10734": {"llm_label": "TASK_1", "label_logprob": -2.8e-05, "p_task_1": 0.9999720003919963, "uncertainty": 0.0003215280679255237}, "Aviation Inspectors_10733_10735": {"llm_label": "TASK_1", "label_logprob": 0.0, "p_task_1": 1.0, "uncertainty": 0.0}, "Aviation Inspectors_10733_10736": {"llm_label": "TASK_1", "label_logprob": -0.001008, "p_task_1": 0.9989925078613443, "uncertainty": 0.007958973452359804}, "Aviation Inspectors_10733_10738": {"llm_label": "TASK_2", "label_logprob": -0.000124, "p_task_1": 0.00012399231231774444,