{"Automotive and Watercraft Service Attendants_10712_10713": {"llm_label": "TASK_2", "label_logprob": -1.9e-05, "p_task_1": 1.8999819501153148e-05, "uncertainty": 0.00022554821728270377}, "Automotive and Watercraft Service Attendants_10712_10714": {"llm_label": "TASK_2", "label_logprob": 1.1e-05, "p_task_1": 0.0, "uncertainty": 0.0}, "Automotive and Watercraft Service Attendants_10712_10715": {"llm_label": "TASK_2", "label_logprob": 1.1e-05, "p_task_1": 0.0, "uncertainty": 0.0}, "Automotive and Watercraft Service Attendants_10712_10718": {"llm_label": "EQUAL_TIME", "label_logprob": -0.160912, "p_task_1": 0.5, "uncertainty": 0.6931471805599453}, "Automotive and Watercraft Service Attendants_10712_10719": {"llm_label": "TASK_2", "label_logprob": -4e-06, "p_task_1": 3.9999919999589295e-06, "uncertainty": 5.371675735315082e-05}, "Automotive and Watercraft Service Attendants_10712_10720": {"llm_label": "TASK_2", "label_logprob": -4e-06, "p_task_1": 3.9999919999589295e-06, "uncertainty": 5.371675735315082e-05}, "Automotive and Watercraft Service Attendants_10712_10721": {"llm_label": "TASK_2", "label_logprob": -4.2e-05, "p_task_1": 4.199911801239242e-05, "uncertainty": 0.0004652595489512129}, "Automotive and Watercraft Service Attendants_10712_10723": {"llm_label": "TASK_2", "label_logprob": -0.000275, "p_task_1": 0.00027496219096589947, "uncertainty": 0.0025293055569943577}, "Automotive and Watercraft Service Attendants_10712_10724": {"llm_label": "TASK_2", "label_logprob": 1.9e-05, "p_task_1": 0.0, "uncertainty": 0.0}, "Automotive and Watercraft Service Attendants_10712_10725": {"llm_label": "TASK_2", "label_logprob": -3.1e-05, "p_task_1": 3.0999519504915085e-05, "uncertainty": 0.0003528217551931141}, "Automotive and Watercraft Service Attendants_10712_10726": {"llm_label": "TASK_2", "label_logprob": -0.441841, "p_task_1": 0.357148159227324, "uncertainty": 0.6517596776059773}, "Automotive and Watercraft Service Attendants_10712_20936": {"llm_label": "TASK_2", "label_logprob": 4e-06, "p_task_1": 0.0, "uncertainty": 0.0}, "Automotive and Watercraft Service Attendants_10712_20937": {"llm_label": "EQUAL_TIME", "label_logprob": -0.167572, "p_task_1": 0.5, "uncertainty": 0.6931471805599453}, "Automotive and Watercraft Service Attendants_10713_10714": {"llm_label": "TASK_2", "label_logprob": -0.078838, "p_task_1": 0.07581036896124638, "uncertainty": 0.2684156403888381}, "Automotive and Watercraft Service Attendants_10713_10715": {"llm_label": "TASK_2", "label_logprob": -1.5e-05, "p_task_1": 1.4999887500533049e-05, "uncertainty": 0.00018161054327026476}, "Automotive and Watercraft Service Attendants_10713_10718": {"llm_label": "TASK_1", "label_logprob": -8.8e-05, "p_task_1": 0.9999120038718864, "uncertainty": 0.0009097192612209179}, "Automotive and Watercraft Service Attendants_10713_10719": {"llm_label": "TASK_2", "label_logprob": -2.3e-05, "p_task_1": 2.2999735502016172e-05, "uncertainty": 0.00026863728652655293}, "Automotive and Watercraft Service Attendants_10713_10720": {"llm_label": "TASK_2", "label_logprob": -0.001194, "p_task_1": 0.0011932874656168657, "uncertainty": 0.009224644701353018}, "Automotive and Watercraft Service Attendants_10713_10721": {"llm_label": "TASK_2", "label_logprob": -3.4e-05, "p_task_1": 3.39994220065476e-05, "uncertainty": 0.00038382457608067405}, "Automotive and Watercraft Service Attendants_10713_10723": {"llm_label": "TASK_2", "label_logprob": -0.01823, "p_task_1": 0.01806483870297393, "uncertainty": 0.09040910796446903}, "Automotive and Watercraft Service Attendants_10713_10724": {"llm_label": "TASK_2", "label_logprob": -0.00478, "p_task_1": 0.004768593980827407, "uncertainty": 0.030248696991570418}, "Automotive and Watercraft Service Attendants_10713_10725": {"llm_label": "TASK_2", "label_logprob": -0.00058, "p_task_1": 0.0005798318325139773, "uncertainty": 0.004901018398968082}, "Automotive and Watercraft Service Attendants_10713_10726": {"llm_label": "TASK_2", "label_logprob": -0.062279, "p_task_1": 0.06037930395701563, "uncertainty": 0.22800991778440727}, "Automotive and Watercraft Service Attendants_10713_20936": {"llm_label": "TASK_2", "label_logprob": -0.018227, "p_task_1": 0.018061892893071363, "uncertainty": 0.090397337565992}, "Automotive and Watercraft Service Attendants_10713_20937": {"llm_label": "TASK_1", "label_logprob": -0.000584, "p_task_1": 0.9994161704948087, "uncertainty": 0.004930796067587262}, "Automotive and Watercraft Service Attendants_10714_10715": {"llm_label": "TASK_2", "label_logprob": -0.000401, "p_task_1": 0.0004009196102457979, "uncertainty": 0.003536732041913614}, "Automotive and Watercraft Service Attendants_10714_10718": {"llm_label": "TASK_1", "label_logprob": -1.1e-05, "p_task_1": 0.9999890000604997, "uncertainty": 0.0001365930168744248}, "Automotive and Watercraft Service Attendants_10714_10719": {"llm_label": "TASK_2", "label_logprob": -0.000172, "p_task_1": 0.0001719852088480911, "uncertainty": 0.001662755765075375}, "Automotive and Watercraft Service Attendants_10714_10720": {"llm_label": "TASK_2", "label_logprob": -1.1e-05, "p_task_1": 1.0999939500266898e-05, "uncertainty": 0.0001365930168744248}, "Automotive and Watercraft Service Attendants_10714_10721": {"llm_label": "TASK_2", "label_logprob": -2.3e-05, "p_task_1": 2.2999735502016172e-05, "uncertainty": 0.00026863728652655293}, "Automotive and Watercraft Service Attendants_10714_10723": {"llm_label": "TASK_2", "label_logprob": -0.062073, "p_task_1": 0.060185722155389865, "uncertainty": 0.22747823807796824}, "Automotive and Watercraft Service Attendants_10714_10724": {"llm_label": "TASK_1", "label_logprob": -0.048553, "p_task_1": 0.9526068498048353, "uncertainty": 0.19076679030546376}, "Automotive and Watercraft Service Attendants_10714_10725": {"llm_label": "TASK_1", "label_logprob": -0.061977, "p_task_1": 0.9399045043460861, "uncertainty": 0.22723020135879085}, "Automotive and Watercraft Service Attendants_10714_10726": {"llm_label": "TASK_1", "label_logprob": -0.475864, "p_task_1": 0.6213479798267525, "uncertainty": 0.6634003674435718}, "Automotive and Watercraft Service Attendants_10714_20936": {"llm_label": "TASK_1", "label_logprob": -0.126968, "p_task_1": 0.8807618565256206, "uncertainty": 0.3654042920844892}, "Automotive and Watercraft Service Attendants_10714_20937": {"llm_label": "TASK_1", "label_logprob": -8.4e-05, "p_task_1": 0.9999160035279012, "uncertainty": 0.0008722776396170715}, "Automotive and Watercraft Service Attendants_10715_10718": {"llm_label": "TASK_1", "label_logprob": 8e-06, "p_task_1": 1.0, "uncertainty": 0.0}, "Automotive and Watercraft Service Attendants_10715_10719": {"llm_label": "TASK_2", "label_logprob": -0.063992, "p_task_1": 0.061987496399258046, "uncertainty": 0.2324015261208935}, "Automotive and Watercraft Service Attendants_10715_10720": {"llm_label": "CANNOT_DECIDE", "label_logprob": -0.366673, "p_task_1": 0.5, "uncertainty": 0.6931471805599453}, "Automotive and Watercraft Service Attendants_10715_10721": {"llm_label": "TASK_2", "label_logprob": -0.007214, "p_task_1": 0.007188041560900804, "uncertainty": 0.04263754954914808}, "Automotive and Watercraft Service Attendants_10715_10723": {"llm_label": "TASK_1", "label_logprob": -0.006081, "p_task_1": 0.9939374518596348, "uncertainty": 0.036997231491471605}, "Automotive and Watercraft Service Attendants_10715_10724": {"llm_label": "TASK_1", "label_logprob": -0.005356, "p_task_1": 0.994658317794559, "uncertainty": 0.03327621787243093}, "Automotive and Watercraft Service Attendants_10715_10725": {"llm_label": "TASK_1", "label_logprob": -0.005451, "p_task_1": 0.994563829742622, "uncertainty": 0.033769258269758295}, "Automotive and Watercraft Service Attendants_10715_10726": {"llm_label": "TASK_1", "label_logprob": -0.004101, "p_task_1": 0.9959073976170355, "uncertainty": 0.02658769424165635}, "Automotive and Watercraft Service Attendants_10715_20936": {"llm_label": "TASK_1", "label_logprob": -0.018398, "p_task_1": 0.9817702100462212,