{"Parking Attendants_3187_3188": {"llm_label": "TASK_2", "label_logprob": -0.04874, "p_task_1": 0.04757127102126191, "uncertainty": 0.19130093088810915}, "Parking Attendants_3187_3189": {"llm_label": "TASK_1", "label_logprob": -3.1e-05, "p_task_1": 0.9999690004804951, "uncertainty": 0.0003528217551931141}, "Parking Attendants_3187_3190": {"llm_label": "TASK_2", "label_logprob": -0.066113, "p_task_1": 0.06397491251954368, "uncertainty": 0.23776736741371793}, "Parking Attendants_3187_3191": {"llm_label": "EQUAL_TIME", "label_logprob": -0.051163, "p_task_1": 0.5, "uncertainty": 0.6931471805599453}, "Parking Attendants_3187_3192": {"llm_label": "TASK_1", "label_logprob": -1.1e-05, "p_task_1": 0.9999890000604997, "uncertainty": 0.0001365930168744248}, "Parking Attendants_3187_3195": {"llm_label": "TASK_1", "label_logprob": -2.3e-05, "p_task_1": 0.999977000264498, "uncertainty": 0.00026863728652655293}, "Parking Attendants_3187_3196": {"llm_label": "TASK_1", "label_logprob": -0.000145, "p_task_1": 0.9998550105119919, "uncertainty": 0.0014265192132388088}, "Parking Attendants_3187_3198": {"llm_label": "TASK_1", "label_logprob": -0.058643, "p_task_1": 0.9430433755543557, "uncertainty": 0.21851012222981747}, "Parking Attendants_3187_3200": {"llm_label": "TASK_2", "label_logprob": -0.001518, "p_task_1": 0.0015168484207728206, "uncertainty": 0.011361743309628462}, "Parking Attendants_3187_20835": {"llm_label": "TASK_1", "label_logprob": -0.000122, "p_task_1": 0.9998780074416974, "uncertainty": 0.0012213272182142654}, "Parking Attendants_3187_20836": {"llm_label": "TASK_1", "label_logprob": -0.161354, "p_task_1": 0.8509907670479442, "uncertainty": 0.4209866457475755}, "Parking Attendants_3187_20837": {"llm_label": "TASK_1", "label_logprob": -0.000397, "p_task_1": 0.9996030787940726, "uncertainty": 0.003505439114980701}, "Parking Attendants_3187_20838": {"llm_label": "TASK_1", "label_logprob": -0.005417, "p_task_1": 0.9945976454876977, "uncertainty": 0.03359299832499822}, "Parking Attendants_3187_20839": {"llm_label": "TASK_1", "label_logprob": -0.66412, "p_task_1": 0.514726287596147, "uncertainty": 0.6927133907390515}, "Parking Attendants_3188_3189": {"llm_label": "TASK_1", "label_logprob": -0.004253, "p_task_1": 0.9957560311967371, "uncertainty": 0.027416596196084306}, "Parking Attendants_3188_3190": {"llm_label": "CANNOT_DECIDE", "label_logprob": -0.165085, "p_task_1": 0.5, "uncertainty": 0.6931471805599453}, "Parking Attendants_3188_3191": {"llm_label": "TASK_2", "label_logprob": -0.165771, "p_task_1": 0.1527597700112997, "uncertainty": 0.42746646924276277}, "Parking Attendants_3188_3192": {"llm_label": "TASK_1", "label_logprob": -6.5e-05, "p_task_1": 0.9999350021124542, "uncertainty": 0.0006916505348500037}, "Parking Attendants_3188_3195": {"llm_label": "TASK_1", "label_logprob": -0.002621, "p_task_1": 0.9973824318215772, "uncertainty": 0.01817691600457204}, "Parking Attendants_3188_3196": {"llm_label": "TASK_1", "label_logprob": -0.014671, "p_task_1": 0.9854360947517902, "uncertainty": 0.07605113289188753}, "Parking Attendants_3188_3198": {"llm_label": "TASK_2", "label_logprob": -0.499836, "p_task_1": 0.3933698611021035, "uncertainty": 0.670231624365458}, "Parking Attendants_3188_3200": {"llm_label": "TASK_2", "label_logprob": -0.001949, "p_task_1": 0.0019471019328112238, "uncertainty": 0.014097872803880179}, "Parking Attendants_3188_20835": {"llm_label": "TASK_1", "label_logprob": -0.005295, "p_task_1": 0.9947189938025439, "uncertainty": 0.03295872518351616}, "Parking Attendants_3188_20836": {"llm_label": "TASK_2", "label_logprob": -0.487362, "p_task_1": 0.38575536386504394, "uncertainty": 0.6668114925082671}, "Parking Attendants_3188_20837": {"llm_label": "TASK_1", "label_logprob": -0.082954, "p_task_1": 0.9203934843466433, "uncertainty": 0.27780729302886853}, "Parking Attendants_3188_20838": {"llm_label": "TASK_1", "label_logprob": -0.09782, "p_task_1": 0.9068121152451901, "uncertainty": 0.3098520303420872}, "Parking Attendants_3188_20839": {"llm_label": "TASK_1", "label_logprob": -0.577087, "p_task_1": 0.5615317283436368, "uncertainty": 0.6855556433617027}, "Parking Attendants_3189_3190": {"llm_label": "TASK_2", "label_logprob": 1.9e-05, "p_task_1": 0.0, "uncertainty": 0.0}, "Parking Attendants_3189_3191": {"llm_label": "TASK_2", "label_logprob": 3.4e-05, "p_task_1": 0.0, "uncertainty": 0.0}, "Parking Attendants_3189_3192": {"llm_label": "TASK_1", "label_logprob": -0.576027, "p_task_1": 0.5621272675557012, "uncertainty": 0.6854075980659746}, "Parking Attendants_3189_3195": {"llm_label": "EQUAL_TIME", "label_logprob": -0.161869, "p_task_1": 0.5, "uncertainty": 0.6931471805599453}, "Parking Attendants_3189_3196": {"llm_label": "TASK_2", "label_logprob": -0.481033, "p_task_1": 0.38185548140277126, "uncertainty": 0.6649651722977934}, "Parking Attendants_3189_3198": {"llm_label": "TASK_2", "label_logprob": -0.000774, "p_task_1": 0.0007737005392658425, "uncertainty": 0.006316443781946596}, "Parking Attendants_3189_3200": {"llm_label": "TASK_2", "label_logprob": 2.7e-05, "p_task_1": 0.0, "uncertainty": 0.0}, "Parking Attendants_3189_20835": {"llm_label": "TASK_2", "label_logprob": -0.001133, "p_task_1": 0.001132358397834654, "uncertainty": 0.008813016718294507}, "Parking Attendants_3189_20836": {"llm_label": "TASK_2", "label_logprob": -0.000122, "p_task_1": 0.00012199255830258604, "uncertainty": 0.0012213272182142654}, "Parking Attendants_3189_20837": {"llm_label": "TASK_2", "label_logprob": -0.000393, "p_task_1": 0.0003929227856154238, "uncertainty": 0.003474105767846778}, "Parking Attendants_3189_20838": {"llm_label": "TASK_2", "label_logprob": -0.004124, "p_task_1": 0.004115507989694289, "uncertainty": 0.026713484241116348}, "Parking Attendants_3189_20839": {"llm_label": "TASK_2", "label_logprob": 1.5e-05, "p_task_1": 0.0, "uncertainty": 0.0}, "Parking Attendants_3190_3191": {"llm_label": "TASK_1", "label_logprob": -0.481529, "p_task_1": 0.6178379949401556, "uncertainty": 0.665112619626947}, "Parking Attendants_3190_3192": {"llm_label": "TASK_1", "label_logprob": -0.001087, "p_task_1": 0.9989135905704972, "uncertainty": 0.008500429933066118}, "Parking Attendants_3190_3195": {"llm_label": "TASK_1", "label_logprob": -0.015141, "p_task_1": 0.9849730486116236, "uncertainty": 0.07799526539338193}, "Parking Attendants_3190_3196": {"llm_label": "TASK_1", "label_logprob": -0.001698, "p_task_1": 0.9983034407863995, "uncertainty": 0.012517730159959271}, "Parking Attendants_3190_3198": {"llm_label": "TASK_1", "label_logprob": -0.32946, "p_task_1": 0.7193120570859297, "uncertainty": 0.593601879932003}, "Parking Attendants_3190_3200": {"llm_label": "TASK_2", "label_logprob": -0.000767, "p_task_1": 0.0007667059306885049, "uncertainty": 0.0062663058046345255}, "Parking Attendants_3190_20835": {"llm_label": "TASK_1", "label_logprob": -0.040291, "p_task_1": 0.9605098901018895, "uncertainty": 0.16632029040987767}, "Parking Attendants_3190_20836": {"llm_label": "TASK_2", "label_logprob": -0.232677, "p_task_1": 0.2075905195446932, "uncertainty": 0.5107467420080816}, "Parking Attendants_3190_20837": {"llm_label": "TASK_1", "label_logprob": -0.314007, "p_task_1": 0.7305139145441255, "uncertainty": 0.5827470188679637}, "Parking Attendants_3190_20838": {"llm_label": "CANNOT_DECIDE", "label_logprob": -0.719715, "p_task_1": 0.5, "uncertainty": 0.6931471805599453}, "Parking Attendants_3190_20839": {"llm_label": "TASK_2", "label_logprob": -0.26696, "p_task_1": 0.23429630099922083, "uncertainty": 0.5444157229526396}, "Parking Attendants_3191_3192": {"llm_label": "TASK_1", "label_logprob": -8e-06, "p_task_1": 0.999992000032, "uncertainty": 0.00010188814457675767}, "Parking Attendants_3191_3195": {"llm_label": "TASK_1", "label_logprob": -0.001595, "p_task_1": 0.998406271336483, "uncertainty": 0.011858746365445006}, "Parking Attendants_3191_3196": {"llm_label": "TASK_1", "label_logprob": -0.000168, "p_task_1": 0.9998320141112098, "uncertainty": 0.0016280430659486949},