{"Transportation Inspectors_23850_23851": {"llm_label": "TASK_2", "label_logprob": -0.001693, "p_task_1": 0.0016915676839177607, "uncertainty": 0.01248588954107018}, "Transportation Inspectors_23850_23852": {"llm_label": "TASK_1", "label_logprob": -0.000649, "p_task_1": 0.9993512105549475, "uncertainty": 0.00541095448571239}, "Transportation Inspectors_23850_23853": {"llm_label": "TASK_1", "label_logprob": -0.019652, "p_task_1": 0.9805398418049417, "uncertainty": 0.09593064514342935}, "Transportation Inspectors_23850_23854": {"llm_label": "TASK_2", "label_logprob": -9.2e-05, "p_task_1": 9.199576812979338e-05, "uncertainty": 0.000946978860581264}, "Transportation Inspectors_23850_23855": {"llm_label": "TASK_1", "label_logprob": -0.388359, "p_task_1": 0.6781688369448718, "uncertainty": 0.6282420395310431}, "Transportation Inspectors_23850_23856": {"llm_label": "TASK_2", "label_logprob": 0.0, "p_task_1": 0.0, "uncertainty": 0.0}, "Transportation Inspectors_23850_23857": {"llm_label": "TASK_1", "label_logprob": 0.0, "p_task_1": 1.0, "uncertainty": 0.0}, "Transportation Inspectors_23850_23858": {"llm_label": "TASK_2", "label_logprob": -0.018212, "p_task_1": 0.018047163710996128, "uncertainty": 0.09033847770296895}, "Transportation Inspectors_23850_23859": {"llm_label": "TASK_1", "label_logprob": -1.8e-05, "p_task_1": 0.999982000161999, "uncertainty": 0.0002146505665408007}, "Transportation Inspectors_23850_23860": {"llm_label": "TASK_1", "label_logprob": -0.581501, "p_task_1": 0.5590585895275225, "uncertainty": 0.6861550346075492}, "Transportation Inspectors_23850_23861": {"llm_label": "TASK_1", "label_logprob": -3.5e-05, "p_task_1": 0.9999650006124928, "uncertainty": 0.00039409879060961955}, "Transportation Inspectors_23850_23864": {"llm_label": "TASK_1", "label_logprob": -5e-06, "p_task_1": 0.9999950000125, "uncertainty": 6.603019815215604e-05}, "Transportation Inspectors_23850_23865": {"llm_label": "TASK_1", "label_logprob": -6e-06, "p_task_1": 0.999994000018, "uncertainty": 7.814227210513045e-05}, "Transportation Inspectors_23851_23852": {"llm_label": "TASK_1", "label_logprob": -0.003647, "p_task_1": 0.9963596422273122, "uncertainty": 0.024076783608925467}, "Transportation Inspectors_23851_23853": {"llm_label": "TASK_1", "label_logprob": -0.133139, "p_task_1": 0.8753434109180067, "uncertainty": 0.37610137492861295}, "Transportation Inspectors_23851_23854": {"llm_label": "TASK_2", "label_logprob": -0.000634, "p_task_1": 0.0006337990644665892, "uncertainty": 0.0053007541506326855}, "Transportation Inspectors_23851_23855": {"llm_label": "TASK_1", "label_logprob": -0.00034, "p_task_1": 0.9996600577934499, "uncertainty": 0.003054912716767066}, "Transportation Inspectors_23851_23856": {"llm_label": "TASK_2", "label_logprob": -4e-06, "p_task_1": 3.9999919999589295e-06, "uncertainty": 5.371675735315082e-05}, "Transportation Inspectors_23851_23857": {"llm_label": "TASK_1", "label_logprob": 0.0, "p_task_1": 1.0, "uncertainty": 0.0}, "Transportation Inspectors_23851_23858": {"llm_label": "TASK_2", "label_logprob": -0.001515, "p_task_1": 0.0015138529668248246, "uncertainty": 0.011342301040051753}, "Transportation Inspectors_23851_23859": {"llm_label": "TASK_1", "label_logprob": -1.4e-05, "p_task_1": 0.9999860000979995, "uncertainty": 0.0001704691519101948}, "Transportation Inspectors_23851_23860": {"llm_label": "TASK_1", "label_logprob": -0.203712, "p_task_1": 0.8156972581722969, "uncertainty": 0.47785560831808815}, "Transportation Inspectors_23851_23861": {"llm_label": "TASK_1", "label_logprob": -5.9e-05, "p_task_1": 0.9999410017404657, "uncertainty": 0.0006335217246636567}, "Transportation Inspectors_23851_23864": {"llm_label": "TASK_1", "label_logprob": -7e-06, "p_task_1": 0.9999930000245, "uncertainty": 9.008688755748087e-05}, "Transportation Inspectors_23851_23865": {"llm_label": "EQUAL_TIME", "label_logprob": -0.414888, "p_task_1": 0.5, "uncertainty": 0.6931471805599453}, "Transportation Inspectors_23852_23853": {"llm_label": "TASK_1", "label_logprob": -0.474366, "p_task_1": 0.6222794566024515, "uncertainty": 0.6629371870441159}, "Transportation Inspectors_23852_23854": {"llm_label": "TASK_2", "label_logprob": -1.7e-05, "p_task_1": 1.6999855500854366e-05, "uncertainty": 0.000203697321204896}, "Transportation Inspectors_23852_23855": {"llm_label": "TASK_1", "label_logprob": -0.20145, "p_task_1": 0.8175444537608733, "uncertainty": 0.4750965943198887}, "Transportation Inspectors_23852_23856": {"llm_label": "TASK_2", "label_logprob": 0.0, "p_task_1": 0.0, "uncertainty": 0.0}, "Transportation Inspectors_23852_23857": {"llm_label": "TASK_1", "label_logprob": -1e-06, "p_task_1": 0.9999990000005, "uncertainty": 1.4815503149992376e-05}, "Transportation Inspectors_23852_23858": {"llm_label": "TASK_2", "label_logprob": -0.006812, "p_task_1": 0.006788850921665701, "uncertainty": 0.04065891323089254}, "Transportation Inspectors_23852_23859": {"llm_label": "TASK_1", "label_logprob": -0.011914, "p_task_1": 0.9881566906832306, "uncertainty": 0.06430972639214587}, "Transportation Inspectors_23852_23860": {"llm_label": "TASK_2", "label_logprob": -7e-06, "p_task_1": 6.999975500021627e-06, "uncertainty": 9.008688755748087e-05}, "Transportation Inspectors_23852_23861": {"llm_label": "TASK_1", "label_logprob": -0.000133, "p_task_1": 0.999867008844108, "uncertainty": 0.001319958691054697}, "Transportation Inspectors_23852_23864": {"llm_label": "TASK_1", "label_logprob": -0.000448, "p_task_1": 0.9995521003370158, "uncertainty": 0.0039015273582097905}, "Transportation Inspectors_23852_23865": {"llm_label": "TASK_1", "label_logprob": -0.03216, "p_task_1": 0.968351633422288, "uncertainty": 0.14042617385276207}, "Transportation Inspectors_23853_23854": {"llm_label": "TASK_2", "label_logprob": -6e-06, "p_task_1": 5.9999820000156134e-06, "uncertainty": 7.814227210513045e-05}, "Transportation Inspectors_23853_23855": {"llm_label": "TASK_2", "label_logprob": -0.257163, "p_task_1": 0.2267578349801428, "uncertainty": 0.5353290214803925}, "Transportation Inspectors_23853_23856": {"llm_label": "TASK_2", "label_logprob": 0.0, "p_task_1": 0.0, "uncertainty": 0.0}, "Transportation Inspectors_23853_23857": {"llm_label": "TASK_1", "label_logprob": -7e-06, "p_task_1": 0.9999930000245, "uncertainty": 9.008688755748087e-05}, "Transportation Inspectors_23853_23858": {"llm_label": "TASK_2", "label_logprob": -5.5e-05, "p_task_1": 5.49984875277687e-05, "uncertainty": 0.0005944334084389942}, "Transportation Inspectors_23853_23859": {"llm_label": "TASK_1", "label_logprob": -0.008782, "p_task_1": 0.991256449126269, "uncertainty": 0.050144739213298935}, "Transportation Inspectors_23853_23860": {"llm_label": "TASK_2", "label_logprob": -0.000102, "p_task_1": 0.00010199479817685209, "uncertainty": 0.0010393818406264565}, "Transportation Inspectors_23853_23861": {"llm_label": "TASK_1", "label_logprob": -0.005602, "p_task_1": 0.9944136619422852, "uncertainty": 0.034549450196694795}, "Transportation Inspectors_23853_23864": {"llm_label": "TASK_1", "label_logprob": -0.000205, "p_task_1": 0.9997950210110642, "uncertainty": 0.0019457631714790353}, "Transportation Inspectors_23853_23865": {"llm_label": "TASK_1", "label_logprob": -0.103265, "p_task_1": 0.9018879415066794, "uncertainty": 0.32091482827564466}, "Transportation Inspectors_23854_23855": {"llm_label": "TASK_1", "label_logprob": -0.005269, "p_task_1": 0.9947448568326007, "uncertainty": 0.03282318197447614}, "Transportation Inspectors_23854_23856": {"llm_label": "TASK_2", "label_logprob": -6e-06, "p_task_1": 5.9999820000156134e-06, "uncertainty": 7.814227210513045e-05}, "Transportation Inspectors_23854_23857": {"llm_label": "TASK_1", "label_logprob": -1.3e-05, "p_task_1": 0.9999870000844996, "uncertainty": 0.00015925626043919854}, "Transportation Inspectors_23854_23858": {"llm_label": "TASK_2", "label_logprob": -0.576025, "p_task_1": 0.43787160818863946, "uncertainty": 0.6854073172243703}, "Transportation Inspectors_23854_23859": {"llm_label": "TASK_1",