{"Passenger Attendants_13172_13173": {"llm_label": "TASK_1", "label_logprob": -0.000111, "p_task_1": 0.9998890061602721, "uncertainty": 0.001121701564056563}, "Passenger Attendants_13172_13174": {"llm_label": "EQUAL_TIME", "label_logprob": -0.547096, "p_task_1": 0.5, "uncertainty": 0.6931471805599453}, "Passenger Attendants_13172_13175": {"llm_label": "TASK_2", "label_logprob": -0.445281, "p_task_1": 0.3593557702915531, "uncertainty": 0.6530466272060612}, "Passenger Attendants_13172_13176": {"llm_label": "TASK_2", "label_logprob": -0.142526, "p_task_1": 0.13283499229104978, "uncertainty": 0.39174059568030273}, "Passenger Attendants_13172_13177": {"llm_label": "TASK_1", "label_logprob": -2e-06, "p_task_1": 0.999998000002, "uncertainty": 2.8244698509961958e-05}, "Passenger Attendants_13172_13178": {"llm_label": "TASK_2", "label_logprob": -0.660139, "p_task_1": 0.48322050285098417, "uncertainty": 0.6925839717681406}, "Passenger Attendants_13172_13179": {"llm_label": "TASK_1", "label_logprob": -0.034034, "p_task_1": 0.966538641765021, "uncertainty": 0.14657558970637669}, "Passenger Attendants_13172_13182": {"llm_label": "TASK_1", "label_logprob": -0.008137, "p_task_1": 0.9918960157740263, "uncertainty": 0.04709497913369495}, "Passenger Attendants_13172_13183": {"llm_label": "TASK_1", "label_logprob": -0.653873, "p_task_1": 0.520027803794757, "uncertainty": 0.6923447400503635}, "Passenger Attendants_13172_13184": {"llm_label": "TASK_1", "label_logprob": -2.5e-05, "p_task_1": 0.9999750003124974, "uncertainty": 0.0002899122444096467}, "Passenger Attendants_13172_20841": {"llm_label": "EQUAL_TIME", "label_logprob": -0.145052, "p_task_1": 0.5, "uncertainty": 0.6931471805599453}, "Passenger Attendants_13173_13174": {"llm_label": "TASK_2", "label_logprob": -0.000467, "p_task_1": 0.00046689097247265554, "uncertainty": 0.004047562492079284}, "Passenger Attendants_13173_13175": {"llm_label": "TASK_2", "label_logprob": -0.000776, "p_task_1": 0.0007756989898662914, "uncertainty": 0.006330757205306739}, "Passenger Attendants_13173_13176": {"llm_label": "TASK_2", "label_logprob": -8.4e-05, "p_task_1": 8.399647209877958e-05, "uncertainty": 0.0008722776396170715}, "Passenger Attendants_13173_13177": {"llm_label": "EQUAL_TIME", "label_logprob": -0.001141, "p_task_1": 0.5, "uncertainty": 0.6931471805599453}, "Passenger Attendants_13173_13178": {"llm_label": "TASK_2", "label_logprob": -0.001455, "p_task_1": 0.0014539420006918213, "uncertainty": 0.010952180830132257}, "Passenger Attendants_13173_13179": {"llm_label": "TASK_2", "label_logprob": -0.482934, "p_task_1": 0.3830294579144071, "uncertainty": 0.665527735076451}, "Passenger Attendants_13173_13182": {"llm_label": "TASK_2", "label_logprob": -0.0014, "p_task_1": 0.0013990204571733278, "uncertainty": 0.010592379977565758}, "Passenger Attendants_13173_13183": {"llm_label": "TASK_2", "label_logprob": -0.005576, "p_task_1": 0.005560482966389557, "uncertainty": 0.034415413266218095}, "Passenger Attendants_13173_13184": {"llm_label": "EQUAL_TIME", "label_logprob": -0.011753, "p_task_1": 0.5, "uncertainty": 0.6931471805599453}, "Passenger Attendants_13173_20841": {"llm_label": "TASK_2", "label_logprob": -0.00048, "p_task_1": 0.0004798848184297544, "uncertainty": 0.004147032375164601}, "Passenger Attendants_13174_13175": {"llm_label": "TASK_2", "label_logprob": -0.029446, "p_task_1": 0.029016690675770396, "uncertainty": 0.1313072957300474}, "Passenger Attendants_13174_13176": {"llm_label": "TASK_2", "label_logprob": -0.00042, "p_task_1": 0.00041991181234668495, "uncertainty": 0.003684833589474493}, "Passenger Attendants_13174_13177": {"llm_label": "TASK_1", "label_logprob": -1e-06, "p_task_1": 0.9999990000005, "uncertainty": 1.4815503149992376e-05}, "Passenger Attendants_13174_13178": {"llm_label": "TASK_2", "label_logprob": -0.007177, "p_task_1": 0.0071513068388504575, "uncertainty": 0.04245642163093797}, "Passenger Attendants_13174_13179": {"llm_label": "TASK_1", "label_logprob": -0.799236, "p_task_1": 0.449672382614969, "uncertainty": 0.6880728536608566}, "Passenger Attendants_13174_13182": {"llm_label": "EQUAL_TIME", "label_logprob": -0.00206, "p_task_1": 0.5, "uncertainty": 0.6931471805599453}, "Passenger Attendants_13174_13183": {"llm_label": "TASK_1", "label_logprob": -0.612295, "p_task_1": 0.5421053086572524, "uncertainty": 0.6895972638971289}, "Passenger Attendants_13174_13184": {"llm_label": "TASK_1", "label_logprob": -2e-06, "p_task_1": 0.999998000002, "uncertainty": 2.8244698509961958e-05}, "Passenger Attendants_13174_20841": {"llm_label": "EQUAL_TIME", "label_logprob": -0.873985, "p_task_1": 0.5, "uncertainty": 0.6931471805599453}, "Passenger Attendants_13175_13176": {"llm_label": "EQUAL_TIME", "label_logprob": -0.432905, "p_task_1": 0.5, "uncertainty": 0.6931471805599453}, "Passenger Attendants_13175_13177": {"llm_label": "TASK_1", "label_logprob": -3e-06, "p_task_1": 0.9999970000045, "uncertainty": 4.1150633082097105e-05}, "Passenger Attendants_13175_13178": {"llm_label": "TASK_2", "label_logprob": -0.493257, "p_task_1": 0.3893656841209173, "uncertainty": 0.6684635038010023}, "Passenger Attendants_13175_13179": {"llm_label": "TASK_1", "label_logprob": -0.727151, "p_task_1": 0.4832839064413182, "uncertainty": 0.6925882208391326}, "Passenger Attendants_13175_13182": {"llm_label": "TASK_1", "label_logprob": -0.174264, "p_task_1": 0.8400750885575392, "uncertainty": 0.4395453444685561}, "Passenger Attendants_13175_13183": {"llm_label": "TASK_1", "label_logprob": -0.052332, "p_task_1": 0.9490137419727207, "uncertainty": 0.20140904408121127}, "Passenger Attendants_13175_13184": {"llm_label": "TASK_1", "label_logprob": -0.000134, "p_task_1": 0.999866008977599, "uncertainty": 0.0013288788448026945}, "Passenger Attendants_13175_20841": {"llm_label": "TASK_1", "label_logprob": -0.018242, "p_task_1": 0.9819233781457896, "uncertainty": 0.09045618431404764}, "Passenger Attendants_13176_13177": {"llm_label": "TASK_1", "label_logprob": -1e-06, "p_task_1": 0.9999990000005, "uncertainty": 1.4815503149992376e-05}, "Passenger Attendants_13176_13178": {"llm_label": "TASK_2", "label_logprob": -0.025457, "p_task_1": 0.025135702770727186, "uncertainty": 0.11740362751924607}, "Passenger Attendants_13176_13179": {"llm_label": "TASK_1", "label_logprob": -0.587953, "p_task_1": 0.555463154852797, "uncertainty": 0.6869821779292934}, "Passenger Attendants_13176_13182": {"llm_label": "TASK_1", "label_logprob": -0.008793, "p_task_1": 0.9912455453652994, "uncertainty": 0.0501963143093073}, "Passenger Attendants_13176_13183": {"llm_label": "TASK_1", "label_logprob": -0.266698, "p_task_1": 0.7659043396526951, "uncertainty": 0.5441780103234917}, "Passenger Attendants_13176_13184": {"llm_label": "TASK_1", "label_logprob": -2.2e-05, "p_task_1": 0.9999780002419982, "uncertainty": 0.0002579354610012207}, "Passenger Attendants_13176_20841": {"llm_label": "TASK_1", "label_logprob": -0.259536, "p_task_1": 0.7714094367543795, "uncertainty": 0.5375676867635479}, "Passenger Attendants_13177_13178": {"llm_label": "TASK_2", "label_logprob": -5e-06, "p_task_1": 4.999987500031722e-06, "uncertainty": 6.603019815215604e-05}, "Passenger Attendants_13177_13179": {"llm_label": "TASK_2", "label_logprob": -0.005879, "p_task_1": 0.005861752495412209, "uncertainty": 0.03596988239281312}, "Passenger Attendants_13177_13182": {"llm_label": "TASK_2", "label_logprob": 0.0, "p_task_1": 0.0, "uncertainty": 0.0}, "Passenger Attendants_13177_13183": {"llm_label": "TASK_2", "label_logprob": -0.000255, "p_task_1": 0.0002549674902634358, "uncertainty": 0.002364631485629027}, "Passenger Attendants_13177_13184": {"llm_label": "EQUAL_TIME", "label_logprob": -0.000142, "p_task_1": 0.5, "uncertainty": 0.6931471805599453}, "Passenger Attendants_13177_20841": {"llm_label": "TASK_2", "label_logprob": -1e-06, "p_task_1": 9.999994999843054e-07, "uncertainty": 1.4815503149992376e-05}, "Passenger Attendants_13178_13179": {"llm_label": "TASK_1", "label_logprob": -0.004841,