{"Pump Operators, Except Wellhead Pumpers_14609_14610": {"llm_label": "TASK_1", "label_logprob": -0.002695, "p_task_1": 0.9973086282523881, "uncertainty": 0.018614488841510277}, "Pump Operators, Except Wellhead Pumpers_14609_14611": {"llm_label": "TASK_1", "label_logprob": -4.3e-05, "p_task_1": 0.9999570009244867, "uncertainty": 0.0004753251294579815}, "Pump Operators, Except Wellhead Pumpers_14609_14612": {"llm_label": "EQUAL_TIME", "label_logprob": -0.01483, "p_task_1": 0.5, "uncertainty": 0.6931471805599453}, "Pump Operators, Except Wellhead Pumpers_14609_14613": {"llm_label": "TASK_1", "label_logprob": -6e-06, "p_task_1": 0.999994000018, "uncertainty": 7.814227210513045e-05}, "Pump Operators, Except Wellhead Pumpers_14609_14614": {"llm_label": "TASK_2", "label_logprob": -0.000279, "p_task_1": 0.0002789610831193112, "uncertainty": 0.0025620619351890083}, "Pump Operators, Except Wellhead Pumpers_14609_14615": {"llm_label": "TASK_1", "label_logprob": -1e-06, "p_task_1": 0.9999990000005, "uncertainty": 1.4815503149992376e-05}, "Pump Operators, Except Wellhead Pumpers_14609_14616": {"llm_label": "TASK_2", "label_logprob": -4e-06, "p_task_1": 3.9999919999589295e-06, "uncertainty": 5.371675735315082e-05}, "Pump Operators, Except Wellhead Pumpers_14609_14617": {"llm_label": "TASK_2", "label_logprob": -0.576899, "p_task_1": 0.438362693767424, "uncertainty": 0.6855295027796986}, "Pump Operators, Except Wellhead Pumpers_14609_14618": {"llm_label": "TASK_2", "label_logprob": -0.389652, "p_task_1": 0.322707468707606, "uncertainty": 0.6288934524193001}, "Pump Operators, Except Wellhead Pumpers_14609_14619": {"llm_label": "CANNOT_DECIDE", "label_logprob": -0.718678, "p_task_1": 0.5, "uncertainty": 0.6931471805599453}, "Pump Operators, Except Wellhead Pumpers_14609_14620": {"llm_label": "TASK_1", "label_logprob": -0.005314, "p_task_1": 0.9947000943212073, "uncertainty": 0.03305769320354141}, "Pump Operators, Except Wellhead Pumpers_14609_14621": {"llm_label": "TASK_2", "label_logprob": -0.003941, "p_task_1": 0.003933244451051254, "uncertainty": 0.02570894998663037}, "Pump Operators, Except Wellhead Pumpers_14609_14622": {"llm_label": "TASK_2", "label_logprob": -0.326225, "p_task_1": 0.27835720046613277, "uncertainty": 0.5913950548992929}, "Pump Operators, Except Wellhead Pumpers_14610_14611": {"llm_label": "TASK_1", "label_logprob": -0.00407, "p_task_1": 0.9959382712249001, "uncertainty": 0.026417942805659116}, "Pump Operators, Except Wellhead Pumpers_14610_14612": {"llm_label": "TASK_2", "label_logprob": -0.000276, "p_task_1": 0.00027596191550383065, "uncertainty": 0.0025375000848162814}, "Pump Operators, Except Wellhead Pumpers_14610_14613": {"llm_label": "TASK_1", "label_logprob": -0.01176, "p_task_1": 0.9883088785317594, "uncertainty": 0.06363544170171248}, "Pump Operators, Except Wellhead Pumpers_14610_14614": {"llm_label": "TASK_2", "label_logprob": -1e-06, "p_task_1": 9.999994999843054e-07, "uncertainty": 1.4815503149992376e-05}, "Pump Operators, Except Wellhead Pumpers_14610_14615": {"llm_label": "TASK_1", "label_logprob": -9.4e-05, "p_task_1": 0.9999060044178616, "uncertainty": 0.000965542901722332}, "Pump Operators, Except Wellhead Pumpers_14610_14616": {"llm_label": "TASK_2", "label_logprob": 0.0, "p_task_1": 0.0, "uncertainty": 0.0}, "Pump Operators, Except Wellhead Pumpers_14610_14617": {"llm_label": "TASK_2", "label_logprob": -0.01817, "p_task_1": 0.018005920825777455, "uncertainty": 0.09017360022659926}, "Pump Operators, Except Wellhead Pumpers_14610_14618": {"llm_label": "TASK_2", "label_logprob": -0.049457, "p_task_1": 0.048253917661873924, "uncertainty": 0.1933415575348899}, "Pump Operators, Except Wellhead Pumpers_14610_14619": {"llm_label": "TASK_2", "label_logprob": -0.018122, "p_task_1": 0.017958783978701875, "uncertainty": 0.08998504252896879}, "Pump Operators, Except Wellhead Pumpers_14610_14620": {"llm_label": "TASK_1", "label_logprob": -0.18296, "p_task_1": 0.8328014671295438, "uncertainty": 0.4514161969902272}, "Pump Operators, Except Wellhead Pumpers_14610_14621": {"llm_label": "TASK_2", "label_logprob": -2e-05, "p_task_1": 1.999980000133572e-05, "uncertainty": 0.00023639320174866763}, "Pump Operators, Except Wellhead Pumpers_14610_14622": {"llm_label": "TASK_2", "label_logprob": -0.032756, "p_task_1": 0.03222533219839774, "uncertainty": 0.1423945211534301}, "Pump Operators, Except Wellhead Pumpers_14611_14612": {"llm_label": "TASK_2", "label_logprob": -1e-06, "p_task_1": 9.999994999843054e-07, "uncertainty": 1.4815503149992376e-05}, "Pump Operators, Except Wellhead Pumpers_14611_14613": {"llm_label": "EQUAL_TIME", "label_logprob": -0.038391, "p_task_1": 0.5, "uncertainty": 0.6931471805599453}, "Pump Operators, Except Wellhead Pumpers_14611_14614": {"llm_label": "TASK_2", "label_logprob": 0.0, "p_task_1": 0.0, "uncertainty": 0.0}, "Pump Operators, Except Wellhead Pumpers_14611_14615": {"llm_label": "EQUAL_TIME", "label_logprob": -0.011475, "p_task_1": 0.5, "uncertainty": 0.6931471805599453}, "Pump Operators, Except Wellhead Pumpers_14611_14616": {"llm_label": "TASK_2", "label_logprob": 0.0, "p_task_1": 0.0, "uncertainty": 0.0}, "Pump Operators, Except Wellhead Pumpers_14611_14617": {"llm_label": "TASK_2", "label_logprob": -6e-06, "p_task_1": 5.9999820000156134e-06, "uncertainty": 7.814227210513045e-05}, "Pump Operators, Except Wellhead Pumpers_14611_14618": {"llm_label": "TASK_2", "label_logprob": 0.0, "p_task_1": 0.0, "uncertainty": 0.0}, "Pump Operators, Except Wellhead Pumpers_14611_14619": {"llm_label": "TASK_2", "label_logprob": -1.9e-05, "p_task_1": 1.8999819501153148e-05, "uncertainty": 0.00022554821728270377}, "Pump Operators, Except Wellhead Pumpers_14611_14620": {"llm_label": "TASK_2", "label_logprob": -0.00021, "p_task_1": 0.00020997795154342747, "uncertainty": 0.001988155872434698}, "Pump Operators, Except Wellhead Pumpers_14611_14621": {"llm_label": "TASK_2", "label_logprob": 0.0, "p_task_1": 0.0, "uncertainty": 0.0}, "Pump Operators, Except Wellhead Pumpers_14611_14622": {"llm_label": "TASK_2", "label_logprob": -7e-06, "p_task_1": 6.999975500021627e-06, "uncertainty": 9.008688755748087e-05}, "Pump Operators, Except Wellhead Pumpers_14612_14613": {"llm_label": "EQUAL_TIME", "label_logprob": -0.254264, "p_task_1": 0.5, "uncertainty": 0.6931471805599453}, "Pump Operators, Except Wellhead Pumpers_14612_14614": {"llm_label": "TASK_2", "label_logprob": -7e-06, "p_task_1": 6.999975500021627e-06, "uncertainty": 9.008688755748087e-05}, "Pump Operators, Except Wellhead Pumpers_14612_14615": {"llm_label": "TASK_1", "label_logprob": -1e-06, "p_task_1": 0.9999990000005, "uncertainty": 1.4815503149992376e-05}, "Pump Operators, Except Wellhead Pumpers_14612_14616": {"llm_label": "TASK_2", "label_logprob": -3e-06, "p_task_1": 2.9999955000192813e-06, "uncertainty": 4.1150633082097105e-05}, "Pump Operators, Except Wellhead Pumpers_14612_14617": {"llm_label": "TASK_2", "label_logprob": -0.474969, "p_task_1": 0.3780956647994106, "uncertainty": 0.6631241613534427}, "Pump Operators, Except Wellhead Pumpers_14612_14618": {"llm_label": "TASK_1", "label_logprob": -0.03495, "p_task_1": 0.9656536977354062, "uncertainty": 0.14953994313123106}, "Pump Operators, Except Wellhead Pumpers_14612_14619": {"llm_label": "CANNOT_DECIDE", "label_logprob": -0.009623, "p_task_1": 0.5, "uncertainty": 0.6931471805599453}, "Pump Operators, Except Wellhead Pumpers_14612_14620": {"llm_label": "TASK_1", "label_logprob": -0.151949, "p_task_1": 0.8590320902605745, "uncertainty": 0.4067166388122574}, "Pump Operators, Except Wellhead Pumpers_14612_14621": {"llm_label": "TASK_2", "label_logprob": -0.00572, "p_task_1": 0.005703671946988398, "uncertainty": 0.035156223772263774}, "Pump Operators, Except Wellhead Pumpers_14612_14622": {"llm_label": "TASK_2", "label_logprob": -1.108552, "p_task_1": 0.6699634918885593, "uncertainty": 0.634204487197161}, "Pump Operators, Except Wellhead Pumpers_14613_14614": {"llm_label": "TASK_2", "label_logprob": 0.0, "p_task_1": 0.0,