{"Refuse and Recyclable Material Collectors_7170_7171": {"llm_label": "EQUAL_TIME", "label_logprob": -0.043519, "p_task_1": 0.5, "uncertainty": 0.6931471805599453}, "Refuse and Recyclable Material Collectors_7170_7172": {"llm_label": "TASK_1", "label_logprob": -0.046055, "p_task_1": 0.9549894363272686, "uncertainty": 0.18355340802138262}, "Refuse and Recyclable Material Collectors_7170_7174": {"llm_label": "TASK_2", "label_logprob": -3e-06, "p_task_1": 2.9999955000192813e-06, "uncertainty": 4.1150633082097105e-05}, "Refuse and Recyclable Material Collectors_7170_7175": {"llm_label": "TASK_2", "label_logprob": -0.075597, "p_task_1": 0.07281021123761655, "uncertainty": 0.2608481711225982}, "Refuse and Recyclable Material Collectors_7170_7176": {"llm_label": "TASK_1", "label_logprob": -0.386998, "p_task_1": 0.6790924531101848, "uncertainty": 0.6275516492143334}, "Refuse and Recyclable Material Collectors_7170_7177": {"llm_label": "TASK_1", "label_logprob": -0.018179, "p_task_1": 0.9819852412672806, "uncertainty": 0.09020893978853717}, "Refuse and Recyclable Material Collectors_7170_7178": {"llm_label": "TASK_1", "label_logprob": -0.015339, "p_task_1": 0.984778043254166, "uncertainty": 0.07880964858083293}, "Refuse and Recyclable Material Collectors_7170_7179": {"llm_label": "EQUAL_TIME", "label_logprob": -0.387377, "p_task_1": 0.5, "uncertainty": 0.6931471805599453}, "Refuse and Recyclable Material Collectors_7170_7180": {"llm_label": "TASK_1", "label_logprob": -0.011924, "p_task_1": 0.9881468091657315, "uncertainty": 0.06435343882754782}, "Refuse and Recyclable Material Collectors_7170_7181": {"llm_label": "TASK_2", "label_logprob": 0.0, "p_task_1": 0.0, "uncertainty": 0.0}, "Refuse and Recyclable Material Collectors_7170_7183": {"llm_label": "TASK_2", "label_logprob": -0.000124, "p_task_1": 0.00012399231231774444, "uncertainty": 0.0012393315549874347}, "Refuse and Recyclable Material Collectors_7170_19932": {"llm_label": "TASK_2", "label_logprob": -9e-06, "p_task_1": 8.999959500100019e-06, "uncertainty": 0.0001135640627863842}, "Refuse and Recyclable Material Collectors_7170_20313": {"llm_label": "TASK_2", "label_logprob": -0.000337, "p_task_1": 0.00033694322187827197, "uncertainty": 0.0030309483686147905}, "Refuse and Recyclable Material Collectors_7171_7172": {"llm_label": "EQUAL_TIME", "label_logprob": -0.504927, "p_task_1": 0.5, "uncertainty": 0.6931471805599453}, "Refuse and Recyclable Material Collectors_7171_7174": {"llm_label": "TASK_2", "label_logprob": -1e-06, "p_task_1": 9.999994999843054e-07, "uncertainty": 1.4815503149992376e-05}, "Refuse and Recyclable Material Collectors_7171_7175": {"llm_label": "TASK_2", "label_logprob": -0.020427, "p_task_1": 0.0202197821801422, "uncertainty": 0.09889323817691423}, "Refuse and Recyclable Material Collectors_7171_7176": {"llm_label": "TASK_1", "label_logprob": -0.592918, "p_task_1": 0.5527121153957769, "uncertainty": 0.6875797063892672}, "Refuse and Recyclable Material Collectors_7171_7177": {"llm_label": "TASK_2", "label_logprob": -0.513645, "p_task_1": 0.40168924331521116, "uncertainty": 0.6736906541272948}, "Refuse and Recyclable Material Collectors_7171_7178": {"llm_label": "TASK_1", "label_logprob": -0.06053, "p_task_1": 0.941265530628913, "uncertainty": 0.22347107753444778}, "Refuse and Recyclable Material Collectors_7171_7179": {"llm_label": "TASK_2", "label_logprob": -0.578304, "p_task_1": 0.4391512400991652, "uncertainty": 0.6857236495295751}, "Refuse and Recyclable Material Collectors_7171_7180": {"llm_label": "TASK_1", "label_logprob": -0.007076, "p_task_1": 0.9929489759433541, "uncertainty": 0.04196098676276239}, "Refuse and Recyclable Material Collectors_7171_7181": {"llm_label": "TASK_2", "label_logprob": 0.0, "p_task_1": 0.0, "uncertainty": 0.0}, "Refuse and Recyclable Material Collectors_7171_7183": {"llm_label": "TASK_2", "label_logprob": -0.000554, "p_task_1": 0.0005538465703346374, "uncertainty": 0.004706779721373754}, "Refuse and Recyclable Material Collectors_7171_19932": {"llm_label": "TASK_2", "label_logprob": -4e-05, "p_task_1": 3.999920001063195e-05, "uncertainty": 0.00044505634297012944}, "Refuse and Recyclable Material Collectors_7171_20313": {"llm_label": "TASK_2", "label_logprob": -5e-06, "p_task_1": 4.999987500031722e-06, "uncertainty": 6.603019815215604e-05}, "Refuse and Recyclable Material Collectors_7172_7174": {"llm_label": "TASK_2", "label_logprob": -7e-06, "p_task_1": 6.999975500021627e-06, "uncertainty": 9.008688755748087e-05}, "Refuse and Recyclable Material Collectors_7172_7175": {"llm_label": "TASK_2", "label_logprob": -0.001175, "p_task_1": 0.001174309957792996, "uncertainty": 0.009096777043855295}, "Refuse and Recyclable Material Collectors_7172_7176": {"llm_label": "TASK_2", "label_logprob": -0.000239, "p_task_1": 0.00023897144177520424, "uncertainty": 0.002231765528406796}, "Refuse and Recyclable Material Collectors_7172_7177": {"llm_label": "TASK_2", "label_logprob": -7.6e-05, "p_task_1": 7.599711207317839e-05, "uncertainty": 0.0007968127892924509}, "Refuse and Recyclable Material Collectors_7172_7178": {"llm_label": "TASK_1", "label_logprob": -0.505026, "p_task_1": 0.6034898844860626, "uncertainty": 0.6715712422416311}, "Refuse and Recyclable Material Collectors_7172_7179": {"llm_label": "TASK_2", "label_logprob": -0.44209, "p_task_1": 0.35730820940860186, "uncertainty": 0.6518536934901198}, "Refuse and Recyclable Material Collectors_7172_7180": {"llm_label": "TASK_1", "label_logprob": -0.036272, "p_task_1": 0.9643779470040342, "uncertainty": 0.1537719960680117}, "Refuse and Recyclable Material Collectors_7172_7181": {"llm_label": "TASK_2", "label_logprob": 0.0, "p_task_1": 0.0, "uncertainty": 0.0}, "Refuse and Recyclable Material Collectors_7172_7183": {"llm_label": "TASK_2", "label_logprob": -4e-05, "p_task_1": 3.999920001063195e-05, "uncertainty": 0.00044505634297012944}, "Refuse and Recyclable Material Collectors_7172_19932": {"llm_label": "TASK_2", "label_logprob": 0.0, "p_task_1": 0.0, "uncertainty": 0.0}, "Refuse and Recyclable Material Collectors_7172_20313": {"llm_label": "TASK_2", "label_logprob": -1e-06, "p_task_1": 9.999994999843054e-07, "uncertainty": 1.4815503149992376e-05}, "Refuse and Recyclable Material Collectors_7174_7175": {"llm_label": "TASK_1", "label_logprob": -0.00185, "p_task_1": 0.9981517101952171, "uncertainty": 0.013478782379655429}, "Refuse and Recyclable Material Collectors_7174_7176": {"llm_label": "TASK_1", "label_logprob": -0.005122, "p_task_1": 0.9948910950748026, "uncertainty": 0.03205434944310405}, "Refuse and Recyclable Material Collectors_7174_7177": {"llm_label": "TASK_1", "label_logprob": -0.024257, "p_task_1": 0.9760348365690871, "uncertainty": 0.11309339306947966}, "Refuse and Recyclable Material Collectors_7174_7178": {"llm_label": "TASK_1", "label_logprob": -0.000447, "p_task_1": 0.9995530998896159, "uncertainty": 0.0038938191979131244}, "Refuse and Recyclable Material Collectors_7174_7179": {"llm_label": "TASK_1", "label_logprob": -0.000152, "p_task_1": 0.9998480115514147, "uncertainty": 0.0014882146586093215}, "Refuse and Recyclable Material Collectors_7174_7180": {"llm_label": "TASK_1", "label_logprob": -0.000204, "p_task_1": 0.9997960208065851, "uncertainty": 0.0019372700671688274}, "Refuse and Recyclable Material Collectors_7174_7181": {"llm_label": "TASK_1", "label_logprob": -0.000169, "p_task_1": 0.9998310142796956, "uncertainty": 0.0016367300940866053}, "Refuse and Recyclable Material Collectors_7174_7183": {"llm_label": "TASK_1", "label_logprob": -0.001548, "p_task_1": 0.9984531975339928, "uncertainty": 0.01155583887556844}, "Refuse and Recyclable Material Collectors_7174_19932": {"llm_label": "TASK_2", "label_logprob": -0.281634, "p_task_1": 0.24545020077246515, "uncertainty": 0.5572812518360001}, "Refuse and Recyclable Material Collectors_7174_20313": {"llm_label": "TASK_1", "label_logprob": -0.009523, "p_task_1": 0.9905222001703015, "uncertainty": 0.05358794590425042},