{"Crane and Tower Operators_10767_10768": {"llm_label": "TASK_2", "label_logprob": -0.001081, "p_task_1": 0.001080415929978873, "uncertainty": 0.008459514969296289}, "Crane and Tower Operators_10767_10769": {"llm_label": "TASK_2", "label_logprob": 0.0, "p_task_1": 0.0, "uncertainty": 0.0}, "Crane and Tower Operators_10767_10770": {"llm_label": "TASK_2", "label_logprob": 0.0, "p_task_1": 0.0, "uncertainty": 0.0}, "Crane and Tower Operators_10767_10771": {"llm_label": "TASK_2", "label_logprob": -1.4e-05, "p_task_1": 1.3999902000461084e-05, "uncertainty": 0.0001704691519101948}, "Crane and Tower Operators_10767_10772": {"llm_label": "TASK_2", "label_logprob": -0.007278, "p_task_1": 0.007251579493005367, "uncertainty": 0.04295039023592195}, "Crane and Tower Operators_10767_10773": {"llm_label": "TASK_2", "label_logprob": -1e-06, "p_task_1": 9.999994999843054e-07, "uncertainty": 1.4815503149992376e-05}, "Crane and Tower Operators_10767_10774": {"llm_label": "TASK_1", "label_logprob": -0.0957, "p_task_1": 0.9087365961584959, "uncertainty": 0.3054511744091504}, "Crane and Tower Operators_10767_10775": {"llm_label": "TASK_2", "label_logprob": -0.002637, "p_task_1": 0.0026335261696677215, "uncertainty": 0.018271703895297843}, "Crane and Tower Operators_10767_10776": {"llm_label": "TASK_2", "label_logprob": -0.000502, "p_task_1": 0.0005018740190816384, "uncertainty": 0.004314565998610543}, "Crane and Tower Operators_10767_10777": {"llm_label": "TASK_2", "label_logprob": -0.044658, "p_task_1": 0.04367551111309431, "uncertainty": 0.17945415449107363}, "Crane and Tower Operators_10768_10769": {"llm_label": "TASK_2", "label_logprob": -0.252644, "p_task_1": 0.22325564640127682, "uncertainty": 0.530997748540147}, "Crane and Tower Operators_10768_10770": {"llm_label": "TASK_2", "label_logprob": -2.3e-05, "p_task_1": 2.2999735502016172e-05, "uncertainty": 0.00026863728652655293}, "Crane and Tower Operators_10768_10771": {"llm_label": "TASK_2", "label_logprob": -0.075348, "p_task_1": 0.07257931223448177, "uncertainty": 0.26026029905672715}, "Crane and Tower Operators_10768_10772": {"llm_label": "TASK_1", "label_logprob": -0.001973, "p_task_1": 0.9980289450850721, "uncertainty": 0.01424717955816086}, "Crane and Tower Operators_10768_10773": {"llm_label": "TASK_2", "label_logprob": -0.138826, "p_task_1": 0.1296205386905207, "uncertainty": 0.3856647288957303}, "Crane and Tower Operators_10768_10774": {"llm_label": "TASK_1", "label_logprob": -2.1e-05, "p_task_1": 0.9999790002204985, "uncertainty": 0.0002471881550406985}, "Crane and Tower Operators_10768_10775": {"llm_label": "TASK_1", "label_logprob": -0.003227, "p_task_1": 0.9967782011682724, "uncertainty": 0.02170269031070538}, "Crane and Tower Operators_10768_10776": {"llm_label": "TASK_1", "label_logprob": -0.129808, "p_task_1": 0.878264041429389, "uncertainty": 0.3703695577679958}, "Crane and Tower Operators_10768_10777": {"llm_label": "TASK_1", "label_logprob": -0.000843, "p_task_1": 0.9991573552246749, "uncertainty": 0.0068073425816957195}, "Crane and Tower Operators_10769_10770": {"llm_label": "TASK_2", "label_logprob": -0.000231, "p_task_1": 0.0002309733215543064, "uncertainty": 0.002164934388724215}, "Crane and Tower Operators_10769_10771": {"llm_label": "TASK_2", "label_logprob": -0.266792, "p_task_1": 0.23416765197157297, "uncertainty": 0.5442633295191102}, "Crane and Tower Operators_10769_10772": {"llm_label": "TASK_1", "label_logprob": -0.001302, "p_task_1": 0.9986988472342604, "uncertainty": 0.009945821520363936}, "Crane and Tower Operators_10769_10773": {"llm_label": "TASK_2", "label_logprob": -0.316648, "p_task_1": 0.2714128273216524, "uncertainty": 0.5846590120001092}, "Crane and Tower Operators_10769_10774": {"llm_label": "TASK_1", "label_logprob": -6e-06, "p_task_1": 0.999994000018, "uncertainty": 7.814227210513045e-05}, "Crane and Tower Operators_10769_10775": {"llm_label": "TASK_1", "label_logprob": -0.000213, "p_task_1": 0.9997870226828894, "uncertainty": 0.0020135340689623367}, "Crane and Tower Operators_10769_10776": {"llm_label": "TASK_1", "label_logprob": -0.042224, "p_task_1": 0.9586550177959653, "uncertainty": 0.17219526801446677}, "Crane and Tower Operators_10769_10777": {"llm_label": "TASK_1", "label_logprob": -9e-06, "p_task_1": 0.9999910000404999, "uncertainty": 0.0001135640627863842}, "Crane and Tower Operators_10770_10771": {"llm_label": "TASK_1", "label_logprob": -0.003098, "p_task_1": 0.9969067938502728, "uncertainty": 0.02096265478827511}, "Crane and Tower Operators_10770_10772": {"llm_label": "TASK_1", "label_logprob": -2.2e-05, "p_task_1": 0.9999780002419982, "uncertainty": 0.0002579354610012207}, "Crane and Tower Operators_10770_10773": {"llm_label": "TASK_2", "label_logprob": -0.025134, "p_task_1": 0.024820770743937848, "uncertainty": 0.11624957123340911}, "Crane and Tower Operators_10770_10774": {"llm_label": "TASK_1", "label_logprob": 0.0, "p_task_1": 1.0, "uncertainty": 0.0}, "Crane and Tower Operators_10770_10775": {"llm_label": "TASK_1", "label_logprob": -6e-06, "p_task_1": 0.999994000018, "uncertainty": 7.814227210513045e-05}, "Crane and Tower Operators_10770_10776": {"llm_label": "TASK_1", "label_logprob": -0.001256, "p_task_1": 0.9987447884378728, "uncertainty": 0.009639802971965471}, "Crane and Tower Operators_10770_10777": {"llm_label": "TASK_1", "label_logprob": -2.5e-05, "p_task_1": 0.9999750003124974, "uncertainty": 0.0002899122444096467}, "Crane and Tower Operators_10771_10772": {"llm_label": "TASK_1", "label_logprob": -0.012281, "p_task_1": 0.987794103716528, "uncertainty": 0.06590827837984291}, "Crane and Tower Operators_10771_10773": {"llm_label": "TASK_2", "label_logprob": -0.000943, "p_task_1": 0.0009425555152273724, "uncertainty": 0.007508816023388181}, "Crane and Tower Operators_10771_10774": {"llm_label": "TASK_1", "label_logprob": -5e-06, "p_task_1": 0.9999950000125, "uncertainty": 6.603019815215604e-05}, "Crane and Tower Operators_10771_10775": {"llm_label": "TASK_1", "label_logprob": -0.002737, "p_task_1": 0.9972667421696154, "uncertainty": 0.018861920269102637}, "Crane and Tower Operators_10771_10776": {"llm_label": "TASK_2", "label_logprob": -0.174063, "p_task_1": 0.15975603937858684, "uncertainty": 0.43926511554154724}, "Crane and Tower Operators_10771_10777": {"llm_label": "TASK_1", "label_logprob": -0.0062, "p_task_1": 0.9938191803401585, "uncertainty": 0.03759920905849264}, "Crane and Tower Operators_10772_10773": {"llm_label": "TASK_2", "label_logprob": -0.000385, "p_task_1": 0.0003849258970102243, "uncertainty": 0.003411316162995266}, "Crane and Tower Operators_10772_10774": {"llm_label": "TASK_1", "label_logprob": -0.227135, "p_task_1": 0.7968132052461443, "uncertainty": 0.5047886480363831}, "Crane and Tower Operators_10772_10775": {"llm_label": "TASK_2", "label_logprob": -0.009556, "p_task_1": 0.009510486522970818, "uncertainty": 0.05373985865701698}, "Crane and Tower Operators_10772_10776": {"llm_label": "TASK_2", "label_logprob": -0.127784, "p_task_1": 0.11995655199876343, "uncertainty": 0.3668384152254087}, "Crane and Tower Operators_10772_10777": {"llm_label": "TASK_1", "label_logprob": -0.339071, "p_task_1": 0.7124318646310759, "uncertainty": 0.599959844665586}, "Crane and Tower Operators_10773_10774": {"llm_label": "TASK_1", "label_logprob": -1e-06, "p_task_1": 0.9999990000005, "uncertainty": 1.4815503149992376e-05}, "Crane and Tower Operators_10773_10775": {"llm_label": "TASK_1", "label_logprob": -0.000159, "p_task_1": 0.99984101263983, "uncertainty": 0.0015495872152828344}, "Crane and Tower Operators_10773_10776": {"llm_label": "TASK_1", "label_logprob": -0.002097, "p_task_1": 0.997905197168411, "uncertainty": 0.0150139707982107}, "Crane and Tower Operators_10773_10777": {"llm_label": "TASK_1", "label_logprob": -7e-06, "p_task_1": 0.9999930000245, "uncertainty": 9.008688755748087e-05}, "Crane and Tower Operators_10774_10775": {"llm_label": "TASK_2", "label_logprob": -0.000421, "p_task_1": 0.0004209113919351193,