{"Packers and Packagers, Hand_3211_3212": {"llm_label": "TASK_2", "label_logprob": -0.203499, "p_task_1": 0.18412897980671417, "uncertainty": 0.4775970432035344}, "Packers and Packagers, Hand_3211_3214": {"llm_label": "TASK_2", "label_logprob": -0.05095, "p_task_1": 0.04967381434617835, "uncertainty": 0.19755368730819536}, "Packers and Packagers, Hand_3211_3215": {"llm_label": "EQUAL_TIME", "label_logprob": -0.008218, "p_task_1": 0.5, "uncertainty": 0.6931471805599453}, "Packers and Packagers, Hand_3211_3216": {"llm_label": "TASK_2", "label_logprob": -0.063313, "p_task_1": 0.06135036962925311, "uncertainty": 0.23066705872679943}, "Packers and Packagers, Hand_3211_3217": {"llm_label": "TASK_2", "label_logprob": -0.252911, "p_task_1": 0.2234630094594876, "uncertainty": 0.5312561635559467}, "Packers and Packagers, Hand_3211_3218": {"llm_label": "TASK_2", "label_logprob": 0.0, "p_task_1": 0.0, "uncertainty": 0.0}, "Packers and Packagers, Hand_3211_3219": {"llm_label": "TASK_2", "label_logprob": -0.000485, "p_task_1": 0.00048488240651167747, "uncertainty": 0.004185195421332985}, "Packers and Packagers, Hand_3211_3220": {"llm_label": "TASK_2", "label_logprob": -0.136893, "p_task_1": 0.12793646806192283, "uncertainty": 0.3824451069798842}, "Packers and Packagers, Hand_3211_3221": {"llm_label": "TASK_2", "label_logprob": -0.002167, "p_task_1": 0.00216465375058017, "uncertainty": 0.015443531157344714}, "Packers and Packagers, Hand_3211_3222": {"llm_label": "TASK_2", "label_logprob": -0.000169, "p_task_1": 0.0001689857203044376, "uncertainty": 0.0016367300940866053}, "Packers and Packagers, Hand_3211_21216": {"llm_label": "TASK_2", "label_logprob": -0.00091, "p_task_1": 0.0009095860755665708, "uncertainty": 0.007278567802958996}, "Packers and Packagers, Hand_3212_3214": {"llm_label": "EQUAL_TIME", "label_logprob": -0.007434, "p_task_1": 0.5, "uncertainty": 0.6931471805599453}, "Packers and Packagers, Hand_3212_3215": {"llm_label": "EQUAL_TIME", "label_logprob": -0.004336, "p_task_1": 0.5, "uncertainty": 0.6931471805599453}, "Packers and Packagers, Hand_3212_3216": {"llm_label": "EQUAL_TIME", "label_logprob": -0.059973, "p_task_1": 0.5, "uncertainty": 0.6931471805599453}, "Packers and Packagers, Hand_3212_3217": {"llm_label": "EQUAL_TIME", "label_logprob": -0.043477, "p_task_1": 0.5, "uncertainty": 0.6931471805599453}, "Packers and Packagers, Hand_3212_3218": {"llm_label": "TASK_2", "label_logprob": -0.000326, "p_task_1": 0.00032594686777387416, "uncertainty": 0.0029428481866972367}, "Packers and Packagers, Hand_3212_3219": {"llm_label": "TASK_2", "label_logprob": -0.015339, "p_task_1": 0.015221956745834042, "uncertainty": 0.07880964858083293}, "Packers and Packagers, Hand_3212_3220": {"llm_label": "TASK_2", "label_logprob": -0.186874, "p_task_1": 0.17045174711941058, "uncertainty": 0.45660179292589564}, "Packers and Packagers, Hand_3212_3221": {"llm_label": "TASK_2", "label_logprob": -0.201788, "p_task_1": 0.1827318295699848, "uncertainty": 0.47551070794050143}, "Packers and Packagers, Hand_3212_3222": {"llm_label": "TASK_2", "label_logprob": -0.027557, "p_task_1": 0.027180769723046616, "uncertainty": 0.12480132865082708}, "Packers and Packagers, Hand_3212_21216": {"llm_label": "TASK_2", "label_logprob": -0.392813, "p_task_1": 0.3248450102347923, "uncertainty": 0.6304676935475544}, "Packers and Packagers, Hand_3214_3215": {"llm_label": "EQUAL_TIME", "label_logprob": -0.260954, "p_task_1": 0.5, "uncertainty": 0.6931471805599453}, "Packers and Packagers, Hand_3214_3216": {"llm_label": "EQUAL_TIME", "label_logprob": -0.196772, "p_task_1": 0.5, "uncertainty": 0.6931471805599453}, "Packers and Packagers, Hand_3214_3217": {"llm_label": "TASK_2", "label_logprob": -0.029497, "p_task_1": 0.029066209561803613, "uncertainty": 0.13148108522064225}, "Packers and Packagers, Hand_3214_3218": {"llm_label": "TASK_2", "label_logprob": -1e-06, "p_task_1": 9.999994999843054e-07, "uncertainty": 1.4815503149992376e-05}, "Packers and Packagers, Hand_3214_3219": {"llm_label": "TASK_2", "label_logprob": -0.000147, "p_task_1": 0.0001469891960294012, "uncertainty": 0.0014441803120430878}, "Packers and Packagers, Hand_3214_3220": {"llm_label": "TASK_2", "label_logprob": -0.417051, "p_task_1": 0.34101268926575434, "uncertainty": 0.6417049048423087}, "Packers and Packagers, Hand_3214_3221": {"llm_label": "TASK_2", "label_logprob": -0.005502, "p_task_1": 0.005486891719286513, "uncertainty": 0.03403324081774325}, "Packers and Packagers, Hand_3214_3222": {"llm_label": "TASK_2", "label_logprob": -0.018201, "p_task_1": 0.01803636217038862, "uncertainty": 0.0902953054621282}, "Packers and Packagers, Hand_3214_21216": {"llm_label": "EQUAL_TIME", "label_logprob": -0.206045, "p_task_1": 0.5, "uncertainty": 0.6931471805599453}, "Packers and Packagers, Hand_3215_3216": {"llm_label": "EQUAL_TIME", "label_logprob": -0.039906, "p_task_1": 0.5, "uncertainty": 0.6931471805599453}, "Packers and Packagers, Hand_3215_3217": {"llm_label": "EQUAL_TIME", "label_logprob": -0.00023, "p_task_1": 0.5, "uncertainty": 0.6931471805599453}, "Packers and Packagers, Hand_3215_3218": {"llm_label": "TASK_2", "label_logprob": -0.002682, "p_task_1": 0.002678406651171694, "uncertainty": 0.018537768813052212}, "Packers and Packagers, Hand_3215_3219": {"llm_label": "TASK_2", "label_logprob": -0.148728, "p_task_1": 0.13819650642773462, "uncertainty": 0.40167606496319874}, "Packers and Packagers, Hand_3215_3220": {"llm_label": "TASK_2", "label_logprob": -0.470806, "p_task_1": 0.37550128058807986, "uncertainty": 0.6618187691537407}, "Packers and Packagers, Hand_3215_3221": {"llm_label": "EQUAL_TIME", "label_logprob": -0.008214, "p_task_1": 0.5, "uncertainty": 0.6931471805599453}, "Packers and Packagers, Hand_3215_3222": {"llm_label": "TASK_2", "label_logprob": -0.387271, "p_task_1": 0.3210929138257762, "uncertainty": 0.6276905222223258}, "Packers and Packagers, Hand_3215_21216": {"llm_label": "EQUAL_TIME", "label_logprob": -0.283079, "p_task_1": 0.5, "uncertainty": 0.6931471805599453}, "Packers and Packagers, Hand_3216_3217": {"llm_label": "EQUAL_TIME", "label_logprob": -0.004991, "p_task_1": 0.5, "uncertainty": 0.6931471805599453}, "Packers and Packagers, Hand_3216_3218": {"llm_label": "TASK_2", "label_logprob": -2.3e-05, "p_task_1": 2.2999735502016172e-05, "uncertainty": 0.00026863728652655293}, "Packers and Packagers, Hand_3216_3219": {"llm_label": "EQUAL_TIME", "label_logprob": -0.304154, "p_task_1": 0.5, "uncertainty": 0.6931471805599453}, "Packers and Packagers, Hand_3216_3220": {"llm_label": "EQUAL_TIME", "label_logprob": -0.19609, "p_task_1": 0.5, "uncertainty": 0.6931471805599453}, "Packers and Packagers, Hand_3216_3221": {"llm_label": "EQUAL_TIME", "label_logprob": -0.024758, "p_task_1": 0.5, "uncertainty": 0.6931471805599453}, "Packers and Packagers, Hand_3216_3222": {"llm_label": "TASK_2", "label_logprob": -0.011507, "p_task_1": 0.011441047688972916, "uncertainty": 0.06252309747905517}, "Packers and Packagers, Hand_3216_21216": {"llm_label": "TASK_2", "label_logprob": -0.581502, "p_task_1": 0.44094196953078746, "uncertainty": 0.6861551672950827}, "Packers and Packagers, Hand_3217_3218": {"llm_label": "TASK_2", "label_logprob": -0.011581, "p_task_1": 0.011514198344836246, "uncertainty": 0.0628490431704504}, "Packers and Packagers, Hand_3217_3219": {"llm_label": "EQUAL_TIME", "label_logprob": -0.588455, "p_task_1": 0.5, "uncertainty": 0.6931471805599453}, "Packers and Packagers, Hand_3217_3220": {"llm_label": "EQUAL_TIME", "label_logprob": -0.029851, "p_task_1": 0.5, "uncertainty": 0.6931471805599453}, "Packers and Packagers, Hand_3217_3221": {"llm_label": "EQUAL_TIME", "label_logprob": -0.002757, "p_task_1": 0.5, "uncertainty": 0.6931471805599453}, "Packers and Packagers, Hand_3217_3222": {"llm_label": "EQUAL_TIME", "label_logprob": -0.430986, "p_task_1": 0.5, "uncertainty": 0.6931471805599453}, "Packers and Packagers, Hand_3217_21216": {"llm_label": "EQUAL_TIME", "label_logprob": -0.065045, "p_task_1": 0.5,