{"Recycling and Reclamation Workers_17871_17872": {"llm_label": "TASK_1", "label_logprob": -0.011086, "p_task_1": 0.9889752232488341, "uncertainty": 0.060659174437912584}, "Recycling and Reclamation Workers_17871_17873": {"llm_label": "TASK_2", "label_logprob": -0.257189, "p_task_1": 0.2267779390150797, "uncertainty": 0.5353536821412733}, "Recycling and Reclamation Workers_17871_17874": {"llm_label": "TASK_1", "label_logprob": -1.9e-05, "p_task_1": 0.9999810001804988, "uncertainty": 0.00022554821728270377}, "Recycling and Reclamation Workers_17871_17876": {"llm_label": "TASK_2", "label_logprob": -0.021277, "p_task_1": 0.021052241519948667, "uncertainty": 0.10210647583263352}, "Recycling and Reclamation Workers_17871_17877": {"llm_label": "TASK_1", "label_logprob": -0.014651, "p_task_1": 0.9854558036707737, "uncertainty": 0.07596805536394743}, "Recycling and Reclamation Workers_17871_17878": {"llm_label": "TASK_1", "label_logprob": -0.003586, "p_task_1": 0.9964204220192528, "uncertainty": 0.023735173722951964}, "Recycling and Reclamation Workers_17871_17879": {"llm_label": "TASK_2", "label_logprob": -0.429454, "p_task_1": 0.34913563032973005, "uncertainty": 0.6469099176382513}, "Recycling and Reclamation Workers_17871_17881": {"llm_label": "TASK_1", "label_logprob": -1e-06, "p_task_1": 0.9999990000005, "uncertainty": 1.4815503149992376e-05}, "Recycling and Reclamation Workers_17871_17882": {"llm_label": "TASK_1", "label_logprob": -0.010807, "p_task_1": 0.9892511858311106, "uncertainty": 0.059414780524385875}, "Recycling and Reclamation Workers_17871_17883": {"llm_label": "TASK_1", "label_logprob": -0.110991, "p_task_1": 0.8949468034140164, "uncertainty": 0.3360461923207181}, "Recycling and Reclamation Workers_17871_17884": {"llm_label": "TASK_1", "label_logprob": -0.02848, "p_task_1": 0.9719217323864012, "uncertainty": 0.12799722538948718}, "Recycling and Reclamation Workers_17871_17885": {"llm_label": "TASK_1", "label_logprob": -0.105331, "p_task_1": 0.9000265644840758, "uncertainty": 0.325024601333445}, "Recycling and Reclamation Workers_17871_17886": {"llm_label": "TASK_2", "label_logprob": -0.000834, "p_task_1": 0.0008336523186621703, "uncertainty": 0.006743644681231927}, "Recycling and Reclamation Workers_17872_17873": {"llm_label": "TASK_2", "label_logprob": -0.316993, "p_task_1": 0.2716641465411683, "uncertainty": 0.5849070215813955}, "Recycling and Reclamation Workers_17872_17874": {"llm_label": "TASK_1", "label_logprob": -0.002071, "p_task_1": 0.9979311430408322, "uncertainty": 0.01485382170427363}, "Recycling and Reclamation Workers_17872_17876": {"llm_label": "TASK_2", "label_logprob": -0.020057, "p_task_1": 0.01985719642532069, "uncertainty": 0.09748282598585699}, "Recycling and Reclamation Workers_17872_17877": {"llm_label": "TASK_1", "label_logprob": -0.765825, "p_task_1": 0.46495018879667327, "uncertainty": 0.6906881858156502}, "Recycling and Reclamation Workers_17872_17878": {"llm_label": "TASK_2", "label_logprob": -0.115867, "p_task_1": 0.10940633562167157, "uncertainty": 0.3452723355726763}, "Recycling and Reclamation Workers_17872_17879": {"llm_label": "TASK_2", "label_logprob": -0.038214, "p_task_1": 0.037493057635522686, "uncertainty": 0.15989342533343123}, "Recycling and Reclamation Workers_17872_17881": {"llm_label": "TASK_1", "label_logprob": -0.029937, "p_task_1": 0.9705066735430113, "uncertainty": 0.13297648570725729}, "Recycling and Reclamation Workers_17872_17882": {"llm_label": "EQUAL_TIME", "label_logprob": -0.001226, "p_task_1": 0.5, "uncertainty": 0.6931471805599453}, "Recycling and Reclamation Workers_17872_17883": {"llm_label": "TASK_2", "label_logprob": -0.195008, "p_task_1": 0.17717192459491538, "uncertainty": 0.467077936559728}, "Recycling and Reclamation Workers_17872_17884": {"llm_label": "EQUAL_TIME", "label_logprob": -0.144345, "p_task_1": 0.5, "uncertainty": 0.6931471805599453}, "Recycling and Reclamation Workers_17872_17885": {"llm_label": "TASK_2", "label_logprob": -0.085151, "p_task_1": 0.08162640048251502, "uncertainty": 0.28272374626389596}, "Recycling and Reclamation Workers_17872_17886": {"llm_label": "TASK_2", "label_logprob": -6.8e-05, "p_task_1": 6.799768805243467e-05, "uncertainty": 0.0007205036965996683}, "Recycling and Reclamation Workers_17873_17874": {"llm_label": "TASK_1", "label_logprob": -0.001665, "p_task_1": 0.9983363853435276, "uncertainty": 0.012307305226494395}, "Recycling and Reclamation Workers_17873_17876": {"llm_label": "EQUAL_TIME", "label_logprob": -0.781295, "p_task_1": 0.5, "uncertainty": 0.6931471805599453}, "Recycling and Reclamation Workers_17873_17877": {"llm_label": "TASK_1", "label_logprob": -0.030446, "p_task_1": 0.9700128113447699, "uncertainty": 0.1346976318604953}, "Recycling and Reclamation Workers_17873_17878": {"llm_label": "TASK_1", "label_logprob": -0.044579, "p_task_1": 0.9564000415058169, "uncertainty": 0.17922090733903362}, "Recycling and Reclamation Workers_17873_17879": {"llm_label": "TASK_2", "label_logprob": -0.734359, "p_task_1": 0.5201870794950101, "uncertainty": 0.692331922630278}, "Recycling and Reclamation Workers_17873_17881": {"llm_label": "TASK_1", "label_logprob": -0.004352, "p_task_1": 0.99565745622919, "uncertainty": 0.027953477783661473}, "Recycling and Reclamation Workers_17873_17882": {"llm_label": "TASK_1", "label_logprob": -0.024193, "p_task_1": 0.9760973047975895, "uncertainty": 0.11286174629346796}, "Recycling and Reclamation Workers_17873_17883": {"llm_label": "TASK_1", "label_logprob": -0.080819, "p_task_1": 0.9223606236096648, "uncertainty": 0.2729657076102842}, "Recycling and Reclamation Workers_17873_17884": {"llm_label": "TASK_1", "label_logprob": -0.00343, "p_task_1": 0.996575875730162, "uncertainty": 0.022856698944884537}, "Recycling and Reclamation Workers_17873_17885": {"llm_label": "TASK_2", "label_logprob": -7.2e-05, "p_task_1": 7.199740806218546e-05, "uncertainty": 0.0007587694835904218}, "Recycling and Reclamation Workers_17873_17886": {"llm_label": "TASK_1", "label_logprob": -0.4743, "p_task_1": 0.6223205284019417, "uncertainty": 0.6629166789898076}, "Recycling and Reclamation Workers_17874_17876": {"llm_label": "TASK_2", "label_logprob": -0.000321, "p_task_1": 0.00032094848501229567, "uncertainty": 0.002902680384833972}, "Recycling and Reclamation Workers_17874_17877": {"llm_label": "TASK_2", "label_logprob": -0.015136, "p_task_1": 0.015022026510821074, "uncertainty": 0.07797466494912408}, "Recycling and Reclamation Workers_17874_17878": {"llm_label": "TASK_2", "label_logprob": -0.007792, "p_task_1": 0.007761721063530902, "uncertainty": 0.045442239723569186}, "Recycling and Reclamation Workers_17874_17879": {"llm_label": "TASK_2", "label_logprob": -0.001058, "p_task_1": 0.0010574405153289668, "uncertainty": 0.008302362017778354}, "Recycling and Reclamation Workers_17874_17881": {"llm_label": "TASK_2", "label_logprob": -0.001954, "p_task_1": 0.0019520921848259487, "uncertainty": 0.014129002900866624}, "Recycling and Reclamation Workers_17874_17882": {"llm_label": "TASK_2", "label_logprob": -0.039739, "p_task_1": 0.03895976207624208, "uncertainty": 0.1646240072390895}, "Recycling and Reclamation Workers_17874_17883": {"llm_label": "TASK_2", "label_logprob": -0.002673, "p_task_1": 0.00266943071643988, "uncertainty": 0.018484617517714155}, "Recycling and Reclamation Workers_17874_17884": {"llm_label": "TASK_2", "label_logprob": -0.004389, "p_task_1": 0.00437938241517144, "uncertainty": 0.028153537219010587}, "Recycling and Reclamation Workers_17874_17885": {"llm_label": "TASK_2", "label_logprob": -4e-05, "p_task_1": 3.999920001063195e-05, "uncertainty": 0.00044505634297012944}, "Recycling and Reclamation Workers_17874_17886": {"llm_label": "TASK_2", "label_logprob": 0.0, "p_task_1": 0.0, "uncertainty": 0.0}, "Recycling and Reclamation Workers_17876_17877": {"llm_label": "CANNOT_DECIDE", "label_logprob": -0.255598, "p_task_1": 0.5, "uncertainty": 0.6931471805599453},