{"Dredge Operators_15177_15178": {"llm_label": "TASK_1", "label_logprob": -0.000599, "p_task_1": 0.9994011793646851, "uncertainty": 0.0050422188405988165}, "Dredge Operators_15177_15179": {"llm_label": "EQUAL_TIME", "label_logprob": -0.019334, "p_task_1": 0.5, "uncertainty": 0.6931471805599453}, "Dredge Operators_15177_15180": {"llm_label": "TASK_2", "label_logprob": -0.319977, "p_task_1": 0.27383426130638855, "uncertainty": 0.5870352986014555}, "Dredge Operators_15177_15181": {"llm_label": "EQUAL_TIME", "label_logprob": -0.644034, "p_task_1": 0.5, "uncertainty": 0.6931471805599453}, "Dredge Operators_15177_15182": {"llm_label": "TASK_2", "label_logprob": -0.000347, "p_task_1": 0.000346939802463031, "uncertainty": 0.00311072672441283}, "Dredge Operators_15178_15179": {"llm_label": "EQUAL_TIME", "label_logprob": -0.21046, "p_task_1": 0.5, "uncertainty": 0.6931471805599453}, "Dredge Operators_15178_15180": {"llm_label": "TASK_2", "label_logprob": -0.093893, "p_task_1": 0.08961983229257375, "uncertainty": 0.30165737034758044}, "Dredge Operators_15178_15181": {"llm_label": "TASK_2", "label_logprob": -0.000524, "p_task_1": 0.000523862735976488, "uncertainty": 0.004481131736734607}, "Dredge Operators_15178_15182": {"llm_label": "TASK_2", "label_logprob": -3.5e-05, "p_task_1": 3.499938750717302e-05, "uncertainty": 0.00039409879060961955}, "Dredge Operators_15179_15180": {"llm_label": "TASK_2", "label_logprob": -0.493904, "p_task_1": 0.3897606367423405, "uncertainty": 0.6686408963154591}, "Dredge Operators_15179_15181": {"llm_label": "EQUAL_TIME", "label_logprob": -0.0312, "p_task_1": 0.5, "uncertainty": 0.6931471805599453}, "Dredge Operators_15179_15182": {"llm_label": "TASK_2", "label_logprob": -1.4e-05, "p_task_1": 1.3999902000461084e-05, "uncertainty": 0.0001704691519101948}, "Dredge Operators_15180_15181": {"llm_label": "TASK_2", "label_logprob": -0.040568, "p_task_1": 0.03975613429158931, "uncertainty": 0.16716835351750167}, "Dredge Operators_15180_15182": {"llm_label": "TASK_2", "label_logprob": -1e-06, "p_task_1": 9.999994999843054e-07, "uncertainty": 1.4815503149992376e-05}, "Dredge Operators_15181_15182": {"llm_label": "TASK_2", "label_logprob": -0.000188, "p_task_1": 0.00018798232910743895, "uncertainty": 0.001800695625470063}}