{"Machine Feeders and Offbearers_14583_14584": {"llm_label": "TASK_2", "label_logprob": -0.001861, "p_task_1": 0.001859269413207132, "uncertainty": 0.013547829564861787}, "Machine Feeders and Offbearers_14583_14585": {"llm_label": "TASK_1", "label_logprob": -0.000127, "p_task_1": 0.9998730080641586, "uncertainty": 0.001266277670632851}, "Machine Feeders and Offbearers_14583_14586": {"llm_label": "TASK_1", "label_logprob": -6e-06, "p_task_1": 0.999994000018, "uncertainty": 7.814227210513045e-05}, "Machine Feeders and Offbearers_14583_14587": {"llm_label": "TASK_2", "label_logprob": -0.008221, "p_task_1": 0.008187299991987529, "uncertainty": 0.047495069570793705}, "Machine Feeders and Offbearers_14583_14588": {"llm_label": "TASK_2", "label_logprob": -1e-06, "p_task_1": 9.999994999843054e-07, "uncertainty": 1.4815503149992376e-05}, "Machine Feeders and Offbearers_14583_14589": {"llm_label": "EQUAL_TIME", "label_logprob": -0.003846, "p_task_1": 0.5, "uncertainty": 0.6931471805599453}, "Machine Feeders and Offbearers_14583_14590": {"llm_label": "TASK_2", "label_logprob": -0.013083, "p_task_1": 0.012997789563001905, "uncertainty": 0.06936203764909377}, "Machine Feeders and Offbearers_14583_14591": {"llm_label": "TASK_1", "label_logprob": -0.252694, "p_task_1": 0.7767055173519575, "uncertainty": 0.5310461649820105}, "Machine Feeders and Offbearers_14583_14592": {"llm_label": "EQUAL_TIME", "label_logprob": -0.512014, "p_task_1": 0.5, "uncertainty": 0.6931471805599453}, "Machine Feeders and Offbearers_14583_14593": {"llm_label": "TASK_2", "label_logprob": -0.052881, "p_task_1": 0.051507123580945335, "uncertainty": 0.20292919127373135}, "Machine Feeders and Offbearers_14583_14594": {"llm_label": "TASK_1", "label_logprob": -6e-06, "p_task_1": 0.999994000018, "uncertainty": 7.814227210513045e-05}, "Machine Feeders and Offbearers_14583_14595": {"llm_label": "TASK_2", "label_logprob": -0.661478, "p_task_1": 0.48391200753196495, "uncertainty": 0.6926294442001596}, "Machine Feeders and Offbearers_14584_14585": {"llm_label": "TASK_1", "label_logprob": -1e-06, "p_task_1": 0.9999990000005, "uncertainty": 1.4815503149992376e-05}, "Machine Feeders and Offbearers_14584_14586": {"llm_label": "TASK_1", "label_logprob": 0.0, "p_task_1": 1.0, "uncertainty": 0.0}, "Machine Feeders and Offbearers_14584_14587": {"llm_label": "EQUAL_TIME", "label_logprob": -3.6e-05, "p_task_1": 0.5, "uncertainty": 0.6931471805599453}, "Machine Feeders and Offbearers_14584_14588": {"llm_label": "TASK_2", "label_logprob": -0.004543, "p_task_1": 0.004532696184816221, "uncertainty": 0.02898282340143146}, "Machine Feeders and Offbearers_14584_14589": {"llm_label": "TASK_1", "label_logprob": -0.00015, "p_task_1": 0.9998500112494375, "uncertainty": 0.0014706209903892393}, "Machine Feeders and Offbearers_14584_14590": {"llm_label": "EQUAL_TIME", "label_logprob": -0.00714, "p_task_1": 0.5, "uncertainty": 0.6931471805599453}, "Machine Feeders and Offbearers_14584_14591": {"llm_label": "TASK_1", "label_logprob": -0.000125, "p_task_1": 0.9998750078121745, "uncertainty": 0.0012483215809395145}, "Machine Feeders and Offbearers_14584_14592": {"llm_label": "TASK_1", "label_logprob": -0.700707, "p_task_1": 0.49623434206121964, "uncertainty": 0.6931188199324121}, "Machine Feeders and Offbearers_14584_14593": {"llm_label": "EQUAL_TIME", "label_logprob": -0.00471, "p_task_1": 0.5, "uncertainty": 0.6931471805599453}, "Machine Feeders and Offbearers_14584_14594": {"llm_label": "TASK_1", "label_logprob": 0.0, "p_task_1": 1.0, "uncertainty": 0.0}, "Machine Feeders and Offbearers_14584_14595": {"llm_label": "EQUAL_TIME", "label_logprob": -0.024138, "p_task_1": 0.5, "uncertainty": 0.6931471805599453}, "Machine Feeders and Offbearers_14585_14586": {"llm_label": "TASK_2", "label_logprob": -0.132984, "p_task_1": 0.12452090033769503, "uncertainty": 0.37583682590015344}, "Machine Feeders and Offbearers_14585_14587": {"llm_label": "TASK_2", "label_logprob": 0.0, "p_task_1": 0.0, "uncertainty": 0.0}, "Machine Feeders and Offbearers_14585_14588": {"llm_label": "TASK_2", "label_logprob": 0.0, "p_task_1": 0.0, "uncertainty": 0.0}, "Machine Feeders and Offbearers_14585_14589": {"llm_label": "TASK_2", "label_logprob": -0.475546, "p_task_1": 0.3784544000957356, "uncertainty": 0.6633024084252124}, "Machine Feeders and Offbearers_14585_14590": {"llm_label": "TASK_2", "label_logprob": -0.000313, "p_task_1": 0.0003129510206103525, "uncertainty": 0.0028382489981418108}, "Machine Feeders and Offbearers_14585_14591": {"llm_label": "TASK_2", "label_logprob": -0.000213, "p_task_1": 0.0002129773171105631, "uncertainty": 0.0020135340689623367}, "Machine Feeders and Offbearers_14585_14592": {"llm_label": "TASK_2", "label_logprob": -0.064185, "p_task_1": 0.062168515343562936, "uncertainty": 0.23289304240420963}, "Machine Feeders and Offbearers_14585_14593": {"llm_label": "TASK_2", "label_logprob": -5e-05, "p_task_1": 4.999875002087428e-05, "uncertainty": 0.0005451607485001352}, "Machine Feeders and Offbearers_14585_14594": {"llm_label": "EQUAL_TIME", "label_logprob": -0.000973, "p_task_1": 0.5, "uncertainty": 0.6931471805599453}, "Machine Feeders and Offbearers_14585_14595": {"llm_label": "TASK_2", "label_logprob": -0.000963, "p_task_1": 0.0009625364643068846, "uncertainty": 0.007647792265965416}, "Machine Feeders and Offbearers_14586_14587": {"llm_label": "TASK_2", "label_logprob": -3.3e-05, "p_task_1": 3.29994555059443e-05, "uncertainty": 0.00037352093575612164}, "Machine Feeders and Offbearers_14586_14588": {"llm_label": "TASK_2", "label_logprob": 0.0, "p_task_1": 0.0, "uncertainty": 0.0}, "Machine Feeders and Offbearers_14586_14589": {"llm_label": "EQUAL_TIME", "label_logprob": -0.008772, "p_task_1": 0.5, "uncertainty": 0.6931471805599453}, "Machine Feeders and Offbearers_14586_14590": {"llm_label": "TASK_2", "label_logprob": -0.000719, "p_task_1": 0.0007187415814380316, "uncertainty": 0.005920741028996271}, "Machine Feeders and Offbearers_14586_14591": {"llm_label": "EQUAL_TIME", "label_logprob": -0.010131, "p_task_1": 0.5, "uncertainty": 0.6931471805599453}, "Machine Feeders and Offbearers_14586_14592": {"llm_label": "EQUAL_TIME", "label_logprob": -0.316802, "p_task_1": 0.5, "uncertainty": 0.6931471805599453}, "Machine Feeders and Offbearers_14586_14593": {"llm_label": "TASK_2", "label_logprob": -4.5e-05, "p_task_1": 4.499898751519904e-05, "uncertainty": 0.0004953870167811679}, "Machine Feeders and Offbearers_14586_14594": {"llm_label": "TASK_1", "label_logprob": -0.014662, "p_task_1": 0.9854449637165532, "uncertainty": 0.07601375156146854}, "Machine Feeders and Offbearers_14586_14595": {"llm_label": "TASK_2", "label_logprob": -0.000597, "p_task_1": 0.0005968218309574391, "uncertainty": 0.005027384471693339}, "Machine Feeders and Offbearers_14587_14588": {"llm_label": "TASK_2", "label_logprob": -0.000563, "p_task_1": 0.000562841545238113, "uncertainty": 0.004774151971042416}, "Machine Feeders and Offbearers_14587_14589": {"llm_label": "TASK_1", "label_logprob": -5.6e-05, "p_task_1": 0.9999440015679707, "uncertainty": 0.000604231977919192}, "Machine Feeders and Offbearers_14587_14590": {"llm_label": "EQUAL_TIME", "label_logprob": -0.014194, "p_task_1": 0.5, "uncertainty": 0.6931471805599453}, "Machine Feeders and Offbearers_14587_14591": {"llm_label": "TASK_1", "label_logprob": -6e-06, "p_task_1": 0.999994000018, "uncertainty": 7.814227210513045e-05}, "Machine Feeders and Offbearers_14587_14592": {"llm_label": "TASK_1", "label_logprob": -0.018198, "p_task_1": 0.9819665837249437, "uncertainty": 0.0902835299890573}, "Machine Feeders and Offbearers_14587_14593": {"llm_label": "EQUAL_TIME", "label_logprob": -0.043653, "p_task_1": 0.5, "uncertainty": 0.6931471805599453}, "Machine Feeders and Offbearers_14587_14594": {"llm_label": "TASK_1", "label_logprob": -2e-06, "p_task_1": 0.999998000002, "uncertainty": 2.8244698509961958e-05}, "Machine Feeders and Offbearers_14587_14595": {"llm_label": "EQUAL_TIME", "label_logprob": -0.008674,