{"Industrial Truck and Tractor Operators_3201_3202": {"llm_label": "EQUAL_TIME", "label_logprob": -0.005908, "p_task_1": 0.5, "uncertainty": 0.6931471805599453}, "Industrial Truck and Tractor Operators_3201_3203": {"llm_label": "TASK_1", "label_logprob": -0.005663, "p_task_1": 0.9943530045589757, "uncertainty": 0.034863436423958914}, "Industrial Truck and Tractor Operators_3201_3205": {"llm_label": "TASK_1", "label_logprob": -0.005392, "p_task_1": 0.9946225107396492, "uncertainty": 0.033463255896831565}, "Industrial Truck and Tractor Operators_3201_3206": {"llm_label": "TASK_1", "label_logprob": -4.7e-05, "p_task_1": 0.9999530011044827, "uncertainty": 0.0005153599478945111}, "Industrial Truck and Tractor Operators_3201_3207": {"llm_label": "CANNOT_DECIDE", "label_logprob": -0.064048, "p_task_1": 0.5, "uncertainty": 0.6931471805599453}, "Industrial Truck and Tractor Operators_3201_3210": {"llm_label": "TASK_1", "label_logprob": -1.8e-05, "p_task_1": 0.999982000161999, "uncertainty": 0.0002146505665408007}, "Industrial Truck and Tractor Operators_3201_15265": {"llm_label": "EQUAL_TIME", "label_logprob": -0.583723, "p_task_1": 0.5, "uncertainty": 0.6931471805599453}, "Industrial Truck and Tractor Operators_3201_15266": {"llm_label": "TASK_1", "label_logprob": -0.604599, "p_task_1": 0.5462934463953181, "uncertainty": 0.6888548693661056}, "Industrial Truck and Tractor Operators_3202_3203": {"llm_label": "EQUAL_TIME", "label_logprob": -0.007244, "p_task_1": 0.5, "uncertainty": 0.6931471805599453}, "Industrial Truck and Tractor Operators_3202_3205": {"llm_label": "TASK_2", "label_logprob": -0.464469, "p_task_1": 0.371531266499026, "uncertainty": 0.6597656197608767}, "Industrial Truck and Tractor Operators_3202_3206": {"llm_label": "TASK_1", "label_logprob": -0.000835, "p_task_1": 0.9991653485154898, "uncertainty": 0.0067507270291413705}, "Industrial Truck and Tractor Operators_3202_3207": {"llm_label": "CANNOT_DECIDE", "label_logprob": -0.817766, "p_task_1": 0.5, "uncertainty": 0.6931471805599453}, "Industrial Truck and Tractor Operators_3202_3210": {"llm_label": "TASK_1", "label_logprob": -0.004831, "p_task_1": 0.9951806505117421, "uncertainty": 0.030519507833885476}, "Industrial Truck and Tractor Operators_3202_15265": {"llm_label": "TASK_2", "label_logprob": -0.255808, "p_task_1": 0.22570938167984544, "uncertainty": 0.5340397356300758}, "Industrial Truck and Tractor Operators_3202_15266": {"llm_label": "EQUAL_TIME", "label_logprob": -0.255808, "p_task_1": 0.5, "uncertainty": 0.6931471805599453}, "Industrial Truck and Tractor Operators_3203_3205": {"llm_label": "TASK_2", "label_logprob": -0.07695, "p_task_1": 0.07406385074344268, "uncertainty": 0.26402622970465534}, "Industrial Truck and Tractor Operators_3203_3206": {"llm_label": "TASK_1", "label_logprob": -0.001464, "p_task_1": 0.9985370711252272, "uncertainty": 0.01101085552994666}, "Industrial Truck and Tractor Operators_3203_3207": {"llm_label": "TASK_2", "label_logprob": -0.002113, "p_task_1": 0.0021107691870125844, "uncertainty": 0.01511236169993892}, "Industrial Truck and Tractor Operators_3203_3210": {"llm_label": "TASK_1", "label_logprob": -0.1608, "p_task_1": 0.8514623465483491, "uncertainty": 0.42016409127530924}, "Industrial Truck and Tractor Operators_3203_15265": {"llm_label": "TASK_2", "label_logprob": -0.001706, "p_task_1": 0.0017045456091810962, "uncertainty": 0.012568644238825678}, "Industrial Truck and Tractor Operators_3203_15266": {"llm_label": "TASK_2", "label_logprob": -0.000941, "p_task_1": 0.0009405573983403137, "uncertainty": 0.0074948950742317055}, "Industrial Truck and Tractor Operators_3205_3206": {"llm_label": "TASK_1", "label_logprob": -1.9e-05, "p_task_1": 0.9999810001804988, "uncertainty": 0.00022554821728270377}, "Industrial Truck and Tractor Operators_3205_3207": {"llm_label": "TASK_2", "label_logprob": -0.005647, "p_task_1": 0.0056310856656734964, "uncertainty": 0.03478114491394339}, "Industrial Truck and Tractor Operators_3205_3210": {"llm_label": "TASK_1", "label_logprob": -2.8e-05, "p_task_1": 0.9999720003919963, "uncertainty": 0.0003215280679255237}, "Industrial Truck and Tractor Operators_3205_15265": {"llm_label": "TASK_2", "label_logprob": -0.000316, "p_task_1": 0.0003159500772587087, "uncertainty": 0.002862434509666552}, "Industrial Truck and Tractor Operators_3205_15266": {"llm_label": "TASK_2", "label_logprob": -0.001236, "p_task_1": 0.0012352364666081694, "uncertainty": 0.009506225422201038}, "Industrial Truck and Tractor Operators_3206_3207": {"llm_label": "TASK_2", "label_logprob": -0.000278, "p_task_1": 0.0002779613615805365, "uncertainty": 0.0025538782608768612}, "Industrial Truck and Tractor Operators_3206_3210": {"llm_label": "TASK_1", "label_logprob": -0.161434, "p_task_1": 0.8509226905096782, "uncertainty": 0.4211052435604935}, "Industrial Truck and Tractor Operators_3206_15265": {"llm_label": "TASK_2", "label_logprob": -1e-06, "p_task_1": 9.999994999843054e-07, "uncertainty": 1.4815503149992376e-05}, "Industrial Truck and Tractor Operators_3206_15266": {"llm_label": "TASK_2", "label_logprob": -2e-06, "p_task_1": 1.9999979999907325e-06, "uncertainty": 2.8244698509961958e-05}, "Industrial Truck and Tractor Operators_3207_3210": {"llm_label": "TASK_1", "label_logprob": -0.000528, "p_task_1": 0.9994721393674703, "uncertainty": 0.0045113156508026905}, "Industrial Truck and Tractor Operators_3207_15265": {"llm_label": "CANNOT_DECIDE", "label_logprob": -0.582675, "p_task_1": 0.5, "uncertainty": 0.6931471805599453}, "Industrial Truck and Tractor Operators_3207_15266": {"llm_label": "TASK_2", "label_logprob": -0.03186, "p_task_1": 0.03135781750750388, "uncertainty": 0.1394308506156009}, "Industrial Truck and Tractor Operators_3210_15265": {"llm_label": "TASK_2", "label_logprob": -1e-06, "p_task_1": 9.999994999843054e-07, "uncertainty": 1.4815503149992376e-05}, "Industrial Truck and Tractor Operators_3210_15266": {"llm_label": "TASK_2", "label_logprob": -3e-06, "p_task_1": 2.9999955000192813e-06, "uncertainty": 4.1150633082097105e-05}, "Industrial Truck and Tractor Operators_15265_15266": {"llm_label": "EQUAL_TIME", "label_logprob": -0.471328, "p_task_1": 0.5, "uncertainty": 0.6931471805599453}}