{"Gas Compressor and Gas Pumping Station Operators_14596_14597": {"llm_label": "TASK_2", "label_logprob": -0.136893, "p_task_1": 0.12793646806192283, "uncertainty": 0.3824451069798842}, "Gas Compressor and Gas Pumping Station Operators_14596_14598": {"llm_label": "TASK_2", "label_logprob": -0.011215, "p_task_1": 0.011152346326550489, "uncertainty": 0.06123205064663645}, "Gas Compressor and Gas Pumping Station Operators_14596_14599": {"llm_label": "TASK_2", "label_logprob": -0.483492, "p_task_1": 0.3833736314435461, "uncertainty": 0.6656915552270093}, "Gas Compressor and Gas Pumping Station Operators_14596_14600": {"llm_label": "TASK_1", "label_logprob": -0.649331, "p_task_1": 0.5223951422353902, "uncertainty": 0.6921437601059939}, "Gas Compressor and Gas Pumping Station Operators_14596_14601": {"llm_label": "TASK_1", "label_logprob": -0.019334, "p_task_1": 0.9808517030579468, "uncertainty": 0.09470567003247464}, "Gas Compressor and Gas Pumping Station Operators_14596_14602": {"llm_label": "TASK_1", "label_logprob": -3.6e-05, "p_task_1": 0.9999640006479922, "uncertainty": 0.0004043444200614643}, "Gas Compressor and Gas Pumping Station Operators_14596_14603": {"llm_label": "TASK_2", "label_logprob": -0.00086, "p_task_1": 0.0008596303059865695, "uncertainty": 0.006927398043481559}, "Gas Compressor and Gas Pumping Station Operators_14596_14604": {"llm_label": "TASK_2", "label_logprob": -4.2e-05, "p_task_1": 4.199911801239242e-05, "uncertainty": 0.0004652595489512129}, "Gas Compressor and Gas Pumping Station Operators_14596_14605": {"llm_label": "TASK_2", "label_logprob": -0.000136, "p_task_1": 0.00013599075241921277, "uncertainty": 0.0013466967940700043}, "Gas Compressor and Gas Pumping Station Operators_14596_14606": {"llm_label": "TASK_2", "label_logprob": -0.079132, "p_task_1": 0.07608204077505831, "uncertainty": 0.26909447912748163}, "Gas Compressor and Gas Pumping Station Operators_14596_14607": {"llm_label": "TASK_2", "label_logprob": -0.007434, "p_task_1": 0.007406436167469832, "uncertainty": 0.043710516260196536}, "Gas Compressor and Gas Pumping Station Operators_14596_14608": {"llm_label": "TASK_2", "label_logprob": -0.000111, "p_task_1": 0.000110993839727902, "uncertainty": 0.001121701564056563}, "Gas Compressor and Gas Pumping Station Operators_14597_14598": {"llm_label": "TASK_2", "label_logprob": -0.018019, "p_task_1": 0.017857628524035163, "uncertainty": 0.08957997288987393}, "Gas Compressor and Gas Pumping Station Operators_14597_14599": {"llm_label": "TASK_2", "label_logprob": -0.001864, "p_task_1": 0.0018622638309072626, "uncertainty": 0.013566649193606251}, "Gas Compressor and Gas Pumping Station Operators_14597_14600": {"llm_label": "TASK_1", "label_logprob": -0.204021, "p_task_1": 0.8154452466573059, "uncertainty": 0.4782302551048545}, "Gas Compressor and Gas Pumping Station Operators_14597_14601": {"llm_label": "EQUAL_TIME", "label_logprob": -0.389208, "p_task_1": 0.5, "uncertainty": 0.6931471805599453}, "Gas Compressor and Gas Pumping Station Operators_14597_14602": {"llm_label": "TASK_1", "label_logprob": -0.100416, "p_task_1": 0.9044610839529731, "uncertainty": 0.31516891209682263}, "Gas Compressor and Gas Pumping Station Operators_14597_14603": {"llm_label": "TASK_2", "label_logprob": -2.2e-05, "p_task_1": 2.1999758001767233e-05, "uncertainty": 0.0002579354610012207}, "Gas Compressor and Gas Pumping Station Operators_14597_14604": {"llm_label": "TASK_2", "label_logprob": -3e-06, "p_task_1": 2.9999955000192813e-06, "uncertainty": 4.1150633082097105e-05}, "Gas Compressor and Gas Pumping Station Operators_14597_14605": {"llm_label": "TASK_2", "label_logprob": 0.0, "p_task_1": 0.0, "uncertainty": 0.0}, "Gas Compressor and Gas Pumping Station Operators_14597_14606": {"llm_label": "TASK_2", "label_logprob": -0.006777, "p_task_1": 0.006754087923099061, "uncertainty": 0.04048550692004826}, "Gas Compressor and Gas Pumping Station Operators_14597_14607": {"llm_label": "TASK_2", "label_logprob": -0.578038, "p_task_1": 0.43900203448556474, "uncertainty": 0.6856871075350874}, "Gas Compressor and Gas Pumping Station Operators_14597_14608": {"llm_label": "TASK_2", "label_logprob": 0.0, "p_task_1": 0.0, "uncertainty": 0.0}, "Gas Compressor and Gas Pumping Station Operators_14598_14599": {"llm_label": "TASK_2", "label_logprob": -0.011685, "p_task_1": 0.011616995522662488, "uncertainty": 0.06330629433718528}, "Gas Compressor and Gas Pumping Station Operators_14598_14600": {"llm_label": "EQUAL_TIME", "label_logprob": -0.001881, "p_task_1": 0.5, "uncertainty": 0.6931471805599453}, "Gas Compressor and Gas Pumping Station Operators_14598_14601": {"llm_label": "TASK_1", "label_logprob": -0.002213, "p_task_1": 0.9977894468791859, "uncertainty": 0.015724562765705215}, "Gas Compressor and Gas Pumping Station Operators_14598_14602": {"llm_label": "TASK_1", "label_logprob": -2.5e-05, "p_task_1": 0.9999750003124974, "uncertainty": 0.0002899122444096467}, "Gas Compressor and Gas Pumping Station Operators_14598_14603": {"llm_label": "TASK_2", "label_logprob": -0.000385, "p_task_1": 0.0003849258970102243, "uncertainty": 0.003411316162995266}, "Gas Compressor and Gas Pumping Station Operators_14598_14604": {"llm_label": "TASK_2", "label_logprob": -1.4e-05, "p_task_1": 1.3999902000461084e-05, "uncertainty": 0.0001704691519101948}, "Gas Compressor and Gas Pumping Station Operators_14598_14605": {"llm_label": "TASK_2", "label_logprob": 0.0, "p_task_1": 0.0, "uncertainty": 0.0}, "Gas Compressor and Gas Pumping Station Operators_14598_14606": {"llm_label": "TASK_1", "label_logprob": -0.726152, "p_task_1": 0.48376694830308997, "uncertainty": 0.692620064001356}, "Gas Compressor and Gas Pumping Station Operators_14598_14607": {"llm_label": "TASK_1", "label_logprob": -0.537774, "p_task_1": 0.5840468948365958, "uncertainty": 0.6789521247498445}, "Gas Compressor and Gas Pumping Station Operators_14598_14608": {"llm_label": "TASK_2", "label_logprob": -3.7e-05, "p_task_1": 3.699931550849023e-05, "uncertainty": 0.00041456225843036797}, "Gas Compressor and Gas Pumping Station Operators_14599_14600": {"llm_label": "TASK_1", "label_logprob": -0.049156, "p_task_1": 0.9520326010278094, "uncertainty": 0.19248631456773596}, "Gas Compressor and Gas Pumping Station Operators_14599_14601": {"llm_label": "TASK_1", "label_logprob": -0.002795, "p_task_1": 0.9972089023759397, "uncertainty": 0.019202538128638234}, "Gas Compressor and Gas Pumping Station Operators_14599_14602": {"llm_label": "TASK_1", "label_logprob": -0.000111, "p_task_1": 0.9998890061602721, "uncertainty": 0.001121701564056563}, "Gas Compressor and Gas Pumping Station Operators_14599_14603": {"llm_label": "TASK_2", "label_logprob": -0.078771, "p_task_1": 0.07574844618157683, "uncertainty": 0.2682607638248764}, "Gas Compressor and Gas Pumping Station Operators_14599_14604": {"llm_label": "TASK_2", "label_logprob": -0.012963, "p_task_1": 0.012879342191049248, "uncertainty": 0.06884862475342259}, "Gas Compressor and Gas Pumping Station Operators_14599_14605": {"llm_label": "TASK_2", "label_logprob": -0.026407, "p_task_1": 0.026061384084851813, "uncertainty": 0.12077249876773871}, "Gas Compressor and Gas Pumping Station Operators_14599_14606": {"llm_label": "TASK_1", "label_logprob": -0.015338, "p_task_1": 0.9847790280327017, "uncertainty": 0.07880554233970939}, "Gas Compressor and Gas Pumping Station Operators_14599_14607": {"llm_label": "TASK_1", "label_logprob": -0.095762, "p_task_1": 0.9086802562360897, "uncertainty": 0.30558064162419174}, "Gas Compressor and Gas Pumping Station Operators_14599_14608": {"llm_label": "TASK_2", "label_logprob": -0.007879, "p_task_1": 0.007848042038781533, "uncertainty": 0.045860479997862344}, "Gas Compressor and Gas Pumping Station Operators_14600_14601": {"llm_label": "TASK_1", "label_logprob": -0.24625, "p_task_1": 0.7817267688022793, "uncertainty": 0.5247137438070039}, "Gas Compressor and Gas Pumping Station Operators_14600_14602": {"llm_label": "TASK_1", "label_logprob": -0.000212,