{"Hoist and Winch Operators_4979_4980": {"llm_label": "EQUAL_TIME", "label_logprob": -0.235142, "p_task_1": 0.5, "uncertainty": 0.6931471805599453}, "Hoist and Winch Operators_4979_4981": {"llm_label": "EQUAL_TIME", "label_logprob": -0.136206, "p_task_1": 0.5, "uncertainty": 0.6931471805599453}, "Hoist and Winch Operators_4979_4982": {"llm_label": "EQUAL_TIME", "label_logprob": -0.084971, "p_task_1": 0.5, "uncertainty": 0.6931471805599453}, "Hoist and Winch Operators_4979_4983": {"llm_label": "TASK_2", "label_logprob": -0.019867, "p_task_1": 0.019670951599943365, "uncertainty": 0.09675573901310294}, "Hoist and Winch Operators_4979_4984": {"llm_label": "TASK_1", "label_logprob": -0.004137, "p_task_1": 0.9958715455960615, "uncertainty": 0.026784524986966502}, "Hoist and Winch Operators_4979_4985": {"llm_label": "TASK_1", "label_logprob": -0.125897, "p_task_1": 0.8817056577893212, "uncertainty": 0.36351275551929474}, "Hoist and Winch Operators_4979_4986": {"llm_label": "TASK_2", "label_logprob": -0.047014, "p_task_1": 0.04592595953969503, "uncertainty": 0.18634007736515368}, "Hoist and Winch Operators_4979_4987": {"llm_label": "TASK_1", "label_logprob": -0.01885, "p_task_1": 0.9813265501859622, "uncertainty": 0.09283052127780558}, "Hoist and Winch Operators_4979_4988": {"llm_label": "TASK_1", "label_logprob": -0.061981, "p_task_1": 0.9399007447355879, "uncertainty": 0.22724053957374124}, "Hoist and Winch Operators_4979_4989": {"llm_label": "TASK_2", "label_logprob": -0.004703, "p_task_1": 0.004691958212124647, "uncertainty": 0.029838769111673095}, "Hoist and Winch Operators_4979_4990": {"llm_label": "TASK_2", "label_logprob": -3e-06, "p_task_1": 2.9999955000192813e-06, "uncertainty": 4.1150633082097105e-05}, "Hoist and Winch Operators_4979_4991": {"llm_label": "TASK_2", "label_logprob": -0.267544, "p_task_1": 0.23474334141093156, "uncertainty": 0.5449445553752571}, "Hoist and Winch Operators_4980_4981": {"llm_label": "EQUAL_TIME", "label_logprob": -0.130304, "p_task_1": 0.5, "uncertainty": 0.6931471805599453}, "Hoist and Winch Operators_4980_4982": {"llm_label": "EQUAL_TIME", "label_logprob": -0.132851, "p_task_1": 0.5, "uncertainty": 0.6931471805599453}, "Hoist and Winch Operators_4980_4983": {"llm_label": "TASK_2", "label_logprob": -0.000787, "p_task_1": 0.0007866903967246319, "uncertainty": 0.006409388772627108}, "Hoist and Winch Operators_4980_4984": {"llm_label": "TASK_1", "label_logprob": -0.011717, "p_task_1": 0.9883513767272409, "uncertainty": 0.06344679192204614}, "Hoist and Winch Operators_4980_4985": {"llm_label": "TASK_1", "label_logprob": -0.248085, "p_task_1": 0.7802936155018261, "uncertainty": 0.5265360908889183}, "Hoist and Winch Operators_4980_4986": {"llm_label": "TASK_2", "label_logprob": -0.526596, "p_task_1": 0.4093880049857239, "uncertainty": 0.6766350274624613}, "Hoist and Winch Operators_4980_4987": {"llm_label": "TASK_1", "label_logprob": -0.725487, "p_task_1": 0.48408876031434583, "uncertainty": 0.6926407599702313}, "Hoist and Winch Operators_4980_4988": {"llm_label": "TASK_1", "label_logprob": -0.001951, "p_task_1": 0.9980509019633887, "uncertainty": 0.014110326397264221}, "Hoist and Winch Operators_4980_4989": {"llm_label": "TASK_2", "label_logprob": -0.006141, "p_task_1": 0.006122182598425119, "uncertainty": 0.03730104590894656}, "Hoist and Winch Operators_4980_4990": {"llm_label": "TASK_2", "label_logprob": -1.7e-05, "p_task_1": 1.6999855500854366e-05, "uncertainty": 0.000203697321204896}, "Hoist and Winch Operators_4980_4991": {"llm_label": "EQUAL_TIME", "label_logprob": -0.291134, "p_task_1": 0.5, "uncertainty": 0.6931471805599453}, "Hoist and Winch Operators_4981_4982": {"llm_label": "TASK_2", "label_logprob": -0.025737, "p_task_1": 0.025408626562837378, "uncertainty": 0.11840047063445827}, "Hoist and Winch Operators_4981_4983": {"llm_label": "TASK_2", "label_logprob": -9.6e-05, "p_task_1": 9.599539214744102e-05, "uncertainty": 0.0009840643513757887}, "Hoist and Winch Operators_4981_4984": {"llm_label": "TASK_1", "label_logprob": -0.397126, "p_task_1": 0.6722493168821909, "uncertainty": 0.6325742483582781}, "Hoist and Winch Operators_4981_4985": {"llm_label": "EQUAL_TIME", "label_logprob": -0.289132, "p_task_1": 0.5, "uncertainty": 0.6931471805599453}, "Hoist and Winch Operators_4981_4986": {"llm_label": "TASK_2", "label_logprob": -0.030344, "p_task_1": 0.0298882423022947, "uncertainty": 0.1343534725333897}, "Hoist and Winch Operators_4981_4987": {"llm_label": "TASK_1", "label_logprob": -0.000182, "p_task_1": 0.9998180165609953, "uncertainty": 0.001749134528681951}, "Hoist and Winch Operators_4981_4988": {"llm_label": "TASK_2", "label_logprob": -0.318218, "p_task_1": 0.2725558117052378, "uncertainty": 0.5857843701979953}, "Hoist and Winch Operators_4981_4989": {"llm_label": "TASK_2", "label_logprob": -0.00035, "p_task_1": 0.000349938757145174, "uncertainty": 0.003134603505391951}, "Hoist and Winch Operators_4981_4990": {"llm_label": "TASK_2", "label_logprob": -3e-06, "p_task_1": 2.9999955000192813e-06, "uncertainty": 4.1150633082097105e-05}, "Hoist and Winch Operators_4981_4991": {"llm_label": "TASK_2", "label_logprob": -0.106762, "p_task_1": 0.10126045244945969, "uncertainty": 0.32784367691096716}, "Hoist and Winch Operators_4982_4983": {"llm_label": "TASK_2", "label_logprob": -0.166233, "p_task_1": 0.15315110459230563, "uncertainty": 0.42813628023139194}, "Hoist and Winch Operators_4982_4984": {"llm_label": "TASK_1", "label_logprob": -0.000161, "p_task_1": 0.9998390129598045, "uncertainty": 0.001567064945130528}, "Hoist and Winch Operators_4982_4985": {"llm_label": "TASK_1", "label_logprob": -0.008912, "p_task_1": 0.9911275941636366, "uncertainty": 0.050753354608226456}, "Hoist and Winch Operators_4982_4986": {"llm_label": "TASK_1", "label_logprob": -0.003715, "p_task_1": 0.996291892075172, "uncertainty": 0.024456370373048267}, "Hoist and Winch Operators_4982_4987": {"llm_label": "TASK_1", "label_logprob": -0.00211, "p_task_1": 0.9978922244851703, "uncertainty": 0.015093922772371019}, "Hoist and Winch Operators_4982_4988": {"llm_label": "TASK_1", "label_logprob": -4e-05, "p_task_1": 0.9999600007999894, "uncertainty": 0.00044505634297012944}, "Hoist and Winch Operators_4982_4989": {"llm_label": "TASK_1", "label_logprob": -0.004178, "p_task_1": 0.9958307156997106, "uncertainty": 0.027008304093146904}, "Hoist and Winch Operators_4982_4990": {"llm_label": "TASK_2", "label_logprob": -0.000134, "p_task_1": 0.00013399102240096994, "uncertainty": 0.0013288788448026945}, "Hoist and Winch Operators_4982_4991": {"llm_label": "EQUAL_TIME", "label_logprob": -0.127797, "p_task_1": 0.5, "uncertainty": 0.6931471805599453}, "Hoist and Winch Operators_4983_4984": {"llm_label": "TASK_1", "label_logprob": -2e-06, "p_task_1": 0.999998000002, "uncertainty": 2.8244698509961958e-05}, "Hoist and Winch Operators_4983_4985": {"llm_label": "TASK_1", "label_logprob": -0.00025, "p_task_1": 0.999750031247396, "uncertainty": 0.0023232219958266615}, "Hoist and Winch Operators_4983_4986": {"llm_label": "TASK_1", "label_logprob": -0.005249, "p_task_1": 0.9947647519286876, "uncertainty": 0.032718828528019}, "Hoist and Winch Operators_4983_4987": {"llm_label": "TASK_1", "label_logprob": -3e-06, "p_task_1": 0.9999970000045, "uncertainty": 4.1150633082097105e-05}, "Hoist and Winch Operators_4983_4988": {"llm_label": "TASK_1", "label_logprob": -2e-06, "p_task_1": 0.999998000002, "uncertainty": 2.8244698509961958e-05}, "Hoist and Winch Operators_4983_4989": {"llm_label": "TASK_1", "label_logprob": -2.1e-05, "p_task_1": 0.9999790002204985, "uncertainty": 0.0002471881550406985}, "Hoist and Winch Operators_4983_4990": {"llm_label": "TASK_2", "label_logprob": -0.000554, "p_task_1": 0.0005538465703346374, "uncertainty": 0.004706779721373754}, "Hoist and Winch Operators_4983_4991": {"llm_label": "TASK_1", "label_logprob": -0.018464, "p_task_1": 0.9817054153506066, "uncertainty": 0.09132558952014729}, "Hoist and Winch Operators_4984_4985": {"llm_label": "TASK_2",