{"O*NET-SOC Code": "11-2022.00", "Title": "Sales Managers", "Expected freq per task": {"1": 1.0595095284469316, "2": 0.41213569632981395, "3": 0.49780726495726496, "4": 0.009760392736607278, "5": 0.1383792128182668, "6": 0.11947461922630924, "7": 0.041763896096169546, "8": 0.06684494474313024, "9": 0.009448444105812208, "10": 0.008141578682755155, "11": 0.12719894419306182, "12": 0.028608204646401507, "13": 0.7856136610312003, "14": 1.077554556936, "15": 0.27030832016786105, "16": 0.023136492871703922, "17": 0.006104069886002385}, "Time per task": {"1": 0.20000000000000004, "2": 0.1, "3": 0.5, "4": 0.2, "5": 0.6, "6": 0.4, "7": 0.30000000000000004, "8": 0.30000000000000004, "9": 0.7, "10": 0.7999999999999999, "11": 4.970573154800862, "12": 4.870573154800862, "13": 0.30000000000000004, "14": 4.7705731548008625, "15": 0.4, "16": 0.8999999999999999, "17": 7.0}}