{"A_eq": [[4.1420568877551025, 0.11267646078262253, 2.050432016803846, 1.1253655356615007, 0.0]], "b_eq": [7], "A_ub": [[-4.1420568877551025, -0.0, -0.0, -0.0, 1.0], [-0.0, -0.11267646078262253, -0.0, -0.0, 1.0], [-0.0, -0.0, -2.050432016803846, -0.0, 1.0], [-0.0, -0.0, -0.0, -1.1253655356615007, 1.0], [-1.0, 1.0, 0.0, 0.0, 0.0], [1.0, 0.0, -1.0, 0.0, 0.0], [-1.0, 0.0, 0.0, 1.0, 0.0], [0.0, 1.0, -1.0, 0.0, 0.0], [0.0, 1.0, 0.0, -1.0, 0.0], [0.0, 0.0, -1.0, 1.0, 0.0]], "b_ub": [0.0, 0.0, 0.0, 0.0, -0.1, -0.1, -0.1, -0.1, -0.1, -0.1], "bounds": [[0.1, 7], [0.1, 7], [0.1, 7], [0.1, 7], [0, null]], "c": [0.0, 0.0, 0.0, 0.0, -1.0]}