{"A_eq": [[6.008028759938961, 2.1050266114725016, 4.921619967095947, 1.5379309970484782, 2.836120877238584, 1.3159378375228792, 0.0]], "b_eq": [7], "A_ub": [[-6.008028759938961, -0.0, -0.0, -0.0, -0.0, -0.0, 1.0], [-0.0, -2.1050266114725016, -0.0, -0.0, -0.0, -0.0, 1.0], [-0.0, -0.0, -4.921619967095947, -0.0, -0.0, -0.0, 1.0], [-0.0, -0.0, -0.0, -1.5379309970484782, -0.0, -0.0, 1.0], [-0.0, -0.0, -0.0, -0.0, -2.836120877238584, -0.0, 1.0], [-0.0, -0.0, -0.0, -0.0, -0.0, -1.3159378375228792, 1.0], [-1.0, 1.0, 0.0, 0.0, 0.0, 0.0, 0.0], [0.0, 0.0, 0.0, 0.0, 0.0, 0.0, 0.0], [1.0, 0.0, 0.0, -1.0, 0.0, 0.0, 0.0], [0.0, 0.0, 0.0, 0.0, 0.0, 0.0, 0.0], [1.0, 0.0, 0.0, 0.0, 0.0, -1.0, 0.0], [0.0, 0.0, 0.0, 0.0, 0.0, 0.0, 0.0], [0.0, 1.0, 0.0, -1.0, 0.0, 0.0, 0.0], [0.0, 1.0, 0.0, 0.0, -1.0, 0.0, 0.0], [0.0, 1.0, 0.0, 0.0, 0.0, -1.0, 0.0], [0.0, 0.0, 0.0, 0.0, 0.0, 0.0, 0.0], [0.0, 0.0, 0.0, 0.0, 0.0, 0.0, 0.0], [0.0, 0.0, 1.0, 0.0, 0.0, -1.0, 0.0], [0.0, 0.0, 0.0, 0.0, 0.0, 0.0, 0.0], [0.0, 0.0, 0.0, 1.0, 0.0, -1.0, 0.0], [0.0, 0.0, 0.0, 0.0, 1.0, -1.0, 0.0]], "b_ub": [0.0, 0.0, 0.0, 0.0, 0.0, 0.0, -0.1, 0.0, -0.1, 0.0, -0.1, 0.0, -0.1, -0.1, -0.1, 0.0, 0.0, -0.1, 0.0, -0.1, -0.1], "bounds": [[0.1, 7], [0.1, 7], [0.1, 7], [0.1, 7], [0.1, 7], [0.1, 7], [0, null]], "c": [0.0, 0.0, 0.0, 0.0, 0.0, 0.0, -1.0]}