{"O*NET-SOC Code": "11-3051.00", "Title": "Industrial Production Managers", "Expected freq per task": {"32": 1.7992082685072894, "33": 0.5101063562917596, "34": 1.224883912480992, "35": 0.9731481208467794, "36": 0.5517699055211847, "37": 0.6538254262744059, "38": 1.022360812556891, "39": 1.1440096519023493, "40": 0.8156934197062994, "41": 0.3351991815792721, "43": 0.3610259580128414, "44": 0.569218974816114, "45": 0.24610228370824314}, "Time per task": {"32": 0.8467762872016737, "33": 0.9467762872016737, "34": 0.1, "35": 0.1, "36": 0.2, "37": 0.4, "38": 0.2, "39": 0.5, "40": 1.0467762872016737, "41": 7.0, "43": 0.5, "44": 0.30000000000000004, "45": 0.30000000000000004}}