{"O*NET-SOC Code": "11-3012.00", "Title": "Administrative Services Managers", "Expected freq per task": {"19": 1.0468270483656419, "20": 0.4458375299710453, "21": 0.4569023258215706, "22": 0.2649402884944474, "23": 0.40486841939278045, "24": 0.673949699686793, "26": 0.13733672217356363, "30": 0.032597483241662756}, "Time per task": {"19": 1.9370992633924955, "20": 1.6370992633924952, "21": 1.7370992633924953, "22": 7.0, "23": 0.1, "24": 1.8370992633924954, "26": 1.8370992633924954, "30": 1.9370992633924955}}