{"O*NET-SOC Code": "11-2022.00", "Title": "Sales Managers", "Expected freq per task": {"1": 1.0595095284469316, "2": 0.41213569632981395, "3": 0.49780726495726496, "4": 0.009760392736607278, "5": 0.1383792128182668, "6": 0.11947461922630924, "7": 0.041763896096169546, "8": 0.06684494474313024, "9": 0.009448444105812208, "10": 0.008141578682755155, "11": 0.12719894419306182, "12": 0.028608204646401507, "13": 0.7856136610312003, "14": 1.077554556936, "15": 0.27030832016786105, "16": 0.023136492871703922, "17": 0.006104069886002385}, "Time per task": {"1": 0.1, "2": 0.1, "3": 2.0310668536757857, "4": 1.7310668536757863, "5": 2.1310668536757857, "6": 1.9310668536757865, "7": 1.8310668536757864, "8": 1.8310668536757857, "9": 2.2310668536757854, "10": 2.3310668536757855, "11": 2.6310668536757857, "12": 2.5310668536757857, "13": 1.8310668536757864, "14": 2.4310668536757856, "15": 1.9310668536757858, "16": 2.4310668536757856, "17": 2.7679716419931166}}