{"O*NET-SOC Code": "11-3051.00", "Title": "Industrial Production Managers", "Expected freq per task": {"32": 1.7992082685072894, "33": 0.5101063562917596, "34": 1.224883912480992, "35": 0.9731481208467794, "36": 0.5517699055211847, "37": 0.6538254262744059, "38": 1.022360812556891, "39": 1.1440096519023493, "40": 0.8156934197062994, "41": 0.3351991815792721, "43": 0.3610259580128414, "44": 0.569218974816114, "45": 0.24610228370824314}, "Time per task": {"32": 1.0197506673275822, "33": 1.1197506673275823, "34": 0.1446114861375475, "35": 0.1820198581647769, "36": 0.32102563252799426, "37": 0.8197506673275822, "38": 0.2820198581647769, "39": 0.9197506673275821, "40": 1.2197506673275824, "41": 1.3197506673275825, "43": 0.9197506673275821, "44": 0.4210256325279943, "45": 0.7197506673275822}}