{"O*NET-SOC Code": "11-9111.00", "Title": "Medical and Health Services Managers", "Expected freq per task": {"46": 1.7204270028011206, "47": 0.47388333858070075, "48": 0.3102597122278807, "49": 1.2925757103924367, "50": 0.3266317167150602, "51": 0.2403432694548328, "52": 0.9222969916039223, "53": 0.49132325678894084, "54": 0.6752999852885, "55": 0.8795381579603208, "56": 0.4611779635094359, "57": 0.351648701195426, "58": 0.8293762758406364, "59": 0.3639454899631864, "60": 0.33664315607785217, "61": 0.171588340095519, "62": 0.5119557836309754, "63": 0.2807306486494465}, "Time per task": {"46": 0.2794040032328344, "47": 0.4794040032328344, "48": 0.5794040032328344, "49": 0.7794040032328343, "50": 1.0643066211330787, "51": 1.0643066211330787, "52": 0.17940400323283437, "53": 0.5794040032328344, "54": 0.4794040032328344, "55": 0.3794040032328344, "56": 1.0643066211330787, "57": 0.6794040032328343, "58": 1.264306621133079, "59": 0.6794040032328343, "60": 0.6794040032328343, "61": 0.9643066211330787, "62": 1.264306621133079, "63": 1.1643066211330788}}