{"O*NET-SOC Code": "11-3012.00", "Title": "Administrative Services Managers", "Expected freq per task": {"19": 1.0468270483656419, "20": 0.4458375299710453, "21": 0.4569023258215706, "22": 0.2649402884944474, "23": 0.40486841939278045, "24": 0.673949699686793, "26": 0.13733672217356363, "30": 0.032597483241662756}, "Time per task": {"19": 1.811698227865895, "20": 1.5116982278658948, "21": 1.611698227865895, "22": 7.0, "23": 0.5555450205397863, "24": 1.711698227865895, "26": 1.711698227865895, "30": 6.9}}