{"O*NET-SOC Code": "13-1051.00", "Title": "Cost Estimators", "Expected freq per task": {"80": 1.3802057155473988, "81": 0.1560071733311082, "82": 0.27222079633146823, "83": 0.47744429136081307, "84": 0.11861511827328057, "85": 0.3144927893845285, "86": 0.18029390928154215, "87": 0.08701026224542155, "88": 0.07871183605619074, "89": 0.03825955945853821, "90": 0.10168974355822373, "91": 0.12890315076228118, "92": 0.03906849803428142, "20846": 0.13434728614471508}, "Time per task": {"80": 2.8068192819177806, "81": 2.6068192819177805, "82": 0.3597728957807113, "83": 0.20512898773752505, "84": 2.6068192819177805, "85": 1.3442558717343083, "86": 1.3442558717343083, "87": 2.7068192819177805, "88": 1.2442558717343082, "89": 2.8068192819177806, "90": 2.8068192819177806, "91": 2.9068192819177807, "92": 2.5068192819177804, "20846": 2.6068192819177805}}