{"A_eq": [[3.997162197344441, 3.9085372636262514, 3.447227485341209, 3.082637547249055, 1.9851697954413419, 0.0]], "b_eq": [7], "A_ub": [[-3.997162197344441, -0.0, -0.0, -0.0, -0.0, 1.0], [-0.0, -3.9085372636262514, -0.0, -0.0, -0.0, 1.0], [-0.0, -0.0, -3.447227485341209, -0.0, -0.0, 1.0], [-0.0, -0.0, -0.0, -3.082637547249055, -0.0, 1.0], [-0.0, -0.0, -0.0, -0.0, -1.9851697954413419, 1.0], [0.0, 0.0, 0.0, 0.0, 0.0, 0.0], [-1.0, 0.0, 1.0, 0.0, 0.0, 0.0], [-1.0, 0.0, 0.0, 1.0, 0.0, 0.0], [-1.0, 0.0, 0.0, 0.0, 1.0, 0.0], [0.0, -1.0, 1.0, 0.0, 0.0, 0.0], [0.0, 0.0, 0.0, 0.0, 0.0, 0.0], [0.0, -1.0, 0.0, 0.0, 1.0, 0.0], [0.0, 0.0, 1.0, -1.0, 0.0, 0.0], [0.0, 0.0, 0.0, 0.0, 0.0, 0.0], [0.0, 0.0, 0.0, -1.0, 1.0, 0.0]], "b_ub": [0.0, 0.0, 0.0, 0.0, 0.0, 0.0, -0.1, -0.1, -0.1, -0.1, 0.0, -0.1, -0.1, 0.0, -0.1], "bounds": [[0.1, 7], [0.1, 7], [0.1, 7], [0.1, 7], [0.1, 7], [0, null]], "c": [0.0, 0.0, 0.0, 0.0, 0.0, -1.0]}